order_id,customer_id,date,nearest_warehouse,shopping_cart,order_price,delivery_charges,customer_lat,customer_long,coupon_discount,order_total,season,is_expedited_delivery,distance_to_nearest_warehouse,latest_customer_review,is_happy_customer
CORD000501,CUS00392,2019-12-17,Thompson,"[{""product"":""Candle Bloom 262"",""quantity"":1},{""product"":""Vela Halo 569"",""quantity"":1},{""product"":""Candle Edge 680"",""quantity"":1},{""product"":""Candle Orbit 1034"",""quantity"":1}]",,11.21,-37.77262,144.959458,5,3906.86,Summer,False,4.5848,"i installed the candle orbit 188 to create a separate guest network and keep track of the devices connected at home. the guest access is convenient when visitors arrive, and the device list helps me recognise which household equipment is online. initial setup required careful reading because several management options were grouped in places i did not expect. once configured, changing the guest access settings was straightforward, although the screen can feel busy when many devices are listed. the wireless connection has remained stable during ordinary browsing and streaming, but a newly added device sometimes took a little while to appear in the list. i also had to restart the unit after changing multiple settings in quick succession. the casing sits neatly beside my existing equipment and has not become warm during regular use. the candle orbit 188 provides useful control for a home network, with a capable management view balanced by a setup process and device updates that are not always immediate.",True
CORD000502,CUS00408,2019-11-21,Thompson,"[{""product"":""Candle Flux 990"",""quantity"":1},{""product"":""Vela Halo 569"",""quantity"":1},{""product"":""Candle Bloom 262"",""quantity"":2},{""product"":""Candle Orbit 656"",""quantity"":1},{""product"":""Candle Orbit 1034"",""quantity"":1}]",7324.06,15.84,-37.861363,144.879962,15,6241.29,Spring,False,8.0026,"i installed vela nova 1095 for automated blind and curtain routines, expecting the household schedule to run without constant attention. instead, the blinds sometimes stop partway, fail to move, or respond several minutes after the command. a routine that should close everything together can leave one window untouched, which is frustrating at night and awkward when sunlight enters the room. the app shows commands as sent even when the motor has not moved, so its status information is unreliable. manual operation still works, but that basic function defeats the reason for installing automation. re-pairing the device has temporarily corrected the problem, although the same behaviour returns after further use. the motor is not especially quiet either, making late adjustments unpleasant. vela nova 1095 has created more checking and resetting than convenience, and its unreliable routines make it unsuitable for dependable blind control.",False
CORD000503,CUS00047,2019-04-03,Bakers,"[{""product"":""Candle Bloom 1054"",""quantity"":1},{""product"":""Candle Edge 680"",""quantity"":2},{""product"":""Vela Halo 569"",""quantity"":1}]",5101.74,23.44,-37.747957,144.983926,0,5125.18,Autumn,True,6.9696,"i compared the vela ridge 581 with the phone i previously used for maps, travel planning, and media during journeys. the older handset could perform those tasks, but it became awkward when i needed navigation, messages, and a downloaded program in the same stretch of time. after thirty-eight days, the vela ridge 581 has made travel preparation and waiting periods more relaxed. i can check routes, update plans, and return to media without the repeated delays that had become familiar. the comparison is strongest when moving between places. the vela ridge 581 is comfortable to consult for directions, and the screen gives travel information enough space to read without constantly enlarging it. i have also used it for casual viewing during longer waits, where the previous phone tended to drain my attention through slow loading and frequent interruptions. the larger screen i use at home is still preferable for full films, and very detailed planning is easier on a computer, but those are natural limits for a phone. what makes this model valuable is the way the separate tasks fit together. the former device was adequate when used patiently, while the vela ridge 581 feels ready for the irregular demands of travel. it has reduced the number of moments when i need to stop, restart, or find another device. for route checking, family updates, and occasional media on the move, this phone is a more capable and reassuring companion.",True
CORD000504,CUS00414,2019-04-02,Nickolson,"[{""product"":""Vela Halo 569"",""quantity"":1},{""product"":""Candle Edge 680"",""quantity"":1},{""product"":""Candle Orbit 656"",""quantity"":1},{""product"":""Candle Flux 1098"",""quantity"":1}]",5458.79,9.45,-37.790336,144.969325,20,4376.48,Autumn,False,3.1423,"i added vela nova 105 to control the lighting in a room that changes purpose during the day. in the morning it is a work area, later it becomes a place to relax, and in the evening i prefer softer light without getting up repeatedly. the app has made those transitions pleasantly simple. i can adjust the room from the chair, and household members who were initially sceptical learned the basic controls after only a few uses. the installation took a little patience because i checked the existing connection before fitting everything in place. once connected, the lighting responded promptly to ordinary commands. i have used the app when entering the room with full hands, when dimming the lights during a film, and when restoring a brighter setting before working. the most useful part has been the ability to make small changes without disturbing someone who is already settled. after a restart of our home network, vela nova 105 reconnected without requiring me to begin the whole process again. the app is not perfect. some screens take a moment to load, and i would prefer finer control over certain transitions. the physical lighting itself remains the main attraction, and it has continued to operate consistently through daily use. vela nova 105 has made one room easier to share because the atmosphere can change quickly for different activities. it is a modest piece of home automation, but the convenience has become part of our normal routine, and i am glad i installed it.",True
CORD000505,CUS00346,2019-06-30,Bakers,"[{""product"":""Candle Orbit 656"",""quantity"":1},{""product"":""Candle Bloom 1054"",""quantity"":2}]",3161.76,14.86,-37.770051,145.036211,10,2860.44,Winter,False,5.718,"vela ridge 527 gives me a quick summary after walks, cycling, and other exercise sessions. the information is easy to check after finishing, and the wearable does not distract me while i am active. i have found the trends more useful than individual readings. the display is small for detailed review, but the simple summaries and comfortable daily handling have made it a worthwhile training companion.",
CORD000506,CUS00226,2019-10-05,Nickolson,"[{""product"":""Candle Quest 354"",""quantity"":2},{""product"":""Candle Edge 680"",""quantity"":1},{""product"":""Candle Bloom 1000"",""quantity"":1},{""product"":""Candle Bloom 1054"",""quantity"":1},{""product"":""Candle Flux 990"",""quantity"":2}]",9511.55,14.75,-37.876591,144.979207,5,9050.72,Spring,False,6.5044,"candle shift 268 was installed to connect several shared household devices, but performance becomes poor as soon as the network is busy. one device may stream while another loses access, and a third can remain connected without loading anything. reconnecting requires repeated resets, which is frustrating when people are using the network at the same time. the setup screen gives little explanation for a failure, so troubleshooting becomes guesswork. i moved the unit, changed the wireless channel and reduced the number of devices, but the drops continued. a single phone can browse through it for a while, yet this narrow result does not meet the needs of a shared household. candle shift 268 has created unreliable access and more complaints instead of solving the connection problem.",False
CORD000507,CUS00156,2019-10-14,Thompson,"[{""product"":""Candle Bloom 1054"",""quantity"":1},{""product"":""Candle Edge 680"",""quantity"":3},{""product"":""Vela Halo 569"",""quantity"":1},{""product"":""Candle Orbit 656"",""quantity"":1},{""product"":""Candle Orbit 1034"",""quantity"":1}]",10197.12,13.56,-37.784475,144.904495,20,8171.26,Spring,False,4.881,"vela wave 391 was intended for family communication and casual apps, and i compared it with the older phone it was supposed to replace. calls connect and messages can be sent, but the surrounding experience is unreliable. notifications sometimes arrived long after the message had been received, which meant family members assumed i had ignored them. opening the conversation manually often revealed several waiting alerts at once. the older phone gives fewer features but does not create that uncertainty. casual applications were another source of frustration. switching between an app and a message caused visible pauses, and one application closed when i returned to it. the handset did not become unusable, but these interruptions made simple tasks feel awkward. web pages loaded unevenly on mobile data, especially while moving around town. signal was present, yet the response could stall before continuing without explanation. the camera is serviceable in bright outdoor light but weak indoors. faces lose detail and darker areas become muddy, so family snapshots often require several attempts. battery drain was modest during light messaging but much worse with calls and video, leaving little confidence late in the day. the smooth casing is slippery, and the side buttons are easy to press accidentally when the phone is held tightly. vela states a 24-month warranty, but support did not provide a convincing answer for delayed alerts or application closures. after 23 days, i keep the previous phone available because it is more dependable for contact. vela wave 391 handles basic communication, yet late notifications, sluggish apps, weak indoor photos, uneven data response, and poor battery confidence make it a disappointing family phone.",False
CORD000508,CUS00001,2019-08-23,Thompson,"[{""product"":""Candle Orbit 1034"",""quantity"":1},{""product"":""Vela Halo 659"",""quantity"":1},{""product"":""Candle Flux 1098"",""quantity"":1},{""product"":""Candle Quest 354"",""quantity"":1}]",2045.65,18.65,-37.803735,144.885771,20,1655.17,Winter,False,5.4761,"i used vela atlas 593 for small presentations and family photo viewing over several weeks. compared with the monitor i replaced, the display setup takes too much effort. connecting a presentation source is not consistently recognised on the first attempt, so i have had to disconnect and reconnect before an image appears. that delay is embarrassing when people are already waiting, and it makes the device unsuitable for anything that needs a predictable start. photo viewing is also disappointing. images look acceptable from directly in front, but colours shift noticeably when someone sits to the side. the built-in controls are buried behind several screens, and the remote often requires repeated presses before a menu responds. slideshow transitions pause at irregular points, leaving a blank screen for long enough to suggest that the unit has stopped. the basic picture function operates, but the overall handling feels unfinished and awkward. i compared vela atlas 593 with an older television connected to the same sources. the older setup begins more quickly, offers fewer confusing menus, and lets several people see the picture without a severe change in colour. this product occupies less space, but that is a weak consolation for unreliable presentation switching and frustrating photo sessions. the supplied warranty may help if the faults become permanent; it does not remove the recurring inconvenience. i cannot recommend it for shared viewing or presentations.",False
CORD000509,CUS00409,2019-02-25,Thompson,"[{""product"":""Candle Bloom 262"",""quantity"":1},{""product"":""Candle Quest 498"",""quantity"":3},{""product"":""Candle Orbit 656"",""quantity"":1}]",7305.32,14.18,-37.739392,144.908446,25,5493.17,Summer,False,8.8273,"vela echo 655 has given me a simpler way to manage the lights in my home. for nineteen days i have used the app to switch the room lighting on, turn it off, and set a few routines for times when i am usually busy. the response has been prompt during normal use, and the controls are arranged clearly enough that other people in the household learned them without much explanation. i especially like being able to change the lighting while already settled on the sofa instead of getting up repeatedly. the first connection took longer than expected because i had to check the placement and permissions, but once that was finished the daily operation became very smooth. i would welcome more fine-grained choices for unusual schedules, although the existing options cover my regular needs. vela echo 655 is a small convenience with a noticeable effect: the room feels easier to manage, and i have stopped thinking of lighting as another chore.",True
CORD000510,CUS00031,2019-06-09,Nickolson,"[{""product"":""Candle Orbit 656"",""quantity"":1},{""product"":""Vela Halo 569"",""quantity"":1},{""product"":""Candle Orbit 1034"",""quantity"":1}]",2993.07,16.88,-37.886661,145.002254,10,2710.64,Winter,False,8.0949,"i have used candle arc 942 for drawing at the kitchen table and for small creative jobs that do not justify opening my larger computer. the first few sketches were mainly about learning the surface and finding a grip that felt natural. after that short adjustment, drawing became fluid enough for rough ideas, coloured notes, and simple layouts. the tablet responds promptly to strokes, and i can zoom in when working on a small section without losing track of the whole image. most of my sessions last between twenty minutes and an hour. during that time the tablet remains comfortable to hold against a cushion or rest flat on the table. i like being able to pick it up when an idea appears, add a few lines, and put it away without preparing a full workspace. it has also been handy for reviewing an image while travelling around the house. the supplied pen is pleasant for ordinary sketching, although i would prefer a slightly more secure place to store it because it can disappear among papers. candle arc 942 has encouraged me to draw more often simply because it is available. i have used it for planning a small room arrangement, marking changes on a picture, and making quick visual reminders for a project. it is not a replacement for every tool in a full creative studio, and the smaller working area takes some getting used to when a drawing becomes detailed. for lightweight creative work, however, it feels responsive and approachable. the battery has carried me through my usual sessions, and the tablet has become a genuinely useful part of my creative routine.",True
CORD000511,CUS00063,2019-03-29,Bakers,"[{""product"":""Candle Bloom 1000"",""quantity"":1},{""product"":""Candle Orbit 1034"",""quantity"":1}]",2397.76,9.58,-37.814578,145.032414,0,2407.34,Autumn,False,3.3058,"vela pulse 343 has worked well for showing photos and short presentations during family gatherings. images are bright enough to view from different seats, and browsing through albums is quick. guests understood the controls without explanation, which made sharing feel relaxed. the stand occupies some table space, but the display has been a useful and enjoyable centre for informal viewing.",True
CORD000512,CUS00205,2019-09-30,Bakers,"[{""product"":""Vela Halo 659"",""quantity"":1},{""product"":""Candle Bloom 1054"",""quantity"":2},{""product"":""Candle Edge 680"",""quantity"":1}]",3415.81,16.49,-37.8842,145.032868,0,3432.3,Spring,False,8.8883,"i used the vela spark 243 for presentations and photo viewing and compared it with a plain monitor that had been in the spare room. the smart display looks less bulky, but that advantage disappears when setting up a presentation. files do not always appear in the order expected, and moving between a presentation and a photo folder is slow. the older monitor required an extra device, yet it showed slides without the pauses and menus that interrupt a meeting. with the vela spark 243, i have had to check the screen before presenting because a selected file can take too long to open. photo viewing is similarly uneven. images load clearly enough at normal size, but scrolling through a large group produces delays, and the display occasionally returns to the previous image after a pause. reflections make the screen difficult to read from the side, which is a problem when several people are gathered around it. the stand feels secure on a desk, though its limited adjustment makes the viewing angle awkward. a short presentation can be completed, and the basic display remains active, but completing a task is not the same as making it smooth. compared with the older monitor, this device adds smart features while introducing more points of failure. the controls are frustrating, the transitions are unreliable, and photo sessions feel unnecessarily slow. after forty-two days, i regret buying the vela spark 243 for meetings and cannot recommend it as a dependable presentation display.",False
CORD000513,CUS00155,2019-03-12,Nickolson,"[{""product"":""Candle Orbit 1034"",""quantity"":1},{""product"":""Candle Bloom 1054"",""quantity"":1}]",1031.77,7.21,-37.819512,144.97241,0,1038.98,Autumn,False,0.271,"vela core 201 replaced a phone that had become frustrating for ordinary navigation and communication. i was not looking for an elaborate camera or a device aimed at mobile gaming; i wanted something that would handle messages, calls, maps, and daily browsing without demanding constant attention. in that role it has been a strong step forward. the screen remains readable while i am checking directions, and the phone responds promptly to the small tasks i perform throughout the day. navigation has been particularly convenient. i use it while walking, on public transport, and when finding unfamiliar places, and i have not had the repeated pauses that affected my previous phone. calls and messages have also been uncomplicated. the body is comfortable enough for one-handed checking, although the smooth finish makes a case sensible if, like me, you tend to put the phone down on different surfaces. battery life has matched my routine rather than exceeding it dramatically, so heavy users may still want to carry a charger. compared with the older handset, vela core 201 feels less temperamental and more responsive. compared with a premium phone, it may not offer the same specialised extras, but those were not important to my use. i appreciate that it covers the practical middle ground without making simple communication feel like a technical project. after using it for several weeks, the main difference is the absence of small annoyances: maps open when needed, messages send without fuss, and the device generally stays out of the way.",True
CORD000514,CUS00386,2019-03-15,Bakers,"[{""product"":""Vela Halo 659"",""quantity"":2},{""product"":""Candle Bloom 1000"",""quantity"":1},{""product"":""Candle Flux 1098"",""quantity"":1},{""product"":""Vela Halo 569"",""quantity"":2}]",3439.68,13.88,-37.745053,145.052838,15,2937.61,Autumn,False,8.8193,"vela atlas 953 has improved our shared film and television evenings because it gives everyone a comfortable view from the sofa. compared with the smaller display we used before, subtitles are easier to follow and scenes remain enjoyable when someone sits off to the side. the picture has a lively quality without becoming harsh, and ordinary programmes look natural enough that we rarely adjust the settings. it feels designed for relaxed family viewing rather than for someone who wants to spend every evening calibrating a screen. we have used it for films, television series, family recordings, and occasional live programmes. switching between sources is straightforward, and the response after pressing a button is generally prompt. compared with our previous display, the menus create fewer interruptions when we are settling down to watch something. sound is clear for dialogue, which matters because some family members prefer a lower volume. for an action film i sometimes use separate speakers, but the built-in audio remains suitable for everyday viewing. the larger screen has also made group viewing more enjoyable because people do not need to sit directly in front of it. vela atlas 953 wakes quickly, and the remote is simple enough for visitors to use after a brief explanation. reflections are visible when sunlight reaches the room, and the smart menus contain a few choices we have not needed. these are modest drawbacks rather than reasons for concern. compared with the screen it replaced, this model offers a better balance of clarity, ease, and shared comfort. after several weeks of regular use, it has become the natural centre of our evenings and has earned a positive recommendation from me.",True
CORD000515,CUS00030,2019-04-12,Bakers,"[{""product"":""Candle Orbit 656"",""quantity"":1}]",2262.06,12.28,-37.839357,145.062686,15,1935.03,Autumn,False,6.7646,"i picked up the vela ridge 779 after getting tired of finding charging cables in a tangled heap beside my desk. it is a modest accessory, but it has made that part of my room noticeably calmer. i keep the organiser near the power outlet, and the cables now stay in separate positions instead of sliding behind furniture or wrapping around one another. setting it up took almost no effort, which suited the simple job i expected it to do. the first improvement was at my workstation. i use more than one device during the day, so i used to spend time sorting through cords before i could connect anything. with the vela ridge 779 in place, each cable can be reached and returned without disturbing the others. the openings hold ordinary charging leads securely while still allowing me to pull out enough length for a phone on the desk. i have not had to force a connector through or bend a cable sharply to make the arrangement work. i also tried it beside the sofa, where loose cables had been especially annoying. moving the organiser was simple, and it stayed in position during normal use. the finish has remained tidy after being handled repeatedly, and dust can be removed with a quick wipe. it is not large enough for every kind of cable or for a bulky power unit, so i still keep those items separately. that limitation is easy to understand given its compact size, and it has not reduced its value for the thin charging leads i use most. after several weeks, the main benefit is the time saved in small moments. i can pick up the correct cable immediately, pack one for an outing without searching, and leave the desk looking orderly at the end of the day. the vela ridge 779 does not do anything complicated, but it performs its organising role consistently and occupies very little space. anyone wanting a practical way to keep everyday charging cables under control should find it a worthwhile little addition.",True
CORD000516,CUS00130,2019-02-17,Thompson,"[{""product"":""Candle Orbit 1034"",""quantity"":1},{""product"":""Candle Quest 354"",""quantity"":1},{""product"":""Candle Edge 680"",""quantity"":1}]",3236.1,20.63,-37.797678,144.908813,5,3094.92,Summer,True,3.7518,"candle quest 642 has been enjoyable for sketches, handwritten ideas, and other lightweight creative work. the screen gives enough room for a natural drawing posture, and lines appear promptly as i work. it is easy to carry when inspiration strikes away from my desk, and switching to note-taking is quick. the surface can feel warm during extended drawing, though it never became uncomfortable. i would choose a more specialised tool for demanding projects, but for everyday creative work this tablet is reliable and useful.",
CORD000517,CUS00222,2019-12-30,Bakers,"[{""product"":""Candle Bloom 1054"",""quantity"":1},{""product"":""Candle Bloom 262"",""quantity"":2}]",2686.39,22.69,-37.86442,145.027994,10,2440.44,Summer,True,6.7008,"candle vista 254 has been a dependable companion for commuting and spoken-content listening. pairing took little time, and the connection stayed in place while i moved through the usual parts of my journey. podcasts and audiobooks are clear enough that voices remain easy to follow over ordinary background noise. music is also enjoyable at a moderate level, although it does not have the depth i would seek for serious listening at home. the controls can be reached quickly when i need to pause before entering a conversation or crossing a road. i have worn it through several commutes and found the fit comfortable, though i prefer removing it during longer waiting periods. battery life has covered my normal travel pattern, with charging needed every so often rather than after every outing. candle vista 254 has made the daily trip more pleasant and less repetitive, and its straightforward operation means i can concentrate on getting where i need to go.",True
CORD000518,CUS00486,2019-04-25,Bakers,"[{""product"":""Vela Halo 569"",""quantity"":2},{""product"":""Candle Bloom 1054"",""quantity"":1},{""product"":""Candle Flux 1098"",""quantity"":1}]",1544.27,11.45,-37.842136,145.045854,20,1246.87,Autumn,False,5.7044,"i use vela spark 765 to schedule a household outlet for a lamp and a small charging routine. creating an on and off schedule was straightforward, and the outlet has followed it on most days without intervention. manual control from the app is also available when plans change. the main inconvenience is that the app can take a moment to display the current state, which makes me check twice before leaving the room. editing a schedule is less intuitive than creating one, and the labels are easy to overlook. the unit fits the outlet without blocking nearby space, though a crowded power board would be a different matter. it has remained stable through ordinary use. this is a useful basic automation device, but the software experience is only adequate and the delayed status display prevents complete confidence.",True
CORD000519,CUS00032,2019-07-25,Bakers,"[{""product"":""Candle Quest 498"",""quantity"":2},{""product"":""Candle Orbit 1034"",""quantity"":2},{""product"":""Vela Halo 569"",""quantity"":1},{""product"":""Candle Bloom 1054"",""quantity"":3}]",5279.14,28.51,-37.7539,145.015272,10,4779.74,Winter,True,6.4815,"the candle orbit 818 has been running in our home for several weeks with phones, a tablet, a television, and other shared devices using it throughout the day. initial setup was clear, and i appreciated being able to place it without spending an afternoon adjusting complicated settings. connections have stayed consistent during video calls and streaming, even when several people are online at once. the indicator lights are useful without being distracting, and restarting it after a power interruption was simple. the management options are fairly basic, so anyone wanting advanced control may find them limited. for ordinary household sharing, though, it has provided steady service and removed much of the daily network worry.",True
CORD000520,CUS00373,2019-06-27,Thompson,"[{""product"":""Candle Bloom 1054"",""quantity"":2},{""product"":""Candle Bloom 262"",""quantity"":1},{""product"":""Candle Orbit 1034"",""quantity"":1}]",2599.89,14.78,-37.86119,144.928811,15,2224.69,Winter,False,5.6281,"candle vista 272 has been useful during field visits where i need forms, notes, and presentation material in one portable device. the screen is large enough for a client to review information beside me, but the tablet remains light enough to carry between appointments. forms open quickly, scrolling stays responsive, and handwritten additions are easy to make when a conversation changes direction. i have also used it to show images and supporting documents without a long pause while changing files. the finish has handled repeated movement in a bag, and the battery has generally lasted through my working day. the speakers are not especially strong in a noisy setting, so i use a quieter position for presentations. that small weakness aside, candle vista 272 has reduced the amount of paper i carry and made visits feel more organised. it is a flexible tool for field forms and face-to-face explanation.",True
CORD000521,CUS00481,2019-03-31,Bakers,"[{""product"":""Candle Flux 990"",""quantity"":1},{""product"":""Candle Orbit 1034"",""quantity"":2},{""product"":""Candle Bloom 1000"",""quantity"":1}]",5074.13,12.79,-37.745926,145.019147,5,4833.21,Autumn,False,7.4278,"vela wave 751 has handled my daily communication and navigation needs with very little drama. i use it for calls, messages, maps, and quick searches while moving around town, and those tasks open promptly and remain easy to follow. navigation has been particularly useful when plans change, since i can check a route without stopping to find another device. the phone feels comfortable in my hand and the screen is readable during ordinary indoor and outdoor use. messages and calls have remained dependable throughout my ownership, including while travelling between familiar areas. i occasionally wish the display were easier to see in very strong sunlight, but that has not prevented me from using it. battery performance has been sufficient for a typical day, with heavier navigation naturally requiring more attention. vela wave 751 has become a reliable daily companion, balancing communication and navigation without adding unnecessary complication.",True
CORD000522,CUS00015,2019-01-21,Thompson,"[{""product"":""Candle Flux 1098"",""quantity"":1},{""product"":""Candle Orbit 1034"",""quantity"":1},{""product"":""Candle Quest 498"",""quantity"":2}]",3994.82,25.18,-37.869594,144.903386,15,3420.78,Summer,True,7.401,"candle quest 570 was compared with an older laptop for creative projects and media editing. the older machine was not fast, but it behaved predictably during ordinary edits. candle quest 570 opens project files and displays video, yet the experience becomes frustrating as layers or longer clips are added. preview playback stutters, adjustments take time to appear, and switching between an editor and reference material produces repeated pauses. the screen is another poor comparison. colours look acceptable for casual viewing but shift noticeably with the viewing angle, making careful editing difficult. reflections are distracting, and the narrow range of comfortable positions means i spend more time adjusting the lid than examining the work. the keyboard feels stiff during long sessions, while the touchpad can misread a deliberate movement as a small drag. these problems make creative work awkward rather than productive. heat and noise increased during export tasks. the fan became intrusive in a quiet room, and the base felt uncomfortable after extended use. battery drain was severe during heavier work, so portability became mostly theoretical. candle quest 570 can handle a simple document and a short media file, but those functions are not enough for the intended workload. compared with the older laptop, it offered more delays, poorer viewing consistency, and greater discomfort. i regret using it for editing and would not recommend it.",False
CORD000523,CUS00068,2019-02-01,Thompson,"[{""product"":""Candle Orbit 656"",""quantity"":1},{""product"":""Candle Bloom 262"",""quantity"":1},{""product"":""Candle Flux 990"",""quantity"":1},{""product"":""Candle Bloom 1054"",""quantity"":1},{""product"":""Candle Bloom 1000"",""quantity"":1}]",7740.47,25.27,-37.888397,144.87775,15,6604.67,Summer,True,10.3895,"i have worn the vela spark 477 through regular exercise sessions for several weeks. it gives me a quick summary afterward, so i can see how a session went without much fuss, and the companion display is straightforward to read. the band itself is light enough for movement, though i notice it during longer sessions and the controls take a little practice. it has become a useful record of my routine, but i would not call it especially polished.",True
CORD000524,CUS00429,2019-11-13,Bakers,"[{""product"":""Candle Orbit 1034"",""quantity"":1},{""product"":""Candle Quest 354"",""quantity"":1},{""product"":""Candle Flux 990"",""quantity"":1},{""product"":""Vela Halo 569"",""quantity"":2},{""product"":""Candle Bloom 262"",""quantity"":2}]",5613.87,22.84,-37.750564,145.001766,25,4233.24,Spring,True,6.6334,"i have used vela pulse 559 beside my desk for charging and viewing, and the positioning has been genuinely convenient. its base occupies little room while the arm allows several practical angles. moving a device from portrait to landscape takes only a moment. the finish shows fingerprints and the hinge needs a firm hand, but the mount has improved how i use my workspace.",True
CORD000525,CUS00032,2019-02-19,Bakers,"[{""product"":""Candle Orbit 656"",""quantity"":1},{""product"":""Vela Halo 659"",""quantity"":1},{""product"":""Candle Bloom 262"",""quantity"":2},{""product"":""Candle Flux 990"",""quantity"":2},{""product"":""Candle Orbit 1034"",""quantity"":1}]",9534.13,12.54,-37.7539,145.015272,20,7639.84,Summer,False,6.4815,"the candle orbit 818 has been running in our home for several weeks with phones, a tablet, a television, and other shared devices using it throughout the day. initial setup was clear, and i appreciated being able to place it without spending an afternoon adjusting complicated settings. connections have stayed consistent during video calls and streaming, even when several people are online at once. the indicator lights are useful without being distracting, and restarting it after a power interruption was simple. the management options are fairly basic, so anyone wanting advanced control may find them limited. for ordinary household sharing, though, it has provided steady service and removed much of the daily network worry.",True
CORD000526,CUS00309,2019-09-25,Thompson,"[{""product"":""Candle Orbit 656"",""quantity"":1},{""product"":""Candle Flux 1098"",""quantity"":1},{""product"":""Candle Edge 680"",""quantity"":1}]",5309.7,14.61,-37.74454,144.877462,15,4527.85,Spring,False,9.7376,"vela atlas 1025 has become a quiet part of managing our home. i placed it in the living area first, then moved it near the study when i wanted to compare how the rooms felt during the day. the temperature and humidity readings update without much fuss, and the display is readable from across the room. it has helped me notice when the air feels too dry and decide when to open a window or adjust the heater. setup was straightforward, and the unit has continued reporting consistently through ordinary household activity. the readings do not replace a full weather station, and the casing is fairly plain, but that simplicity suits its purpose. vela atlas 1025 gives me practical information without demanding constant attention, and i am pleased with its steady performance.",True
CORD000527,CUS00360,2019-07-26,Thompson,"[{""product"":""Candle Flux 990"",""quantity"":1},{""product"":""Candle Quest 498"",""quantity"":2}]",4711.11,18.71,-37.789509,144.891221,0,4729.82,Winter,False,5.5418,"i bought the vela pulse 811 for everyday photos and messaging, then compared it with the phone i had been using. in bright outdoor light, the newer phone can produce an image, but the vela pulse 811 loses fine detail as soon as the subject moves or the room becomes dim. faces look smudged and indoor pictures need repeated attempts. the older phone is not impressive either, yet it records more consistently and leaves me less frustrated. messaging is functional, although the keyboard sometimes misses quick taps near the edge of the screen. switching from the camera to a conversation takes long enough for me to wonder whether the command was registered. attachments occasionally remain in a sending state, forcing me to try again. these are small problems in isolation, but they become irritating when i am trying to share a photo from a busy street or a family gathering. the handset also becomes warm during a series of pictures, and the battery drops noticeably when i use the camera, maps, and messages together. its menus are not impossible to navigate, but useful controls are buried and the default camera processing cannot be adjusted enough to fix the weak results. compared with my previous phone, the vela pulse 811 offers a poorer camera, less dependable messaging, and more awkward handling. the basic communication feature works, but i cannot recommend it for mobile photography.",False
CORD000528,CUS00281,2019-08-31,Thompson,"[{""product"":""Candle Quest 354"",""quantity"":1},{""product"":""Candle Bloom 1054"",""quantity"":1},{""product"":""Vela Halo 659"",""quantity"":3}]",1646.76,22.38,-37.883187,144.878926,15,1422.13,Winter,False,9.8629,"i bought vela nova 465 for one household outlet, but the scheduled control has been unreliable. some routines run late, while others fail without an obvious warning, so i still check the outlet manually. the setup process was awkward and reconnecting after a network interruption took repeated attempts. manual switching works, although that is a weak substitute for automation. after living with these problems, i cannot recommend it for anyone who needs dependable daily schedules.",False
CORD000529,CUS00363,2019-03-20,Bakers,"[{""product"":""Candle Bloom 1054"",""quantity"":1},{""product"":""Candle Edge 680"",""quantity"":2},{""product"":""Candle Flux 990"",""quantity"":1}]",7047.1,12.33,-37.869535,145.014483,5,6707.07,Autumn,False,6.8329,"the vela atlas 143 has been a welcome improvement over the small screen i previously used for showing presentations and photos. the larger display makes shared viewing more comfortable, especially when several people are gathered around it. text in a presentation is easier to follow from a little distance, and photographs have more presence than they did on my older display. i have used it for informal presentations at home as well as for browsing albums with family, and both activities feel more communal. what distinguishes the vela atlas 143 for me is the balance between a useful viewing area and a simple everyday role. i can set it up for a presentation without turning the room into a complicated media station. when it is not being used for work, it serves well for looking through photos and revisiting travel memories. compared with a basic monitor, it feels more suited to shared viewing, while compared with a very large entertainment screen, it is less imposing in an ordinary room. the display is best appreciated from a reasonable position, and small text still benefits from a closer look. i also find that preparing a polished presentation takes the same care as it would on any screen. those are ordinary expectations rather than serious faults. after repeated use, the vela atlas 143 has made presentations easier to share and photographs more enjoyable to revisit. it is a thoughtful choice for someone who wants one screen to support both practical viewing and relaxed home entertainment.",True
CORD000530,CUS00157,2019-10-30,Thompson,"[{""product"":""Candle Flux 1098"",""quantity"":1},{""product"":""Candle Flux 990"",""quantity"":1},{""product"":""Candle Bloom 1000"",""quantity"":1}]",4706.53,19.86,-37.835392,144.943335,0,4726.39,Spring,True,2.5474,"candle edge 626 has worked for competitive play and voice chat during regular evening sessions. inputs register consistently, and the controls were easy to learn. the fit becomes less comfortable as the session continues, and voice levels need occasional adjustment. it is suitable for casual competitive use, but the comfort and audio balance keep it from feeling like a complete solution.",True
CORD000531,CUS00442,2019-11-20,Thompson,"[{""product"":""Candle Quest 354"",""quantity"":1},{""product"":""Candle Edge 680"",""quantity"":1},{""product"":""Candle Orbit 1034"",""quantity"":1},{""product"":""Candle Flux 1098"",""quantity"":2},{""product"":""Vela Halo 569"",""quantity"":2}]",5126.76,,-37.759847,144.946992,0,5138.55,Spring,False,5.874,"i have used candle vista 470 for 38 days of photo sorting, layout work, and short media-editing projects. my comparison point was an older, heavier laptop that could still handle basic tasks but made creative work feel slow and cumbersome. candle vista 470 is a more pleasant working companion. files open promptly, the screen gives me enough room to arrange a project, and the keyboard supports long editing sessions without the cramped feeling of my previous machine. it is not a specialist workstation, but it fits the work i actually do. the difference is most noticeable when i move between an image folder, an editing application, and reference material. on the old laptop i often stopped to wait or close something; with candle vista 470, that sequence feels more fluid. i can review several versions of an image, make adjustments, and keep notes nearby without constantly rearranging the desktop. the chassis is easier to carry to another room, and it has remained comfortable on a desk during extended use. the display is not the most dramatic i have seen for entertainment, although its working view is clear and useful. i also compared it with a compact everyday laptop borrowed from a family member. that model was convenient for travel, but candle vista 470 felt more stable when i had several creative tools open and needed a larger working area. the trade-off is that it is not as effortless to carry as an ultra-small computer, and the cooling system becomes audible when i ask more of it. neither issue has affected ordinary editing, but both are worth knowing before choosing it for constant travel. the twenty-four-month warranty adds confidence to a purchase intended for regular work. candle vista 470 has not replaced every kind of computer in my life, yet it has made creative projects more organised and less interrupted. compared with my former laptop, it offers the better combination of portability, working space, and responsive everyday performance.",True
CORD000532,CUS00315,2019-09-17,Thompson,"[{""product"":""Candle Quest 354"",""quantity"":1},{""product"":""Candle Bloom 1000"",""quantity"":1}]",2218.62,25.18,-37.886549,144.885594,15,1911.01,Spring,True,9.8293,"vela atlas 575 has helped me understand how temperature and humidity change around the house throughout the day. i placed it in a central room and have checked it during cooking, overnight, and when the weather shifts outside. the readings are easy to see, and the history gives more context than a single glance at a wall display. i have moved it between rooms a few times and found the installation simple enough to repeat without starting over. it does not control the environment, so it cannot solve a stuffy room by itself, but it makes decisions about ventilation and heating more informed. the unit has continued reporting without demanding regular attention. vela atlas 575 is a straightforward monitor, and its steady information has made small household adjustments easier to judge.",True
CORD000533,CUS00103,2019-03-01,Thompson,"[{""product"":""Vela Halo 659"",""quantity"":1},{""product"":""Vela Halo 569"",""quantity"":1},{""product"":""Candle Orbit 656"",""quantity"":1},{""product"":""Candle Bloom 262"",""quantity"":1}]",3794.13,11.82,-37.8655,144.925049,5,3616.24,Autumn,,6.1842,"before using candle flux 378, our home-office and streaming equipment depended on a network arrangement that worked well in one room and became uncertain farther away. this unit has made coverage more even across the areas where we actually work and watch media. video meetings now remain more settled when another person is streaming, and i spend less time moving equipment or asking someone to pause their activity. the improvement is not simply about speed. it is the reduction in interruptions and awkward positioning. my work area is not beside the main connection point, yet calls have remained usable and ordinary file activity does not seem to disturb them as often as before. in the evening, streaming from another room has also been less prone to sudden pauses than with the earlier arrangement. compared with the previous network hardware, candle flux 378 was easier to place and less demanding to monitor. i still had to spend time choosing a suitable position, and the farthest corner of the house is not transformed into perfect coverage. thick walls continue to make a difference, so expectations should remain realistic. within the main work and media areas, however, the result has been consistently positive. the device has been running for weeks without needing constant attention. candle provides a 24-month warranty, which is helpful for something supporting both work and home use. it is not a dramatic gadget to show off, but it has removed a recurring source of frustration. compared with what i had before, candle flux 378 offers a calmer and more dependable connected routine.",True
CORD000534,CUS00003,2019-11-15,Thompson,"[{""product"":""Candle Bloom 1000"",""quantity"":1},{""product"":""Candle Bloom 1054"",""quantity"":1}]",2265.69,9.55,-37.830574,144.924444,0,2275.24,Spring,False,2.8127,"candle quest 984 has been a welcome addition to our shared-room music setup. it fills ordinary listening with a pleasant, balanced sound, and voices remain clear when we use it for spoken content. starting playback is quick, while reconnecting after a pause has been dependable enough that nobody spends time managing it. i have moved it between the desk and living room without needing to relearn the controls. the sound remains enjoyable at moderate volume and does not become tiring during a longer afternoon of music. at the highest setting it loses some subtle detail, so it is not intended for critical listening or a very large gathering. that limitation is reasonable for its role. candle quest 984 has handled shared playback with little fuss, looks unobtrusive in the room, and has left me very satisfied.",True
CORD000535,CUS00435,2019-12-18,Thompson,"[{""product"":""Candle Edge 680"",""quantity"":1},{""product"":""Vela Halo 659"",""quantity"":1},{""product"":""Candle Bloom 1054"",""quantity"":1},{""product"":""Candle Bloom 262"",""quantity"":2}]",5202.5,13.86,-37.861036,144.933318,0,5216.36,Summer,False,5.5116,"vela pulse 541 was purchased for family communication and casual applications, so i needed calls, messages, and ordinary app use to remain dependable. the phone could make a call and send a message, but the experience around those functions was frustrating. applications took too long to open, and switching from a message to another task often left the screen waiting. i noticed the delays most when trying to answer family messages quickly or check information while speaking on the phone. the connection also behaved inconsistently indoors, with calls becoming unclear in places where other devices had no trouble. restarting the phone helped briefly, but the same weakness returned after more use. the screen responded to touch, although some taps were missed near the edges and typing became awkward when i was in a hurry. battery life was difficult to predict because light use could still leave me searching for a charger before the evening ended. i reduced background activity and removed several applications, but this did not remove the sluggish response. casual games and video clips could run, yet loading pauses made them more irritating than relaxing. family members became reluctant to depend on it because messages were not always handled promptly and calls could break up. vela pulse 541 covers the narrow basics of a smartphone, but its poor speed, uneven calls, and weak battery behaviour make it an unreliable choice. i regret using it as a shared communication phone.",False
CORD000536,CUS00033,2019-10-04,Thompson,"[{""product"":""Candle Bloom 1000"",""quantity"":1},{""product"":""Candle Orbit 1034"",""quantity"":1},{""product"":""Vela Halo 659"",""quantity"":1}]",2662.47,9.81,-37.786245,144.96045,20,2139.79,Spring,False,3.1651,"candle shift 718 has handled the mixture of devices in our household better than the older arrangement it replaced. phones, a television, a laptop, and smaller connected equipment can be active at the same time without the frequent pauses that used to interrupt evening use. installation was straightforward once i followed the instructions carefully, and the status indicators make it possible to tell when something needs attention. the unit has remained quiet and cool on its shelf during extended use. i have not explored every advanced setting, because the basic arrangement has been sufficient, and the interface may take time for someone who wants deeper control. in normal daily use, however, the connection has stayed dependable. candle shift 718 has made a crowded home network feel calmer and more predictable.",True
CORD000537,CUS00493,2019-10-08,Bakers,"[{""product"":""Vela Halo 659"",""quantity"":2},{""product"":""Candle Bloom 1000"",""quantity"":1},{""product"":""Candle Quest 498"",""quantity"":1}]",3653.59,21.38,-37.812578,144.981867,5,3492.29,Spring,True,1.2087,"vela spark 855 has been a frustrating way to control room lighting. commands from the app often arrive late, and a light may remain on even though the screen says the change was completed. reopening the app sometimes shows an older state, so i cannot tell which setting is current. manual switching still works, but that defeats the reason for installing this system. the unreliable control and poor feedback are disappointing.",
CORD000538,CUS00284,2019-08-31,Bakers,"[{""product"":""Candle Orbit 1034"",""quantity"":2},{""product"":""Candle Flux 1098"",""quantity"":1},{""product"":""Candle Flux 990"",""quantity"":1}]",,15.06,-37.804693,145.062686,0,4069.59,Winter,False,5.9553,"i have compared the candle bloom 226 with two gaming devices i used before, mainly during competitive matches and voice sessions. the biggest improvement is how naturally the controls support fast play. my older equipment was serviceable for relaxed games, but it felt less responsive when i needed quick changes and clear communication. the candle bloom 226 has made those longer sessions feel more controlled, particularly when matches become busy. voice communication has been dependable in my regular group. friends can hear me without repeated adjustments, and i can follow callouts while concentrating on the game. compared with my previous setup, there is less fiddling between rounds. the construction also feels capable of handling frequent use at my desk. i have moved it, packed it away, and brought it back several times without the loose feeling that developed in one of my older devices. the comparison is not completely in favour of the new model. the controls take a little practice because their placement differs from what i was used to, and the design is more focused on gaming than general media use. those points have not limited my normal sessions. the candle bloom 226 is especially convincing when a game demands quick reactions and steady voice communication. the 24-month warranty is another welcome detail. after 39 days, i would choose it over my former gaming hardware for competitive play, even though casual players may not need all of its strengths.",True
CORD000539,CUS00271,2019-03-13,Thompson,"[{""product"":""Candle Edge 680"",""quantity"":1},{""product"":""Candle Orbit 1034"",""quantity"":1},{""product"":""Candle Flux 990"",""quantity"":1}]",4927.77,22.93,-37.85786,144.903371,10,4457.92,Autumn,True,6.3224,"candle flux 234 has been a welcome addition to our shared room for background music. it is simple to start playback and convenient when several people want to listen without passing around a phone or dealing with a collection of cables. compared with the small speakers we used before, it gives the room a fuller presence at ordinary listening levels and feels more suitable for relaxed gatherings. i have used it during cooking, reading, and casual conversations, and the sound has remained pleasant without demanding constant adjustment. pairing it for regular use was not difficult, and other household members learned the basic controls quickly. candle flux 234 is easier to live with than a more elaborate audio system because it does not require a special arrangement every time we want music. it also fits the shared-room purpose better than headphones, which isolate one listener from everyone else. there are limits to the comparison. someone seeking a very detailed listening setup or strong private volume may prefer more specialised equipment, and the room naturally affects the sound. i also still use headphones when i need complete quiet around me. for everyday shared playback, however, this speaker has offered a comfortable balance of convenience and sound. the fact that it is used regularly matters more to me than having extra controls that would rarely be touched. candle flux 234 has earned its place in the room.",True
CORD000540,CUS00117,2019-04-10,Bakers,"[{""product"":""Candle Edge 680"",""quantity"":2},{""product"":""Candle Flux 990"",""quantity"":1},{""product"":""Vela Halo 569"",""quantity"":1}]",6746.34,24.06,-37.816878,145.039032,15,5758.45,Autumn,True,3.923,"i used vela spark 693 for presentations and photo viewing, but the screen and controls caused repeated problems. photos take too long to appear when moving through an album, and the viewing angle makes colors look uneven from the side. during presentations, switching slides occasionally stalled and forced an awkward pause. it can display an image, yet the slow response and disappointing presentation behavior make it unsuitable for regular use.",False
CORD000541,CUS00070,2019-04-29,Nickolson,"[{""product"":""Vela Halo 569"",""quantity"":1},{""product"":""Candle Orbit 1034"",""quantity"":2},{""product"":""Candle Bloom 262"",""quantity"":1},{""product"":""Candle Quest 498"",""quantity"":1},{""product"":""Vela Halo 659"",""quantity"":1}]",4004.24,22.84,-37.873051,144.954135,20,3226.23,Autumn,True,6.2047,"vela core 147 has fitted my daily routine because it combines simple reminders with an accessible time display. i use it to prompt small habits during work and to check the time when my phone is out of reach. the reminders are noticeable but not so forceful that they interrupt every conversation, and changing them for different parts of the day has been straightforward. the band remains comfortable during long periods at a desk, and the display is readable with a quick glance. its tracking and notification options are not as extensive as those on a more advanced wearable, but i wanted something uncomplicated rather than a second computer on my wrist. after several weeks, vela core 147 has helped me keep a steadier routine and has avoided becoming another source of screen time.",True
CORD000542,CUS00301,2019-11-11,Bakers,"[{""product"":""Candle Bloom 262"",""quantity"":1},{""product"":""Candle Flux 990"",""quantity"":1},{""product"":""Candle Bloom 1054"",""quantity"":3},{""product"":""Candle Quest 498"",""quantity"":1},{""product"":""Vela Halo 659"",""quantity"":2}]",6400.02,22.21,-37.792702,145.010386,0,6422.23,Spring,True,2.3389,"candle shift 178 was installed for video meetings and media streaming, but the wireless connection caused repeated disruptions. nearby devices connected during setup, yet the signal weakened in the room where meetings were held, producing frozen faces and broken speech. streaming in another room also paused whenever a call was active. the management application was slow to update, so it was difficult to tell whether a setting had actually changed. restarting the unit restored service for a short period, but dropouts returned without an obvious trigger. the casing stayed cool and the status light remained on, although neither provided useful reassurance when the network failed. candle shift 178 handles light browsing, but its poor coverage and unreliable performance make it unsuitable for calls or shared media.",False
CORD000543,CUS00209,2019-11-19,Thompson,"[{""product"":""Candle Orbit 1034"",""quantity"":1},{""product"":""Vela Halo 569"",""quantity"":1},{""product"":""Vela Halo 659"",""quantity"":1}]",995.72,11.74,-37.862581,144.927676,0,1007.46,Spring,False,5.8049,"the candle edge 824 became part of my routine during a particularly busy stretch of online classes and video meetings. pairing it for the first time was quick, and i appreciated being able to move between my desk and the kitchen without constantly handling the connection. voices come through with a clean, present quality, so i can follow a lecture or conversation without straining to catch ordinary words. the controls are simple enough that i learned them through use rather than needing to keep checking instructions. over time, i have used it for morning classes, informal calls, recorded lessons, and music while doing household jobs. the fit stays comfortable through a long session, and the controls respond when i pause audio or adjust the level. the microphone has suited regular conversations, with my voice remaining understandable when the room is quiet. in a busier room, i sometimes position myself more carefully, but that feels like a reasonable expectation for this sort of wireless audio device. charging has fitted easily into my routine, and i have not found myself worrying about the battery during a normal day. music has a balanced presentation that works well for background listening and spoken material. it is not the most expansive sound i have heard, especially when i want a dramatic performance, yet it remains enjoyable and consistent for my actual use. the carrying case also makes it convenient to put away between sessions. after owning the candle edge 824 for a while, i value its dependable pairing, comfortable handling, and clear treatment of voices. it has made remote study and calls feel more relaxed.",True
CORD000544,CUS00383,2019-09-07,Bakers,"[{""product"":""Candle Edge 680"",""quantity"":2}]",4502.8,11.23,-37.770913,145.025696,5,4288.89,Spring,False,5.1041,"vela nova 411 has served adequately for messages, calls, and mobile photography. everyday communication is straightforward, and the screen remains pleasant for reading. photos taken indoors can look soft, and the phone occasionally hesitates when several applications are open. nothing is unusable, but the uneven response reduces the sense of polish. it is a reasonable daily device with a fairly mixed character.",True
CORD000545,CUS00290,2019-11-24,Thompson,"[{""product"":""Candle Orbit 1034"",""quantity"":1},{""product"":""Candle Flux 1098"",""quantity"":2}]",2174.4,14.57,-37.82211,144.876863,10,1971.53,,False,6.2556,"vela nova 681 was chosen for travel planning and media use, but it became an unreliable companion away from home. maps took too long to update, and the location marker sometimes remained behind while i was walking. downloaded media paused unexpectedly, while glare made the screen difficult to read outdoors. touch response was also inconsistent, making it frustrating to enter a destination or change a route quickly. battery performance weakened during navigation, so i had to limit use and carry a charger even on ordinary outings. the phone could display a map when the connection and battery were both favourable, but that basic function was not enough for dependable travel. i spent too much time checking whether directions had updated and whether media would resume. vela nova 681 made planning awkward and stressful. i regret buying it and cannot recommend it.",False
CORD000546,CUS00052,2019-08-04,Thompson,"[{""product"":""Vela Halo 569"",""quantity"":1}]",149.09,16.78,-37.74204,144.931215,5,158.42,Winter,False,7.9767,"vela nova 1095 has made our morning and evening routines more comfortable by handling the blinds and curtains at the times we normally adjust them. once the routines were set, the movement happened consistently and i stopped needing to cross the room with my hands full. manual control is still available when plans change, which is important because not every day follows the same pattern. the device has operated quietly enough that it does not disturb conversations or early sleepers. i spent some time positioning the controls correctly, and the initial setup was less immediate than i hoped. after that effort, the repeated routines have been dependable. vela nova 1095 is a modest home improvement, but it removes a surprisingly repetitive task and has made the room feel better organised.",True
CORD000547,CUS00364,2019-08-10,Thompson,"[{""product"":""Candle Orbit 656"",""quantity"":2},{""product"":""Candle Orbit 1034"",""quantity"":1},{""product"":""Candle Quest 498"",""quantity"":1}]",6414.37,,-37.781012,144.884659,0,6442.91,Winter,True,6.5165,"candle bloom 640 has supported travel work and presentations for several weeks. it is easy to carry, starts promptly, and handles documents, browsing, and slides without complaint. the keyboard is compact enough to affect long typing sessions, while the screen becomes difficult to judge near strong windows. battery use is reasonable for normal office tasks but falls faster during presentations. it is a practical mobile laptop with predictable limitations in comfort and viewing.",True
CORD000548,CUS00415,2019-03-25,Bakers,"[{""product"":""Candle Orbit 1034"",""quantity"":2}]",1163.84,9.36,-37.808533,145.029556,25,882.24,Autumn,False,3.0198,"the candle edge 266 is used in a shared room where different people play casual games at different times. it starts without much delay and handles the games we normally choose, including short sessions that do not demand a complicated setup. the controls are easy enough to understand, although the layout feels less natural when someone unfamiliar takes a turn. the unit fits beside other household equipment and has not been difficult to move when the room needs to be rearranged. longer play makes it warm, and the sound becomes noticeable during quiet periods. it also struggles to feel responsive when several background tasks are running. the candle edge 266 is suitable for relaxed shared play, but people expecting strong performance for demanding games may find its limits clear.",True
CORD000549,CUS00320,2019-10-29,Bakers,"[{""product"":""Candle Flux 990"",""quantity"":2},{""product"":""Candle Orbit 1034"",""quantity"":2},{""product"":""Candle Orbit 656"",""quantity"":1},{""product"":""Candle Quest 354"",""quantity"":1}]",8017.58,18.93,-37.810473,145.009658,5,7635.63,Spring,True,1.2684,"candle quest 642 has been a rewarding companion for drawing and light creative work. i use it for rough illustrations, colour experiments, and arranging ideas before moving finished work elsewhere. the writing surface feels natural enough for short sessions, and the tablet responds promptly when i sketch quickly or zoom into details. it is also pleasant for viewing reference images beside a project. after several weeks, the battery routine has fitted easily around my use, although longer creative sessions still require planning a recharge. this is not a replacement for a full production setup, especially when a project becomes complicated, but that is outside its intended role. for casual drawing, notes, and lightweight creative experiments, candle quest 642 has made starting a new idea feel inviting.",True
CORD000550,CUS00407,2019-04-15,Thompson,"[{""product"":""Candle Orbit 1034"",""quantity"":3}]",1745.76,9.07,-37.793747,144.965381,15,1492.97,Autumn,False,2.649,"i chose candle orbit 350 because i needed an ultrabook for document work and video meetings in more than one location. my previous laptop was serviceable at a desk but awkward to carry, and its fan and sluggish transitions made short work sessions feel unnecessarily long. candle orbit 350 is easier to take from room to room, and it starts the practical tasks i use most without making me wait around before getting started. most of my time is spent writing, reviewing documents, arranging notes, and joining meetings. compared with the older machine, switching between a document and a call is smoother, and the keyboard is comfortable enough for extended typing. i have worked at a kitchen table, in a quiet office, and on the sofa, and the laptop has remained manageable in each setting. the camera and microphone have been suitable for routine meetings, while the screen gives me enough space to keep a document visible beside the call window. it is not a machine i would choose for demanding specialist software, and the limited size of a portable computer always means some compromise when many windows are open. i also needed a brief adjustment period because the keyboard layout differs from my old laptop. those are reasonable trade-offs for the portability. the previous device encouraged me to stay at one desk; candle orbit 350 makes it much easier to work where i actually need to be. after more than a month, the combination of lighter handling, responsive everyday use, and dependable meetings has made it a welcome improvement rather than merely a newer version of the same routine.",True
CORD000551,CUS00318,2019-02-14,Bakers,"[{""product"":""Candle Quest 498"",""quantity"":1},{""product"":""Candle Bloom 262"",""quantity"":1},{""product"":""Vela Halo 569"",""quantity"":1}]",2575.69,9.82,-37.799914,145.021884,0,2585.51,Summer,False,2.5961,"vela pulse 649 has made hands-free phone use much more convenient in my shared workspace. it keeps the device raised and visible while i read messages, follow a call, or glance at a reference without holding the phone throughout the task. the base stays steady on the desk, and the viewing angle works well when i am seated nearby. i have moved it occasionally to make room for paperwork, and it has been easy to reposition without scraping the surface. the support is not intended for rough handling, so i would not treat it as a travel stand, but it has remained secure during normal desk use. i also like that the phone can be picked up quickly when needed. vela pulse 649 has reduced clutter around my keyboard and made short hands-free tasks feel more orderly. it is a simple accessory, but it performs its intended role consistently.",True
CORD000552,CUS00133,2019-11-27,Bakers,"[{""product"":""Candle Flux 1098"",""quantity"":2},{""product"":""Vela Halo 659"",""quantity"":1}]",1857.19,12.32,-37.752187,145.012323,10,1683.79,Spring,False,6.6012,"vela halo 821 has handled my work calls and calendar reminders without fuss. voices remain intelligible during calls, and appointments are quick to enter while i am moving between tasks. the screen is comfortable for checking a busy day, and the phone has stayed responsive after regular use. the outer finish marks easily, but that is a minor cosmetic issue beside the reliable everyday performance.",True
CORD000553,CUS00322,2019-11-25,Bakers,"[{""product"":""Candle Flux 990"",""quantity"":1},{""product"":""Candle Orbit 1034"",""quantity"":1},{""product"":""Candle Quest 354"",""quantity"":2},{""product"":""Candle Bloom 1000"",""quantity"":1}]",5297.77,10.25,-37.839849,145.015446,0,5308.02,Spring,False,3.7645,"after living with this extender for nineteen days, i am genuinely pleased with how much more usable our home network feels. setup was straightforward: the instructions were clear, the unit found a suitable position between rooms, and the connection settled quickly. the candle bloom 298 has made the far bedroom and study more dependable for browsing, calls, and streaming. i appreciate not having to move the main router or run a cable through the hallway. devices reconnect without fuss as i move between rooms, and coverage reaches places that previously felt forgotten. the indicator helps when choosing a position, although it is a little bright at night. the casing stays unobtrusive on a shelf, and the included warranty adds welcome confidence. this is not a replacement for a stronger central network in every home, and performance still depends on placement, but it solved the coverage gap i bought it for. the candle bloom 298 is a practical, reliable extension for anyone wanting clearer coverage between rooms. i am satisfied and would recommend it.",True
CORD000554,CUS00191,2019-02-08,Bakers,"[{""product"":""Vela Halo 659"",""quantity"":2},{""product"":""Candle Quest 498"",""quantity"":1},{""product"":""Candle Bloom 1000"",""quantity"":1}]",3653.59,11.53,-37.849114,145.024262,0,,Summer,False,5.0419,"candle arc 150 has become the laptop i use for portable document work and video meetings around the house. it is light enough to move from a desk to the kitchen table, and the keyboard supports longer typing without making my hands feel cramped. documents open quickly, while switching to a meeting does not leave me waiting through repeated pauses. the camera gives a usable image and the microphone has kept my voice understandable in ordinary rooms. the display is a little reflective near a bright window, so i sometimes change position before starting a call. apart from that minor inconvenience, the laptop has been consistent through several weeks of work. candle arc 150 offers a comfortable balance of portability and everyday capability, and it has made moving between work spaces pleasantly straightforward.",True
CORD000555,CUS00254,2019-08-29,Bakers,"[{""product"":""Candle Bloom 1000"",""quantity"":1},{""product"":""Candle Orbit 1034"",""quantity"":2},{""product"":""Candle Quest 354"",""quantity"":1},{""product"":""Vela Halo 569"",""quantity"":1}]",3531.55,11.33,-37.795985,144.993922,25,2659.99,Winter,False,1.5622,"the vela halo 983 has been used for casual living-room gaming, and i compared it with a smaller screen in another room and with a more elaborate entertainment setup. its larger picture makes group play easier because people on the sofa can follow the action without crowding together. the smaller screen is simpler to reposition, while the halo 983 feels more appropriate as a shared-room centrepiece. it is not intended to reproduce every feature of a specialist gaming display, but it covers relaxed sessions well. the image remains visible from the side, which matters when several people are watching. colours look natural in ordinary room lighting, though daylight across the screen reduces the impact and reveals reflections. menus are uncomplicated, and changing between a game and regular viewing has fitted our routine. the sound is sufficient for conversations and casual play, but a separate audio system would provide a fuller result for films or music. that distinction became clearer when we compared the built-in sound with speakers already in the room. the screen size is helpful for shared play, yet it also makes the unit less discreet than the smaller alternative. i needed to plan the furniture around it rather than move it casually. controllers connected without a prolonged setup, and the display has remained consistent during the weeks of use. a competitive player may care more about specialised response characteristics than i do, while a family wanting an uncomplicated shared screen may value the straightforward arrangement. my impression of the vela halo 983 is balanced. it provides a comfortable group view and handles casual games without demanding a complicated system. its limitations are mainly room reflections, built-in audio, and the commitment of a larger screen. for our living room, those compromises are acceptable, but they are worth considering before choosing it over a smaller or more specialised option.",True
CORD000556,CUS00166,2019-03-26,Nickolson,"[{""product"":""Vela Halo 569"",""quantity"":1},{""product"":""Candle Bloom 1054"",""quantity"":2},{""product"":""Vela Halo 659"",""quantity"":1}]",1313.5,7.92,-37.828859,144.966244,10,1190.07,Autumn,False,1.1777,"the candle arc 582 is used by several people in my household for browsing, reading, and family learning activities. its larger screen makes shared questions easier to investigate than passing a phone around, and the touch controls respond predictably for ordinary pages. my child can use it for educational exercises while i sit nearby, then i can switch to a recipe or article without moving to another room. the body is light enough to carry, although i prefer setting it on a stand for longer sessions. sharing it has exposed some limitations. different users leave tabs and applications open, so returning to my own work sometimes involves tidying the screen first. the keyboard that appears for longer writing takes up much of the display, and i would not choose the tablet for composing a substantial document. a few websites also behave differently from their desktop versions, which means the tablet is better for browsing than for every kind of task. battery use is moderate, but video and interactive lessons reduce the remaining charge noticeably. after forty-one days, the candle arc 582 has become a useful household screen without replacing a laptop. it works well for shared browsing, reading, and short learning sessions, and the clear touch response makes it approachable for different ages. the limited space for typing and the effort of managing several users keep the experience balanced. i am glad to have it for quick family activities, but anyone expecting a complete work computer may find its boundaries frustrating.",True
CORD000557,CUS00256,2019-07-29,Bakers,"[{""product"":""Candle Quest 354"",""quantity"":1},{""product"":""Candle Flux 990"",""quantity"":1},{""product"":""Candle Orbit 1034"",""quantity"":1}]",3079.15,17.23,-37.786991,145.027183,0,3096.38,Winter,False,3.798,"candle edge 752 was intended for reading, annotation, and handwritten notes, but the pen response is too inconsistent. strokes appear after the hand has moved, causing letters to join and diagrams to look messy. the screen also registers stray touches near the edge, while document switching is slower than expected. reading a page is possible, yet the delayed writing and awkward controls make this tablet frustrating for serious notes.",False
CORD000558,CUS00440,2019-01-19,Bakers,"[{""product"":""Candle Orbit 656"",""quantity"":1},{""product"":""Candle Bloom 1054"",""quantity"":1},{""product"":""Candle Orbit 1034"",""quantity"":1},{""product"":""Vela Halo 569"",""quantity"":2},{""product"":""Candle Quest 498"",""quantity"":1}]",4900.34,19.63,-37.789114,144.997738,10,4429.94,Summer,True,2.3324,"vela nova 1095 has made the curtains in my home feel much less like a task i have to remember. i bought it to create automated blind and curtain routines, and after several weeks the routines have settled into the background of the day. in the morning the curtains open without me crossing the room, and later they close when i want the living area to feel more private. the change is small, but it has removed a repeated interruption from my routine. setting up the first routine took some patience because i wanted to observe the movement and make sure the curtains stopped where i expected. once that was adjusted, changing the schedule was uncomplicated. i have tried different routines on ordinary weekdays and on quieter weekends, and the system has responded consistently. it is also useful when i am occupied with cooking or cleaning and do not want to leave what i am doing just to adjust the curtains. the movement itself is gentle enough for the room, and the equipment has not drawn attention when operating. i still make occasional manual adjustments when the light changes unexpectedly, so i would not describe it as a complete replacement for personal control. that is a reasonable limitation for an automated household device. vela nova 1095 has been a reliable convenience rather than a novelty. the routines work best when planned around the room, but once established they make the space feel more comfortable and organised.",True
CORD000559,CUS00114,2019-11-28,Thompson,"[{""product"":""Candle Orbit 1034"",""quantity"":1},{""product"":""Candle Flux 1098"",""quantity"":2}]",2174.4,12.84,-37.842273,144.923437,10,1969.8,Spring,False,3.8912,"candle bloom 1000 was purchased for portable document work and video meetings, then compared with another lightweight laptop used in the same places. the first impression is that it is easy to carry, but the reduced weight does not compensate for the problems during a working day. the keyboard feels shallow and noisy, with a cramped layout that causes frequent typing mistakes. the trackpad sometimes ignores a short movement and then jumps, making document selection awkward. when several files are open, switching between them produces pauses and occasional frozen windows. those interruptions are frustrating during meetings because notes fall behind while the system catches up. video calls exposed further weaknesses. the camera image becomes grainy indoors, and the microphone captures nearby sounds more strongly than my voice. other participants asked me to repeat points even when i was sitting close to the screen. compared with the other laptop, candle bloom 1000 also loses battery charge quickly during a meeting combined with document editing. the percentage indicator drops unevenly, so remaining time is difficult to judge. the display is readable at a desk, but reflections make it hard to work near a bright window. basic documents can be opened and edited, yet the poor keyboard, hesitant multitasking, weak meeting audio, and unreliable battery estimate make this model disappointing. after 32 days, i carry a charger and keep backup notes because the computer cannot be trusted for a full mobile session. i regret choosing it for regular work and would avoid it for frequent video meetings.",False
CORD000560,CUS00119,2019-06-13,Thompson,"[{""product"":""Candle Bloom 1000"",""quantity"":1},{""product"":""Candle Quest 354"",""quantity"":1},{""product"":""Vela Halo 659"",""quantity"":2},{""product"":""Candle Flux 1098"",""quantity"":1},{""product"":""Candle Quest 498"",""quantity"":1}]",4852.61,29.34,-37.776895,144.8753,10,4396.69,Winter,,7.4562,"i bought vela halo 659 after using a fixed stand that placed my phone at one angle and left little room to adjust it for different tasks. that old stand was serviceable for short viewing, but it became awkward when i wanted to join a call, read a recipe, or keep a device visible while working. vela halo 659 gives me more control over the position, so i can move the screen closer, change the angle, and keep it at a height that suits the activity. the base has stayed steady on my desk during normal use. compared with the fixed stand, vela halo 659 is more versatile without needing to be rebuilt each time. i have used it for video calls, reading, charging, and following instructions while cooking, and the adjustment range has been genuinely useful. the device remains easy to reach, while the stand keeps the desk less cluttered than laying the phone flat among other items. the hinges were slightly firm at first, but that has helped the position stay in place rather than drifting during use. it is not the smallest accessory in my workspace, and very frequent angle changes require two hands if i want to keep the base completely still. those are minor limitations compared with the convenience of having a stable, adjustable position. after several weeks, vela halo 659 has proved more practical than my old fixed stand and has made everyday device positioning easier across several different situations.",True
CORD000561,CUS00079,2019-11-03,,"[{""product"":""Candle Edge 680"",""quantity"":1},{""product"":""Candle Orbit 656"",""quantity"":1},{""product"":""Candle Quest 498"",""quantity"":1}]",5821.79,18.88,-37.802161,144.943702,10,5258.49,Spring,True,1.2057,"i use vela spark 909 to hold a phone or small tablet at a comfortable angle while working at my desk, and it has been a worthwhile improvement. the adjustable arm lets me bring a screen closer for reading and move it aside when i need the full workspace. its grip has stayed firm during typing and video calls, while the base fits neatly beside my keyboard. i have changed the angle many times and the joints have not developed any looseness. very heavy devices make the arm less flexible, so i keep those on the desk instead of pushing this accessory beyond its intended use. for ordinary devices it has made my posture and workspace feel more manageable. vela spark 909 is thoughtfully designed, useful every day and easy to live with.",True
CORD000562,CUS00071,2019-02-05,Bakers,"[{""product"":""Vela Halo 659"",""quantity"":1},{""product"":""Candle Orbit 1034"",""quantity"":1},{""product"":""Vela Halo 569"",""quantity"":1}]",995.72,12.18,-37.812614,145.063073,10,908.33,Summer,False,5.9668,"candle flux 522 has been useful for completing field forms and showing information during client presentations. the screen is clear enough for reading entries outdoors in ordinary shade, and the tablet remains manageable to carry between meetings. forms are comfortable to review, with enough space to avoid constant scrolling, while presentations look neat when shared across a table. i have found the touch response dependable during quick demonstrations, which helps me keep conversations moving rather than stopping to correct missed taps. the casing feels sturdy, although i still use a protective cover when travelling because the tablet is part of my work kit. long typing sessions are less comfortable than on a laptop, so i use it mainly for forms, viewing, and discussion. candle flux 522 suits that role very well and has made mobile work feel more organised and professional.",True
CORD000563,CUS00498,2019-07-23,Bakers,"[{""product"":""Candle Quest 498"",""quantity"":1},{""product"":""Candle Orbit 656"",""quantity"":1},{""product"":""Candle Bloom 1054"",""quantity"":1},{""product"":""Vela Halo 659"",""quantity"":1}]",4284.95,14.13,-37.807879,145.050477,5,4084.83,Winter,False,4.859,"i bought the candle shift 484 for music playback in a shared room, where sound needs to work for more than one listener. it fills the space without requiring an uncomfortable volume, and vocals remain distinct when people are talking nearby. pairing was quick, and reconnecting after the speaker has been idle has been dependable. i have moved it from a desk to a kitchen shelf several times; its size is manageable and the controls remain accessible. the lower tones are not especially deep, so someone seeking a powerful party speaker may want more, but ordinary playlists sound balanced and inviting. battery use has suited short evening sessions and weekend background music. the candle shift 484 has become an easy household choice because anyone can start playback without much explanation.",True
CORD000564,CUS00202,2019-11-25,Bakers,"[{""product"":""Vela Halo 569"",""quantity"":1},{""product"":""Vela Halo 659"",""quantity"":2},{""product"":""Candle Orbit 1034"",""quantity"":1}]",1260.43,10.67,-37.803714,145.043949,20,1019.01,Spring,False,,"candle vista 218 has handled the mix of devices in our home without demanding much attention. phones, streaming equipment, and work devices connect consistently, and ordinary browsing remains smooth when several people are online. the initial setup was clear enough to complete in one sitting. i noticed a brief slowdown during a particularly busy evening, but it did not last. it has been a solid network choice for shared household use.",True
CORD000565,CUS00197,2019-02-14,Bakers,"[{""product"":""Candle Orbit 1034"",""quantity"":1},{""product"":""Candle Flux 1098"",""quantity"":1}]",1378.16,19.64,-37.820324,145.018486,5,1328.89,Summer,True,2.3434,"i bought vela ridge 815 to manage a household outlet on a regular schedule, and it has performed that task consistently. the initial connection took a few attempts because i had to place it close to the router, but the setup became clear after that. i now use a routine for a lamp in the evening, and the outlet switches at the expected times without me remembering to do it manually. manual control is also convenient when plans change. the unit remains unobtrusive on the wall and has not become warm during ordinary operation. i have checked the schedule several times after a power interruption and found that it continued behaving as expected. the controls are not especially sophisticated, but the simple purpose is handled well. vela ridge 815 has removed a small daily chore and feels like a worthwhile addition to my home.",True
CORD000566,CUS00226,2019-08-05,Nickolson,"[{""product"":""Candle Bloom 1054"",""quantity"":1},{""product"":""Vela Halo 659"",""quantity"":2}]",979.27,19.53,-37.876591,144.979207,0,998.8,Winter,False,6.5044,"candle shift 268 was installed to connect several shared household devices, but performance becomes poor as soon as the network is busy. one device may stream while another loses access, and a third can remain connected without loading anything. reconnecting requires repeated resets, which is frustrating when people are using the network at the same time. the setup screen gives little explanation for a failure, so troubleshooting becomes guesswork. i moved the unit, changed the wireless channel and reduced the number of devices, but the drops continued. a single phone can browse through it for a while, yet this narrow result does not meet the needs of a shared household. candle shift 268 has created unreliable access and more complaints instead of solving the connection problem.",False
CORD000567,CUS00179,2019-06-28,Nickolson,"[{""product"":""Vela Halo 569"",""quantity"":1},{""product"":""Candle Flux 990"",""quantity"":1}]",2243.54,12.88,-37.847682,144.980989,10,2032.07,Winter,False,3.3867,"the vela nova 177 has been part of my exercise routine for a month, mainly for checking session summaries and observing daily activity. the summaries are presented in a readable way, and reviewing them after a walk or workout takes little time. the device is light enough that i rarely notice it during ordinary movement, although the strap can feel warm after a longer session. i have seen occasional differences between what i expected from a workout and what the device recorded, particularly when movement is irregular. sleep information is interesting for spotting broad patterns, but i would not treat every detail as precise. charging has fitted into my routine without much trouble. overall, it gives me a convenient overview and encourages me to look back at my activity, but the inconsistent readings limit how much i trust it. it is informative for general awareness rather than exact measurement.",True
CORD000568,CUS00178,2019-10-12,Thompson,"[{""product"":""Candle Flux 990"",""quantity"":1},{""product"":""Candle Quest 498"",""quantity"":2},{""product"":""Vela Halo 659"",""quantity"":1},{""product"":""Candle Bloom 1000"",""quantity"":1}]",6791.66,21,-37.808695,144.900515,0,6812.66,Spring,True,4.1136,"candle edge 482 has settled into our household as a shared screen for reading practice, recipes, and casual browsing. the display is comfortable for a child to use at the table, while the size still makes it practical for an adult to carry around. switching between family members is uncomplicated, and pages load promptly during ordinary use. we have also used it for looking up school material without needing to move to a larger computer. the casing does show fingerprints after hands-on use, so i wipe it occasionally, but that is a minor upkeep issue. it has proved flexible enough for several different routines.",True
CORD000569,CUS00444,2019-01-26,Bakers,"[{""product"":""Vela Halo 659"",""quantity"":1},{""product"":""Candle Bloom 1054"",""quantity"":1},{""product"":""Candle Orbit 1034"",""quantity"":1}]",1296.48,11.01,-37.843367,145.01986,15,1113.02,Summer,False,4.2951,"before using vela atlas 305, i relied on ordinary wall switches and occasionally left lights on because i was already comfortable in another room. the comparison is not dramatic in a technical sense, but app-controlled lighting has become genuinely convenient. i can adjust the room before walking in, turn lights off after settling into bed, and change the setting without crossing a dark room. the household adapted quickly because the physical switches still make sense to anyone who does not want to use the app. i have used vela atlas 305 in the main living area and near a desk where the lighting needs change throughout the day. compared with the old routine, it gives me more control over small moments: softer light while reading, brighter light when cleaning, and a quick change when someone starts a video call. the app responds promptly in normal use, and the controls are simple enough that other people in the home learned them without much instruction. it has also made it easier to check whether a light was left on. the benefit depends on keeping the app and network connection available, and i still use the wall switch when i want the fastest possible action. the interface could offer more visual guidance for new users. even with that small learning curve, vela atlas 305 is more adaptable than fixed switching. it has turned lighting from a forgettable background task into something i can adjust to the room and the activity.",True
CORD000570,CUS00187,2019-11-22,Bakers,"[{""product"":""Candle Flux 1098"",""quantity"":2},{""product"":""Vela Halo 659"",""quantity"":3},{""product"":""Vela Halo 569"",""quantity"":1}]",2535.7,12.19,-37.771208,145.049345,5,2421.1,Spring,False,6.4197,"the vela atlas 665 has simplified the routine of controlling a household power outlet. i use scheduled switching for a lamp and a few devices, so the daily sequence happens without me remembering every step. creating and changing a schedule was straightforward, and the outlet responded consistently when i tested it at different times. i also like being able to make a temporary change when my evening routine differs from normal. the unit is compact enough not to dominate the surrounding socket, though bulky plugs beside it can make the area feel crowded. i have not used it for equipment that needs specialised power management, and i would keep that distinction in mind. for ordinary household items, however, the vela atlas 665 has been dependable and convenient. it has removed a small repeated chore from my day and has worked quietly in the background.",True
CORD000571,CUS00146,2019-03-09,Bakers,"[{""product"":""Candle Orbit 656"",""quantity"":1},{""product"":""Candle Orbit 1034"",""quantity"":2},{""product"":""Candle Bloom 262"",""quantity"":1},{""product"":""Vela Halo 659"",""quantity"":1}]",4808.88,12.55,-37.751227,145.027385,0,4821.43,Autumn,False,7.1196,"i bought candle arc 564 for music during desk work, where the best audio product is one that stays out of the way. after the initial pairing, it became easy to start a playlist and leave it running while i read, wrote, or sorted through routine tasks. the sound has enough separation for instrumental tracks and spoken recordings, and it does not become tiring during a long afternoon. i can keep the volume modest and still follow what i am listening to. my desk is near a walkway, so the unit gets moved occasionally when the surface is being cleared. i have also taken it to a nearby table for a different task. in both cases the wireless connection returned without a prolonged sequence of troubleshooting. the controls feel sensible, and i can pause or change the level while remaining focused on the work in front of me. that consistency has mattered more than having a large number of extra functions. candle arc 564 simply behaves in a predictable way each time i use it. there is a little less force in the lower sound than some listeners may want, and the compact casing can be easy to overlook when the desk is cluttered. neither issue interferes with my main purpose. i have owned it through months of study and administrative work, and it has handled quiet concentration as well as occasional background conversation. the product has made my workspace feel more settled because i no longer spend time correcting connection problems or searching for controls. candle arc 564 is not extravagant, but it is a dependable, enjoyable part of my daily desk routine.",True
CORD000572,CUS00082,2019-01-08,Bakers,"[{""product"":""Candle Orbit 1034"",""quantity"":1},{""product"":""Candle Bloom 1054"",""quantity"":1}]",1031.77,13.79,-37.739267,145.0242,5,993.97,Summer,False,8.2666,"i have spent the last several weeks using vela halo 281 for travel planning, communication, and media during journeys. it has been particularly convenient when i need to look up a route, check a reservation message, and return to a video or podcast without carrying another device. the screen is comfortable for reading maps and longer articles, and the layout makes switching between tasks feel natural. before travelling, i used vela halo 281 to gather directions and save useful information. while away, i relied on it for navigation, messages, and occasional photos. the phone responded promptly when moving between a map and a conversation, which meant i could keep walking rather than stop to wait. media playback has also been enjoyable on trains and in waiting areas. the display is bright enough for ordinary indoor use, although i sometimes reduce the brightness during a long evening session. battery life has been suitable for my usual days, including navigation and several hours of listening. a particularly busy travel day can leave less reserve than i would prefer, so i carry a charger when i expect to be out late. that is the main limitation i have noticed. the phone remains comfortable in one hand, and the controls are placed where i can reach them without interrupting a map or programme. vela halo 281 has made travel planning feel more organised and the waiting parts of a journey more enjoyable. it handles communication, directions, and media with a reassuring lack of fuss. i like having one dependable device for those connected tasks, and the small battery compromise has not outweighed the convenience it provides.",True
CORD000573,CUS00282,2019-12-14,Thompson,"[{""product"":""Vela Halo 659"",""quantity"":1},{""product"":""Candle Bloom 1000"",""quantity"":2}]",3896.39,13.58,-37.837863,144.898385,10,3520.33,Summer,False,5.1117,"i have worn the vela echo 997 for about a month, and its reminders have been more irritating than helpful. alerts arrive at awkward moments, while missed reminders are difficult to explain because the settings offer little guidance. the time display is readable, but the band feels uncomfortable after extended wear and the controls are fussy to use. i expected a simple aid for daily habits, yet i keep silencing it and checking tasks elsewhere. the weak reminder behavior and poor comfort make this a frustrating purchase that i regret.",False
CORD000574,CUS00148,2019-10-19,Thompson,"[{""product"":""Candle Bloom 1000"",""quantity"":1},{""product"":""Vela Halo 659"",""quantity"":1},{""product"":""Candle Bloom 1054"",""quantity"":1},{""product"":""Vela Halo 569"",""quantity"":1}]",2679.49,20.86,-37.840604,144.919888,20,2164.45,Spring,True,3.9173,"candle edge 392 has become a useful surface for drawing and lightweight creative work. i can sketch ideas, make quick annotations, and review them later without setting up a larger workstation. the screen gives the activity enough room to feel natural, and the response has stayed consistent during repeated use. i particularly like being able to move from a rough drawing to a reference image without changing devices. it is not intended for the most demanding creative projects, so i still use a fuller setup when a task becomes complex, but that boundary is clear. the tablet is comfortable to carry and has remained in good condition despite being moved between rooms. candle edge 392 has encouraged more spontaneous drawing and has provided a pleasant, practical tool for the lighter creative work i actually do.",True
CORD000575,CUS00394,2019-12-12,Thompson,"[{""product"":""Candle Quest 354"",""quantity"":1},{""product"":""Candle Bloom 262"",""quantity"":2},{""product"":""Vela Halo 659"",""quantity"":1}]",2904.03,14.88,-37.741586,144.880614,10,2628.51,Summer,False,9.8282,"candle bloom 784 has been playing music in our shared room while we cook, read and spend time together. pairing different phones is simple, and the connection has stayed steady when someone moves around the room. voices in podcasts are clear, while music has enough warmth for ordinary listening without overwhelming conversation. the controls are easy to reach, and the unit can be moved to a shelf when the table is needed. it produces enough volume for the room, although the sound becomes less detailed at the highest setting. for daily background music that is not a serious concern. the casing feels sturdy and has survived being moved several times without marks. candle bloom 784 has made shared listening more enjoyable and gives us a dependable audio option that fits naturally into the room.",True
CORD000576,CUS00231,2019-02-18,Thompson,"[{""product"":""Candle Edge 680"",""quantity"":1},{""product"":""Candle Flux 1098"",""quantity"":1},{""product"":""Vela Halo 659"",""quantity"":2},{""product"":""Vela Halo 569"",""quantity"":1}]",3726.15,13.93,-37.879636,144.901119,0,3740.08,Summer,False,8.4688,"candle edge 158 has improved the wireless coverage around my home office and made movement between rooms less inconvenient. calls remain stable when i step away from the desk, and documents or messages continue loading in areas where the signal used to feel uncertain. setup was clear enough to complete without outside help, and my existing devices joined the network after only a few attempts. the connection has remained steady during work calls, browsing, and ordinary streaming, even when other household devices are active. the unit itself is plain and the indicator is more visible than necessary, but neither issue affects performance. i have appreciated not having to reposition equipment or reconnect repeatedly during the day. candle edge 158 has been a quiet improvement: it does not demand attention, yet it gives my home office the dependable reach i was missing.",True
CORD000577,CUS00348,2019-07-12,Thompson,"[{""product"":""Candle Bloom 1054"",""quantity"":1},{""product"":""Candle Orbit 1034"",""quantity"":1},{""product"":""Candle Orbit 656"",""quantity"":1}]",3293.83,17.61,-37.878948,144.889276,15,2817.37,Winter,False,8.9476,"candle edge 248 has solved the weak coverage problem that made one end of my home frustrating to use. previously, the connection dropped or slowed whenever i moved away from the main router, especially through the rooms between it and the far workspace. after placing this unit in a sensible middle position, the signal reaches that area with much less interruption. i can work there, make calls, and use ordinary online services without repeatedly relocating to find a stronger connection. the improvement is more noticeable than the difference between two similar routers i have tried before. setup took a little attention when choosing the position, but once it was established, the network behaved consistently for the devices i use. i also appreciate that extending coverage did not require me to run a cable through the rooms. the unit is unobtrusive and has not become another piece of equipment that needs daily adjustment. it is worth being realistic about what it can do. placement still matters, and the furthest corner is not identical to the room beside the main router. when several people are using the network at once, performance depends on the wider connection rather than this unit alone. i also spent time testing locations before finding the best one. compared with living with dead spots, that effort was minor. candle edge 248 has made the previously unreliable part of the house practical for routine work and media, and it is a worthwhile improvement for extending coverage.",True
CORD000578,CUS00192,2019-04-04,Thompson,"[{""product"":""Vela Halo 569"",""quantity"":3},{""product"":""Candle Bloom 262"",""quantity"":1}]",1565.54,9.86,-37.789591,144.917189,10,1418.85,Autumn,False,3.6714,"after several weeks of carrying the vela spark 369 on train trips and short flights, i see it as a sensible middle ground between a bare pouch and a bulky hard case. the shape is compact enough to slide into a crowded day bag, while the padded sides give a phone, charger, and a few small cables more protection than a thin fabric sleeve. the inside is organised rather than cavernous: the main section holds my phone with room around it, and the small inner pocket keeps loose adapters from rubbing against the screen. a larger travel organiser can swallow more equipment, but it also takes up noticeably more space. the vela spark 369 has been steadier than a soft drawstring bag when my luggage is moved around. the zip has not caught, and the outer material has dealt with light knocks and the occasional damp bench without making the contents feel exposed. i prefer its shape to a floppy case because it stays open while i am packing, although the firm edges make it less willing to squeeze into a very full pocket. there is not much room once i add a power bank and several thick cables, so anyone carrying a large collection of accessories may find the capacity limiting. for everyday travel, the balance is fairly even. a softer sleeve is lighter and easier to compress, whereas this case offers better separation and a more reassuring barrier around fragile items. the compartments are useful, but they do not replace a full equipment organiser. i would choose the vela spark 369 for a small, regularly used kit and for trips where protection matters more than maximum capacity. it is not the most spacious option, yet its tidy layout and durable-feeling construction make it a practical compromise.",True
CORD000579,CUS00294,2019-11-02,Bakers,"[{""product"":""Vela Halo 569"",""quantity"":1},{""product"":""Candle Orbit 656"",""quantity"":1},{""product"":""Candle Edge 680"",""quantity"":2},{""product"":""Candle Quest 354"",""quantity"":1}]",7316.73,10.57,-37.800004,145.041405,20,5863.95,Spring,False,4.2059,"i wanted a gaming device that could travel with me rather than stay permanently beside the television, and candle quest 336 has suited that plan very well. during the first few sessions i tested it at home, then packed it for a weekend away to see whether the portable format would remain convenient in practice. it was easy to bring along, and i could settle into a short game in the evening without rearranging the room. candle quest 336 has provided responsive play for the games i normally enjoy, with controls that became familiar after only a little use. i have played at a desk, on a sofa, and during quiet parts of several trips, and the experience has stayed consistent across those settings. the menus are generally clear, so starting or changing a game does not become a separate task. i have also appreciated being able to use it for brief sessions instead of feeling committed to a long stretch of play. battery life has been adequate for my routine, although on a particularly long journey i needed to plan a recharge rather than assume it would last indefinitely. that is the main compromise of choosing a portable system. the casing has travelled in a padded bag and still feels secure, while the device has avoided becoming an awkward extra item in my luggage. after owning candle quest 336 for a while, i am happy with the balance between convenience and entertainment. it has made gaming easier to fit around travel and has delivered a consistently enjoyable experience wherever i have used it.",True
CORD000580,CUS00445,2019-12-02,Nickolson,"[{""product"":""Candle Orbit 1034"",""quantity"":1},{""product"":""Candle Orbit 656"",""quantity"":1},{""product"":""Candle Bloom 262"",""quantity"":1}]",3962.25,24.59,-37.874791,144.992167,15,3392.5,Summer,True,6.5567,"i wore vela spark 117 while walking and commuting, but the notification system has been too unreliable for practical use. alerts often arrive after i have already reached for the phone, and some messages never appear on the wearable. the screen is difficult to read in daylight, while the vibration is weak enough to miss in a noisy street. the strap shifts during longer walks and catches on clothing when putting on a coat. pairing has also failed after travel, forcing repeated setup at inconvenient times. it can display a notification when the connection happens to hold, but that basic result is not dependable. vela spark 117 is awkward, frustrating, and poorly suited to commuting. the delayed alerts make it disappointing, and i cannot recommend it.",False
CORD000581,CUS00088,2019-10-06,Nickolson,"[{""product"":""Candle Edge 680"",""quantity"":1}]",2251.4,9.57,-37.842133,144.981976,0,2260.97,Spring,False,2.8357,"candle edge 536 is the first portable gaming device i have used that feels suited to travel rather than merely small enough to carry. i compared it with a compact setup i previously packed for trips, and the difference was visible in the amount of preparation required. candle edge 536 lets me start playing without arranging several separate pieces, while its controls leave enough room for comfortable handling. the older setup was workable, but it felt cramped whenever a session lasted more than a short break. i have carried candle edge 536 between rooms, used it during travel downtime, and played both quick games and longer sessions. the controls respond consistently, and the screen remains readable in ordinary indoor light. the built-in audio is sufficient for casual play, although i prefer headphones in busy places. its body is not feather-light, and the carrying case takes up space in a small bag, but that added size gives the device a more secure feel. i would rather carry a slightly larger unit than repeatedly adjust a fragile arrangement. the battery has suited short trips and several sessions, though demanding games naturally reduce the time between charges. charging is simple, and i have not needed to carry a collection of accessories. candle edge 536 does not offer the same broad workspace as a desktop, and anyone who plays only at home may prefer larger equipment. for travel, however, the comparison favours this device. it combines a comfortable control layout, dependable response, and sensible portability in one piece of hardware. the few compromises are predictable for a portable design, while the convenience of taking a complete gaming experience with me has made candle edge 536 an easy part of my travel bag.",True
CORD000582,CUS00072,2019-05-16,Thompson,"[{""product"":""Vela Halo 569"",""quantity"":1},{""product"":""Candle Bloom 1000"",""quantity"":1},{""product"":""Candle Orbit 656"",""quantity"":1}]",4226.99,13.99,-37.870579,144.876039,0,4240.98,Autumn,False,8.9645,"vela nova 213 has become a convenient way to play music and spoken content around the house. voices in podcasts and radio programmes sound clear, and i can follow conversation without raising the volume excessively. music is pleasant at ordinary levels, with enough separation to make different instruments recognisable. the display is easy to read when i want to see what is playing, and moving between music and spoken programmes is uncomplicated. i have used it during cooking, cleaning and quiet evenings, and playback has remained stable. the sound is not especially powerful for a large gathering, and bass-heavy tracks feel restrained, but that matches its role in my room. vela nova 213 has proved flexible, simple to operate and enjoyable for everyday listening.",True
CORD000583,CUS00381,2019-02-14,Nickolson,"[{""product"":""Candle Flux 990"",""quantity"":2},{""product"":""Candle Orbit 1034"",""quantity"":1}]",4770.82,13.8,-37.85872,145.004765,15,4069,Summer,False,5.4286,"vela atlas 215 was connected to a household power outlet for scheduled control of a lamp and a small appliance. manual switching from the app usually sends a command, but the scheduled routines are unreliable and sometimes run late or do not run at all. i had to check the outlet each morning because the expected state could not be trusted. the status shown in the app also lagged behind the physical outlet, creating further confusion when another person in the house used it. setup instructions were brief, and correcting a failed routine required several screens with no clear reason for the failure. the device continues to pass power when switched manually, but that basic operation is not enough for automation. after repeated missed schedules, the convenience became a burden. vela atlas 215 is frustrating for household routines and should be avoided where timing matters.",False
CORD000584,CUS00462,2019-08-26,Bakers,"[{""product"":""Candle Edge 680"",""quantity"":1},{""product"":""Candle Quest 498"",""quantity"":1}]",3559.73,17.89,-37.882769,145.047066,5,3399.63,Winter,False,9.2841,"i use the candle lumen 454 on trains and buses for spoken podcasts and calls, and it has settled into my commute nicely. pairing took little effort, and the wireless connection stayed steady between platforms and stations. voices sound warm and distinct, so i can follow an interview without constant volume changes. the earcups are comfortable for my usual journey, though they feel warm after a long stretch. battery life covers my trips without an anxious search for a charger. for daily spoken-content listening, this has been a dependable purchase.",True
CORD000585,CUS00411,2019-09-22,,"[{""product"":""Candle Quest 498"",""quantity"":1},{""product"":""Candle Orbit 656"",""quantity"":1},{""product"":""Vela Halo 569"",""quantity"":1},{""product"":""Candle Bloom 1000"",""quantity"":2}]",7351.16,10.48,-37.775311,144.980077,0,7361.64,Spring,False,4.0802,"candle lumen 400 replaced an older laptop that was still usable but increasingly awkward to carry between rooms. i compared them during document work, online meetings, and ordinary administration, and the newer device fits my portable routine better. candle lumen 400 is easier to move from a desk to the dining table, and i can begin work without spending much time arranging the setup. documents remain readable during longer sessions, while the camera and microphone have been suitable for video meetings. the older laptop had a more familiar keyboard, and i needed a few days to adjust to the feel of candle lumen 400. i also miss having more physical room around some of the connections. those are minor inconveniences rather than daily obstacles. the advantage is that the newer machine feels less burdensome when i am working away from my main desk, and it has handled my usual mixture of writing, browsing, and calls without complaint. after several weeks of ownership, i have used it for quiet planning as well as busier meeting days. it has remained responsive for that kind of work, and the portable design has encouraged me to change location instead of staying at one workstation. candle lumen 400 is not aimed at demanding specialist tasks, so i would look elsewhere for that purpose. compared with my previous laptop, it offers a more convenient balance for documents and video meetings, with only a modest adjustment period.",True
CORD000586,CUS00406,2019-07-24,Bakers,"[{""product"":""Vela Halo 569"",""quantity"":1},{""product"":""Candle Quest 498"",""quantity"":1}]",1457.42,12.17,-37.791671,144.977819,5,1396.72,Winter,False,2.5481,"the candle lumen 544 has made long listening sessions at home noticeably easier than my previous wireless audio setup. i have used it during reading, cooking, and several evenings of uninterrupted music, and the sound remains pleasant at ordinary room volume. voices are distinct, instruments do not blur together, and i can move around the house without repeatedly reaching for the controls. the connection has stayed steady throughout the fifteen days i have owned it. compared with my older unit, the candle lumen 544 needs less attention once playback begins. pairing took little effort, and returning to a familiar device has been consistent rather than frustrating. i particularly notice the difference during longer sessions because the controls are simple enough to use without interrupting whatever i am doing. the housing feels solid, although the buttons are close together and i occasionally press the wrong one when the room is dark. i also tried using it in a shared room while someone else was reading nearby. the audio remained clear at a moderate level, and reducing the volume did not make speech disappear. it is not the most powerful choice for filling a large space, but that is not how i use it. for ordinary home listening, it gives a smoother experience than the equipment it replaced. the twelve-month warranty is a useful extra safeguard, and i would choose the candle lumen 544 again for relaxed, extended listening.",True
CORD000587,CUS00467,2019-08-04,Nickolson,"[{""product"":""Candle Orbit 1034"",""quantity"":1},{""product"":""Candle Flux 1098"",""quantity"":2},{""product"":""Candle Bloom 1054"",""quantity"":1}]",2624.25,13.83,-37.850272,145.001458,15,2244.44,Winter,False,4.5009,"candle shift 340 has been a convenient laptop for travel-based work and presentations. it is easy to carry between locations, opens quickly, and gives me enough room to prepare documents without feeling cramped. i have used it on trains, at temporary desks, and in meeting rooms, and it has remained responsive when moving between notes, presentation pages, and browsing. presentations are simple to start, and the screen is visible in ordinary indoor lighting. the keyboard is comfortable for shorter writing sessions, although i would choose a larger external keyboard for a full day of intensive typing. battery performance has covered my usual working periods when i begin with a charge. candle shift 340 has made it easier to work away from my main desk and has handled my travel routine with reassuring consistency.",True
CORD000588,CUS00258,2019-01-26,Bakers,"[{""product"":""Candle Quest 354"",""quantity"":1}]",402.78,8.46,-37.808989,145.002652,0,411.24,Summer,False,0.6614,"candle edge 194 has suited my long listening sessions at home better than the wireless headphones i used previously. i often listen while reading, doing paperwork, or preparing dinner, so comfort and an uninterrupted connection matter more to me than a dramatic presentation. these headphones have remained comfortable across several hours, and the controls are simple enough to use without stopping what i am doing. compared with my older pair, the fit creates fewer pressure points and the connection has been less prone to dropping when i move between rooms. music sounds balanced for everyday listening, while spoken programmes remain clear and easy to follow. the range works well within my usual living space, though thick walls and distance naturally reduce it. noise reduction is helpful for mild household sounds but does not make the room silent, which is a fair limitation for this type of product. pairing took a little attention at the start, then reconnecting became routine whenever i turned them on. i have also found the buttons easier to distinguish by touch than those on my previous headphones. they are not intended for professional monitoring, and i would look elsewhere for a highly specialised audio setup. for relaxing at home and listening through a long afternoon, candle edge 194 is a clear improvement. it has made audio less distracting to manage, feels comfortable for extended wear, and gives me a pleasant reason to leave the speakers off when other people are nearby.",True
CORD000589,CUS00251,2019-01-09,Bakers,"[{""product"":""Candle Flux 1098"",""quantity"":1}]",,10.37,-37.78154,145.009114,5,766.8,Summer,False,3.3911,"i compared candle edge 446 with recording game footage through software alone. the dedicated hardware made the capture arrangement easier to understand, and it freed the main gaming device from handling every part of the recording task. for occasional streaming and clips, that is a worthwhile change. the first setup was not instant, though, because i had to identify the right connection order and check that the computer recognised the incoming signal. after configuration, candle edge 446 produced usable footage for casual streams and short recordings. the picture and game audio stayed together in the sessions i tested, and starting a capture did not noticeably disrupt ordinary play. the workflow is less convenient when i change between several sources. each change can require checking the software again, and the small indicator is not enough to tell me at a glance whether every part of the chain is ready. compared with software-only recording, the hardware arrangement feels more controlled and leaves the gaming device with fewer extra tasks. compared with a more polished broadcast setup, it has fewer automatic checks and requires more attention from the operator. cable placement also matters in a crowded desk area; once the connections were organised, the setup was less awkward, but moving it around meant repeating some checks. candle edge 446 is a sensible middle option for someone learning game streaming or making occasional media captures. it is more capable than relying on a single computer, but less effortless than equipment aimed at frequent creators. i am satisfied with the basic result while remaining aware that its convenience depends on a stable, carefully arranged setup.",True
CORD000590,CUS00100,2019-06-29,Thompson,"[{""product"":""Vela Halo 569"",""quantity"":1}]",149.09,17.25,-37.872947,144.887038,10,151.43,Winter,False,8.5268,"i compared candle edge 878 with the older network unit it replaced, using it for video meetings, streaming, and ordinary household browsing. the most noticeable change is consistency. meetings no longer seem to suffer from the brief interruptions that used to make me repeat a sentence, and streaming has remained steady while another person is using the connection. it has not transformed every weak area of the house, but the main rooms now feel much less troublesome. setup involved moving through the connection instructions and placing the unit where it could serve both the work area and the living room. the process was manageable, and the indicator information helped me understand when it was ready. compared with the previous unit, candle edge 878 has required less daily attention. i have not had to restart it as part of my normal routine, which is a small but welcome improvement. during a video meeting, the connection stayed stable while a high-quality programme was playing elsewhere. i also tested it at different times of day, when the household was quieter and when several devices were active. performance was not identical in every corner, and a distant room still has weaker coverage, but the central areas are noticeably more dependable. the controls are clear enough for ordinary changes without making me search through unnecessary settings. candle edge 878 is a stronger match for my home than the older device because it supports work calls and media use with fewer interruptions. its reach is not perfect, yet the improvement in the rooms i use most is substantial. i am satisfied with the result and expect it to remain in service for a long time.",True
CORD000591,CUS00194,2019-12-20,Nickolson,"[{""product"":""Candle Bloom 262"",""quantity"":1},{""product"":""Candle Orbit 1034"",""quantity"":1},{""product"":""Candle Flux 1098"",""quantity"":1}]",2496.43,9.39,-37.832276,144.955108,5,2381,Summer,False,1.9808,"i installed candle flux 108 to improve wireless coverage around a home-office area that had been inconsistent with a single network point. compared with the previous arrangement, the connection reached the far desk more consistently during ordinary browsing and video meetings. that made the room more usable, especially when i moved between the main workspace and a nearby table during the day. the setup was not completely straightforward. i needed to spend time deciding where the unit should sit, and small changes in position affected the result. the network was functional once established, but i did not find the process especially intuitive when i wanted to review connected devices or alter the arrangement. someone comfortable with home networking will probably manage it, while a less experienced user may need more patience. in comparison with a basic router placed at one end of the house, candle flux 108 gave the office area a more even connection. it did not make every corner identical, and performance varied when several devices were active at once. calls generally stayed usable, but i still noticed occasional pauses during busier periods, so i would not describe the coverage as flawless. the device has been a moderate improvement rather than a complete answer. it reduced the dead spots that had interrupted work and made the office more dependable for routine tasks. at the same time, its management controls and placement requirements kept it from feeling effortless. candle flux 108 is worth comparing for a small home office, but expectations should remain realistic.",True
CORD000592,CUS00002,2019-09-06,Bakers,"[{""product"":""Candle Orbit 656"",""quantity"":1},{""product"":""Candle Quest 498"",""quantity"":1},{""product"":""Candle Bloom 1000"",""quantity"":1}]",5386.23,11.1,-37.853585,145.005518,10,4858.71,Spring,False,4.9303,"i have used candle vista 1046 for nineteen days while streaming games and recording media, comparing it with a simpler setup that required more manual changes. the newer arrangement feels more flexible during a live session. i can move from playing to checking the stream and then reviewing a captured clip without repeatedly stopping to rearrange the desk. controls are placed sensibly, and the response has stayed consistent through ordinary evening sessions. compared with the basic equipment, it is easier to keep an eye on what is being recorded while still concentrating on the game. i have also found the layout useful when sharing a short recording with friends, since the steps from capture to review are straightforward. there is a learning period: the number of available controls is greater than on a simple gaming unit, and i spent the first few sessions remembering which adjustment affected each part of the setup. once that became familiar, the extra flexibility proved worthwhile. the hardware takes up a noticeable amount of desk space, and the surface needs occasional cleaning after long use. those points may matter to someone with a very small gaming area. candle vista 1046 has nevertheless made streaming and media capture more organised for me. it has not produced unexplained interruptions, and the twenty-four-month warranty provides useful confidence for a device that is handled regularly. compared with my previous arrangement, it supports more activities without becoming unmanageable. for a player who wants occasional recording, the cost and space may be unnecessary, but for repeated streaming it has been a strong and satisfying upgrade.",True
CORD000593,CUS00263,2019-03-20,Nickolson,"[{""product"":""Candle Quest 354"",""quantity"":1},{""product"":""Candle Flux 1098"",""quantity"":2},{""product"":""Candle Edge 680"",""quantity"":1},{""product"":""Candle Bloom 1054"",""quantity"":1}]",4696.51,11.22,-37.866917,144.976243,10,4238.08,Autumn,False,5.4052,"vela wave 643 has given us a convenient way to show presentations and browse photos together. slides remain readable from several seats, and images look bright enough for ordinary family viewing. the device fits neatly on a narrow surface and responds quickly to basic controls. i found the menu structure slightly busy at first, especially when switching between sources, but it soon became familiar. it has performed steadily since setup and makes shared viewing more inviting than passing a phone around.",True
CORD000594,CUS00043,2019-06-04,Bakers,"[{""product"":""Vela Halo 659"",""quantity"":1},{""product"":""Candle Orbit 1034"",""quantity"":1},{""product"":""Vela Halo 569"",""quantity"":1}]",995.72,10.59,-37.816225,144.994204,0,1006.31,Winter,False,0.6985,"i have used vela atlas 251 as my everyday phone for several weeks, taking it through commuting, errands, navigation, and ordinary conversations. the transition from my previous device was uncomplicated, and the layout became familiar quickly. calls are clear, messages arrive promptly, and the screen is comfortable for checking maps while walking between appointments. it feels like a practical phone rather than something that needs constant attention. navigation has been the part i use most. i have relied on vela atlas 251 in unfamiliar areas, during public transport changes, and while looking for meeting locations. the display is easy to read at a glance, and the phone responds promptly when i switch between a map, a message, and a calendar reminder. i have also used the camera for quick reference pictures and documents. the results are suitable for everyday records, although i would use a dedicated camera for anything more demanding. battery performance has supported my routine well. a full day involving calls, messages, navigation, and some media usually leaves enough charge for the evening. heavy map use does reduce that margin, so i carry a charger on unusually long days. the phone has remained comfortable to hold, and the surface has resisted the small marks that come from being placed on desks and in pockets. vela atlas 251 has been reassuringly consistent. it handles communication without fuss, keeps navigation available when i need it, and gives me a pleasant screen for reading and occasional media. the limitations are ordinary for a phone in this class, but none has interfered with my daily use. i am happy with how well it has supported the practical movement of my week.",True
CORD000595,CUS00119,2019-07-04,Thompson,"[{""product"":""Candle Bloom 1054"",""quantity"":1},{""product"":""Candle Quest 354"",""quantity"":1},{""product"":""Candle Flux 1098"",""quantity"":1}]",1648.87,16.34,-37.776895,144.8753,25,1252.99,Winter,False,7.4562,"i bought vela halo 659 after using a fixed stand that placed my phone at one angle and left little room to adjust it for different tasks. that old stand was serviceable for short viewing, but it became awkward when i wanted to join a call, read a recipe, or keep a device visible while working. vela halo 659 gives me more control over the position, so i can move the screen closer, change the angle, and keep it at a height that suits the activity. the base has stayed steady on my desk during normal use. compared with the fixed stand, vela halo 659 is more versatile without needing to be rebuilt each time. i have used it for video calls, reading, charging, and following instructions while cooking, and the adjustment range has been genuinely useful. the device remains easy to reach, while the stand keeps the desk less cluttered than laying the phone flat among other items. the hinges were slightly firm at first, but that has helped the position stay in place rather than drifting during use. it is not the smallest accessory in my workspace, and very frequent angle changes require two hands if i want to keep the base completely still. those are minor limitations compared with the convenience of having a stable, adjustable position. after several weeks, vela halo 659 has proved more practical than my old fixed stand and has made everyday device positioning easier across several different situations.",True
CORD000596,CUS00178,2019-04-06,Thompson,"[{""product"":""Vela Halo 569"",""quantity"":2}]",298.18,10.21,-37.808695,144.900515,5,293.48,Autumn,False,4.1136,"candle edge 482 has settled into our household as a shared screen for reading practice, recipes, and casual browsing. the display is comfortable for a child to use at the table, while the size still makes it practical for an adult to carry around. switching between family members is uncomplicated, and pages load promptly during ordinary use. we have also used it for looking up school material without needing to move to a larger computer. the casing does show fingerprints after hands-on use, so i wipe it occasionally, but that is a minor upkeep issue. it has proved flexible enough for several different routines.",True
CORD000597,CUS00496,2019-11-10,Thompson,"[{""product"":""Candle Edge 680"",""quantity"":1},{""product"":""Candle Orbit 656"",""quantity"":1}]",4513.46,8.25,-37.819876,144.939812,15,3844.69,Spring,False,1.0237,"i compared the vela echo 295 with the manual routine i had been using for the blinds and curtains. the manual approach worked, but it was easy to leave one room unfinished when mornings were rushed. once the schedules were arranged, the device handled the opening and closing routine with very little attention from me. the change is most noticeable at the edges of the day, when the rooms look ready without my walking through the house to adjust every blind. it has made the home feel more orderly without requiring a complicated daily ritual. the vela echo 295 is straightforward to operate, and i could alter a routine when my household plans changed. compared with a simple timer, the controls gave me a better sense of which blind or curtain action was being changed, so i felt more in control of the result. i also liked that the mechanism did not become the focus of the room; after installation, the useful part is simply the repeated routine happening in the background. the first setup took some patience, and the schedules are not something i would want to rebuild frequently. it also cannot decide what the room needs on an unusual day, so i still make occasional manual adjustments. compared with leaving everything to memory, however, the vela echo 295 saves small amounts of effort and gives the rooms a consistent rhythm. the 12-month warranty is welcome, and i would choose it for dependable automated blind and curtain routines rather than for elaborate home control.",
CORD000598,CUS00419,2019-10-06,Nickolson,"[{""product"":""Candle Bloom 1054"",""quantity"":1},{""product"":""Candle Flux 990"",""quantity"":1},{""product"":""Candle Orbit 1034"",""quantity"":1}]",3126.22,12.69,-37.880087,144.94712,10,2826.29,Spring,False,7.1156,"candle flux 1062 has been used around the house for watching media, joining video calls, and checking documents away from my desk. its light weight makes it easy to carry, and the screen is comfortable for ordinary viewing when held at a sensible angle. streaming starts quickly, with clear dialogue and enough brightness for indoor use. video calls are more variable: the image is acceptable in good lighting, but the microphone picks up room echo and voices can sound distant. battery life has covered several viewing sessions, although calls and high screen brightness reduce it noticeably. the speakers are sufficient for speech but lack fullness for music and films. candle flux 1062 is a convenient portable tablet for casual media and occasional calls, but the uneven microphone performance and modest speakers mean it works best as a secondary everyday device.",True
CORD000599,CUS00421,2019-08-11,Nickolson,"[{""product"":""Candle Quest 354"",""quantity"":1},{""product"":""Candle Edge 680"",""quantity"":2},{""product"":""Candle Orbit 656"",""quantity"":1},{""product"":""Vela Halo 569"",""quantity"":1}]",7316.73,28.53,-37.874163,144.992875,10,6613.59,Winter,True,6.5094,"after owning candle lumen 598 for two years, i have found it a practical way to extend coverage between the study and the living room. setup took a little patience because i had to try two positions before finding one that reached the main router and the far room properly, but the indicator and the instructions made the process understandable. once placed, phones, a laptop and a television have stayed connected without the repeated dropouts i had before. streaming in the back room is now smooth, and ordinary browsing remains responsive even when several people are using the network. the unit has also remained quiet and cool during long periods of use. it is not the smallest networking device, and the status light is brighter than i would choose for a bedroom, yet those are minor complaints. candle lumen 598 has made coverage more consistent and has continued to do its job reliably, so i am pleased with the purchase.",True
CORD000600,CUS00357,2019-10-13,Bakers,"[{""product"":""Candle Quest 498"",""quantity"":1},{""product"":""Candle Edge 680"",""quantity"":1},{""product"":""Candle Flux 1098"",""quantity"":1},{""product"":""Vela Halo 569"",""quantity"":1},{""product"":""Candle Orbit 1034"",""quantity"":1}]",5086.98,12.98,-37.743314,144.982042,20,4082.56,Spring,False,7.5048,"vela wave 985 has reduced the amount of checking i do around doors and windows. compared with relying on memory or making a physical round of the house, the alerts give me a more convenient way to notice activity when i am occupied elsewhere. the system is most useful as a prompt for attention, rather than as a replacement for ordinary judgement. i compared vela wave 985 with a simpler manual routine over several weeks. once the sensors were positioned carefully, the notifications arrived in a way that fit our household habits. i can tell when a door has been opened during a busy part of the day, and the window alerts provide useful awareness when everyone is moving between rooms. the controls are understandable for normal changes, and the device has not required daily maintenance. there was some adjustment at the beginning. placement matters, and an alert can become annoying if the sensitivity or routine is not suited to the room. i spent time refining the setup so that ordinary household movement did not create unnecessary interruptions. compared with a more elaborate home system, vela wave 985 is less intimidating and easier to keep focused on one purpose. compared with having no notification at all, it adds worthwhile awareness. the main limitation is that it depends on sensible installation and a charged, connected system. with those basics handled, it has become a quiet but useful part of our home routine.",True
CORD000601,CUS00222,2019-01-18,Bakers,"[{""product"":""Vela Halo 659"",""quantity"":1},{""product"":""Candle Bloom 1000"",""quantity"":1},{""product"":""Candle Quest 354"",""quantity"":1}]",2483.33,12.69,-37.86442,145.027994,0,2496.02,Summer,False,6.7008,"i placed vela pulse 1099 beside a shared workspace where several people use devices during the day. compared with holding a phone or leaning it against a notebook, the accessory kept the screen visible and left both hands free for typing, writing, or handling papers. it was particularly useful during short calls and while following instructions on the device rather than repeatedly picking it up. the advantage was less pronounced when the desk became crowded. cables, notebooks, and another person moving the equipment occasionally forced me to reposition it. the support itself continued to do the basic job, but its usefulness depended on having a clear patch of desk. it also took a little adjustment to find a viewing angle that worked for both seated and standing users. in comparison with a fixed office mount, vela pulse 1099 is easier to move between positions and does not commit the shared desk to one arrangement. compared with simply laying a phone flat, it offers much better visibility. the trade-off is that it feels less settled when different users adjust it repeatedly, and i would not treat it as a permanent solution for a busy communal station. after regular use, i regarded it as a modest convenience rather than an essential upgrade. it reduced hand strain during short tasks and made shared viewing more natural, but it did not eliminate all desk clutter or adjustment. vela pulse 1099 makes sense for flexible support, while a more fixed alternative may suit a workspace with one consistent setup.",True
CORD000602,CUS00018,2019-05-17,Bakers,"[{""product"":""Candle Edge 680"",""quantity"":1},{""product"":""Vela Halo 659"",""quantity"":1},{""product"":""Vela Halo 569"",""quantity"":1}]",2665.2,15.93,-37.868361,145.040422,10,2414.61,Autumn,False,7.607,"vela atlas 683 was used for casual living-room games, but input lag made ordinary play awkward. the picture also froze briefly during busier moments, and sound sometimes continued after the image stopped. restarting the display cleared the issue only for a short time. it shows a picture and accepts input, but the repeated delays are frustrating and make the unit unreliable. i regret buying it.",False
CORD000603,CUS00497,2019-07-19,Thompson,"[{""product"":""Candle Flux 990"",""quantity"":1},{""product"":""Vela Halo 569"",""quantity"":1},{""product"":""Vela Halo 659"",""quantity"":2}]",2772.96,15.76,-37.762497,144.903198,10,2511.42,Winter,False,6.7817,"i compared candle arc 564 with a wired pair i had used at my desk for focused work. the older headphones sounded acceptable, but the cable caught on the chair and made it inconvenient to move between the desk and a nearby shelf. candle arc 564 removes that nuisance and has made background music easier to fit into my working routine. pairing was uncomplicated, and reconnecting during later sessions did not require repeated effort. for instrumental music, podcasts, and ordinary playlists, the sound is balanced enough to listen for several hours. i can keep working without constantly reaching for the controls, and the wireless connection has remained steady around my desk. compared with a small speaker, the headphones also keep the sound contained when other people are working nearby. candle arc 564 feels lighter and less restrictive than the older arrangement, even though i still notice the ear cups after a long uninterrupted session. this is not the choice i would make for someone seeking a dramatic listening-room experience, and the wireless design means remembering to charge it. those limitations are easy to plan around in my use. the main benefit is the reduced clutter and the freedom to stand up without removing the music. after comparing both options over time, i prefer candle arc 564 for focused desk work because it delivers dependable everyday audio without the cable getting in the way.",True
CORD000604,CUS00153,2019-10-09,Thompson,"[{""product"":""Candle Orbit 1034"",""quantity"":1},{""product"":""Vela Halo 569"",""quantity"":1},{""product"":""Candle Quest 354"",""quantity"":1},{""product"":""Candle Orbit 656"",""quantity"":2}]",5657.91,26.58,-37.884287,144.91935,0,5684.49,Spring,True,8.3267,"vela core 579 was bought to keep charging cables organised, but the arrangement becomes messy again after short use. the channels are narrow, so thicker cables sit partly outside and slip loose when the desk is bumped. smaller cables remain in place briefly, then pull free when i remove another lead nearby. the adhesive base also began lifting at one corner, leaving the organiser tilted and difficult to use. it holds a cable when everything is positioned carefully, but that basic function is not enough for a busy charging area. the compact shape does not compensate for the weak grip and poor fit across different cables. vela core 579 has made cable changes more awkward and created another item to adjust. the design is frustrating, unreliable, and not worth recommending.",False
CORD000605,CUS00164,2019-11-21,Thompson,"[{""product"":""Candle Orbit 1034"",""quantity"":2},{""product"":""Candle Edge 680"",""quantity"":1},{""product"":""Candle Quest 498"",""quantity"":1}]",4723.57,9.63,-37.786629,144.951525,5,4497.02,Spring,False,,"the vela pulse 973 has become the screen our family gathers around when we want to stream a film, watch a short programme, or share something from a phone. before using it, everyone tended to view separate screens, but the larger shared display has made evenings feel more social. starting a stream is straightforward, and the controls are simple enough that different members of the household can use them without asking for help. the picture is bright and pleasant for both animated material and ordinary programmes, while dialogue remains easy to follow at a moderate volume. i have also appreciated the way the display handles quick changes between content. moving from a family film to a short clip or a shared photograph does not turn into a long pause while menus reload. the vela pulse 973 has worked reliably during ordinary evenings, and the connection has remained stable while other devices are being used in the home. its stand feels secure on our cabinet, and the design is tidy rather than visually heavy. reflections are noticeable if the room is very bright, so we usually position it away from direct sunlight. the sound is suitable for casual viewing, though anyone looking for a richer cinema effect may want separate speakers. that is a reasonable boundary for an all-purpose display. setup took only a short period of learning, and since then the controls have become familiar to everyone. what i value most is the shared experience: children can show a favourite scene, adults can choose a programme, and photographs can be discussed together instead of passed from hand to hand. the vela pulse 973 has made home streaming more welcoming and has earned a central place in our evening routine.",True
CORD000606,CUS00095,2019-06-12,Thompson,"[{""product"":""Vela Halo 569"",""quantity"":1},{""product"":""Candle Flux 990"",""quantity"":1}]",2243.54,13.45,-37.821091,144.902119,15,1920.46,Winter,False,4.0579,"vela halo 767 has been useful for walking reminders and checking notifications during my commute. the display is readable at a glance, and alerts arrive without requiring me to take out my phone. it is light enough for all-day wear and the strap has remained comfortable. charging takes a little more fiddling than expected, but it is not frequent. for basic everyday prompts, it has performed reliably.",True
CORD000607,CUS00158,2019-01-12,Thompson,"[{""product"":""Candle Orbit 1034"",""quantity"":1},{""product"":""Candle Quest 498"",""quantity"":2}]",3198.58,22.88,-37.751218,144.962688,0,3221.46,Summer,True,6.97,"candle shift 376 has made team gaming more enjoyable for me. voice communication is clear enough to catch short instructions during competitive matches, and the controls respond naturally while i play. i have used it for longer sessions without major discomfort, though the fit needs a small adjustment when i change posture. background sounds can still come through in a lively room. even so, it delivers a smooth and dependable experience for playing with friends.",True
CORD000608,CUS00230,2019-06-18,Bakers,"[{""product"":""Vela Halo 569"",""quantity"":1},{""product"":""Candle Edge 680"",""quantity"":1},{""product"":""Candle Orbit 1034"",""quantity"":1},{""product"":""Candle Orbit 656"",""quantity"":1}]",5244.47,24.06,-37.809586,144.981047,15,4481.86,Winter,True,1.247,"candle lumen 112 has spent the past month moving between the kitchen table, sofa, and a small desk where i take video calls. its portable size suits that routine, and i can pick it up when i want to watch something without planning around a fixed screen. initial setup was straightforward, although i had to repeat a couple of settings before everything matched the way i use it. for media, the tablet has been dependable enough for ordinary viewing. i have watched programmes, read articles, and used it for short clips without major interruptions. the display is serviceable in most indoor lighting, but reflections become distracting near a bright window. sound is acceptable for speech, though i usually choose headphones for anything where atmosphere matters. these are manageable compromises, but they keep the experience from feeling especially polished. video calls have been more variable. the camera handles simple family conversations, and the microphone picks up voices from a reasonable distance. in a busier room, however, background noise becomes noticeable and i sometimes need to repeat myself. the tablet remains usable for informal calls, yet i would hesitate to make it my only device for important meetings. its portability is the feature i rely on most. after thirty days, candle lumen 112 feels like a competent household tablet rather than an essential one. it handles portable media and casual calls with little drama, while glare, audio quality, and noisy conversations expose its limits. i am content to keep it, but my expectations are deliberately modest.",True
CORD000609,CUS00366,2019-12-08,Bakers,"[{""product"":""Candle Orbit 1034"",""quantity"":1},{""product"":""Candle Orbit 656"",""quantity"":1},{""product"":""Candle Bloom 1054"",""quantity"":2},{""product"":""Vela Halo 659"",""quantity"":1}]",4008.39,11.74,-37.842344,145.040296,15,3418.87,Summer,False,5.3482,"vela pulse 451 has handled my daily calls, messages, maps, and occasional media without a serious problem. the interface is familiar, and the screen remains readable during outdoor navigation. location guidance usually updates promptly, though it can hesitate briefly after leaving a building. streaming works well on a strong connection, while heavier use makes the phone warm and reduces the remaining battery more quickly. the camera is suitable for quick snapshots, but i would not choose it for careful photography because detail softens in lower light. the body feels comfortable in one hand, although the smooth finish is easier to drop than i would like. vela pulse 451 is a balanced everyday phone: communication is dependable, navigation is useful, and media is acceptable. its ordinary camera and variable endurance stop it from feeling especially distinctive.",True
CORD000610,CUS00102,2019-08-09,Bakers,"[{""product"":""Candle Orbit 1034"",""quantity"":1}]",581.92,12.92,-37.803145,145.033424,10,536.65,Winter,False,3.4407,"candle bloom 280 has been shared between two people for administration, email, research, and ordinary home-office work. our previous laptop handled those tasks, but it felt slow whenever several browser pages and documents were open. this model has made that routine less interrupted. switching between a form, a spreadsheet, and reference pages feels more fluid, and i have not had to close work simply to make room for the next task. the keyboard was comfortable from the first long session, and the screen is suitable for reading without making every document feel cramped. my partner and i have different preferences for brightness and arrangement, yet both of us adjusted quickly. compared with the older laptop, candle bloom 280 also feels easier to carry from a desk to the kitchen table. it is light enough for that movement while still feeling solid when opened. the hinge has not developed any looseness during our use. i have used it for household forms, online research, note taking, and video meetings. calls have been clear, and the laptop has remained responsive while i keep notes nearby. battery performance has suited our normal working periods, although long sessions away from a power source still require planning. it is not intended for demanding creative software or intensive games, and i have not judged it on those tasks. for a shared home-office computer, candle bloom 280 is a noticeable improvement over our old machine: quicker in everyday work, comfortable to handle, and dependable enough that neither of us minds using it.",True
CORD000611,CUS00288,2019-05-31,Thompson,"[{""product"":""Candle Flux 990"",""quantity"":1},{""product"":""Vela Halo 659"",""quantity"":1},{""product"":""Candle Quest 498"",""quantity"":1},{""product"":""Candle Bloom 1054"",""quantity"":1},{""product"":""Candle Orbit 656"",""quantity"":1}]",6379.4,19.96,-37.82237,144.921292,0,6399.36,Autumn,True,2.5079,"the vela core 669 has been useful during train trips and weekends away because it keeps my phone and small accessories together instead of loose in a bag. the interior has enough room for the handset, a cable, and a compact charger without becoming bulky. the outer material has handled being placed beside books and clothing, and the fastening has stayed secure whenever i have carried it. i like the simple layout because i can find the phone quickly rather than emptying a whole pocket. it is not large enough for several substantial accessories, so anyone wanting to store a tablet or multiple chargers should choose something bigger. for my intended travel use, that is a fair trade-off. the vela core 669 has protected the items inside, remained easy to carry, and made packing noticeably more organised.",True
CORD000612,CUS00245,2019-01-12,Nickolson,"[{""product"":""Candle Flux 990"",""quantity"":1},{""product"":""Candle Orbit 1034"",""quantity"":1}]",2676.37,11.28,-37.852682,145.000853,0,2687.65,Summer,False,4.6822,"vela spark 621 has been part of my workday for 37 days and handles calls and calendar management smoothly. meetings connect promptly, voices stay clear, and checking an appointment while speaking is uncomplicated. the phone feels comfortable to carry between rooms and has remained responsive for routine tasks. its finish is somewhat prone to fingerprints, but that is easy to overlook. this smartphone has made busy workdays feel more manageable and organised.",True
CORD000613,CUS00382,2019-08-17,Nickolson,"[{""product"":""Candle Flux 990"",""quantity"":1},{""product"":""Candle Quest 498"",""quantity"":1},{""product"":""Vela Halo 569"",""quantity"":1},{""product"":""Candle Orbit 1034"",""quantity"":3}]",5297.63,18.85,-37.869801,144.973942,0,5316.48,Winter,False,5.7069,"the candle shift 970 has made creative work unnecessarily difficult during the six weeks i have owned it. i purchased this ultrabook for media editing and small design projects, yet the system becomes sluggish during ordinary editing sessions and the fan noise quickly turns distracting. opening several work files at once leads to pauses, and returning from sleep has occasionally produced a blank screen that required a forced restart. the keyboard feels cramped for extended typing, with an awkward response on several keys, while the trackpad sometimes ignores a short movement. battery life also falls sharply during editing, leaving me searching for an outlet instead of finishing a task. the finish has collected scratches from normal travel in a sleeve. candle's support process consisted of generic steps and no explanation for the repeated display problem. the candle shift 970 is a disappointing work machine that i regret buying.",False
CORD000614,CUS00073,2019-09-19,Thompson,"[{""product"":""Candle Flux 990"",""quantity"":1},{""product"":""Candle Flux 1098"",""quantity"":1}]",2890.69,22.04,-37.780791,144.898662,10,2623.66,Spring,True,5.537,"vela atlas 971 has fitted my workday well, particularly for calls, messages, and calendar management. voice conversations remain clear, notifications arrive without much delay, and the calendar is easy to check while i am moving between tasks. the screen is comfortable for reading short documents, and the phone has remained responsive after regular daily use. i have also relied on it when joining meetings away from my desk. switching between the calendar, messages, and call controls is uncomplicated, so i spend less time searching through menus. the body feels solid, although its size makes one-handed operation slightly awkward. the camera is useful for ordinary snapshots but is not the reason i chose it. vela atlas 971 has been dependable for communication and planning, and the small ergonomic compromise has not outweighed its practical strengths.",True
CORD000615,CUS00480,2019-07-26,Bakers,"[{""product"":""Candle Orbit 1034"",""quantity"":1},{""product"":""Candle Edge 680"",""quantity"":1},{""product"":""Candle Flux 1098"",""quantity"":1}]",3629.56,15.57,-37.753062,145.014718,15,3100.7,Winter,False,6.5583,"the candle arc 546 became the centre of my small streaming setup, and the change was immediately noticeable. i use it for game sessions, commentary, and occasional media capture rather than treating it as a general living-room computer. once i had arranged the cables and signed into the services i use, the whole setup felt straightforward and stayed consistent through repeated sessions. during the first few evenings i tested short recordings, then moved on to longer streams with a camera and microphone connected at the same time. the candle arc 546 handled the capture work without the stuttering interruptions i had encountered with an older arrangement. my voice remained in step with the picture, and i could monitor the stream while playing without constantly watching for signs that something had stopped. that made it easier to concentrate on the game and talk naturally instead of narrating every technical adjustment. the case is not especially small, so i keep it permanently on a desk rather than moving it around. that is fine for my use, and the solid weight actually helps keep the setup from shifting when i reach for the controls. the fan becomes audible during a demanding session, but it has not become an irritating distraction once the game audio is running. captured files have been easy to locate, and simple trimming afterward has not caused trouble. i did spend time getting the audio levels balanced, since the default mix left my microphone quieter than expected. after that initial tuning, the results were much more even. the included warranty is another welcome safeguard for hardware that gets regular use. the candle arc 546 is not a silent or miniature device, yet it performs the central job well and gives my streams a stable foundation. for someone who wants dependable game streaming and media capture without a pile of separate boxes, it has been a rewarding purchase.",True
CORD000616,CUS00437,2019-01-08,Bakers,"[{""product"":""Candle Quest 354"",""quantity"":1}]",402.78,14.65,-37.879194,145.058693,0,,Summer,False,9.5003,"i wanted vela ridge 1067 mainly for walking and commute notifications, not for a complicated training programme. during the first week i wore it on short walks, then on the longer route to work. the display was easy to check with a quick glance, and the movement reminders encouraged me to stand up during stretches of desk work without interrupting what i was doing. i liked that the device provided information quietly instead of turning every notification into an event. my routine became more consistent after i began using it on the commute. vela ridge 1067 showed incoming messages clearly enough for me to decide whether a reply could wait, and the vibration was noticeable without being startling. on a rainy morning i kept the walk brisk and later checked the activity summary, which gave me a useful picture of how much i had moved. i also wore it while running errands and found the light weight less distracting than i expected. the band has remained comfortable through ordinary daily wear. there are boundaries to what i ask from it. i still reach for my phone when i need to read a long message, and the small display is not suited to detailed interaction. the first few days involved adjusting the notification choices because i had enabled more alerts than i wanted. once i reduced them, vela ridge 1067 became much calmer. the battery has covered my usual routine, although i now charge it on a regular evening so i do not forget. after forty-eight days, vela ridge 1067 has delivered exactly the kind of support i wanted. it makes walking progress visible, keeps commute notifications manageable, and encourages movement without becoming another demanding screen. the limited display is reasonable for its size, and the overall experience has been thoroughly positive.",True
CORD000617,CUS00128,2019-01-05,Bakers,"[{""product"":""Candle Quest 498"",""quantity"":1},{""product"":""Candle Orbit 656"",""quantity"":1},{""product"":""Candle Bloom 262"",""quantity"":1}]",4688.66,12.86,-37.783928,145.028013,20,3763.79,Summer,False,4.0863,"candle vista 902 was intended for reading and handwritten annotation, but note taking became frustrating. the pen skipped strokes, and marks sometimes appeared after a noticeable delay. long documents also loaded slowly, making it awkward to move between sections while studying. text can be read, but the screen becomes difficult to follow once several annotations are present. after regular use, the weak writing response made me stop using it for serious work.",
CORD000618,CUS00311,2019-01-03,Bakers,"[{""product"":""Vela Halo 659"",""quantity"":1},{""product"":""Candle Edge 680"",""quantity"":1},{""product"":""Candle Quest 498"",""quantity"":3},{""product"":""Candle Bloom 1054"",""quantity"":2},{""product"":""Candle Orbit 1034"",""quantity"":1}]",7922.72,21.64,-37.76534,145.012608,25,5963.68,Summer,True,5.195,"candle orbit 746 has made game streaming and media capture more approachable for me. the initial setup involved connecting the gaming equipment, selecting the desired capture source, and checking the audio, but the process was clearly laid out. once configured, starting a session is quick enough that i can focus on the game rather than the equipment. video capture has remained consistent during ordinary play, and the controls make it easy to begin or stop recording. i have tested it with longer sessions and found the casing stayed cool enough on the desk, although the surrounding cables can become untidy if i do not plan their placement. the interface offers more options than a casual user may need, but the main path is not difficult to follow. the recorded material is suitable for sharing clips and reviewing my own play. candle orbit 746 has given me a reliable bridge between playing and creating media without forcing me into a complicated workflow. it has a few setup details to learn, yet the overall experience has been rewarding and well suited to home use.",True
CORD000619,CUS00279,2019-08-07,Thompson,"[{""product"":""Candle Flux 1098"",""quantity"":2},{""product"":""Candle Orbit 1034"",""quantity"":2}]",2756.32,13.62,-37.7755,144.935196,20,2218.68,Winter,False,4.2631,"candle arc 852 has been particularly useful for reading articles, marking passages, and keeping handwritten notes in one place. the screen is comfortable for extended reading, and writing feels responsive enough that my notes do not trail noticeably behind the pen. i can move from a document to an annotation without losing my place, which is helpful during study sessions. the body is easy to hold for a while, although it becomes more comfortable when resting on a desk or cushion. i needed a little practice with the palm rejection and the available note tools, but that was a brief adjustment. files have remained organised and easy to revisit after several days. battery life has covered my ordinary study blocks without anxiety. candle arc 852 has replaced much of my loose paper and has made reading and annotation feel pleasantly connected.",True
CORD000620,CUS00354,2019-06-30,Thompson,"[{""product"":""Candle Orbit 1034"",""quantity"":1},{""product"":""Candle Edge 680"",""quantity"":1}]",2833.32,29.04,-37.86546,144.901429,0,2862.36,Winter,True,7.1074,"i started wearing vela halo 587 because i wanted calendar reminders and quick message checks without constantly picking up my phone. after several weeks, the habit feels natural. a short vibration during a meeting, while cooking, or on a walk tells me that something needs attention, and i can decide whether to respond immediately or wait. that has reduced the number of times i interrupt a task just to check the phone. the calendar alerts have been particularly useful. i can see the reminder at a glance and keep moving, which is helpful when my hands are occupied. messages are best for brief checks rather than long conversations, but that matches the reason i bought it. the display is readable in ordinary indoor light, and i have not found the device cumbersome during daily wear. i have worn vela halo 587 through workdays, errands, and quiet weekends. the strap has remained comfortable, and the watch has not felt out of place with casual clothing. i sometimes forget that it is there until an alert arrives, which i consider a success for this kind of accessory. its appearance is restrained rather than flashy, so it has suited different settings. the screen is small, and reading anything lengthy still means reaching for the phone. one alert also arrived later than expected during the first week, although i have not noticed a repeat. for quick calendar reminders and message previews, vela halo 587 has been a genuinely useful addition to my routine. i am happy with how unobtrusively it performs its job.",True
CORD000621,CUS00142,2019-07-14,Bakers,"[{""product"":""Candle Quest 354"",""quantity"":1},{""product"":""Candle Bloom 1000"",""quantity"":1}]",2218.62,17.77,-37.770447,145.001888,15,,Winter,False,4.4364,"vela pulse 937 was intended to keep calendar alerts and quick message checks visible without taking my phone out during work. the early setup was more troublesome than expected. pairing failed twice, and the instructions gave little help beyond telling me to retry. after it finally connected, the wearable worked for a short period before losing contact with the phone. reconnecting required opening several screens, which made the supposed convenience feel like extra work. calendar alerts were the main reason i chose it, yet they were inconsistent. some reminders appeared after the event had started, while others did not appear until i checked the phone manually. the vibration was easy to miss in a coat sleeve, and there was no dependable indication that an alert had been delivered. message previews were also limited. longer messages were cut off, and tapping to reveal more text sometimes opened a blank panel. i found myself checking the phone anyway, so the wearable did not remove the interruption it was meant to reduce. the clock remained visible and the strap stayed attached during ordinary movement, but those basic results were not enough. the screen was difficult to read outdoors, and the touch response became less predictable after the battery had been low. after weeks of ownership, vela pulse 937 spent more time in a drawer because its notifications could not be trusted. the repeated connection failures, late reminders, incomplete previews, and awkward display made it a disappointing purchase. i cannot recommend it to anyone who needs timely alerts.",False
CORD000622,CUS00444,2019-10-20,Bakers,"[{""product"":""Candle Bloom 1000"",""quantity"":3},{""product"":""Candle Bloom 262"",""quantity"":1},{""product"":""Candle Flux 1098"",""quantity"":1},{""product"":""Candle Orbit 656"",""quantity"":1}]",9624.09,10.64,-37.843367,145.01986,20,7709.91,Spring,False,4.2951,"before using vela atlas 305, i relied on ordinary wall switches and occasionally left lights on because i was already comfortable in another room. the comparison is not dramatic in a technical sense, but app-controlled lighting has become genuinely convenient. i can adjust the room before walking in, turn lights off after settling into bed, and change the setting without crossing a dark room. the household adapted quickly because the physical switches still make sense to anyone who does not want to use the app. i have used vela atlas 305 in the main living area and near a desk where the lighting needs change throughout the day. compared with the old routine, it gives me more control over small moments: softer light while reading, brighter light when cleaning, and a quick change when someone starts a video call. the app responds promptly in normal use, and the controls are simple enough that other people in the home learned them without much instruction. it has also made it easier to check whether a light was left on. the benefit depends on keeping the app and network connection available, and i still use the wall switch when i want the fastest possible action. the interface could offer more visual guidance for new users. even with that small learning curve, vela atlas 305 is more adaptable than fixed switching. it has turned lighting from a forgettable background task into something i can adjust to the room and the activity.",True
CORD000623,CUS00011,2019-07-28,Bakers,"[{""product"":""Candle Edge 680"",""quantity"":1}]",2251.4,29.86,-37.779946,144.999389,0,2281.26,Winter,True,3.3613,"i compared candle bloom 406 with the gaming hardware already on my desk because i wanted something suitable for long desktop sessions. the first impression was not promising: the controls feel stiff and the layout takes time to learn. in a short session that is merely awkward, but after several hours it becomes tiring. i have to shift my hand repeatedly to reach secondary controls, while the older device keeps the common functions closer together. performance is inconsistent during demanding games. input sometimes arrives late after a busy scene, and a control has failed to register often enough to affect play. the device does not stop working completely, so basic commands remain possible, but that is a poor standard for hardware used in precise situations. i have checked connections and changed settings without finding a lasting explanation. compared with the other unit, candle bloom 406 feels less predictable exactly when responsiveness matters most. the construction adds to the frustration. the casing moves slightly on the desk, the cable catches against the edge, and the surface shows marks quickly. heat builds around the area where my hand rests, which makes long use unpleasant. i kept trying different positions because i wanted to give the device a fair comparison, but none removed the central problems. candle bloom 406 is functional in the narrowest sense, yet its delayed input, awkward reach, and uncomfortable build make it a weak choice for serious sessions. i regret buying it and cannot recommend it.",False
CORD000624,CUS00232,2019-08-28,Thompson,"[{""product"":""Candle Edge 680"",""quantity"":1},{""product"":""Candle Flux 990"",""quantity"":1},{""product"":""Candle Orbit 1034"",""quantity"":2}]",5509.69,12.32,-37.788596,144.953383,15,4695.56,Winter,False,2.7341,"i have used vela ridge 905 for several weeks to manage the lamps in a shared living room, and my impression is mixed. the initial setup was fairly straightforward: i connected the unit, assigned the room, and created separate routines for morning and evening. once configured, switching the lights from the app is responsive enough for ordinary use, and the scheduled changes usually happen when expected. being able to adjust the room without getting up is convenient when i am already settled at my desk or watching something. compared with using the wall switches, the app offers more flexibility, especially when i want several lights to change together. the routine editor is also more capable than i expected, although some settings are tucked away and take a little searching. a guest who had not used it before needed an explanation, so i would not describe the controls as completely obvious. the app occasionally takes a moment to refresh the current state, which makes me check twice before pressing a second command. after longer ownership, the main limitation has been consistency between devices. one lamp sometimes remains unchanged until i repeat the command, particularly after the phone has been idle. this has not stopped me using the system, but it prevents it from feeling entirely dependable. the hardware itself has remained in place without trouble, and the warranty gives some reassurance. compared with a basic timer, vela ridge 905 provides more control; compared with a simple switch, it introduces another layer to manage. it is a capable middle ground, though i would prefer faster status updates and more predictable response.",True
CORD000625,CUS00192,2019-03-06,Thompson,"[{""product"":""Candle Bloom 262"",""quantity"":1},{""product"":""Candle Flux 990"",""quantity"":2},{""product"":""Vela Halo 659"",""quantity"":1},{""product"":""Candle Bloom 1000"",""quantity"":1},{""product"":""Candle Orbit 656"",""quantity"":1}]",9649.78,20.86,-37.789591,144.917189,15,8223.17,Autumn,True,3.6714,"after several weeks of carrying the vela spark 369 on train trips and short flights, i see it as a sensible middle ground between a bare pouch and a bulky hard case. the shape is compact enough to slide into a crowded day bag, while the padded sides give a phone, charger, and a few small cables more protection than a thin fabric sleeve. the inside is organised rather than cavernous: the main section holds my phone with room around it, and the small inner pocket keeps loose adapters from rubbing against the screen. a larger travel organiser can swallow more equipment, but it also takes up noticeably more space. the vela spark 369 has been steadier than a soft drawstring bag when my luggage is moved around. the zip has not caught, and the outer material has dealt with light knocks and the occasional damp bench without making the contents feel exposed. i prefer its shape to a floppy case because it stays open while i am packing, although the firm edges make it less willing to squeeze into a very full pocket. there is not much room once i add a power bank and several thick cables, so anyone carrying a large collection of accessories may find the capacity limiting. for everyday travel, the balance is fairly even. a softer sleeve is lighter and easier to compress, whereas this case offers better separation and a more reassuring barrier around fragile items. the compartments are useful, but they do not replace a full equipment organiser. i would choose the vela spark 369 for a small, regularly used kit and for trips where protection matters more than maximum capacity. it is not the most spacious option, yet its tidy layout and durable-feeling construction make it a practical compromise.",True
CORD000626,CUS00227,2019-02-24,Bakers,"[{""product"":""Vela Halo 569"",""quantity"":1},{""product"":""Candle Orbit 656"",""quantity"":1}]",2411.15,11.22,-37.820988,145.045655,0,2422.37,Summer,False,4.5948,"i bought vela ridge 347 because my previous reminder method was a collection of phone alarms that i often dismissed without thinking. after using it for an extended stretch, i find the wearable less disruptive and more effective for ordinary habit reminders. the prompts appear where i am, rather than requiring me to keep checking a phone, and the time display is available at a quick glance. that combination has fitted more naturally into my day than a sequence of loud alerts. the comparison with my old timer is especially noticeable during work. phone alarms interrupted whatever was on the screen and were easy to confuse with messages or calendar notices. vela ridge 347 gives the reminder its own place, so i can acknowledge it and continue without opening another device. i use it for short breaks, routine tasks, and a couple of personal habits. it does not turn those routines into a perfect schedule, but it has made them easier to remember. the display is readable in normal indoor light, and the controls did not take long to understand. the band stays comfortable during a full day of movement, though i notice it more when wearing a tighter sleeve. compared with a basic digital watch, it offers more purpose because the reminders are part of the same object i already wear. compared with using only a phone, it is less tempting to drift into unrelated apps after checking the time. the reminder options are not endlessly customisable, which may matter to someone wanting a very detailed routine system. vela ridge 347 has remained consistent through everyday use, including commuting and household work. i have not needed to reset it repeatedly, and the timekeeping has been dependable enough for my schedule. the 12-month warranty also gives some confidence for longer ownership. it is a focused wearable rather than a feature-heavy device, but that is part of its appeal. for reminders and simple time checks, i prefer it to both my old timer and a phone-only approach.",True
CORD000627,CUS00186,2019-11-19,Thompson,"[{""product"":""Candle Quest 354"",""quantity"":1},{""product"":""Candle Flux 990"",""quantity"":2}]",4591.68,12.67,-37.78961,144.917308,10,4145.18,Spring,False,3.6625,"vela nova 105 controls the room light when the command reaches it, but the app often reports an error instead. several evening attempts produced no response, so i had to use the wall switch. the light also came on after a long delay on two occasions, which made the scheduled routine useless. pairing was awkward and required repeated resets. the device has stayed connected at times, but that basic function is not enough to offset the frustrating delays and unreliable app control.",False
CORD000628,CUS00313,2019-10-01,Bakers,"[{""product"":""Candle Flux 1098"",""quantity"":1},{""product"":""Candle Bloom 1000"",""quantity"":3},{""product"":""Candle Bloom 1054"",""quantity"":1}]",6693.61,10.46,-37.84033,145.020992,15,5700.03,Spring,False,4.0615,"vela nova 159 has made my desk arrangement more flexible, especially when i switch between a phone and a small tablet. the adjustable mount holds the device at a useful viewing angle, and i can reposition it without clearing space or leaning over the desk. this has helped during calls, reference reading, and following instructions while working with both hands. the joints feel firm during ordinary use, and the base has stayed in place on my desk. adjusting it with one hand can be a little awkward when the arm is extended, and the mount occupies more surface area than i expected. those minor inconveniences have not outweighed the everyday benefit. vela nova 159 is a practical accessory that has made my shared workspace calmer and easier to arrange.",True
CORD000629,CUS00305,2019-12-17,Nickolson,"[{""product"":""Candle Bloom 262"",""quantity"":2},{""product"":""Vela Halo 659"",""quantity"":1}]",2501.25,12.91,-37.881674,144.97101,25,1888.85,Summer,False,7.0152,"vela echo 439 has been useful when i need to connect several devices without carrying a collection of separate adapters. it is small enough to leave in my work bag, and the cable folds away without creating much clutter. connecting the devices i use for work and travel was simple, with the expected connections appearing promptly once everything was attached. the compact shape is especially helpful at a shared desk where space is limited. i have moved it between a laptop, a tablet and other everyday equipment over several weeks, and it has continued to work without unexplained interruptions. the casing can become warm during extended use, and the short lead means the adapter sometimes hangs awkwardly from a port. those points are worth knowing, but they have not reduced its usefulness. vela echo 439 is a convenient travel accessory that has simplified my everyday setup.",
CORD000630,CUS00480,2019-10-23,Bakers,"[{""product"":""Candle Orbit 1034"",""quantity"":1},{""product"":""Vela Halo 659"",""quantity"":1},{""product"":""Candle Flux 990"",""quantity"":2}]",5035.53,12.29,-37.753062,145.014718,15,4292.49,Spring,False,6.5583,"the candle arc 546 became the centre of my small streaming setup, and the change was immediately noticeable. i use it for game sessions, commentary, and occasional media capture rather than treating it as a general living-room computer. once i had arranged the cables and signed into the services i use, the whole setup felt straightforward and stayed consistent through repeated sessions. during the first few evenings i tested short recordings, then moved on to longer streams with a camera and microphone connected at the same time. the candle arc 546 handled the capture work without the stuttering interruptions i had encountered with an older arrangement. my voice remained in step with the picture, and i could monitor the stream while playing without constantly watching for signs that something had stopped. that made it easier to concentrate on the game and talk naturally instead of narrating every technical adjustment. the case is not especially small, so i keep it permanently on a desk rather than moving it around. that is fine for my use, and the solid weight actually helps keep the setup from shifting when i reach for the controls. the fan becomes audible during a demanding session, but it has not become an irritating distraction once the game audio is running. captured files have been easy to locate, and simple trimming afterward has not caused trouble. i did spend time getting the audio levels balanced, since the default mix left my microphone quieter than expected. after that initial tuning, the results were much more even. the included warranty is another welcome safeguard for hardware that gets regular use. the candle arc 546 is not a silent or miniature device, yet it performs the central job well and gives my streams a stable foundation. for someone who wants dependable game streaming and media capture without a pile of separate boxes, it has been a rewarding purchase.",True
CORD000631,CUS00150,2019-01-11,Thompson,"[{""product"":""Candle Quest 498"",""quantity"":1},{""product"":""Candle Bloom 1000"",""quantity"":1},{""product"":""Candle Quest 354"",""quantity"":2},{""product"":""Vela Halo 659"",""quantity"":1}]",4194.44,9.75,-37.830794,144.9301,20,3365.3,Summer,False,2.5063,"the candle quest 426 has been part of my desktop gaming setup for a month, with most of that time spent in competitive matches and voice chat. compared with the older gaming hardware it replaced, it feels more comfortable during longer sessions and keeps the controls within easy reach. voice communication has been clear enough for teammates to follow, and i have not experienced random interruptions during normal play. the controls respond predictably, which matters more to me than having a long list of extra features. there are still differences between this and more specialised equipment. during crowded in-game moments, i notice that the audio or feedback is less detailed than on a higher-end setup i have tried. the materials feel serviceable rather than premium, and the fit requires a small adjustment before i settle in. it works well at my usual desk, but i would not call it especially portable or adaptable to every arrangement. setup was simple, although learning the control layout took a few sessions because several functions are close together. my overall comparison is mixed in a reasonable way. the candle quest 426 supports regular competitive play and voice communication without creating a major obstacle, while its refinement and flexibility are only moderate. i would choose it for a dedicated desktop setup and predictable daily use, but players chasing the most detailed experience may find its limitations more noticeable.",True
CORD000632,CUS00097,2019-12-07,Nickolson,"[{""product"":""Candle Bloom 262"",""quantity"":1},{""product"":""Candle Quest 354"",""quantity"":1},{""product"":""Vela Halo 569"",""quantity"":1}]",1670.14,9.13,-37.824153,144.986539,25,1261.74,Summer,False,1.6151,"i have used the candle edge 1094 for long listening sessions at home, including quiet work and evening podcasts. the wireless connection has remained stable around the room, and the controls are easy to reach without searching for a phone. after extended use, the fit stays acceptable and the sound remains enjoyable for spoken audio and casual music. it is not especially compact when stored, and i needed a short adjustment period to find the best position. even so, the consistent connection and relaxed listening experience make it a satisfying choice for home use.",True
CORD000633,CUS00230,2019-01-17,Bakers,"[{""product"":""Candle Orbit 1034"",""quantity"":2},{""product"":""Candle Flux 990"",""quantity"":1}]",3258.29,8.87,-37.809586,144.981047,0,3267.16,Summer,False,1.247,"candle lumen 112 has spent the past month moving between the kitchen table, sofa, and a small desk where i take video calls. its portable size suits that routine, and i can pick it up when i want to watch something without planning around a fixed screen. initial setup was straightforward, although i had to repeat a couple of settings before everything matched the way i use it. for media, the tablet has been dependable enough for ordinary viewing. i have watched programmes, read articles, and used it for short clips without major interruptions. the display is serviceable in most indoor lighting, but reflections become distracting near a bright window. sound is acceptable for speech, though i usually choose headphones for anything where atmosphere matters. these are manageable compromises, but they keep the experience from feeling especially polished. video calls have been more variable. the camera handles simple family conversations, and the microphone picks up voices from a reasonable distance. in a busier room, however, background noise becomes noticeable and i sometimes need to repeat myself. the tablet remains usable for informal calls, yet i would hesitate to make it my only device for important meetings. its portability is the feature i rely on most. after thirty days, candle lumen 112 feels like a competent household tablet rather than an essential one. it handles portable media and casual calls with little drama, while glare, audio quality, and noisy conversations expose its limits. i am content to keep it, but my expectations are deliberately modest.",True
CORD000634,CUS00410,2019-08-12,,"[{""product"":""Candle Flux 1098"",""quantity"":2},{""product"":""Candle Orbit 1034"",""quantity"":1},{""product"":""Candle Quest 498"",""quantity"":2}]",4791.06,25.76,-37.820382,144.911377,10,4337.71,Winter,True,3.2503,"the candle quest 372 has accompanied me on visits where i need to complete field forms and show short presentations. its size makes it easier to pass around than a laptop, and the screen remains readable when several people are looking at it. form entry is straightforward, with enough room for notes and signatures, while ordinary files open without much waiting. outdoor brightness is less convincing, and reflections can make a presentation awkward unless i find shade. the speakers are fine for a small group but not for a noisy venue. it has made mobile work more convenient without being perfect in every setting. i would describe it as capable for practical visits rather than a specialised presentation tool.",True
CORD000635,CUS00246,2019-07-03,Bakers,"[{""product"":""Vela Halo 569"",""quantity"":1},{""product"":""Candle Quest 498"",""quantity"":1},{""product"":""Candle Orbit 1034"",""quantity"":2}]",2621.26,17.28,-37.744584,145.046706,25,1983.23,Winter,False,8.5656,"the vela ridge 941 has handled the ordinary rhythm of my household very well. calls connect promptly, messages arrive without noticeable delay, and switching between family chats, maps, and casual apps feels responsive. i have passed it around for photos, and the bright display makes pictures easy to show at the kitchen table. the body has survived being carried in a crowded bag with no visible damage, although the smooth back is a little slippery without a case. battery capacity has been enough for a full day of calls, browsing, and occasional video, with some charge left in the evening. i particularly value the straightforward menus because other family members learned the controls quickly. it is not a specialist camera or a gaming phone, but that is not what i needed. vela ridge 941 is a balanced, pleasant choice for communication and light daily use.",True
CORD000636,CUS00239,2019-05-01,,"[{""product"":""Candle Bloom 1054"",""quantity"":1},{""product"":""Candle Quest 354"",""quantity"":1},{""product"":""Candle Orbit 1034"",""quantity"":1}]",1434.55,23.17,-37.876886,144.985604,5,1385.99,Autumn,True,6.6332,"candle edge 608 has been running in my home office to extend wireless coverage to rooms where the previous arrangement was inconsistent. devices in the far room now connect more often, and ordinary browsing, document work and calls have been workable. the setup guide explains the main steps clearly, and the unit has remained cool on an open shelf. i have noticed fewer dead spots during routine use, which is a meaningful improvement for the household. management is less polished. the administration screen sometimes takes several seconds to load, and reconnecting a device after a setting change can require patience. one room still has a weaker signal when several devices are active, so the coverage is not perfectly even. these issues have not stopped me using the network, but they prevent complete confidence. candle edge 608 is a practical middle ground: useful coverage gains with occasional awkward maintenance.",True
CORD000637,CUS00331,2019-03-21,Bakers,"[{""product"":""Candle Quest 354"",""quantity"":1},{""product"":""Candle Orbit 1034"",""quantity"":1},{""product"":""Vela Halo 569"",""quantity"":2}]",1282.88,25.92,-37.825751,145.06426,20,1052.22,Autumn,True,6.3114,"i bought the vela spark 531 for travel planning and media, expecting it to replace an older phone without much trouble. compared with that older device, the screen is harder to read outdoors and the battery drops uncomfortably fast when maps, mobile data, and video are used together. a route can be followed, but switching between the map and a booking page often leaves one of them reloading, which makes a simple change frustrating. the 5g connection is inconsistent in places where my previous phone remained usable, and the phone sometimes takes too long to reconnect after leaving coverage. that is a serious problem when checking travel information on the move. media use is also a poor comparison. video playback is watchable, yet the sound is thin and the casing becomes unpleasantly warm after a longer session. storage management feels awkward because large downloads quickly leave little room for photographs and offline maps. the camera produces acceptable snapshots in daylight, but indoor images look dull and lack detail. calls themselves are possible, although the microphone picked up distracting background noise in a busy terminal. the slim shape is easy to carry, but it feels fragile and the buttons are difficult to find without looking. i have not had a reason to test the warranty, and the phone has not delivered the dependable travel experience i wanted. compared with what i already owned, the vela spark 531 adds 5g branding without removing the same old inconveniences, so i regret choosing it and cannot recommend it for regular travel.",False
CORD000638,CUS00113,2019-05-05,Bakers,"[{""product"":""Candle Orbit 1034"",""quantity"":1},{""product"":""Candle Bloom 1000"",""quantity"":1},{""product"":""Candle Edge 680"",""quantity"":1},{""product"":""Candle Flux 990"",""quantity"":1}]",6743.61,14,-37.769673,145.023479,25,5071.71,Autumn,False,5.1249,"i bought candle arc 384 for music playback in a shared room, hoping it would avoid the arguments caused by passing one small speaker around. instead, the first connection was a frustrating process. the pairing request appeared, disappeared, and returned only after i restarted both devices. once audio began, it played at a basic level, but the delay between changing a track and hearing the result made the controls feel awkward. the sound itself was uneven across the room. at one position it was loud enough, while people farther away heard a weak and thin result. increasing the volume introduced harshness rather than solving the problem. the wireless connection also dropped when someone moved between the speaker and the source. it usually resumed after a pause, but the interruption was enough to spoil conversations and make shared listening unpleasant. i stopped relying on it during gatherings because nobody wanted to keep checking whether the music had stopped. longer use brought additional irritation. the buttons were difficult to distinguish by touch, and the device did not always respond to a short press. after being left unused for a few days, it often required another pairing attempt. i tried placing it in different parts of the room and keeping the source nearby, but the weak connection continued. candle arc 384 does produce sound, yet that narrow success cannot compensate for unreliable wireless playback, uneven output, and poor controls. the warranty does not change the fact that ordinary listening became more work than it was worth. i regret the purchase and cannot recommend it.",False
CORD000639,CUS00089,2019-05-28,Thompson,"[{""product"":""Candle Quest 498"",""quantity"":1},{""product"":""Candle Flux 1098"",""quantity"":1},{""product"":""Candle Orbit 1034"",""quantity"":1},{""product"":""Candle Orbit 656"",""quantity"":2}]",7210.61,9.95,-37.782635,144.967111,5,,Autumn,False,3.7759,"candle flux 162 has been useful in the spaces between my larger devices. i bought it for portable media and video calls, and it now travels from the sofa to the kitchen table depending on what i am doing. watching a program feels more personal than using the television, while the screen is still large enough for another person to see when we sit together. the tablet starts quickly and the basic controls became familiar after a few sessions. i tested it with films, short clips and several video calls. holding it for a while is manageable, though i prefer resting it against a stand for longer viewing because the body eventually feels substantial in one hand. the camera angle works best when the tablet is supported on a table. in that position, i can take part in a call while keeping notes nearby, which has been convenient for informal meetings and family conversations. the audio is adequate for ordinary viewing, and i sometimes connect headphones when others are reading nearby. the surface attracts fingerprints after frequent touching, so i wipe it down more often than i expected. those are ordinary tablet compromises, and neither has reduced how often i use it. its portable size has also made it handy when someone else is using the main screen. candle flux 162 has earned a permanent place in my household because it adapts to different routines. it supports relaxed media use and practical calls without feeling specialised or difficult. the need for a stand during extended viewing is a minor limitation, but its flexibility has made the purchase worthwhile.",True
CORD000640,CUS00009,2019-05-16,Bakers,"[{""product"":""Vela Halo 569"",""quantity"":1},{""product"":""Candle Orbit 1034"",""quantity"":1},{""product"":""Candle Flux 1098"",""quantity"":1}]",1527.25,9.96,-37.776991,145.006368,20,1231.76,Autumn,False,3.7982,"vela pulse 865 has made scheduled control of a household outlet more convenient than the manual timer i used previously. i use it for a lamp and occasionally for another small appliance, setting a routine so the outlet changes state at a predictable part of the day. the schedule is easy to understand once created, and i like being able to adjust it without reaching behind furniture. compared with the old timer, the controls are less fiddly and the arrangement looks tidier. the practical benefit is most noticeable when my routine changes. i can temporarily alter the schedule, check whether the outlet is active, and restore the usual pattern later. the device itself is unobtrusive, and its operation has been consistent during the weeks i have owned it. i have not used it for equipment that needs specialist handling, and i would follow the stated limits rather than treating it as a universal switch. for an ordinary household lamp, it has been a useful addition. i did spend a little time deciding where the outlet and device should sit, since a crowded socket can make access awkward. that is a small inconvenience compared with manually switching the lamp every evening or resetting the old timer after interruptions. vela pulse 865 also gives me more flexibility than a basic mechanical schedule, while remaining simple enough for other people in the house to understand. it is not an elaborate home system, but for reliable scheduled control of a single outlet, it has been a satisfying upgrade.",True
CORD000641,CUS00418,2019-03-30,Nickolson,"[{""product"":""Candle Orbit 1034"",""quantity"":1},{""product"":""Candle Bloom 1000"",""quantity"":2},{""product"":""Candle Bloom 1054"",""quantity"":1}]",4663.45,10.13,-37.85465,144.972533,0,4673.58,Autumn,False,4.0177,"candle lumen 544 has been a pleasant companion for long listening sessions at home. i can move around without dealing with a cable, and the sound remains enjoyable for music, podcasts, and spoken programmes. the fit took a little adjustment before it felt natural. it is not the best choice for someone chasing highly detailed audio, but for relaxed everyday listening it has served me very well.",True
CORD000642,CUS00067,2019-05-17,Bakers,"[{""product"":""Candle Orbit 1034"",""quantity"":1},{""product"":""Candle Orbit 656"",""quantity"":1},{""product"":""Candle Flux 1098"",""quantity"":1},{""product"":""Vela Halo 569"",""quantity"":2}]",3938.4,10.48,-37.799198,145.044088,15,3358.12,Autumn,False,4.4571,"candle edge 986 has travelled well and provided enjoyable gaming away from my main desk. it packs without much effort, starts quickly and responds reliably during normal play. the controls are comfortable after a short adjustment, and the display remains clear in hotel rooms and other unfamiliar spaces. battery use rises during longer sessions, but portability remains its strongest advantage.",True
CORD000643,CUS00487,2019-07-07,Nickolson,"[{""product"":""Vela Halo 569"",""quantity"":2},{""product"":""Candle Orbit 1034"",""quantity"":2},{""product"":""Vela Halo 659"",""quantity"":1}]",1726.73,13.43,-37.850835,144.948314,15,1481.15,Winter,False,4.041,"i bought the candle edge 266 for casual gaming in a shared room, where a large setup would have been inconvenient. after sixteen days, i am pleased with how naturally it fits into that space. setup involved connecting the required cables, checking the display, and signing in, and the process was clear enough that i was ready for a short game the same evening. the unit can be used at the desk and then left neatly to one side when someone else needs the room. my first sessions were short, mostly after work, but i later played for longer periods with a family member nearby. the controls responded consistently, and the picture stayed steady during the games i tried. loading between casual activities did not feel troublesome, and the sound was clear enough for game effects and conversation. i usually keep the volume moderate because the room is shared, so i have not needed anything especially powerful. the physical design has also worked in practice. the body feels secure on the surface where i placed it, and the connections are reachable without turning the whole unit around. i have unplugged it to make room for another activity and connected it again later without unexpected behavior. the included warranty adds confidence for a device that will be handled regularly. there are limits to what i expect from it. someone seeking an elaborate enthusiast setup may want more room for expansion, and the display feels less impressive from an angle than when viewed directly. for casual games in a shared room, though, those points have not interfered with my enjoyment. the candle edge 266 offers responsive play, manageable size, and an uncomplicated routine, making it a welcome part of our common space.",True
CORD000644,CUS00143,2019-07-02,Thompson,"[{""product"":""Candle Bloom 1000"",""quantity"":2},{""product"":""Vela Halo 659"",""quantity"":1},{""product"":""Candle Orbit 1034"",""quantity"":1}]",4478.31,13.39,-37.818625,144.902294,15,3819.95,Winter,False,3.9884,"after forty-four days with the candle lumen 292, i prefer it to the older tablet i used for sketches and lightweight creative work. the drawing surface responds consistently, and the pen feels natural enough for rough layouts, annotations, and small illustrations. i can move from a reference image to a working canvas without the device becoming distracting, which was not the case with my previous tablet. it also handles ordinary browsing, reading, and note taking without making creative work feel like an afterthought. the main difference is how well it fits short sessions. i often use it at a desk for an hour, then carry it to another room to review a design. it wakes quickly, the screen remains easy to follow at an angle, and the body has not developed any looseness or rattle. for comparison, my older device was lighter, but its controls felt cramped and the drawing response was less even near the edges. the candle lumen 292 gives me more confidence when making small corrections. there are still limits. it is better suited to lightweight projects than to demanding professional production, and i sometimes wish the working area were larger. the included warranty adds reassurance, although i have not needed support. overall, this is a worthwhile step up for someone who wants one tablet for drawing, creative notes, and everyday use without paying for features they are unlikely to use.",True
CORD000645,CUS00392,2019-02-24,Thompson,"[{""product"":""Candle Orbit 656"",""quantity"":1},{""product"":""Vela Halo 659"",""quantity"":2},{""product"":""Candle Bloom 262"",""quantity"":1},{""product"":""Candle Orbit 1034"",""quantity"":2},{""product"":""Candle Bloom 1054"",""quantity"":1}]",5523.44,11.21,-37.77262,144.959458,5,5258.48,Summer,False,4.5848,"i installed the candle orbit 188 to create a separate guest network and keep track of the devices connected at home. the guest access is convenient when visitors arrive, and the device list helps me recognise which household equipment is online. initial setup required careful reading because several management options were grouped in places i did not expect. once configured, changing the guest access settings was straightforward, although the screen can feel busy when many devices are listed. the wireless connection has remained stable during ordinary browsing and streaming, but a newly added device sometimes took a little while to appear in the list. i also had to restart the unit after changing multiple settings in quick succession. the casing sits neatly beside my existing equipment and has not become warm during regular use. the candle orbit 188 provides useful control for a home network, with a capable management view balanced by a setup process and device updates that are not always immediate.",True
CORD000646,CUS00141,2019-06-27,Bakers,"[{""product"":""Vela Halo 569"",""quantity"":1},{""product"":""Vela Halo 659"",""quantity"":1}]",413.8,13.8,-37.771603,145.010506,25,324.15,Winter,False,4.4751,"i compared candle orbit 242 with the older tablet i had been using for sketches and occasional creative tasks. the newer device feels more responsive when drawing, and the surface gives enough room for loose illustrations without making the whole setup difficult to carry. i have used it for handwritten ideas, simple diagrams, and lightweight image work, and the experience has been comfortable from the first few sessions. the screen is bright and makes colours easy to distinguish in ordinary room light. candle orbit 242 also works well when i move between creative work and practical tasks. i can review reference material, make a quick correction, and return to a drawing without the awkward pauses that were common on my previous tablet. the body is easy to hold on a desk or lap, and the controls do not dominate the process. someone producing highly detailed professional artwork may want a larger specialised display with more dedicated controls, but that is beyond the purpose of this tablet. for light creative work, its simplicity is an advantage. the casing feels solid, and the screen has remained clean and responsive after regular use. compared with the older tablet, candle orbit 242 gives me a more fluid way to sketch and organise ideas while staying portable. it is not an all-purpose replacement for a full computer, yet it has become the device i reach for when i want to draw, annotate, or explore an idea quickly. that is a very successful fit for my routine.",True
CORD000647,CUS00433,2019-05-03,Bakers,"[{""product"":""Candle Flux 990"",""quantity"":1},{""product"":""Candle Orbit 1034"",""quantity"":1}]",2676.37,15.76,-37.874433,145.015329,10,2424.49,Autumn,False,7.3792,"vela halo 407 was supposed to give me a daily record of activity and sleep, so i compared its reports with another wearable used on the same days. the results from vela halo 407 are too patchy to support that purpose. walking is usually detected, but shorter movements are sometimes ignored and a day can show an implausibly low total. sleep tracking is worse. it has recorded only part of a night, combined separate periods, or shown no result after the device was worn until morning. the app presents the information in neat screens, but neat presentation does not repair missing records. scrolling through a week is slow, and the reason for an incomplete entry is never clear. the wearable also shifts while sleeping, leaving the strap uncomfortable and making me aware of it at night. another device i tried is less attractive, but it has produced a more consistent history and required less checking. vela halo 407 creates a false sense of detail because the charts look precise even when the underlying entries are unreliable. charging is another nuisance. the battery falls quickly when several tracking features are enabled, and the reminder arrives too late to prevent a gap. basic step counting does operate on ordinary days, but that narrow success cannot outweigh the missing sleep records and inconsistent activity totals. i bought vela halo 407 to notice patterns over time, not to guess which days can be trusted. the device is frustrating, awkward to wear overnight, and poor for dependable tracking. i would avoid it.",False
CORD000648,CUS00282,2019-12-07,Thompson,"[{""product"":""Candle Quest 498"",""quantity"":1},{""product"":""Candle Bloom 262"",""quantity"":1}]",2426.6,23.58,-37.837863,144.898385,0,2450.18,Summer,True,5.1117,"i have worn the vela echo 997 for about a month, and its reminders have been more irritating than helpful. alerts arrive at awkward moments, while missed reminders are difficult to explain because the settings offer little guidance. the time display is readable, but the band feels uncomfortable after extended wear and the controls are fussy to use. i expected a simple aid for daily habits, yet i keep silencing it and checking tasks elsewhere. the weak reminder behavior and poor comfort make this a frustrating purchase that i regret.",False
CORD000649,CUS00231,2019-06-03,Thompson,"[{""product"":""Vela Halo 659"",""quantity"":1},{""product"":""Vela Halo 569"",""quantity"":3}]",711.98,17.2,-37.879636,144.901119,0,729.18,Winter,False,8.4688,"candle edge 158 has improved the wireless coverage around my home office and made movement between rooms less inconvenient. calls remain stable when i step away from the desk, and documents or messages continue loading in areas where the signal used to feel uncertain. setup was clear enough to complete without outside help, and my existing devices joined the network after only a few attempts. the connection has remained steady during work calls, browsing, and ordinary streaming, even when other household devices are active. the unit itself is plain and the indicator is more visible than necessary, but neither issue affects performance. i have appreciated not having to reposition equipment or reconnect repeatedly during the day. candle edge 158 has been a quiet improvement: it does not demand attention, yet it gives my home office the dependable reach i was missing.",True
CORD000650,CUS00221,2019-08-03,Bakers,"[{""product"":""Candle Orbit 1034"",""quantity"":1},{""product"":""Candle Quest 354"",""quantity"":1},{""product"":""Candle Edge 680"",""quantity"":1}]",3236.1,13.57,-37.773869,145.009274,10,2926.06,Winter,False,4.2024,"candle bloom 1018 has made our shared household connection easier to manage than the older networking unit. before changing over, devices would sometimes need to be reconnected after someone moved between rooms, and working out which setting to check was frustrating. this unit has given us a steadier everyday arrangement for laptops, phones, a television, and other shared devices. the improvement is less about a dramatic single feature and more about removing small interruptions from the day. i compared the setup process with the spare unit kept for occasional use. the older one can still connect a few devices, but its controls are less intuitive and its status information is harder to interpret. candle bloom 1018 was simpler to place into the household routine. once it was configured, family members could use their devices without repeatedly asking me to restart or adjust something. that matters in a home where several people are online at different times. the unit is not especially decorative, and the indicator lights are more noticeable in a dark room than i expected. i also needed to spend time choosing a sensible location because the household layout has several walls between rooms. those are ordinary installation considerations rather than serious faults. compared with the previous network device, candle bloom 1018 has delivered a calmer, more dependable connection for the collection of devices we actually use.",True
CORD000651,CUS00058,2019-02-10,Nickolson,"[{""product"":""Candle Bloom 1054"",""quantity"":2},{""product"":""Candle Quest 354"",""quantity"":1},{""product"":""Candle Bloom 1000"",""quantity"":1}]",3118.32,11.64,-37.865085,144.975683,0,3129.96,Summer,False,5.1974,"candle flux 648 improved the wireless coverage in the back rooms of my house, where the connection had previously become inconsistent. the setup instructions were clear, and after placing the unit between the existing router and the weaker area, devices connected with much less interruption. i now use the far room for video calls and streaming without needing to carry the laptop closer to the router. the indicator helped me find a sensible position, and the network name made the transition around the house feel seamless. speeds naturally vary with distance and how many devices are active, so i do not expect identical performance everywhere. even so, the coverage has been noticeably more usable for everyday work and entertainment. candle flux 648 has solved the particular dead spot i bought it for and has made the layout of the house more convenient.",True
CORD000652,CUS00219,2019-04-19,Thompson,"[{""product"":""Candle Bloom 262"",""quantity"":1},{""product"":""Candle Quest 498"",""quantity"":2},{""product"":""Candle Bloom 1054"",""quantity"":2},{""product"":""Candle Edge 680"",""quantity"":2}]",9137.43,10.77,-37.818645,144.938732,10,8234.46,Autumn,False,0.9886,"i bought vela echo 691 for family communication and casual apps, comparing it with the phone it replaced. the comparison is frustrating because ordinary conversations now involve more interruptions. calls sometimes take a moment to connect, and messages do not always appear promptly. when relatives ask whether i received something, i have to check repeatedly instead of trusting the phone to keep up. casual apps expose another weakness. opening one is usually possible, but moving between an app and a message can leave the screen slow to respond. the delay is especially annoying when i am trying to send a photograph or answer a short question. a less modern phone in the household feels less troublesome because it responds in a more predictable way. the handset is manageable to carry, though the surface is slippery enough that i handle it cautiously. the screen is readable indoors, while outdoor use brings glare and makes small controls more difficult to select. these are not isolated annoyances; together they make short tasks feel drawn out. i expected a replacement phone to reduce friction, yet vela echo 691 adds it. connection behaviour has been the worst part of ownership. i have restarted it after missed calls and checked settings after delayed messages, but those steps have not removed the uncertainty. the two-year warranty is not a solution to a phone that complicates basic family contact. vela echo 691 can place calls and run casual apps, but its slow response, unreliable notifications, and awkward handling make it a poor comparison with the previous handset. i regret the purchase and cannot recommend it.",False
CORD000653,CUS00016,2019-08-31,Bakers,"[{""product"":""Candle Bloom 1000"",""quantity"":1},{""product"":""Candle Quest 498"",""quantity"":1},{""product"":""Candle Orbit 1034"",""quantity"":1},{""product"":""Candle Bloom 1054"",""quantity"":1}]",4155.94,15.67,-37.749958,144.995656,0,4171.61,Winter,False,6.676,"i have used candle shift 250 for document work and video meetings across different rooms, and its portability has been the strongest part of the experience. it is easy to pick up when i need to change location, yet the screen and keyboard are comfortable enough that i do not feel punished for leaving my main desk. writing, reading, and reviewing files remain straightforward, and the laptop responds promptly to the ordinary collection of applications i use each day. video meetings have been reliable over the period i have owned it. the microphone picks up conversation clearly in a quiet room, and the camera is suitable for regular calls. i can open notes beside a meeting window and keep track of what is being discussed without constant rearrangement. the battery has supported my usual stretches away from a charger, and the hinge has remained firm despite the frequent opening and closing that comes with travelling between workspaces. there are understandable compromises in a portable machine. the smaller display becomes restrictive when i am comparing many pages at once, and the integrated audio is better for speech than for rich music. i also prefer to connect a larger screen for especially long projects. those details have not reduced its value for everyday work. candle shift 250 has proved capable, convenient to carry, and pleasant to use, which is why it continues to be my preferred laptop for mobile document work and meetings.",True
CORD000654,CUS00031,2019-11-19,Nickolson,"[{""product"":""Candle Orbit 1034"",""quantity"":1},{""product"":""Candle Flux 1098"",""quantity"":1},{""product"":""Vela Halo 659"",""quantity"":1},{""product"":""Candle Bloom 262"",""quantity"":3},{""product"":""Candle Bloom 1054"",""quantity"":1}]",5447.53,13.41,-37.886661,145.002254,0,5460.94,Spring,False,8.0949,"i have used candle arc 942 for drawing at the kitchen table and for small creative jobs that do not justify opening my larger computer. the first few sketches were mainly about learning the surface and finding a grip that felt natural. after that short adjustment, drawing became fluid enough for rough ideas, coloured notes, and simple layouts. the tablet responds promptly to strokes, and i can zoom in when working on a small section without losing track of the whole image. most of my sessions last between twenty minutes and an hour. during that time the tablet remains comfortable to hold against a cushion or rest flat on the table. i like being able to pick it up when an idea appears, add a few lines, and put it away without preparing a full workspace. it has also been handy for reviewing an image while travelling around the house. the supplied pen is pleasant for ordinary sketching, although i would prefer a slightly more secure place to store it because it can disappear among papers. candle arc 942 has encouraged me to draw more often simply because it is available. i have used it for planning a small room arrangement, marking changes on a picture, and making quick visual reminders for a project. it is not a replacement for every tool in a full creative studio, and the smaller working area takes some getting used to when a drawing becomes detailed. for lightweight creative work, however, it feels responsive and approachable. the battery has carried me through my usual sessions, and the tablet has become a genuinely useful part of my creative routine.",True
CORD000655,CUS00117,2019-09-04,Bakers,"[{""product"":""Vela Halo 569"",""quantity"":1},{""product"":""Vela Halo 659"",""quantity"":1}]",413.8,23.36,-37.816878,145.039032,15,375.09,Spring,True,3.923,"i used vela spark 693 for presentations and photo viewing, but the screen and controls caused repeated problems. photos take too long to appear when moving through an album, and the viewing angle makes colors look uneven from the side. during presentations, switching slides occasionally stalled and forced an awkward pause. it can display an image, yet the slow response and disappointing presentation behavior make it unsuitable for regular use.",False
CORD000656,CUS00238,2019-07-02,Nickolson,"[{""product"":""Candle Orbit 1034"",""quantity"":1},{""product"":""Candle Quest 354"",""quantity"":1},{""product"":""Vela Halo 659"",""quantity"":1}]",1249.41,20.19,-37.881496,144.992506,20,1019.72,Winter,False,7.2789,"candle arc 150 was bought for document work and video meetings away from my main desk, then compared with an older office laptop. the newer machine opens documents, but it feels sluggish when several files and browser pages are present. scrolling through a long report can stutter, and switching between notes and a meeting window sometimes leaves a blank pause. the older laptop is heavier, but its response is less erratic. video meetings exposed more problems. the camera image becomes dull in ordinary indoor light, and the microphone picks up room noise without making speech particularly distinct. i often have to repeat myself, which is frustrating in a work call. returning to a document after the meeting can also take longer than expected. these are not dramatic failures separately, but together they make portable work feel poorly supported. the keyboard is serviceable for short messages, although the keys feel cramped during extended writing. the trackpad occasionally interprets a palm touch as a command, causing unwanted movement through a page. battery loss is another concern: meetings and document editing leave little margin, so carrying the charger is unavoidable. candle arc 150 is able to perform basic office tasks, but the weak camera, awkward input, and sluggish switching compare badly with the older laptop. i cannot recommend it for portable document work or frequent video meetings.",False
CORD000657,CUS00040,2019-02-27,Thompson,"[{""product"":""Vela Halo 569"",""quantity"":2},{""product"":""Candle Bloom 1000"",""quantity"":1},{""product"":""Candle Flux 990"",""quantity"":2},{""product"":""Candle Bloom 262"",""quantity"":1},{""product"":""Candle Orbit 1034"",""quantity"":1}]",8003.11,11.77,-37.848378,144.905741,20,6414.26,Summer,False,5.3793,"the vela nova 825 has helped me understand how conditions change between rooms during the day. i placed it where i spend most evenings, and the temperature and humidity readings are easy to check in the app without hovering beside the device. the history gives me a better sense of when a room becomes stuffy or unusually dry, which helps me decide when to open a window or adjust the heating. installation was quick, and the monitor has continued reporting without demanding much attention. i needed a little experimentation to find a position away from direct sunlight and other heat sources, but that was sensible rather than difficult. it is a monitoring tool, not an automatic climate-control system. within that role, the vela nova 825 is clear, convenient and useful for making ordinary household decisions.",True
CORD000658,CUS00282,2019-06-12,Thompson,"[{""product"":""Candle Orbit 1034"",""quantity"":1}]",581.92,18.34,-37.837863,144.898385,20,483.88,Winter,False,5.1117,"i have worn the vela echo 997 for about a month, and its reminders have been more irritating than helpful. alerts arrive at awkward moments, while missed reminders are difficult to explain because the settings offer little guidance. the time display is readable, but the band feels uncomfortable after extended wear and the controls are fussy to use. i expected a simple aid for daily habits, yet i keep silencing it and checking tasks elsewhere. the weak reminder behavior and poor comfort make this a frustrating purchase that i regret.",False
CORD000659,CUS00333,2019-12-03,Thompson,"[{""product"":""Candle Quest 498"",""quantity"":2},{""product"":""Vela Halo 569"",""quantity"":1},{""product"":""Candle Orbit 1034"",""quantity"":1}]",3347.67,20.81,-37.785811,144.916463,0,3368.48,Summer,True,4.0191,"vela halo 191 has worked well as a family communication phone and feels more settled than the handset it replaced. calls connect promptly, messages arrive without the delays i sometimes experienced before, and casual apps open without making the device feel constantly strained. several family members use it for different purposes, so straightforward operation matters more to us than having every advanced feature. on that measure, it has been a comfortable improvement. the comparison with our previous phone is clearest during ordinary multitasking. i can move from a message to the calendar or a light app without waiting through repeated pauses. the screen is easy enough to read indoors, and the controls have not taken long for different users to understand. photos for everyday moments are acceptable, though the camera is less impressive in dim rooms. that is a limitation i expected from a phone aimed at general communication rather than specialist photography. over the ownership period, the handset has remained consistent for calls, family chats, and occasional browsing. battery performance is sufficient for a normal day, although heavier use means i need to charge sooner than i would with a larger device. the body is also a little more slippery than i prefer, so a case is useful. even with those minor complaints, vela halo 191 has been less temperamental than the former phone and easier for the household to share. it provides the dependable everyday communication we wanted without unnecessary complexity.",True
CORD000660,CUS00450,2019-04-02,Thompson,"[{""product"":""Candle Orbit 1034"",""quantity"":1},{""product"":""Candle Bloom 262"",""quantity"":1}]",1700.19,9.76,-37.78292,144.932603,0,1709.95,Autumn,False,3.5441,"candle arc 276 has been part of my evening gaming setup for the past 41 days, mainly for competitive matches and conversations with friends. the controls were easy to understand from the first session, and the hardware responded well during ordinary play. i could move through a match without feeling held back by the device, and the physical design stayed comfortable through shorter sessions. that made the initial transition from my older setup fairly painless. voice communication was more variable. my friends could hear me clearly in quiet rooms, but the microphone picked up surrounding sounds more than i wanted when the room became active. i also had one session where the connection dropped and needed to be restarted before the conversation returned. these interruptions were not constant, yet they were especially frustrating during coordinated play. the controls themselves remained responsive, and the device did not show any obvious trouble with basic game input. as the weeks passed, i appreciated the straightforward handling but became more cautious about relying on it for important team communication. candle arc 276 is neither a failure nor a complete solution. it provides a solid base for competitive play and works well when the surroundings are calm, while the inconsistent voice experience and occasional connection problem weaken the overall impression. my judgement is balanced: suitable for ordinary gaming, with reservations for players who need uninterrupted communication.",True
CORD000661,CUS00067,2019-06-04,Bakers,"[{""product"":""Candle Quest 498"",""quantity"":3},{""product"":""Vela Halo 659"",""quantity"":2},{""product"":""Candle Bloom 262"",""quantity"":2},{""product"":""Candle Orbit 656"",""quantity"":1}]",8953.01,26.79,-37.799198,145.044088,25,6741.55,Winter,True,4.4571,"candle edge 986 has travelled well and provided enjoyable gaming away from my main desk. it packs without much effort, starts quickly and responds reliably during normal play. the controls are comfortable after a short adjustment, and the display remains clear in hotel rooms and other unfamiliar spaces. battery use rises during longer sessions, but portability remains its strongest advantage.",True
CORD000662,CUS00203,2019-07-30,Nickolson,"[{""product"":""Candle Quest 498"",""quantity"":1},{""product"":""Candle Bloom 262"",""quantity"":1},{""product"":""Candle Quest 354"",""quantity"":1}]",2829.38,16.59,-37.88311,145.00315,15,2421.56,Winter,False,7.7566,"candle quest 660 suits my study and research routine better than the older laptop i had been carrying. i spend much of the day reading articles, taking notes, and moving between reference pages, and the keyboard remains comfortable when a short session turns into several hours. the display gives me enough room to keep a source and my notes visible together, whereas the previous machine made that arrangement feel cramped and required more constant switching. i have compared the two laptops while researching, drafting notes, and organising files. candle quest 660 feels more responsive when several browser pages are open, and returning to a document after checking a reference is less disruptive. the weight also matters because i move between a desk, a library table, and a quieter room. it is not difficult to carry, and the solid construction gives me confidence when placing it in a bag. for ordinary study work, the experience is calm rather than demanding attention from the hardware. this remains an ultrabook, so it is not the machine i would choose for intensive specialised software or large creative projects. the compact design also leaves less room for some ports and accessories than a larger laptop. those limits match its purpose. compared with my old computer, candle quest 660 offers a more comfortable reading and writing surface, smoother research sessions, and a better balance for everyday study.",True
CORD000663,CUS00466,2019-05-05,Thompson,"[{""product"":""Vela Halo 659"",""quantity"":1},{""product"":""Candle Bloom 1000"",""quantity"":1},{""product"":""Vela Halo 569"",""quantity"":3}]",2527.82,13.88,-37.887549,144.913809,0,2541.7,Autumn,False,8.8231,"candle arc 186 has suited my travel routine better than the larger gaming hardware i used previously. i take it on short trips and use it during quiet evenings, so portability matters as much as the basic gaming experience. it is easier to pack, quicker to bring out, and less awkward to use in a small room. the older setup offered a larger presentation but was so inconvenient to move that i rarely took it anywhere. candle arc 186 has encouraged me to play more often because it fits around the trip instead of controlling the trip. controls are responsive enough for the games i normally play, and the display remains readable in ordinary indoor light. sessions can continue for a reasonable stretch without the device becoming uncomfortable to hold. it does not replace the fuller feel of a fixed setup, especially when i want a large view or extended controls, but the compromise is sensible for portable use. the sound is adequate for private play, while headphones are preferable when other people are nearby. i have also found the physical design less fragile in a bag than my previous portable device. the controls have remained consistent after repeated packing and unpacking, and starting a session does not involve much preparation. battery life varies with the type of game and brightness, so i carry a charger for longer journeys; that is the only limitation i regularly plan around. candle arc 186 offers a more practical balance than my old equipment. it is compact, usable, and dependable enough that it has become the gaming device i choose when travelling.",True
CORD000664,CUS00335,2019-02-07,Thompson,"[{""product"":""Candle Edge 680"",""quantity"":1},{""product"":""Candle Orbit 656"",""quantity"":1}]",4513.46,16.3,-37.746881,144.88743,5,4304.09,Summer,False,,"i bought the vela halo 875 to replace a basic room gauge and expected a less awkward way to watch indoor temperature and humidity. after 33 days of ownership, the comparison is disappointing. the halo 875 does display both readings, but the figures are slow to settle after moving it between rooms and often differ noticeably from the older gauge sitting beside it. that makes the main purpose frustrating rather than reassuring. setup was not difficult in theory, yet the instructions leave too many small questions unanswered. the screen is readable from directly in front, but its narrow viewing angle becomes a problem on a shelf or desk. i have to stand close and at the right height to check it, while the older gauge can be glanced at from across the room. the casing also feels more delicate than expected, and the display gathers reflections near a window. these are not fatal defects, but they make routine checks awkward and tiring. during ordinary use, the device records changes eventually, though the response is inconsistent when cooking, showering, or opening a window. humidity can remain at the earlier level long after the room has changed, then shift abruptly. temperature readings are less troublesome, but still not steady enough for comparison from one room to another. i wanted a dependable picture of indoor conditions and instead spent time wondering whether a change was real or merely delayed. the 12-month warranty provides some cover, but it does not solve the daily inconvenience or the uncertainty around the readings. compared with a plain gauge, the vela halo 875 looks more substantial while offering a more frustrating ownership experience. its basic display operates, yet the sluggish response, restricted viewing angle, and questionable consistency outweigh that limited function. i regret replacing the simpler gauge and cannot recommend the vela halo 875 for anyone seeking straightforward indoor monitoring.",False
CORD000665,CUS00175,2019-07-04,Thompson,"[{""product"":""Candle Quest 354"",""quantity"":1},{""product"":""Candle Bloom 1054"",""quantity"":1},{""product"":""Candle Orbit 656"",""quantity"":2},{""product"":""Candle Flux 990"",""quantity"":3}]",,11.89,-37.797347,144.930894,15,9922.98,Winter,False,2.2189,"after two weeks with candle lumen 148, the connection between rooms has been much steadier. setup was straightforward, and the unit joined my existing network without awkward troubleshooting. devices in the back room now stay connected during normal browsing and streaming, which was the main reason i bought it. the casing feels basic, but it sits neatly on a shelf and has not become warm. i have not tested it with a very large household, so i cannot judge its limits there. for extending coverage across a modest home, it has been reliable and worthwhile.",True
CORD000666,CUS00472,2019-09-13,Thompson,"[{""product"":""Candle Orbit 1034"",""quantity"":2}]",1163.84,11.19,-37.830194,144.893928,15,1000.45,Spring,False,5.058,"candle edge 284 has made shared-room music playback more pleasant than the small speaker i was using before. i wanted something that could fill ordinary household moments without requiring constant adjustment, and this unit has fitted that role well. compared with my old speaker, the sound carries more evenly across the room, so people sitting away from the centre can still follow the music. pairing was simple, and different members of the household have been able to use it without a long explanation. we play background music while cooking, cleaning, or having friends over, and the connection has stayed dependable during those ordinary activities. the volume is enough for our room, though anyone wanting a very forceful party system would probably choose a larger product. for our purpose, the balanced presentation is more valuable than sheer loudness. the controls are easy to locate, and the speaker can be moved from one shelf to another without making the setup feel like an event. my previous unit was smaller and convenient to carry, but its sound became thin when several people were talking. candle edge 284 keeps music present without becoming harsh or demanding attention. i have used it for several weeks and have not needed to troubleshoot the connection after the initial pairing. there is no need to use every available feature to enjoy it; the basic playback function is already satisfying. compared with my earlier speaker, candle edge 284 gives our shared room a fuller and more dependable music experience, which is exactly the improvement i was hoping for.",True
CORD000667,CUS00421,2019-05-03,Nickolson,"[{""product"":""Candle Orbit 1034"",""quantity"":2},{""product"":""Candle Flux 990"",""quantity"":3},{""product"":""Candle Quest 498"",""quantity"":1},{""product"":""Candle Bloom 1054"",""quantity"":1}]",9205.37,23.08,-37.874163,144.992875,15,7847.64,Autumn,True,6.5094,"after owning candle lumen 598 for two years, i have found it a practical way to extend coverage between the study and the living room. setup took a little patience because i had to try two positions before finding one that reached the main router and the far room properly, but the indicator and the instructions made the process understandable. once placed, phones, a laptop and a television have stayed connected without the repeated dropouts i had before. streaming in the back room is now smooth, and ordinary browsing remains responsive even when several people are using the network. the unit has also remained quiet and cool during long periods of use. it is not the smallest networking device, and the status light is brighter than i would choose for a bedroom, yet those are minor complaints. candle lumen 598 has made coverage more consistent and has continued to do its job reliably, so i am pleased with the purchase.",True
CORD000668,CUS00126,2019-05-18,Nickolson,"[{""product"":""Candle Quest 498"",""quantity"":1},{""product"":""Candle Edge 680"",""quantity"":1},{""product"":""Candle Flux 990"",""quantity"":1},{""product"":""Candle Orbit 656"",""quantity"":1},{""product"":""Vela Halo 569"",""quantity"":1}]",8065.33,,-37.847095,144.953957,0,8075.02,Autumn,False,3.4523,"vela halo 1019 replaced the soft pouch i had been using to carry a phone, charging lead, and a few small accessories during travel. the new case protects the contents more effectively and keeps them from sliding around in my bag. i have taken it on several commutes and longer trips, and the shape has stayed firm even when packed among other items. it is a small improvement, but it has made finding my accessories much faster. compared with the old pouch, vela halo 1019 offers better separation and a more orderly interior. the pouch was flexible, which sounded convenient, but everything collected at the bottom and the cable became bent around other objects. this case keeps the phone and smaller items in their own areas. i can open it and see what i brought instead of checking by touch. that has been especially useful at transport stops when i need a cable quickly. the exterior has handled ordinary travel well. it does not feel delicate, and the fastening has remained secure in a crowded backpack. i also appreciate the balance between protection and size. a harder, larger case would provide more space but would be awkward to carry, while this one fits into the pocket i already use. the interior is suitable for compact accessories, though a bulky charger makes the case feel crowded. my only hesitation is that the space must be packed thoughtfully. if i add too many loose items, the case becomes less tidy and the fastening takes more effort. that is a packing limitation rather than a problem with its purpose. vela halo 1019 is neater, more protective, and easier to handle than my old pouch. for travel storage of a phone and small accessories, i prefer it and would gladly use it again.",True
CORD000669,CUS00197,2019-11-20,Bakers,"[{""product"":""Candle Orbit 1034"",""quantity"":1},{""product"":""Candle Edge 680"",""quantity"":1},{""product"":""Vela Halo 659"",""quantity"":1},{""product"":""Candle Orbit 656"",""quantity"":2}]",7622.15,9.21,-37.820324,145.018486,0,7631.36,Spring,False,2.3434,"i bought vela ridge 815 to manage a household outlet on a regular schedule, and it has performed that task consistently. the initial connection took a few attempts because i had to place it close to the router, but the setup became clear after that. i now use a routine for a lamp in the evening, and the outlet switches at the expected times without me remembering to do it manually. manual control is also convenient when plans change. the unit remains unobtrusive on the wall and has not become warm during ordinary operation. i have checked the schedule several times after a power interruption and found that it continued behaving as expected. the controls are not especially sophisticated, but the simple purpose is handled well. vela ridge 815 has removed a small daily chore and feels like a worthwhile addition to my home.",True
CORD000670,CUS00051,2019-10-27,Thompson,"[{""product"":""Candle Edge 680"",""quantity"":1},{""product"":""Candle Orbit 1034"",""quantity"":1},{""product"":""Candle Bloom 1000"",""quantity"":1},{""product"":""Vela Halo 659"",""quantity"":2}]",5178.58,11.39,-37.820655,144.887331,0,5189.97,Spring,False,5.322,"the candle quest 804 has made my commute more enjoyable, particularly when i switch between music and spoken-content listening. voices remain understandable over the surrounding travel noise, and the controls are close enough to use without repeatedly taking out my phone. pairing was completed quickly, and the connection has stayed consistent during the journey rather than dropping whenever i change position. the fit is secure for ordinary walking, although i sometimes adjust it after a long trip. the exterior shows fingerprints easily, which is only a cosmetic complaint. charging has been simple to remember because the battery covers my usual travel pattern. after weeks of use, the candle quest 804 feels convenient, pleasant, and well suited to regular commuting.",True
CORD000671,CUS00105,2019-08-17,Thompson,"[{""product"":""Candle Edge 680"",""quantity"":1},{""product"":""Vela Halo 659"",""quantity"":1}]",2516.11,17.62,-37.870226,144.87565,5,2407.92,Winter,False,8.9602,"candle quest 876 has been dependable for competitive games where quick controls and voice communication matter. inputs register without distracting delay, and teammates can hear me clearly during ordinary matches. the equipment remains comfortable through longer sessions and has not developed loose parts. the adjustment mechanism could offer a little more range, but performance has remained strong for my gaming setup.",True
CORD000672,CUS00283,2019-07-18,Bakers,"[{""product"":""Candle Flux 990"",""quantity"":1},{""product"":""Candle Quest 498"",""quantity"":1},{""product"":""Candle Bloom 1000"",""quantity"":1},{""product"":""Candle Flux 1098"",""quantity"":2}]",6811.1,,-37.775837,144.980116,10,6143.41,Winter,False,4.0238,"candle flux 594 has suited long listening sessions at home. music and spoken audio remain clear, pairing is quick, and the wireless connection has not interrupted my routine. the fit becomes noticeable after several hours, although it never becomes painful. the controls are simple once learned. candle flux 594 is a pleasant, dependable choice for relaxed everyday listening.",True
CORD000673,CUS00278,2019-03-19,Thompson,"[{""product"":""Candle Orbit 1034"",""quantity"":1},{""product"":""Candle Orbit 656"",""quantity"":1},{""product"":""Candle Bloom 262"",""quantity"":1}]",3962.25,9.76,-37.839039,144.924514,25,2981.45,Autumn,False,3.5383,"the candle bloom 802 has become my preferred place for reading documents, marking passages, and writing handwritten notes. text is easy to view for long periods, and the pen response feels natural enough that i can annotate without constantly correcting strokes. i use it during study sessions and planning meetings, then review the notes later without carrying loose paper. moving between a document and the notes area is quick once the layout is arranged to suit my habits. the tablet feels balanced in my hands, although it becomes tiring if i hold it up for a very long reading session. the screen is reflective near a window, and i sometimes need to pause before writing on a newly opened page. those are minor limitations. what matters is that the candle bloom 802 keeps my reading and note-taking together in one orderly place, and it has encouraged me to keep more complete records.",True
CORD000674,CUS00220,2019-11-19,Thompson,"[{""product"":""Candle Bloom 1000"",""quantity"":1}]",1815.84,13.45,-37.777228,144.917456,15,1556.91,Spring,False,4.7227,"candle bloom 802 has been disappointing for reading and handwritten notes. page changes feel slow, and the writing response becomes uneven when several pages are marked up. my notes are sometimes misplaced after switching between documents, which makes study sessions frustrating. reading basic text is possible, but annotation is the reason i bought it and that part remains unreliable. the awkward workflow has made me avoid using it for serious work.",False
CORD000675,CUS00175,2019-07-18,Thompson,"[{""product"":""Candle Bloom 1000"",""quantity"":1},{""product"":""Vela Halo 569"",""quantity"":2},{""product"":""Candle Bloom 1054"",""quantity"":1},{""product"":""Candle Quest 498"",""quantity"":1}]",3872.2,11.89,-37.797347,144.930894,15,3303.26,Winter,,2.2189,"after two weeks with candle lumen 148, the connection between rooms has been much steadier. setup was straightforward, and the unit joined my existing network without awkward troubleshooting. devices in the back room now stay connected during normal browsing and streaming, which was the main reason i bought it. the casing feels basic, but it sits neatly on a shelf and has not become warm. i have not tested it with a very large household, so i cannot judge its limits there. for extending coverage across a modest home, it has been reliable and worthwhile.",True
CORD000676,CUS00315,2019-05-31,Thompson,"[{""product"":""Candle Edge 680"",""quantity"":1},{""product"":""Candle Quest 354"",""quantity"":1}]",2654.18,25.67,-37.886549,144.885594,15,2281.72,Autumn,True,9.8293,"vela atlas 575 has helped me understand how temperature and humidity change around the house throughout the day. i placed it in a central room and have checked it during cooking, overnight, and when the weather shifts outside. the readings are easy to see, and the history gives more context than a single glance at a wall display. i have moved it between rooms a few times and found the installation simple enough to repeat without starting over. it does not control the environment, so it cannot solve a stuffy room by itself, but it makes decisions about ventilation and heating more informed. the unit has continued reporting without demanding regular attention. vela atlas 575 is a straightforward monitor, and its steady information has made small household adjustments easier to judge.",True
CORD000677,CUS00304,2019-06-05,Nickolson,"[{""product"":""Vela Halo 659"",""quantity"":1},{""product"":""Candle Quest 498"",""quantity"":1},{""product"":""Vela Halo 569"",""quantity"":1}]",1722.13,18.85,-37.868823,144.956379,20,1396.55,Winter,False,5.7036,"vela core 183 was compared with a small television already in the living room for casual gaming. the older screen had fewer smart features, but its picture appeared immediately and its controls were predictable. vela core 183 takes longer to reach a usable screen, and returning from an application often leaves a blank image for several seconds. those delays are irritating when the device is meant for relaxed evening play. the picture is visible, although dark scenes look muddy and bright areas lose detail. motion occasionally appears blurred, especially when the game changes quickly. the built-in speakers produce sound, but dialogue is weak and effects become harsh when the volume is raised. connecting a controller was not consistently smooth; sometimes it was recognised after a restart, while another attempt required repeating the pairing process. the older television did not offer the same on-screen options, but it avoided these repeated interruptions. family use made the weaknesses more obvious. different people changed settings and then struggled to return them, because menus are crowded and the labels are not always clear. streaming also paused twice during ordinary use even though the household connection was unchanged. support supplied general reset instructions and did not explain the recurring blank screen. vela core 183 can show a game, but the lag, poor sound, and frustrating controls outweigh its added features. for casual living-room gaming, i find the older television less troublesome. i cannot recommend this display.",False
CORD000678,CUS00301,2019-08-22,Bakers,"[{""product"":""Candle Quest 354"",""quantity"":1},{""product"":""Candle Quest 498"",""quantity"":2},{""product"":""Vela Halo 569"",""quantity"":1}]",3168.53,15.99,-37.792702,145.010386,5,3026.09,Winter,False,2.3389,"candle shift 178 was installed for video meetings and media streaming, but the wireless connection caused repeated disruptions. nearby devices connected during setup, yet the signal weakened in the room where meetings were held, producing frozen faces and broken speech. streaming in another room also paused whenever a call was active. the management application was slow to update, so it was difficult to tell whether a setting had actually changed. restarting the unit restored service for a short period, but dropouts returned without an obvious trigger. the casing stayed cool and the status light remained on, although neither provided useful reassurance when the network failed. candle shift 178 handles light browsing, but its poor coverage and unreliable performance make it unsuitable for calls or shared media.",False
CORD000679,CUS00065,2019-06-26,Thompson,"[{""product"":""Candle Edge 680"",""quantity"":1},{""product"":""Candle Orbit 656"",""quantity"":2}]",6775.52,17.93,-37.883753,144.890722,25,5099.57,Winter,False,9.3245,"vela nova 1059 has helped me position my phone more comfortably at my desk. the adjustable mount holds the device securely for calls, reading, and watching short videos, while the base stays stable during normal use. changing the angle is quick, and the accessory takes up little workspace. the joint was stiff during the first few adjustments, though it now feels reassuringly firm. it is a practical addition to a compact desk.",True
CORD000680,CUS00114,2019-12-15,Thompson,"[{""product"":""Candle Orbit 1034"",""quantity"":1},{""product"":""Candle Flux 990"",""quantity"":1},{""product"":""Candle Bloom 1000"",""quantity"":1}]",4492.21,22.72,-37.842273,144.923437,15,3841.1,Summer,True,3.8912,"candle bloom 1000 was purchased for portable document work and video meetings, then compared with another lightweight laptop used in the same places. the first impression is that it is easy to carry, but the reduced weight does not compensate for the problems during a working day. the keyboard feels shallow and noisy, with a cramped layout that causes frequent typing mistakes. the trackpad sometimes ignores a short movement and then jumps, making document selection awkward. when several files are open, switching between them produces pauses and occasional frozen windows. those interruptions are frustrating during meetings because notes fall behind while the system catches up. video calls exposed further weaknesses. the camera image becomes grainy indoors, and the microphone captures nearby sounds more strongly than my voice. other participants asked me to repeat points even when i was sitting close to the screen. compared with the other laptop, candle bloom 1000 also loses battery charge quickly during a meeting combined with document editing. the percentage indicator drops unevenly, so remaining time is difficult to judge. the display is readable at a desk, but reflections make it hard to work near a bright window. basic documents can be opened and edited, yet the poor keyboard, hesitant multitasking, weak meeting audio, and unreliable battery estimate make this model disappointing. after 32 days, i carry a charger and keep backup notes because the computer cannot be trusted for a full mobile session. i regret choosing it for regular work and would avoid it for frequent video meetings.",False
CORD000681,CUS00335,2019-06-28,Thompson,"[{""product"":""Vela Halo 569"",""quantity"":2},{""product"":""Candle Quest 498"",""quantity"":1},{""product"":""Candle Quest 354"",""quantity"":1},{""product"":""Candle Orbit 656"",""quantity"":1},{""product"":""Candle Edge 680"",""quantity"":1}]",6522.75,21.65,-37.746881,144.88743,10,5892.12,Winter,False,8.9996,"i bought the vela halo 875 to replace a basic room gauge and expected a less awkward way to watch indoor temperature and humidity. after 33 days of ownership, the comparison is disappointing. the halo 875 does display both readings, but the figures are slow to settle after moving it between rooms and often differ noticeably from the older gauge sitting beside it. that makes the main purpose frustrating rather than reassuring. setup was not difficult in theory, yet the instructions leave too many small questions unanswered. the screen is readable from directly in front, but its narrow viewing angle becomes a problem on a shelf or desk. i have to stand close and at the right height to check it, while the older gauge can be glanced at from across the room. the casing also feels more delicate than expected, and the display gathers reflections near a window. these are not fatal defects, but they make routine checks awkward and tiring. during ordinary use, the device records changes eventually, though the response is inconsistent when cooking, showering, or opening a window. humidity can remain at the earlier level long after the room has changed, then shift abruptly. temperature readings are less troublesome, but still not steady enough for comparison from one room to another. i wanted a dependable picture of indoor conditions and instead spent time wondering whether a change was real or merely delayed. the 12-month warranty provides some cover, but it does not solve the daily inconvenience or the uncertainty around the readings. compared with a plain gauge, the vela halo 875 looks more substantial while offering a more frustrating ownership experience. its basic display operates, yet the sluggish response, restricted viewing angle, and questionable consistency outweigh that limited function. i regret replacing the simpler gauge and cannot recommend the vela halo 875 for anyone seeking straightforward indoor monitoring.",False
CORD000682,CUS00125,2019-02-26,Nickolson,"[{""product"":""Candle Orbit 1034"",""quantity"":1},{""product"":""Candle Flux 990"",""quantity"":1},{""product"":""Candle Orbit 656"",""quantity"":2},{""product"":""Candle Bloom 1000"",""quantity"":1}]",9016.33,9.34,-37.80147,144.96748,0,9025.67,Summer,False,1.9129,"i placed the vela echo 475 in the room where i keep books and spend most evenings, mainly because that space can feel different from the rest of the house. during the first few days i watched the readings at different times and compared them with how the room felt. the temperature changes were easy to follow, and the humidity figure gave me another point of reference when the air seemed dry. it has been useful for deciding when to open a window or use a small fan, although i still rely on judgement rather than treating the display as an absolute authority. the monitor has continued operating quietly and does not require much involvement once it is positioned. i like being able to glance at it while passing the shelf, and the compact design does not make the room look like a technical workspace. sudden changes are not reflected instantly, particularly after ventilation, so i wait before drawing conclusions. the readings can also vary slightly depending on where i move the unit, which is worth remembering when comparing one room with another. with the vela echo 475, i have found a useful middle ground between ignoring indoor conditions and constantly measuring them. it provides a consistent indication for routine decisions, but it does not turn a changing room into a precisely controlled environment. that combination suits my needs. i value the simple, quiet operation and the way it has helped me notice patterns, while the delayed response and position sensitivity keep my expectations realistic. the 12-month warranty adds some reassurance for continued household use.",True
CORD000683,CUS00130,2019-09-01,Thompson,"[{""product"":""Candle Edge 680"",""quantity"":1},{""product"":""Vela Halo 659"",""quantity"":1}]",2516.11,20.74,-37.797678,144.908813,5,2411.04,Spring,True,3.7518,"candle quest 642 has been enjoyable for sketches, handwritten ideas, and other lightweight creative work. the screen gives enough room for a natural drawing posture, and lines appear promptly as i work. it is easy to carry when inspiration strikes away from my desk, and switching to note-taking is quick. the surface can feel warm during extended drawing, though it never became uncomfortable. i would choose a more specialised tool for demanding projects, but for everyday creative work this tablet is reliable and useful.",True
CORD000684,CUS00260,2019-09-02,Bakers,"[{""product"":""Candle Quest 498"",""quantity"":1},{""product"":""Vela Halo 569"",""quantity"":1},{""product"":""Candle Bloom 1054"",""quantity"":1}]",1907.27,12.07,-37.768817,145.043819,10,1728.61,Spring,False,6.2606,"candle shift 232 has been useful for family browsing, reading exercises, and short learning sessions at the kitchen table. the screen is comfortable for ordinary text, and switching between simple activities is generally smooth. several browser tabs make it hesitate, and the speakers are quiet enough that younger users sometimes need to move closer. it is practical for light shared use, though heavier browsing exposes its limitations.",True
CORD000685,CUS00109,2019-07-28,Nickolson,"[{""product"":""Vela Halo 569"",""quantity"":1},{""product"":""Candle Bloom 1000"",""quantity"":1}]",1964.93,16.69,-37.885411,144.93986,0,1981.62,Winter,False,7.8737,"candle quest 444 has handled my evening listening sessions without becoming tiring. the wireless connection stayed steady around the house, and spoken audio remained clear even at modest volume. music has a balanced sound that suits both quiet work and relaxed weekends. the controls took a little practice to remember, although they now feel natural. after regular use, i am pleased with its comfort and consistent performance.",True
CORD000686,CUS00372,2019-02-11,Bakers,"[{""product"":""Candle Quest 354"",""quantity"":1},{""product"":""Candle Orbit 656"",""quantity"":1},{""product"":""Candle Edge 680"",""quantity"":1},{""product"":""Candle Bloom 262"",""quantity"":1}]",6034.51,12.56,-37.751853,145.004934,25,4538.44,Summer,False,6.5212,"the candle quest 138 has made guest access much less awkward in my home. i can keep visitors on a separate network while leaving my household devices connected as usual, and the device list makes it easier to recognise what is online. i have also used the management controls to pause a forgotten tablet in the evening. the setup screen took a little exploring, but the arrangement has stayed steady since then and gives me useful control without constant attention.",True
CORD000687,CUS00252,2019-09-10,Nickolson,"[{""product"":""Vela Halo 569"",""quantity"":1},{""product"":""Vela Halo 659"",""quantity"":1}]",413.8,12.08,-37.873961,144.983169,20,343.12,Spring,False,6.2715,"vela atlas 485 has given me a convenient way to notice door and window activity without checking each area manually. the alerts arrive promptly enough for ordinary household awareness, and the app presents them in a way that is easy to understand later. i placed the sensors in the areas i care about most, then adjusted the notifications so normal movement would not become distracting. that setup took some thought, but once the routine was established the system became unobtrusive. the sensors are small and have stayed neatly in position during regular use. i treat the alerts as useful information rather than a replacement for sensible attention, which seems the right approach for any home device. vela atlas 485 has added reassurance and visibility to my daily routine. it is a practical system for keeping track of activity around doors and windows.",True
CORD000688,CUS00426,2019-01-29,Bakers,"[{""product"":""Candle Bloom 1000"",""quantity"":1},{""product"":""Candle Quest 354"",""quantity"":1},{""product"":""Vela Halo 659"",""quantity"":2}]",2748.04,11.42,-37.791624,145.045674,0,2759.46,Summer,False,4.88,"candle arc 258 replaced a networking arrangement that left parts of our home office unreliable, especially when more than one person was working at the same time. i have been using it for nineteen days, and the main change is the steadier experience across the rooms where we actually work. video meetings, document access, and routine browsing now feel less dependent on finding the exact right position. compared with the previous setup, i spend far less time moving devices around or waiting for a connection to settle. the improvement is not just about reaching a distant corner. candle arc 258 has made the home office feel more predictable when several devices are active. i can move from my desk to another room without treating the transition as a test, and other household members can work online while i am using the connection for calls or research. the setup instructions were clear enough for me to follow without turning the process into an afternoon project. management options are also presented in a way that is understandable for normal household use. i still needed to place the unit thoughtfully, and the appearance is more functional than decorative. the connection can never be better than the service coming into the home, so i do not view it as a solution to every network problem. within its intended role, candle arc 258 compares very favorably with what i had before. it has reduced interruptions, made shared work easier, and given the home office the reliable coverage i was hoping to achieve.",
CORD000689,CUS00464,2019-12-12,Thompson,"[{""product"":""Vela Halo 659"",""quantity"":1},{""product"":""Vela Halo 569"",""quantity"":1},{""product"":""Candle Flux 990"",""quantity"":1},{""product"":""Candle Edge 680"",""quantity"":1}]",4759.65,10.25,-37.837613,144.928699,10,4293.93,Summer,False,3.2084,"candle orbit 260 has handled reading, research, note taking and ordinary writing tasks without becoming a source of distraction. i often move between reference material and a document, and the laptop remains responsive enough for that pattern of work. the keyboard supports long periods of typing, while the screen is comfortable for articles and notes in different lighting. its shape makes it practical to carry between the library, desk and kitchen table when i want a change of setting. the fan can become noticeable during heavier activity, and i would prefer a little more room around the ports, but these are manageable limitations. candle orbit 260 has proved dependable, capable and pleasant for study.",True
CORD000690,CUS00041,2019-01-16,Thompson,"[{""product"":""Candle Bloom 1000"",""quantity"":1},{""product"":""Candle Bloom 1054"",""quantity"":2},{""product"":""Vela Halo 659"",""quantity"":1}]",2980.25,8.3,-37.815706,144.94397,5,2839.54,Summer,False,0.4334,"vela spark 351 has worked well as an everyday phone for calls, messages, maps, and casual browsing. i have used it while planning routes, checking public transport information, and keeping in touch with family, and the navigation remained responsive when moving between apps. the display is bright enough for quick outdoor checks, and the text is comfortable to read during longer conversations. initial setup was clear, with the main settings easy to find even without consulting instructions. i also appreciate that the phone feels secure in one hand and does not become awkward during frequent use. battery performance has been strong through normal days of messaging and navigation, though extended map use naturally reduces it more quickly. that is a reasonable limitation for this type of device. vela spark 351 has given me a smooth, dependable experience over several weeks, and it handles the parts of smartphone ownership that matter most to me.",True
CORD000691,CUS00011,2019-10-03,Bakers,"[{""product"":""Vela Halo 659"",""quantity"":2},{""product"":""Candle Bloom 1054"",""quantity"":1},{""product"":""Candle Bloom 262"",""quantity"":2},{""product"":""Candle Flux 990"",""quantity"":1},{""product"":""Vela Halo 569"",""quantity"":1}]",5459.35,12.45,-37.779946,144.999389,5,5198.83,Spring,False,3.3613,"i compared candle bloom 406 with the gaming hardware already on my desk because i wanted something suitable for long desktop sessions. the first impression was not promising: the controls feel stiff and the layout takes time to learn. in a short session that is merely awkward, but after several hours it becomes tiring. i have to shift my hand repeatedly to reach secondary controls, while the older device keeps the common functions closer together. performance is inconsistent during demanding games. input sometimes arrives late after a busy scene, and a control has failed to register often enough to affect play. the device does not stop working completely, so basic commands remain possible, but that is a poor standard for hardware used in precise situations. i have checked connections and changed settings without finding a lasting explanation. compared with the other unit, candle bloom 406 feels less predictable exactly when responsiveness matters most. the construction adds to the frustration. the casing moves slightly on the desk, the cable catches against the edge, and the surface shows marks quickly. heat builds around the area where my hand rests, which makes long use unpleasant. i kept trying different positions because i wanted to give the device a fair comparison, but none removed the central problems. candle bloom 406 is functional in the narrowest sense, yet its delayed input, awkward reach, and uncomfortable build make it a weak choice for serious sessions. i regret buying it and cannot recommend it.",False
CORD000692,CUS00036,2019-11-05,Bakers,"[{""product"":""Candle Orbit 1034"",""quantity"":3},{""product"":""Vela Halo 659"",""quantity"":1},{""product"":""Candle Edge 680"",""quantity"":1}]",4261.87,22.23,-37.786877,145.05436,0,4284.1,Spring,True,5.7964,"the candle arc 348 has helped remove a weak coverage spot between my study and the back rooms. i placed it where the existing signal was still usable, and devices farther away now connect with much less interruption. video calls in the study have stayed steadier, while phones and tablets can move around the house without needing constant manual attention. the setup instructions were clear enough for me to complete the process without outside help. i have also moved the unit once to find a better position, and reconnecting it was uncomplicated. the indicator light is brighter than i would prefer at night, so i covered it rather than changing my room arrangement. performance naturally depends on placement and the surrounding walls, but within my home it has made a noticeable difference. the candle arc 348 is a practical way to extend coverage between rooms without making network management feel complicated.",True
CORD000693,CUS00154,2019-07-20,Bakers,"[{""product"":""Candle Bloom 1000"",""quantity"":1},{""product"":""Vela Halo 569"",""quantity"":1},{""product"":""Candle Flux 990"",""quantity"":1}]",4059.38,10.15,-37.811482,144.99596,5,3866.56,,False,0.1772,"the vela wave 715 has simplified the routine of switching a household outlet on and off. setup was clear, and i created a schedule for a lamp without needing repeated attempts. the outlet follows the planned times consistently, while manual control is available when our routine changes. i like being able to check its state from another room instead of wondering whether the lamp was left on. the app is uncluttered, though the device takes a short moment to respond when the network is busy. it has remained connected during normal use and has not required daily attention. the compact design leaves the neighbouring outlet accessible, which is useful in my crowded power area. the vela wave 715 cannot replace a full home automation system, but for one scheduled outlet it is practical, dependable, and easy to understand. it has removed a small recurring chore from my evenings.",True
CORD000694,CUS00247,2019-07-28,Bakers,"[{""product"":""Candle Bloom 262"",""quantity"":1},{""product"":""Candle Orbit 656"",""quantity"":2},{""product"":""Candle Edge 680"",""quantity"":1}]",7893.79,17.42,-37.744686,145.050356,15,6727.14,Winter,False,8.7298,"the vela wave 967 has changed how i handle notifications during walks and commuting. before buying it, i kept my phone in a pocket and took it out whenever i felt a vibration, often discovering that the message was unimportant. the vela wave 967 lets me glance at the wrist first. that small separation has reduced interruptions and made it easier to decide whether i need to stop, reply, or continue walking. compared with checking the full phone screen, the routine feels more controlled. the display is compact but readable for short alerts, and calendar reminders arrive in time for the appointments i need to remember. my old phone gave me more detail, so i still take it out when a conversation requires a proper response. that is not a drawback for me; i bought the wearable for quick awareness rather than complete communication. the band remains secure during brisk walks, although i notice its presence more when i wear a jacket with a tight cuff. the trade-off is minor compared with the convenience. i have used the vela wave 967 on public transport, during morning walks, and at work when i do not want to keep a phone on the desk. it has continued to show ordinary notifications without demanding much attention. i have not relied on it for anything beyond alerts and quick checks, and i do not regard it as a replacement for a phone. after 34 days, it has proved more useful than expected. compared with my previous phone-only routine, the vela wave 967 keeps me informed while allowing me to stay focused on the journey.",True
CORD000695,CUS00319,2019-01-14,Bakers,"[{""product"":""Candle Quest 354"",""quantity"":1},{""product"":""Vela Halo 569"",""quantity"":1},{""product"":""Candle Orbit 656"",""quantity"":1},{""product"":""Candle Orbit 1034"",""quantity"":1},{""product"":""Candle Quest 498"",""quantity"":1}]",,12.03,-37.827054,145.05708,5,4481,Summer,False,5.7543,"i bought the candle bloom 190 for travel-based work and presentations, so my priorities were manageable weight, dependable everyday operation, and a screen that would suit a small meeting room. after several weeks of carrying it between home, the office, and presentation spaces, it has proved easy to fit into that pattern. the initial setup took little time, and my usual documents, browser tabs, and meeting tools were ready without a complicated process. i especially noticed the difference when moving from a desk to a café or shared workspace: the laptop did not make the change feel like an event. the candle bloom 190 has handled my normal writing and presentation work smoothly. slides open promptly, switching between notes and the presentation is uncomplicated, and the keyboard is comfortable for longer stretches of drafting. i have worked through several travel days without needing to hunt for a desk, and the compact form has left room in my bag for other essentials. the screen is easier to use indoors than in very bright outdoor light, which is a limitation of my travel conditions rather than a daily concern. its speakers are adequate for a small room, although i use external equipment when presenting to a larger group. over time, the strongest benefit has been consistency. the hinge still feels firm, the keyboard has remained pleasant to use, and the machine wakes ready for work rather than requiring repeated attention. i have used the candle bloom 190 for last-minute edits before meetings and for quiet evening preparation, and it has supported both without drama. the included warranty is reassuring for a device that travels often. it is not intended to replace a larger workstation for every task, but as a portable work companion it has made presentations and mobile writing noticeably easier. i am very pleased with the purchase.",True
CORD000696,CUS00350,2019-08-08,Thompson,"[{""product"":""Candle Flux 1098"",""quantity"":1},{""product"":""Candle Quest 498"",""quantity"":1},{""product"":""Candle Flux 990"",""quantity"":1}]",4199.02,15.73,-37.830923,144.944666,5,4004.8,Winter,False,2.0403,"vela atlas 1097 looked suitable for everyday timekeeping and habit reminders, yet ownership became increasingly disappointing. the display is readable indoors, but the reminder alerts were inconsistent. on some days the prompt appeared late, and on others it failed to appear at all. that made it difficult to use for routines that depend on a regular nudge. the time remained visible, although the screen sometimes took an awkward extra tap to wake, especially when i was carrying something. charging was another nuisance because the contact needed careful positioning, and a small movement could interrupt the session without an obvious warning. message notifications were not part of my main reason for buying it, but the limited information shown there made the device feel less practical. i contacted support after several missed reminders and received basic reset advice, with no lasting improvement. after more than a month, vela atlas 1097 feels unreliable and frustrating. its core clock function works, but the reminder feature is too inconsistent to justify keeping it.",False
CORD000697,CUS00268,2019-02-26,Thompson,"[{""product"":""Candle Orbit 1034"",""quantity"":3},{""product"":""Vela Halo 569"",""quantity"":3},{""product"":""Vela Halo 659"",""quantity"":1},{""product"":""Candle Orbit 656"",""quantity"":1}]",4719.8,10.56,-37.813093,144.956134,0,4730.36,Summer,False,0.7977,"i bought vela ridge 743 for presentations and family photo viewing, expecting a straightforward display in a meeting room. instead, it introduces awkward delays at nearly every stage. connecting a source can take several attempts, and the screen sometimes remains blank after the device reports that it is ready. this is embarrassing when an audience is waiting. photo slideshows change slowly, with occasional pauses between images. colours appear uneven from different seats, and the viewing angle is poor in a wider room. during a presentation, the controls have failed to respond until the display was restarted. those interruptions are frustrating and make it difficult to maintain a coherent discussion. the panel shows an image once everything connects, so the basic display function operates. that limited success does not offset the unreliable switching, weak viewing consistency, and cumbersome controls. i have stopped using it for important presentations because the risk of delay is too high. the product has been disappointing from setup through routine use, and i cannot recommend vela ridge 743.",False
CORD000698,CUS00384,2019-01-23,Thompson,"[{""product"":""Candle Flux 990"",""quantity"":1}]",2094.45,21.27,-37.851906,144.928209,20,1696.83,Summer,True,4.6664,"the vela atlas 719 has accompanied my mobile devices on several ordinary trips and has been compared with a soft pouch and a more rigid case i used previously. after forty-eight days, it offers the best compromise for protective storage during travel. it keeps the device separate from loose items, gives it a defined place in my bag, and is quick to open when i need to use the device again. the soft pouch was light but allowed the contents of my bag to press against the device. the rigid case provided stronger structure, yet it took up more room and was awkward when i was moving between locations. the vela atlas 719 sits between those experiences. it has enough structure to make me less concerned about ordinary contact in a travel bag while remaining compact enough for daily carrying. i have used it in a backpack, a smaller day bag, and beside other accessories without the storage process becoming irritating. the interior arrangement is practical for the items i normally carry, and the outside has remained presentable after repeated handling. i like that i can pack the device quickly rather than wrapping it in clothing or searching for a separate pouch. there is a limit to the protection: i would not treat it as equipment for severe impact or poor conditions, and the available room is not intended for a large collection of additional accessories. those boundaries are clear and reasonable. compared with the alternatives, the vela atlas 719 gives me the most useful mix of access, order, and everyday protection. it has removed one small source of travel worry without adding much bulk. the twelve-month warranty is welcome for an accessory used so frequently. for protective storage while travelling, it has been a worthwhile and practical improvement.",True
CORD000699,CUS00495,2019-10-17,Bakers,"[{""product"":""Candle Orbit 656"",""quantity"":1},{""product"":""Candle Flux 990"",""quantity"":2},{""product"":""Candle Bloom 1000"",""quantity"":3},{""product"":""Candle Edge 680"",""quantity"":1}]",14149.88,,-37.78518,145.021908,5,13455.03,Spring,False,3.6205,"candle orbit 422 was used for field forms and client presentations, and i compared it with an older tablet that is slower but less erratic. the screen displayed forms clearly enough indoors, yet entering information outside was difficult because reflections obscured several fields. the touch response also varied near the edges, causing missed taps and occasional duplicate entries. with client information in front of me, those mistakes created awkward pauses and forced repeated checks. during presentations, the device became more troublesome. a document opened normally one time and stalled the next, while rotating the tablet sometimes left the page sideways until i locked and unlocked the screen. candle orbit 422 could show a presentation once it had loaded, but the delay before opening files made the process feel uncertain. compared with the older tablet, it offered no convincing advantage in a meeting and caused more attention to be spent on the device. field conditions exposed the construction as well. the casing picked up marks quickly, and the charging connection felt loose when the tablet was used on a vehicle seat. battery use fell sharply when the screen remained bright, making a charger necessary for a full day away from a desk. the built-in speakers were thin during a small client discussion, so i had to hold the tablet closer for everyone to hear. these are not isolated inconveniences: they affected forms, presentations, transport, and charging. candle orbit 422 manages basic tablet functions, but its poor outdoor visibility, hesitant touch response, stalled files, weak audio, and fragile-feeling connection make it a disappointing work device.",False
CORD000700,CUS00477,2019-03-23,Bakers,"[{""product"":""Vela Halo 569"",""quantity"":1},{""product"":""Candle Edge 680"",""quantity"":1}]",2400.49,11.32,-37.760403,145.00092,5,2291.79,Autumn,False,5.5371,"i bought vela nova 429 because charging leads had begun collecting in a drawer and on the edge of my desk. the accessory is compact, so placing it beside the socket did not require rearranging anything. i could separate the cables i use every day and keep the less frequently used ones behind them. that simple change made the area look calmer, although the organiser holds fewer thicker leads than i first expected. during the first week, i tried it with phone, tablet, and headphone cables. slimmer cables stayed in their channels without much movement, while a heavier lead occasionally pulled free when i lifted the device from the desk. the material has enough firmness to keep its shape, and the base does not slide much on the surface. it is not a complicated item, but the usefulness depends on placing it where the cables naturally arrive. when i moved it to a lower shelf, reaching the connectors became awkward and the tidy effect was reduced. after 41 days, the channels have not stretched and the finish still looks clean. vela nova 429 has solved the specific problem of loose everyday cables, though it has not replaced a larger storage box for spare accessories. i appreciate that it needs no setup and takes very little room. my view is mixed in a practical way: it is a neat solution for a small group of light cables, but the limited capacity and weaker grip on thick ones should be considered before buying. for my desk, it remains useful enough to keep.",True
CORD000701,CUS00133,2019-04-25,,"[{""product"":""Candle Flux 990"",""quantity"":1},{""product"":""Candle Orbit 1034"",""quantity"":2}]",3258.29,12.15,-37.752187,145.012323,15,2781.7,Autumn,False,6.6012,"vela halo 821 has handled my work calls and calendar reminders without fuss. voices remain intelligible during calls, and appointments are quick to enter while i am moving between tasks. the screen is comfortable for checking a busy day, and the phone has stayed responsive after regular use. the outer finish marks easily, but that is a minor cosmetic issue beside the reliable everyday performance.",True
CORD000702,CUS00496,2019-12-22,Thompson,"[{""product"":""Candle Flux 990"",""quantity"":1},{""product"":""Candle Bloom 1000"",""quantity"":2}]",5726.13,8.72,-37.819876,144.939812,0,5734.85,Summer,False,1.0237,"i compared the vela echo 295 with the manual routine i had been using for the blinds and curtains. the manual approach worked, but it was easy to leave one room unfinished when mornings were rushed. once the schedules were arranged, the device handled the opening and closing routine with very little attention from me. the change is most noticeable at the edges of the day, when the rooms look ready without my walking through the house to adjust every blind. it has made the home feel more orderly without requiring a complicated daily ritual. the vela echo 295 is straightforward to operate, and i could alter a routine when my household plans changed. compared with a simple timer, the controls gave me a better sense of which blind or curtain action was being changed, so i felt more in control of the result. i also liked that the mechanism did not become the focus of the room; after installation, the useful part is simply the repeated routine happening in the background. the first setup took some patience, and the schedules are not something i would want to rebuild frequently. it also cannot decide what the room needs on an unusual day, so i still make occasional manual adjustments. compared with leaving everything to memory, however, the vela echo 295 saves small amounts of effort and gives the rooms a consistent rhythm. the 12-month warranty is welcome, and i would choose it for dependable automated blind and curtain routines rather than for elaborate home control.",True
CORD000703,CUS00081,2019-05-08,Thompson,"[{""product"":""Candle Bloom 1054"",""quantity"":2},{""product"":""Candle Flux 990"",""quantity"":1},{""product"":""Candle Flux 1098"",""quantity"":1}]",3790.39,9.67,-37.785047,144.929849,10,3421.02,Autumn,False,3.4243,"i have used candle lumen 1084 for shared-room music playback long enough to compare it with both a small portable speaker and an older wired unit. its main strength is convenience. music starts without a complicated routine, the sound carries across a normal room, and the compact shape fits on a shelf without attracting much attention. voices and everyday songs come through clearly enough for background listening, and family members can use it without asking me to manage every change. the comparison becomes less favourable with music that depends on separation or deep low tones. candle lumen 1084 can sound a little flat when several instruments are playing together, while the older wired speaker gives the performance more space. at higher volume, the result is still listenable but less balanced, and i sometimes turn it down rather than keep adjusting the controls. the buttons are easy to find, although their labels are not very clear from across the room. for established ownership, i value the uncomplicated routine more than exceptional sound. candle lumen 1084 is a pleasant choice for shared listening, podcasts, and casual background music, but it does not replace a stronger audio system. it is more convenient than my old wired speaker and less expressive than it. that makes the product genuinely mixed: practical and unobtrusive, with sound quality that depends heavily on what is being played.",True
CORD000704,CUS00222,2019-12-23,Bakers,"[{""product"":""Candle Quest 354"",""quantity"":1},{""product"":""Vela Halo 659"",""quantity"":1},{""product"":""Candle Edge 680"",""quantity"":1}]",2918.89,12.69,-37.86442,145.027994,20,2347.8,Summer,False,6.7008,"candle vista 254 has been a dependable companion for commuting and spoken-content listening. pairing took little time, and the connection stayed in place while i moved through the usual parts of my journey. podcasts and audiobooks are clear enough that voices remain easy to follow over ordinary background noise. music is also enjoyable at a moderate level, although it does not have the depth i would seek for serious listening at home. the controls can be reached quickly when i need to pause before entering a conversation or crossing a road. i have worn it through several commutes and found the fit comfortable, though i prefer removing it during longer waiting periods. battery life has covered my normal travel pattern, with charging needed every so often rather than after every outing. candle vista 254 has made the daily trip more pleasant and less repetitive, and its straightforward operation means i can concentrate on getting where i need to go.",True
CORD000705,CUS00122,2019-10-27,Thompson,"[{""product"":""Candle Flux 990"",""quantity"":1},{""product"":""Vela Halo 569"",""quantity"":1}]",2243.54,14.02,-37.871098,144.877345,10,2033.21,Spring,False,8.927,"vela pulse 199 has been helpful in our shared workspace, where i often need to view a phone while writing or handling other equipment. it keeps the device upright and visible, making calls, timers, and reference notes easier to follow without holding the phone. the support feels stable on a flat desk, and the angle can be changed to suit different seating positions. several people have used it without needing complicated adjustments. it is less secure when placed near the edge of a crowded surface, and larger devices make the stand feel slightly top-heavy. i simply keep it near the centre of the desk. for hands-free support during meetings, study, and shared tasks, vela pulse 199 has proved useful and unobtrusive.",True
CORD000706,CUS00414,2019-07-02,Nickolson,"[{""product"":""Candle Edge 680"",""quantity"":2},{""product"":""Vela Halo 569"",""quantity"":2},{""product"":""Candle Bloom 1000"",""quantity"":2}]",8432.66,12.67,-37.790336,144.969325,10,7602.06,Winter,False,3.1423,"i added vela nova 105 to control the lighting in a room that changes purpose during the day. in the morning it is a work area, later it becomes a place to relax, and in the evening i prefer softer light without getting up repeatedly. the app has made those transitions pleasantly simple. i can adjust the room from the chair, and household members who were initially sceptical learned the basic controls after only a few uses. the installation took a little patience because i checked the existing connection before fitting everything in place. once connected, the lighting responded promptly to ordinary commands. i have used the app when entering the room with full hands, when dimming the lights during a film, and when restoring a brighter setting before working. the most useful part has been the ability to make small changes without disturbing someone who is already settled. after a restart of our home network, vela nova 105 reconnected without requiring me to begin the whole process again. the app is not perfect. some screens take a moment to load, and i would prefer finer control over certain transitions. the physical lighting itself remains the main attraction, and it has continued to operate consistently through daily use. vela nova 105 has made one room easier to share because the atmosphere can change quickly for different activities. it is a modest piece of home automation, but the convenience has become part of our normal routine, and i am glad i installed it.",True
CORD000707,CUS00124,2019-01-04,Nickolson,"[{""product"":""Vela Halo 659"",""quantity"":1},{""product"":""Candle Orbit 1034"",""quantity"":1},{""product"":""Candle Bloom 1000"",""quantity"":1}]",2662.47,11.5,-37.862004,144.95476,20,2141.48,Summer,False,4.9986,"candle vista 434 has been enjoyable for shared-room music playback. pairing took little time, and the controls are clear when someone wants to pause or change the volume. music sounds balanced at normal levels, with vocals remaining easy to hear while people move around the room. it is not intended for a large party or demanding audio setup, but it suits meals, cleaning, and relaxed evenings very well. the compact design and dependable performance are both welcome.",True
CORD000708,CUS00326,2019-11-29,Bakers,"[{""product"":""Candle Edge 680"",""quantity"":1},{""product"":""Candle Bloom 1054"",""quantity"":2},{""product"":""Candle Bloom 262"",""quantity"":1},{""product"":""Candle Quest 498"",""quantity"":1},{""product"":""Candle Orbit 1034"",""quantity"":3}]",7323.46,21.35,-37.821938,145.045193,0,7344.81,Spring,True,,"candle edge 1076 has worked well for competitive play and voice communication. inputs feel consistent, and team conversations stay clear during busy matches. i have used it for extended sessions without the controls becoming uncomfortable or unreliable. the design is less distinctive than i expected, but it performs steadily and lets me concentrate on the game. that makes it a satisfying purchase.",True
CORD000709,CUS00056,2019-02-09,Thompson,"[{""product"":""Candle Edge 680"",""quantity"":1},{""product"":""Candle Bloom 262"",""quantity"":1},{""product"":""Vela Halo 659"",""quantity"":1},{""product"":""Candle Bloom 1054"",""quantity"":1},{""product"":""Vela Halo 569"",""quantity"":1}]",4233.32,11.72,-37.765162,144.940291,15,3610.04,Summer,False,5.3165,"i use candle arc 114 during focused desk work and the wireless connection has remained consistent across ordinary sessions. music sounds balanced at moderate volume, with enough detail for background listening without becoming distracting. the buttons are less pleasant to use because they sit close together, and switching between devices occasionally requires another attempt. it is a capable option for a desk, although the small control layout keeps it from feeling completely polished.",True
CORD000710,CUS00500,2019-04-28,Bakers,"[{""product"":""Candle Quest 354"",""quantity"":1},{""product"":""Candle Orbit 656"",""quantity"":1},{""product"":""Candle Edge 680"",""quantity"":2},{""product"":""Candle Flux 990"",""quantity"":1}]",9262.09,12.4,-37.754453,145.030951,15,7885.18,Autumn,False,6.9281,"the vela ridge 203 has become the screen we use for shared films and television, and its larger presentation is a clear step up from watching on a computer. people seated at opposite ends of the room can follow the main action and subtitles without leaning forward. the interface is familiar enough for different family members to choose programmes, and the remote has not required much explanation. compared with our old display, the picture looks cleaner in ordinary scenes and the viewing area feels less crowded when several people are present. the built-in audio is the part i would assess carefully. speech is understandable, but music and effects sound narrow, and the contrast between quiet conversation and louder scenes means someone often reaches for the volume control. the screen also reflects a nearby window during the afternoon, so placement has mattered more than expected. switching between services is usually fine, although the home screen occasionally pauses before responding to a command. these are not failures of the basic viewing function, but they prevent the set from feeling completely finished. after established use, the vela ridge 203 remains a sensible shared television for everyday programmes. it compares favourably with the smaller display it replaced, particularly for subtitles and group viewing, while a separate sound system would make the experience more complete. i am content with its role, but i would not choose it solely for cinema-quality audio.",True
CORD000711,CUS00229,2019-04-11,Bakers,"[{""product"":""Candle Bloom 1054"",""quantity"":1},{""product"":""Candle Orbit 1034"",""quantity"":1},{""product"":""Candle Quest 354"",""quantity"":1},{""product"":""Candle Flux 1098"",""quantity"":1}]",2230.79,8.29,-37.802252,144.979127,0,2239.08,Autumn,False,1.6563,"vela wave 769 has accompanied me on several trips, and it has kept my small mobile accessories together without taking up much room. the case opens smoothly, the internal space is arranged sensibly, and my cables, charger, and spare items stay in their places while the bag is being moved. its shape slips neatly into a larger travel bag, while the outer material gives the contents a useful layer of protection from ordinary knocks and rubbing. i particularly like being able to find a cable quickly instead of emptying everything onto a hotel desk. the zip has continued to move cleanly, and the seams still look tidy after regular handling. the case is not roomy enough for bulky equipment, so i would check the dimensions against your own kit before buying. for compact essentials, however, vela wave 769 feels thoughtfully made and has reduced the small irritation of travelling with loose accessories. it is a practical companion that i am glad to have.",True
CORD000712,CUS00340,2019-05-09,Thompson,"[{""product"":""Candle Orbit 656"",""quantity"":1},{""product"":""Vela Halo 569"",""quantity"":1},{""product"":""Candle Quest 498"",""quantity"":1},{""product"":""Candle Bloom 1054"",""quantity"":1}]",4169.33,14.59,-37.797552,144.882923,5,3975.45,,False,5.881,"i wore the vela wave 607 through ordinary walks, workdays, and several nights, expecting a consistent record of activity and sleep. the basic time display operated, but the rest of the experience was frustrating. step totals often differed sharply from the route i had walked, and the numbers sometimes stopped changing until i restarted the device. that made the daily history difficult to trust. sleep tracking was more disappointing. it regularly missed the beginning of the night, then showed a long period as awake even when i had not moved. the band also shifted during sleep and left a sweaty patch against my skin. charging was awkward because the contact point needed careful positioning, and a small movement could interrupt it. after repeated checks, the figures still gave no dependable picture of my routine. the vela wave 607 records something, but the unreliable results make it difficult to use for daily decisions, so i cannot recommend it.",False
CORD000713,CUS00401,2019-12-17,Thompson,"[{""product"":""Candle Orbit 1034"",""quantity"":3},{""product"":""Vela Halo 659"",""quantity"":2},{""product"":""Candle Quest 354"",""quantity"":1}]",2677.96,,-37.795074,144.952651,5,2553.47,Summer,False,2.0174,"candle orbit 566 has been used by several people in our shared room for short casual game sessions. the controls are easy to understand, and the system starts a game without a complicated setup process. it handles the lighter titles we play at a steady pace, while the compact design fits beside the television without crowding the cabinet. the experience becomes less consistent when two people pass controllers around or when the room is busy. wireless input occasionally feels a fraction behind the screen, and reconnecting a controller after a break takes longer than expected. the built-in audio is serviceable but we usually send sound through the television. storage for installed games also feels limited once several are added, so we have needed to remove older ones. candle orbit 566 has given us enjoyable short sessions and is accessible to less experienced players. its limits are noticeable, but for uncomplicated shared-room gaming it remains a reasonable middle ground.",True
CORD000714,CUS00178,2019-12-01,Thompson,"[{""product"":""Candle Bloom 1054"",""quantity"":2}]",899.7,20.88,-37.808695,144.900515,25,695.66,Summer,True,4.1136,"candle edge 482 has settled into our household as a shared screen for reading practice, recipes, and casual browsing. the display is comfortable for a child to use at the table, while the size still makes it practical for an adult to carry around. switching between family members is uncomplicated, and pages load promptly during ordinary use. we have also used it for looking up school material without needing to move to a larger computer. the casing does show fingerprints after hands-on use, so i wipe it occasionally, but that is a minor upkeep issue. it has proved flexible enough for several different routines.",True
CORD000715,CUS00373,2019-02-14,Thompson,"[{""product"":""Vela Halo 569"",""quantity"":1},{""product"":""Candle Bloom 1054"",""quantity"":1},{""product"":""Candle Flux 1098"",""quantity"":1}]",1395.18,21.94,-37.86119,144.928811,0,1417.12,Summer,True,5.6281,"i have used the vela wave 643 for presentations at home and for showing photographs to visitors. setting it up was uncomplicated, and the screen became usable soon after connecting it. slides are legible from across my living room, with text remaining clear enough for a small group. photos look bright and inviting, although darker images lose some detail when the room is strongly lit. i have adjusted the screen once or twice, but i would prefer not to keep changing settings depending on the material. for presentations, the display wakes promptly and accepts content without much fuss. i tested it from a laptop and a phone, and both were workable. the connection took longer to appear on one occasion, which made me wait before starting. since then i have prepared the first slide in advance. that small precaution has prevented disruption, though it means the device is not quite as immediate as i expected. the built-in sound is sufficient for spoken notes and quiet clips, but it lacks fullness for music. photo viewing is the more enjoyable use. swiping through a collection is simple, and the screen is large enough for several people to see faces and details. reflections are visible near the window during the afternoon, so i usually move a chair or close the blind. the frame feels stable on its stand, while the rear controls are less convenient than the on-screen ones. the vela wave 643 fits my household because it handles slides and shared photos without taking over the room. brightness, reflections, startup delays, and ordinary sound quality are all noticeable compromises. i am content with it for casual viewing and small presentations, but it would not be my first choice for a demanding media setup.",True
CORD000716,CUS00390,2019-11-19,Nickolson,"[{""product"":""Candle Orbit 656"",""quantity"":1}]",2262.06,12.56,-37.87885,144.949442,15,1935.31,Spring,False,6.9288,"candle orbit 836 has suited my travel routine better than the larger gaming setup i used previously. i wanted something i could pack without giving up the chance to play during a trip, and this hardware has made that realistic. it fits into my bag with the other items i normally carry, starts without a lengthy process, and lets me continue a game during a quiet wait or a short break. the portability is the main advantage rather than an extra feature. the controls took a little time to feel natural because the layout is more compact than a full-sized controller. after several sessions, i stopped thinking about the difference and found the inputs responsive for the kinds of games i play while travelling. the screen is comfortable for shorter stretches, though i would choose a larger display for a long evening at home. that trade-off seems fair for a device intended to move easily. compared with my former arrangement, candle orbit 836 creates less preparation. i no longer need to decide whether a trip is worth carrying a case of equipment, and i can put it away quickly when transport arrives. battery life has covered my usual sessions, but i carry the charger on longer journeys because usage varies. the casing has also survived being moved between a desk, a bag, and a bedside table without showing early wear. it is not a replacement for a full home system in every respect, and the small controls may not suit every player. for portable gaming and travel, though, candle orbit 836 is more convenient and more enjoyable than my previous option. it gives me a practical way to keep playing without making the rest of the journey harder.",True
CORD000717,CUS00328,2019-07-01,Nickolson,"[{""product"":""Candle Edge 680"",""quantity"":1},{""product"":""Candle Orbit 1034"",""quantity"":1},{""product"":""Candle Quest 498"",""quantity"":2}]",5449.98,14.21,-37.854982,145.002099,10,4919.19,Winter,False,4.9538,"candle orbit 224 has been useful for online classes and video calls from home. voices come through clearly, and the wireless connection has remained steady while i move between my desk and nearby rooms. the fit is comfortable enough for a full lesson, and i can mute or adjust the level without searching through software menus. other people on calls have had no difficulty hearing me during normal conversations. music sounds pleasant for background listening, though the bass is restrained and the controls are small. battery life has covered my usual classes and meetings, with charging needed after particularly busy days. candle orbit 224 has made remote classes easier to follow and has reduced the small audio interruptions that used to distract me.",True
CORD000718,CUS00307,2019-04-11,Thompson,"[{""product"":""Vela Halo 659"",""quantity"":1},{""product"":""Candle Bloom 1000"",""quantity"":1}]",2080.55,10.51,-37.852747,144.939854,0,2091.06,Autumn,False,4.5009,"candle flux 162 has been more flexible than the older tablet i kept mainly for watching videos. the previous device was adequate for media, but video calls felt cramped and moving between a call, a message, and a programme was less pleasant than it should have been. candle flux 162 handles those mixed uses more naturally, giving me a useful screen for viewing while remaining portable enough to carry around the house. i have compared the two during films, short video calls, reading, and casual browsing. the display is comfortable for personal viewing, and the call experience leaves enough room to see the other person without losing the controls entirely. i also like being able to move from media to a practical task without reaching for another device. the speakers suit ordinary use, although a group watching in a larger room will want something with more volume. the tablet is also less convenient than a laptop for lengthy typing, which is a normal compromise for this form. candle flux 162 is not the best single device for every job, but it covers more of my routine than the older tablet did. compared with that model, it feels more responsive, more useful for calls, and better suited to moving between entertainment and everyday tasks. after extended ownership, i regard it as a successful replacement because it adds versatility without losing the simple convenience of a portable screen.",True
CORD000719,CUS00475,2019-01-17,Bakers,"[{""product"":""Candle Bloom 1000"",""quantity"":1}]",1815.84,12.05,-37.860553,145.011101,15,1555.51,Summer,False,5.7918,"candle vista 902 has become my preferred device for reading articles, marking passages, and writing handwritten notes. the screen is comfortable for extended reading, and pages turn smoothly without making the activity feel sluggish. annotation tools are easy to locate, so i can highlight a section and add a thought without breaking concentration. handwritten notes remain legible when i review them later, which has helped me organise ideas after meetings and study sessions. the tablet is light enough to hold for a while, although i prefer resting it on a stand during very long reading periods. that is more about posture than the device itself. i have carried candle vista 902 between rooms repeatedly, and it has remained responsive and pleasant to use. its combination of reading, annotation, and handwriting has made it a genuinely useful part of my routine.",True
CORD000720,CUS00235,2019-02-23,Thompson,"[{""product"":""Candle Bloom 1054"",""quantity"":1},{""product"":""Vela Halo 569"",""quantity"":1},{""product"":""Candle Bloom 262"",""quantity"":1},{""product"":""Candle Flux 990"",""quantity"":1}]",3811.66,12.17,-37.793801,144.88369,15,3252.08,Summer,False,5.9506,"i have used the vela halo 551 for communication and navigation throughout the past month, and it has settled into my routine without being especially memorable. calls are clear enough for ordinary conversations, messages arrive promptly, and navigation has helped me find unfamiliar streets without much fuss. the phone feels manageable in one hand, which matters when i am carrying groceries or checking directions while walking. its basic everyday performance has been consistent. there are also moments that interrupt that impression. switching between navigation and messages can feel sluggish, particularly after several applications have been open for a while. i have seen the display hesitate before showing a page, and the battery level drops noticeably on days when navigation is running for a long time. neither issue has prevented me from completing a task, but both have made me plan charging more carefully. the camera is adequate for quick snapshots, though i would not choose it for photographs that matter. the vela halo 551 is a reasonable communication and navigation device for someone with ordinary expectations. it handles the central jobs and has not given me a serious failure, but the occasional delay and modest endurance keep it from feeling polished. i am neither disappointed nor enthusiastic. after established use, my view is simply that it is serviceable, with enough strengths to continue using it and enough limitations to make a future upgrade tempting.",True
CORD000721,CUS00040,2019-08-30,Thompson,"[{""product"":""Candle Bloom 1000"",""quantity"":1},{""product"":""Candle Orbit 656"",""quantity"":1},{""product"":""Candle Flux 990"",""quantity"":1},{""product"":""Candle Bloom 1054"",""quantity"":1}]",6622.2,14.57,-37.848378,144.905741,5,6305.66,Winter,False,5.3793,"the vela nova 825 has helped me understand how conditions change between rooms during the day. i placed it where i spend most evenings, and the temperature and humidity readings are easy to check in the app without hovering beside the device. the history gives me a better sense of when a room becomes stuffy or unusually dry, which helps me decide when to open a window or adjust the heating. installation was quick, and the monitor has continued reporting without demanding much attention. i needed a little experimentation to find a position away from direct sunlight and other heat sources, but that was sensible rather than difficult. it is a monitoring tool, not an automatic climate-control system. within that role, the vela nova 825 is clear, convenient and useful for making ordinary household decisions.",True
CORD000722,CUS00486,2019-07-21,Bakers,"[{""product"":""Candle Edge 680"",""quantity"":2},{""product"":""Candle Quest 498"",""quantity"":1}]",5811.13,14.85,-37.842136,145.045854,20,4663.75,Winter,False,5.7044,"i use vela spark 765 to schedule a household outlet for a lamp and a small charging routine. creating an on and off schedule was straightforward, and the outlet has followed it on most days without intervention. manual control from the app is also available when plans change. the main inconvenience is that the app can take a moment to display the current state, which makes me check twice before leaving the room. editing a schedule is less intuitive than creating one, and the labels are easy to overlook. the unit fits the outlet without blocking nearby space, though a crowded power board would be a different matter. it has remained stable through ordinary use. this is a useful basic automation device, but the software experience is only adequate and the delayed status display prevents complete confidence.",True
CORD000723,CUS00249,2019-06-20,Bakers,"[{""product"":""Candle Flux 990"",""quantity"":1},{""product"":""Candle Bloom 1054"",""quantity"":1},{""product"":""Vela Halo 569"",""quantity"":1}]",2693.39,16.36,-37.76897,145.062777,0,2709.75,Winter,False,7.486,"we wanted a tablet for family learning and shared browsing rather than a device that belonged to one person, and the candle lumen 832 has worked well in that role. the setup was clear enough for me to complete while the children were already asking to use it. i arranged the basic accounts and then let each person choose a few activities, which made the tablet feel like a shared household tool from the beginning. it has since been used for reading, school-related browsing, looking up recipes, and watching short instructional material. the screen is comfortable for sitting together at the table, and the size makes it easy to pass from one person to another. the candle lumen 832 responds promptly during the ordinary tasks we use most, and switching between a learning activity and a family search has not been troublesome. i have also appreciated being able to carry it from the kitchen to the living room without making space for a full computer. the speakers are adequate for quiet indoor use, though we use headphones when several activities are happening at once. i would also welcome a slightly simpler way to organise the home screen as everyone adds different things, but that is a small complaint. what matters is that the tablet has encouraged more shared browsing instead of leaving everyone on separate devices. after several weeks, candle lumen 832 feels dependable, approachable, and genuinely useful for our family. it has supported learning without making the experience feel formal, and it has become a device we are pleased to reach for.",True
CORD000724,CUS00003,2019-09-12,Thompson,"[{""product"":""Candle Orbit 656"",""quantity"":1},{""product"":""Candle Flux 990"",""quantity"":1}]",4356.51,9.55,-37.830574,144.924444,15,3712.58,Spring,False,2.8127,"candle quest 984 has been a welcome addition to our shared-room music setup. it fills ordinary listening with a pleasant, balanced sound, and voices remain clear when we use it for spoken content. starting playback is quick, while reconnecting after a pause has been dependable enough that nobody spends time managing it. i have moved it between the desk and living room without needing to relearn the controls. the sound remains enjoyable at moderate volume and does not become tiring during a longer afternoon of music. at the highest setting it loses some subtle detail, so it is not intended for critical listening or a very large gathering. that limitation is reasonable for its role. candle quest 984 has handled shared playback with little fuss, looks unobtrusive in the room, and has left me very satisfied.",True
CORD000725,CUS00395,2019-05-31,Thompson,"[{""product"":""Candle Flux 1098"",""quantity"":1},{""product"":""Candle Orbit 1034"",""quantity"":1}]",1378.16,20.82,-37.817431,144.906349,20,1123.35,Autumn,True,3.6159,"i have taken candle bloom 586 on trips and used it for short gaming sessions away from home. its size makes packing simple, and the controls are laid out in a familiar way, so i could start playing without a long adjustment period. the display is enjoyable indoors, and casual games run smoothly enough for the type of travel use i had in mind. the built-in sound is serviceable, although headphones are preferable in shared spaces. longer sessions reveal the main compromise: the battery falls quickly when the screen is bright, and the device becomes warm around the controls. storage also needs attention when several larger games are installed. it is convenient for filling a train journey or waiting period, but i would not choose it for a full day away from an outlet. candle bloom 586 provides genuine portability and ordinary fun, balanced by endurance and heat that limit its freedom.",True
CORD000726,CUS00431,2019-07-16,Thompson,"[{""product"":""Candle Bloom 1054"",""quantity"":1},{""product"":""Candle Orbit 1034"",""quantity"":1},{""product"":""Candle Flux 1098"",""quantity"":1}]",1828.01,17.99,-37.739971,144.892582,5,1754.6,Winter,False,9.396,"candle orbit 1088 has given me a more orderly way to manage the network used by my household and occasional guests. creating a separate guest connection was straightforward, and i can adjust device access without disturbing the people who are using the main connection. the management controls are laid out sensibly, so i can identify what is connected instead of guessing from a list of unfamiliar entries. i have also used it to review devices after visitors leave, which has made routine housekeeping less tedious. coverage has suited the rooms where we normally work and browse, and the connection has remained steady during ordinary evening use. the administration options take a little reading at first, but they reward that initial attention. candle orbit 1088 has made guest-network and device management clearer, and it now feels like a useful part of my home setup.",True
CORD000727,CUS00260,2019-05-17,Bakers,"[{""product"":""Candle Orbit 1034"",""quantity"":1},{""product"":""Candle Bloom 1054"",""quantity"":1},{""product"":""Vela Halo 569"",""quantity"":2},{""product"":""Candle Bloom 1000"",""quantity"":2}]",4961.63,11.88,-37.768817,145.043819,25,3733.1,Autumn,False,6.2606,"candle shift 232 has been useful for family browsing, reading exercises, and short learning sessions at the kitchen table. the screen is comfortable for ordinary text, and switching between simple activities is generally smooth. several browser tabs make it hesitate, and the speakers are quiet enough that younger users sometimes need to move closer. it is practical for light shared use, though heavier browsing exposes its limitations.",True
CORD000728,CUS00417,2019-09-24,Thompson,"[{""product"":""Candle Orbit 656"",""quantity"":1},{""product"":""Vela Halo 569"",""quantity"":1}]",2411.15,21.3,-37.78375,144.910863,0,2432.45,Spring,True,4.5236,"candle lumen 112 has worked well as a portable screen for media and video calls. i carry it between rooms and sometimes take it along when i want something larger than a phone without bringing a laptop. streaming has remained smooth, and the picture is enjoyable for films and casual viewing. the front camera keeps me visible during calls, while the microphone has been clear enough for ordinary conversations. it is light enough to hold for a while, though my hands prefer a stand during longer programmes. the speakers are fine for a quiet room but do not fill a larger space with much force. candle lumen 112 has still become a useful household device because it switches easily between entertainment and staying in touch.",True
CORD000729,CUS00094,2019-03-04,Bakers,"[{""product"":""Candle Flux 990"",""quantity"":1}]",2094.45,10.6,-37.771721,145.015479,15,1790.88,Autumn,False,4.6129,"i have carried the candle orbit 890 for work documents, travel notes, and presentations in different rooms. its low weight is the strongest feature, and it fits easily into a small work bag without making the day feel heavier. documents open promptly and ordinary multitasking remains responsive. the keyboard is suitable for short writing, but the shallow keys are tiring during longer reports. the display looks sharp indoors, while reflections make it harder to share material beside a window. battery life is adequate for a morning of lighter work, though presenting with higher brightness leaves less reserve than i would prefer. the hinge opens smoothly, but the lid flexes slightly when i adjust it on a crowded table. video meetings are understandable, although the speakers are quiet in a larger room. the candle orbit 890 is a sensible portable work laptop, with enough capability for routine presentations but several compromises in endurance, typing, and visibility.",True
CORD000730,CUS00199,2019-06-24,Bakers,"[{""product"":""Vela Halo 659"",""quantity"":1}]",264.71,16.68,-37.871936,145.038194,0,281.39,Winter,False,7.853,"candle quest 138 has made it easier to separate guest access from the devices used by my household. the initial setup was clear, and i could manage connected devices without repeatedly searching through confusing menus. visitors can use the guest network while my personal equipment remains on its own connection, which has made sharing access less awkward. i have also found the device list helpful when checking what is currently connected. performance has remained steady for browsing, calls, and ordinary streaming across several rooms. the management controls are more useful than the basic hardware appearance suggests. it is not aimed at advanced network experimentation, but for guest-network and device management, candle quest 138 has been a worthwhile improvement.",True
CORD000731,CUS00488,2019-07-12,Thompson,"[{""product"":""Candle Orbit 1034"",""quantity"":1},{""product"":""Candle Orbit 656"",""quantity"":3},{""product"":""Vela Halo 569"",""quantity"":2},{""product"":""Candle Quest 354"",""quantity"":1}]",8069.06,17.02,-37.743461,144.913081,5,7682.63,Winter,False,8.2554,"candle orbit 638 has helped me manage a busy home network with less uncertainty. i created a separate guest connection and can see which household devices are active, which is useful when visitors arrive or something needs checking. the connection itself has remained steady during normal browsing, calls, and streaming across several rooms. the management controls took longer to understand than the basic connection, but the layout became familiar after i used it a few times. i value being able to separate guest access from the devices we use every day. the status information is detailed, although it can feel like more than i need for a quick check. candle orbit 638 has made network organisation clearer and has supported our household without frequent attention. it is a dependable choice for people who want practical device management.",True
CORD000732,CUS00041,2019-12-11,Thompson,"[{""product"":""Candle Bloom 1000"",""quantity"":1},{""product"":""Candle Orbit 1034"",""quantity"":1},{""product"":""Vela Halo 569"",""quantity"":2},{""product"":""Candle Bloom 262"",""quantity"":1}]",3814.21,18.3,-37.815706,144.94397,0,3832.51,Summer,True,0.4334,"vela spark 351 has worked well as an everyday phone for calls, messages, maps, and casual browsing. i have used it while planning routes, checking public transport information, and keeping in touch with family, and the navigation remained responsive when moving between apps. the display is bright enough for quick outdoor checks, and the text is comfortable to read during longer conversations. initial setup was clear, with the main settings easy to find even without consulting instructions. i also appreciate that the phone feels secure in one hand and does not become awkward during frequent use. battery performance has been strong through normal days of messaging and navigation, though extended map use naturally reduces it more quickly. that is a reasonable limitation for this type of device. vela spark 351 has given me a smooth, dependable experience over several weeks, and it handles the parts of smartphone ownership that matter most to me.",True
CORD000733,CUS00084,2019-05-13,Bakers,"[{""product"":""Candle Bloom 1000"",""quantity"":3},{""product"":""Candle Bloom 1054"",""quantity"":1},{""product"":""Vela Halo 569"",""quantity"":1},{""product"":""Vela Halo 659"",""quantity"":1}]",6311.17,12.7,-37.85436,145.056593,20,5061.64,Autumn,False,7.3058,"vela spark 279 has stopped the charging cables on my desk from sliding behind furniture or tangling together. each lead stays in its place, and i can remove one without disturbing the others. it attaches firmly and looks unobtrusive beside the monitor. very stiff cables need more careful positioning, but ordinary leads fit well. this is a small accessory that has made my daily workspace noticeably neater.",True
CORD000734,CUS00324,2019-01-12,Bakers,"[{""product"":""Candle Edge 680"",""quantity"":2}]",4502.8,10.8,-37.804718,144.984075,10,4063.32,Summer,False,1.1424,"i installed candle edge 248 to extend coverage between rooms, but the extra range has been unreliable. a phone may connect in the far room while a laptop drops repeatedly from the same area. the signal changes without anyone moving the unit, so i cannot predict which room will remain connected. pairing took several attempts and the instructions left important steps unclear. after a power interruption, the extender sometimes returned with a different status and required another setup. streaming pauses whenever the connection shifts, and video calls become choppy even when the indicator claims the link is active. moving the unit closer helps one room while leaving another with poor coverage. the network operates near the main unit, but the reason for buying candle edge 248 was dependable reach between rooms. its unstable handoff and repeated resets make ordinary use frustrating. i spent too much time troubleshooting and cannot recommend this extender.",False
CORD000735,CUS00417,2019-08-06,Thompson,"[{""product"":""Vela Halo 569"",""quantity"":2},{""product"":""Candle Flux 1098"",""quantity"":1},{""product"":""Candle Bloom 1000"",""quantity"":1}]",2910.26,13.85,-37.78375,144.910863,15,2487.57,Winter,False,,"candle lumen 112 has worked well as a portable screen for media and video calls. i carry it between rooms and sometimes take it along when i want something larger than a phone without bringing a laptop. streaming has remained smooth, and the picture is enjoyable for films and casual viewing. the front camera keeps me visible during calls, while the microphone has been clear enough for ordinary conversations. it is light enough to hold for a while, though my hands prefer a stand during longer programmes. the speakers are fine for a quiet room but do not fill a larger space with much force. candle lumen 112 has still become a useful household device because it switches easily between entertainment and staying in touch.",True
CORD000736,CUS00460,2019-07-11,Nickolson,"[{""product"":""Candle Edge 680"",""quantity"":1},{""product"":""Candle Quest 354"",""quantity"":2},{""product"":""Candle Bloom 1054"",""quantity"":1}]",3506.81,12.44,-37.844299,144.966122,0,3519.25,Winter,False,2.874,"the vela nova 321 has been a welcome change from my previous phone for work calls and calendar management. calls are clear in ordinary environments, notifications arrive without obvious delays, and moving between appointments, messages, and notes feels less interrupted. my older phone could handle these tasks, but it often made routine organisation feel cramped and slow. the vela nova 321 gives those everyday activities enough room to remain manageable throughout a busy day. i compared it with using a smaller handset that was easier to hold but less comfortable for reviewing a full day of meetings. the display on the vela nova 321 makes schedules and messages easier to scan, while the device still fits into my normal pocket or bag. calendar changes, reminders, and work conversations have remained dependable over many weeks. it also handles navigation when i am travelling between meetings, so i do not need to carry a second device for simple directions. the larger format is not ideal for everyone, and i occasionally need both hands when typing quickly. battery life is sufficient for my routine rather than exceptional if i spend a long time on calls and navigation together. those are fair trade-offs for the organisation and communication improvements. i have found the vela nova 321 more balanced than my previous phone, and it has become a reliable part of my working day without demanding constant attention.",True
CORD000737,CUS00315,2019-06-24,Thompson,"[{""product"":""Candle Orbit 656"",""quantity"":1}]",2262.06,18.35,-37.886549,144.885594,0,2280.41,Winter,False,,"vela atlas 575 has helped me understand how temperature and humidity change around the house throughout the day. i placed it in a central room and have checked it during cooking, overnight, and when the weather shifts outside. the readings are easy to see, and the history gives more context than a single glance at a wall display. i have moved it between rooms a few times and found the installation simple enough to repeat without starting over. it does not control the environment, so it cannot solve a stuffy room by itself, but it makes decisions about ventilation and heating more informed. the unit has continued reporting without demanding regular attention. vela atlas 575 is a straightforward monitor, and its steady information has made small household adjustments easier to judge.",True
CORD000738,CUS00103,2019-10-15,Thompson,"[{""product"":""Vela Halo 569"",""quantity"":1},{""product"":""Candle Orbit 656"",""quantity"":1},{""product"":""Candle Flux 1098"",""quantity"":3},{""product"":""Candle Bloom 262"",""quantity"":1}]",5918.14,12.01,-37.8655,144.925049,5,5634.24,Spring,False,6.1842,"before using candle flux 378, our home-office and streaming equipment depended on a network arrangement that worked well in one room and became uncertain farther away. this unit has made coverage more even across the areas where we actually work and watch media. video meetings now remain more settled when another person is streaming, and i spend less time moving equipment or asking someone to pause their activity. the improvement is not simply about speed. it is the reduction in interruptions and awkward positioning. my work area is not beside the main connection point, yet calls have remained usable and ordinary file activity does not seem to disturb them as often as before. in the evening, streaming from another room has also been less prone to sudden pauses than with the earlier arrangement. compared with the previous network hardware, candle flux 378 was easier to place and less demanding to monitor. i still had to spend time choosing a suitable position, and the farthest corner of the house is not transformed into perfect coverage. thick walls continue to make a difference, so expectations should remain realistic. within the main work and media areas, however, the result has been consistently positive. the device has been running for weeks without needing constant attention. candle provides a 24-month warranty, which is helpful for something supporting both work and home use. it is not a dramatic gadget to show off, but it has removed a recurring source of frustration. compared with what i had before, candle flux 378 offers a calmer and more dependable connected routine.",True
CORD000739,CUS00263,2019-09-26,Nickolson,"[{""product"":""Candle Bloom 1054"",""quantity"":1},{""product"":""Candle Bloom 1000"",""quantity"":1},{""product"":""Candle Orbit 656"",""quantity"":1},{""product"":""Vela Halo 659"",""quantity"":1},{""product"":""Candle Orbit 1034"",""quantity"":1}]",5374.38,11.45,-37.866917,144.976243,10,4848.39,Spring,False,5.4052,"vela wave 643 has given us a convenient way to show presentations and browse photos together. slides remain readable from several seats, and images look bright enough for ordinary family viewing. the device fits neatly on a narrow surface and responds quickly to basic controls. i found the menu structure slightly busy at first, especially when switching between sources, but it soon became familiar. it has performed steadily since setup and makes shared viewing more inviting than passing a phone around.",True
CORD000740,CUS00493,2019-04-19,Bakers,"[{""product"":""Candle Flux 1098"",""quantity"":1},{""product"":""Candle Edge 680"",""quantity"":1}]",3047.64,10.94,-37.812578,144.981867,20,2449.05,Autumn,False,1.2087,"vela spark 855 has been a frustrating way to control room lighting. commands from the app often arrive late, and a light may remain on even though the screen says the change was completed. reopening the app sometimes shows an older state, so i cannot tell which setting is current. manual switching still works, but that defeats the reason for installing this system. the unreliable control and poor feedback are disappointing.",False
CORD000741,CUS00457,2019-09-12,Thompson,"[{""product"":""Candle Flux 990"",""quantity"":1},{""product"":""Candle Bloom 1000"",""quantity"":1},{""product"":""Candle Orbit 1034"",""quantity"":1},{""product"":""Candle Flux 1098"",""quantity"":1}]",5288.45,9.46,-37.789265,144.954448,0,5297.91,Spring,False,2.6824,"the vela ridge 221 replaced an older phone that was still usable but increasingly awkward for work calls and calendar management. after 39 days, i find the newer phone much better suited to my routine. calls are clear in the places where i normally work, and the calendar is easy to check between meetings. i can move from a call to an appointment reminder without the delays that had become common on my previous device. what i value most is the sense of order. the vela ridge 221 keeps work notifications separate enough from the rest of the day that i can respond without searching through clutter. compared with my old phone, the display is easier to read while walking between rooms, and appointments are simple to adjust when plans change. the 5g connection has also been useful in busy areas where my former phone often took longer to load calendar details. i have not tested every feature, but the basic work functions are consistently solid. there are small differences in feel. the body is a little larger than my old handset, so one-handed use takes more care, and the number of settings can seem extensive at first. once configured, however, the vela ridge 221 is comfortable to live with. the 24-month warranty adds confidence for a device intended for daily work. it is not a dramatic redesign of how i use a phone, but it is a clear improvement over my previous model for calls, schedules, and dependable everyday communication.",True
CORD000742,CUS00417,2019-11-10,Thompson,"[{""product"":""Candle Quest 354"",""quantity"":1},{""product"":""Candle Orbit 1034"",""quantity"":1},{""product"":""Candle Quest 498"",""quantity"":2}]",3601.36,10.8,-37.78375,144.910863,15,3071.96,Spring,False,4.5236,"candle lumen 112 has worked well as a portable screen for media and video calls. i carry it between rooms and sometimes take it along when i want something larger than a phone without bringing a laptop. streaming has remained smooth, and the picture is enjoyable for films and casual viewing. the front camera keeps me visible during calls, while the microphone has been clear enough for ordinary conversations. it is light enough to hold for a while, though my hands prefer a stand during longer programmes. the speakers are fine for a quiet room but do not fill a larger space with much force. candle lumen 112 has still become a useful household device because it switches easily between entertainment and staying in touch.",True
CORD000743,CUS00497,2019-01-27,Thompson,"[{""product"":""Candle Bloom 262"",""quantity"":1},{""product"":""Candle Quest 354"",""quantity"":2},{""product"":""Candle Orbit 656"",""quantity"":1}]",4185.89,12.75,-37.762497,144.903198,10,3780.05,Summer,False,6.7817,"i compared candle arc 564 with a wired pair i had used at my desk for focused work. the older headphones sounded acceptable, but the cable caught on the chair and made it inconvenient to move between the desk and a nearby shelf. candle arc 564 removes that nuisance and has made background music easier to fit into my working routine. pairing was uncomplicated, and reconnecting during later sessions did not require repeated effort. for instrumental music, podcasts, and ordinary playlists, the sound is balanced enough to listen for several hours. i can keep working without constantly reaching for the controls, and the wireless connection has remained steady around my desk. compared with a small speaker, the headphones also keep the sound contained when other people are working nearby. candle arc 564 feels lighter and less restrictive than the older arrangement, even though i still notice the ear cups after a long uninterrupted session. this is not the choice i would make for someone seeking a dramatic listening-room experience, and the wireless design means remembering to charge it. those limitations are easy to plan around in my use. the main benefit is the reduced clutter and the freedom to stand up without removing the music. after comparing both options over time, i prefer candle arc 564 for focused desk work because it delivers dependable everyday audio without the cable getting in the way.",True
CORD000744,CUS00234,2019-08-27,Bakers,"[{""product"":""Candle Bloom 262"",""quantity"":2},{""product"":""Candle Bloom 1054"",""quantity"":3},{""product"":""Candle Orbit 1034"",""quantity"":1},{""product"":""Candle Flux 1098"",""quantity"":1}]",4964.25,31.21,-37.742785,145.064883,15,4250.82,Winter,True,9.6606,"vela atlas 197 has become useful for habit reminders and everyday timekeeping because it stays visible without requiring me to take out my phone. i use reminders for breaks, errands, and regular tasks, and the vibration is noticeable without being harsh. the time display is clear at a glance, while the strap has remained comfortable during long working days. setup and syncing were uncomplicated, and the device has continued to show information even when my phone is not immediately beside me. the reminder controls could offer more flexibility for repeated schedules, but the available options cover my normal routine. battery life has been adequate for several days before charging. vela atlas 197 is a focused wearable rather than an all-purpose gadget, and that simplicity has made it easy to keep using.",True
CORD000745,CUS00390,2019-02-04,Nickolson,"[{""product"":""Candle Orbit 656"",""quantity"":1},{""product"":""Vela Halo 659"",""quantity"":1},{""product"":""Candle Bloom 262"",""quantity"":2}]",,12.85,-37.87885,144.949442,5,4537.99,Summer,False,6.9288,"candle orbit 836 has suited my travel routine better than the larger gaming setup i used previously. i wanted something i could pack without giving up the chance to play during a trip, and this hardware has made that realistic. it fits into my bag with the other items i normally carry, starts without a lengthy process, and lets me continue a game during a quiet wait or a short break. the portability is the main advantage rather than an extra feature. the controls took a little time to feel natural because the layout is more compact than a full-sized controller. after several sessions, i stopped thinking about the difference and found the inputs responsive for the kinds of games i play while travelling. the screen is comfortable for shorter stretches, though i would choose a larger display for a long evening at home. that trade-off seems fair for a device intended to move easily. compared with my former arrangement, candle orbit 836 creates less preparation. i no longer need to decide whether a trip is worth carrying a case of equipment, and i can put it away quickly when transport arrives. battery life has covered my usual sessions, but i carry the charger on longer journeys because usage varies. the casing has also survived being moved between a desk, a bag, and a bedside table without showing early wear. it is not a replacement for a full home system in every respect, and the small controls may not suit every player. for portable gaming and travel, though, candle orbit 836 is more convenient and more enjoyable than my previous option. it gives me a practical way to keep playing without making the rest of the journey harder.",True
CORD000746,CUS00056,2019-06-10,Thompson,"[{""product"":""Candle Orbit 1034"",""quantity"":1}]",581.92,14.52,-37.765162,144.940291,25,450.96,Winter,False,5.3165,"i use candle arc 114 during focused desk work and the wireless connection has remained consistent across ordinary sessions. music sounds balanced at moderate volume, with enough detail for background listening without becoming distracting. the buttons are less pleasant to use because they sit close together, and switching between devices occasionally requires another attempt. it is a capable option for a desk, although the small control layout keeps it from feeling completely polished.",True
CORD000747,CUS00184,2019-03-21,Bakers,"[{""product"":""Candle Orbit 656"",""quantity"":1},{""product"":""Candle Orbit 1034"",""quantity"":1}]",2843.98,9.01,-37.790706,145.011599,15,2426.39,Autumn,False,2.5824,"vela core 867 fits neatly into my walking and commuting routine. the band is light enough that i can wear it throughout the day, and the display is readable when i glance at it outdoors. notifications arrive promptly for the messages i care about, which saves me from checking my phone while crossing the city. i have also found the walking information helpful for keeping a consistent routine, especially on days when my route changes. pairing was quick, and the companion controls are simple to understand. after several weeks of daily wear, the device still looks tidy and the strap remains comfortable. the battery lasts through my usual schedule, though i prefer charging it before a particularly busy weekend. that small planning step is easy to manage. vela core 867 combines practical reminders, dependable timekeeping, and a comfortable fit in a way that suits everyday use.",True
CORD000748,CUS00453,2019-01-07,Thompson,"[{""product"":""Candle Flux 990"",""quantity"":1},{""product"":""Candle Quest 354"",""quantity"":1},{""product"":""Candle Edge 680"",""quantity"":1},{""product"":""Vela Halo 659"",""quantity"":1}]",5013.34,12.38,-37.804104,144.876677,20,4023.05,Summer,False,6.257,"the candle lumen 886 has been a welcome option for gaming away from my main desk. its portable shape fits into my travel bag without demanding much space, and the controls remain comfortable when i use it on a train table or in a hotel room. starting a session is quick, while the layout is familiar enough that i did not spend long learning it. the casing has handled repeated packing and unpacking without looking worn, and the display remains easy to follow in ordinary indoor light. longer sessions naturally benefit from a proper table, but that is true of most portable equipment. what i value most is being able to continue a game during trips without carrying a full desktop arrangement. the candle lumen 886 has made travel gaming convenient and has held up well to regular movement.",True
CORD000749,CUS00347,2019-03-03,Nickolson,"[{""product"":""Candle Orbit 656"",""quantity"":1},{""product"":""Candle Bloom 1000"",""quantity"":1},{""product"":""Candle Flux 990"",""quantity"":1}]",6172.35,7.39,-37.815268,144.965774,0,6179.74,Autumn,False,,"the vela atlas 161 has been in my pocket for just over a month, long enough for it to become familiar in ordinary situations rather than only during the first enthusiastic days. i mainly chose it for mobile photography and messaging, and both uses have fitted neatly into my routine. the camera starts quickly when i want to capture something unexpected, and daylight photographs retain enough detail for sharing or keeping as memories. i have taken pictures indoors, on walks, and during evening meals, with the results varying naturally with the available light but remaining pleasing for everyday use. messages arrive promptly, the keyboard is responsive, and conversations are easy to manage when several threads are active. i have also appreciated the way the vela atlas 161 handles small daily transitions. moving from a camera view to a message, checking a notification, and returning to another task feels smooth, so the phone does not interrupt the moment i am trying to record. its size works well for one-handed use, although i sometimes adjust my grip for the upper part of the screen. the battery has covered my usual day of calls, messages, photos, and browsing, though a busy day with extensive camera use requires more attention before bedtime. that is a reasonable trade-off for a phone that i carry constantly. i have not encountered any confusing behaviour or unreliable connection during regular use. the vela atlas 161 is not positioned as a specialist camera, but as a practical 5g smartphone for photography, conversation, and quick communication, it has served me with reassuring consistency.",True
CORD000750,CUS00055,2019-06-17,Thompson,"[{""product"":""Candle Bloom 1054"",""quantity"":2},{""product"":""Candle Edge 680"",""quantity"":2},{""product"":""Candle Quest 498"",""quantity"":3},{""product"":""Candle Bloom 262"",""quantity"":1},{""product"":""Vela Halo 569"",""quantity"":1}]",10594.85,24.89,-37.814624,144.921825,5,10090,Winter,True,2.2281,"vela halo 389 has reduced the number of adapters i carry when moving between my desk, meeting room, and home workspace. i can connect several devices through the compact unit, and it has handled my usual combination without becoming temperamental. the cable is flexible enough to position beside a laptop, while the adapter itself stays put rather than sliding across the table. i have used it for work peripherals and occasional media transfers, and the connections have remained consistent. it becomes warm after extended use, so i avoid covering it with papers or placing it in a tight pouch while active. that is a reasonable precaution. vela halo 389 has been convenient, dependable, and much less cluttered than carrying separate accessories.",True
CORD000751,CUS00315,2019-02-07,Thompson,"[{""product"":""Candle Flux 1098"",""quantity"":1},{""product"":""Vela Halo 659"",""quantity"":2}]",1325.66,14.88,-37.886549,144.885594,5,1274.26,Summer,False,9.8293,"vela atlas 575 has helped me understand how temperature and humidity change around the house throughout the day. i placed it in a central room and have checked it during cooking, overnight, and when the weather shifts outside. the readings are easy to see, and the history gives more context than a single glance at a wall display. i have moved it between rooms a few times and found the installation simple enough to repeat without starting over. it does not control the environment, so it cannot solve a stuffy room by itself, but it makes decisions about ventilation and heating more informed. the unit has continued reporting without demanding regular attention. vela atlas 575 is a straightforward monitor, and its steady information has made small household adjustments easier to judge.",True
CORD000752,CUS00239,2019-08-22,Nickolson,"[{""product"":""Candle Bloom 262"",""quantity"":1},{""product"":""Vela Halo 659"",""quantity"":1},{""product"":""Candle Bloom 1054"",""quantity"":1},{""product"":""Candle Orbit 1034"",""quantity"":1}]",2414.75,28.64,-37.876886,144.985604,0,2443.39,Winter,True,6.6332,"candle edge 608 has been running in my home office to extend wireless coverage to rooms where the previous arrangement was inconsistent. devices in the far room now connect more often, and ordinary browsing, document work and calls have been workable. the setup guide explains the main steps clearly, and the unit has remained cool on an open shelf. i have noticed fewer dead spots during routine use, which is a meaningful improvement for the household. management is less polished. the administration screen sometimes takes several seconds to load, and reconnecting a device after a setting change can require patience. one room still has a weaker signal when several devices are active, so the coverage is not perfectly even. these issues have not stopped me using the network, but they prevent complete confidence. candle edge 608 is a practical middle ground: useful coverage gains with occasional awkward maintenance.",True
CORD000753,CUS00238,2019-03-11,Nickolson,"[{""product"":""Candle Orbit 656"",""quantity"":1},{""product"":""Candle Bloom 262"",""quantity"":1}]",3380.33,26.68,-37.881496,144.992506,10,3068.98,Autumn,True,7.2789,"candle arc 150 was bought for document work and video meetings away from my main desk, then compared with an older office laptop. the newer machine opens documents, but it feels sluggish when several files and browser pages are present. scrolling through a long report can stutter, and switching between notes and a meeting window sometimes leaves a blank pause. the older laptop is heavier, but its response is less erratic. video meetings exposed more problems. the camera image becomes dull in ordinary indoor light, and the microphone picks up room noise without making speech particularly distinct. i often have to repeat myself, which is frustrating in a work call. returning to a document after the meeting can also take longer than expected. these are not dramatic failures separately, but together they make portable work feel poorly supported. the keyboard is serviceable for short messages, although the keys feel cramped during extended writing. the trackpad occasionally interprets a palm touch as a command, causing unwanted movement through a page. battery loss is another concern: meetings and document editing leave little margin, so carrying the charger is unavoidable. candle arc 150 is able to perform basic office tasks, but the weak camera, awkward input, and sluggish switching compare badly with the older laptop. i cannot recommend it for portable document work or frequent video meetings.",False
CORD000754,CUS00001,2019-10-04,Thompson,"[{""product"":""Vela Halo 569"",""quantity"":1},{""product"":""Candle Flux 1098"",""quantity"":1}]",945.33,14,-37.803735,144.885771,0,959.33,Spring,False,5.4761,"i used vela atlas 593 for small presentations and family photo viewing over several weeks. compared with the monitor i replaced, the display setup takes too much effort. connecting a presentation source is not consistently recognised on the first attempt, so i have had to disconnect and reconnect before an image appears. that delay is embarrassing when people are already waiting, and it makes the device unsuitable for anything that needs a predictable start. photo viewing is also disappointing. images look acceptable from directly in front, but colours shift noticeably when someone sits to the side. the built-in controls are buried behind several screens, and the remote often requires repeated presses before a menu responds. slideshow transitions pause at irregular points, leaving a blank screen for long enough to suggest that the unit has stopped. the basic picture function operates, but the overall handling feels unfinished and awkward. i compared vela atlas 593 with an older television connected to the same sources. the older setup begins more quickly, offers fewer confusing menus, and lets several people see the picture without a severe change in colour. this product occupies less space, but that is a weak consolation for unreliable presentation switching and frustrating photo sessions. the supplied warranty may help if the faults become permanent; it does not remove the recurring inconvenience. i cannot recommend it for shared viewing or presentations.",False
CORD000755,CUS00451,2019-11-07,Bakers,"[{""product"":""Candle Bloom 1000"",""quantity"":1},{""product"":""Candle Edge 680"",""quantity"":1},{""product"":""Candle Bloom 262"",""quantity"":3}]",7422.05,21.59,-37.840996,145.03522,10,6701.44,Spring,,4.9211,"candle orbit 1088 has made guest-network management much more orderly in my home. i can provide visitors with a separate connection without mixing their devices into the main arrangement, and removing access later is straightforward. the management screen groups the connected equipment clearly, which helps me understand what is active without guessing from unfamiliar labels. setting up a guest connection was not difficult, and the changes i make in the control panel appear quickly. i have used it when friends visit and when several temporary devices need access for a short period. the unit has remained stable during ordinary browsing and streaming. some of the deeper settings take time to interpret, but the basic controls are clear enough for routine management. candle orbit 1088 gives me useful visibility without requiring constant technical attention. separating visitors from household devices has made sharing the connection more comfortable, and keeping the list tidy is now much easier. it is a sensible networking tool for anyone who wants practical control over a busy home network.",True
CORD000756,CUS00237,2019-11-07,Bakers,"[{""product"":""Vela Halo 569"",""quantity"":1},{""product"":""Candle Bloom 1000"",""quantity"":1},{""product"":""Candle Flux 1098"",""quantity"":1},{""product"":""Candle Quest 354"",""quantity"":2}]",3566.73,9.37,-37.787599,144.988329,10,3219.43,Spring,False,2.5632,"candle flux 1026 has worked well for competitive gaming and voice communication. controls feel responsive in busy matches, and team conversations remain clear enough for quick decisions. i tested it during several extended sessions and found no interruptions that affected play. the volume controls take some time to balance, especially when switching games, but the settings can be left alone afterward. it has made my sessions more focused and enjoyable.",True
CORD000757,CUS00389,2019-09-27,Nickolson,"[{""product"":""Vela Halo 659"",""quantity"":1},{""product"":""Candle Bloom 1054"",""quantity"":3}]",1614.26,26.09,-37.884597,144.99465,15,,Spring,True,7.6628,"vela pulse 505 made room lighting more frustrating than expected. the app frequently took too long to connect, and commands sometimes showed as sent without changing the light. when control failed, the only practical option was to restart the unit and try again. the schedule feature also missed an evening change, leaving the room dark until i used the wall switch. manual lighting still works, but unreliable app control and poor feedback make this automation disappointing.",False
CORD000758,CUS00046,2019-09-18,Thompson,"[{""product"":""Candle Quest 498"",""quantity"":2},{""product"":""Candle Flux 990"",""quantity"":1},{""product"":""Vela Halo 569"",""quantity"":1},{""product"":""Vela Halo 659"",""quantity"":3}]",5654.33,13.89,-37.757554,144.875974,0,5668.22,Spring,False,8.7521,"candle vista 506 has been a welcome change from the older gaming hardware on my desk. i have owned it for 24 days and used it for short evening sessions as well as much longer weekends. the difference is not just the first impression; the arrangement continues to feel comfortable after several hours. controls are easy to reach, the setup sits sensibly with the rest of my desk, and i spend less time adjusting my position than i did with the previous equipment. during ordinary games, the response feels immediate enough that i can concentrate on play instead of thinking about the hardware. i have also switched between different styles of games and found the behaviour consistent. the unit does not turn a difficult game into an easy one, but it removes several distractions that had become familiar with my old setup. that makes the whole session more enjoyable. the build feels solid in normal use, and nothing has loosened or become awkward during the ownership period. there is still some space and cable planning needed around a desktop arrangement, so it is not an entirely invisible addition. someone with a very compact desk may need to consider placement before buying. compared with what i had before, though, candle vista 506 offers a clearer and more relaxed gaming experience. it is suited to the long sessions described for it, and the warranty gives useful reassurance for equipment that receives regular handling. i am pleased with the change and expect it to remain my main desktop gaming setup.",True
CORD000759,CUS00384,2019-07-30,Thompson,"[{""product"":""Candle Bloom 1000"",""quantity"":2},{""product"":""Candle Flux 990"",""quantity"":1},{""product"":""Candle Orbit 1034"",""quantity"":1}]",6308.05,13.97,-37.851906,144.928209,10,,Winter,False,4.6664,"the vela atlas 719 has accompanied my mobile devices on several ordinary trips and has been compared with a soft pouch and a more rigid case i used previously. after forty-eight days, it offers the best compromise for protective storage during travel. it keeps the device separate from loose items, gives it a defined place in my bag, and is quick to open when i need to use the device again. the soft pouch was light but allowed the contents of my bag to press against the device. the rigid case provided stronger structure, yet it took up more room and was awkward when i was moving between locations. the vela atlas 719 sits between those experiences. it has enough structure to make me less concerned about ordinary contact in a travel bag while remaining compact enough for daily carrying. i have used it in a backpack, a smaller day bag, and beside other accessories without the storage process becoming irritating. the interior arrangement is practical for the items i normally carry, and the outside has remained presentable after repeated handling. i like that i can pack the device quickly rather than wrapping it in clothing or searching for a separate pouch. there is a limit to the protection: i would not treat it as equipment for severe impact or poor conditions, and the available room is not intended for a large collection of additional accessories. those boundaries are clear and reasonable. compared with the alternatives, the vela atlas 719 gives me the most useful mix of access, order, and everyday protection. it has removed one small source of travel worry without adding much bulk. the twelve-month warranty is welcome for an accessory used so frequently. for protective storage while travelling, it has been a worthwhile and practical improvement.",True
CORD000760,CUS00159,2019-05-26,Thompson,"[{""product"":""Vela Halo 659"",""quantity"":1},{""product"":""Candle Flux 990"",""quantity"":1}]",2359.16,11.64,-37.767468,144.910836,15,2016.93,Autumn,False,5.9501,"vela wave 751 handles the parts of my day that matter most: messages, calls, maps, and quick searches. navigation remains responsive while i move between locations, and the screen is readable outdoors unless the light is especially harsh. i have used it for commuting, checking appointments, and finding unfamiliar streets without the connection dropping in normal areas. the size feels comfortable in one hand, though the smooth back benefits from a case because it can slide on some surfaces. battery performance is solid for a normal day of communication and navigation, with heavier use requiring an evening charge. it is not aimed at elaborate photography, but as a daily phone it has been dependable and easy to live with.",True
CORD000761,CUS00058,2019-09-17,Nickolson,"[{""product"":""Vela Halo 659"",""quantity"":1},{""product"":""Candle Edge 680"",""quantity"":1}]",2516.11,11.29,-37.865085,144.975683,10,2275.79,Spring,False,5.1974,"candle flux 648 improved the wireless coverage in the back rooms of my house, where the connection had previously become inconsistent. the setup instructions were clear, and after placing the unit between the existing router and the weaker area, devices connected with much less interruption. i now use the far room for video calls and streaming without needing to carry the laptop closer to the router. the indicator helped me find a sensible position, and the network name made the transition around the house feel seamless. speeds naturally vary with distance and how many devices are active, so i do not expect identical performance everywhere. even so, the coverage has been noticeably more usable for everyday work and entertainment. candle flux 648 has solved the particular dead spot i bought it for and has made the layout of the house more convenient.",True
CORD000762,CUS00264,2019-05-23,Bakers,"[{""product"":""Candle Flux 990"",""quantity"":1},{""product"":""Candle Quest 498"",""quantity"":1},{""product"":""Candle Flux 1098"",""quantity"":1}]",4199.02,,-37.760962,145.011586,20,3370.62,Autumn,False,5.6386,"the vela pulse 955 has made the lighting in our living space easier to manage than the ordinary switches we used before. the old arrangement worked, but the switch was on the other side of the room and changing the lighting during a film or while carrying something was inconvenient. with the vela pulse 955, i can adjust the room from the app and prepare the lighting before entering. that has been especially handy in the evening when i am moving between the living room and hallway. compared with simply walking to a switch, app control adds flexibility rather than replacing every physical action. i can change the lights while sitting with a book, and other people in the home can make adjustments without needing to know which switch controls which lamp. the app took a little time to understand, and the phone is not always the quickest option when i am already standing beside the light. i still use the physical controls for immediate changes. the vela pulse 955 is most valuable when timing and convenience matter. i have used different settings for reading, conversation, and winding down, and the system has responded consistently during normal daily use. the room feels more adaptable, although i have not tried to build an elaborate schedule because simple control meets my needs. compared with the old switch-only arrangement, this is a practical improvement for a shared room. it does add another app to my phone, but the convenience has outweighed that minor annoyance. after 34 days, i am pleased with the vela pulse 955 and would choose app-controlled lighting again.",True
CORD000763,CUS00435,2019-07-01,Thompson,"[{""product"":""Vela Halo 569"",""quantity"":1},{""product"":""Candle Orbit 656"",""quantity"":2},{""product"":""Candle Quest 354"",""quantity"":1}]",5075.99,18.68,-37.861036,144.933318,10,4587.07,Winter,False,5.5116,"vela pulse 541 was purchased for family communication and casual applications, so i needed calls, messages, and ordinary app use to remain dependable. the phone could make a call and send a message, but the experience around those functions was frustrating. applications took too long to open, and switching from a message to another task often left the screen waiting. i noticed the delays most when trying to answer family messages quickly or check information while speaking on the phone. the connection also behaved inconsistently indoors, with calls becoming unclear in places where other devices had no trouble. restarting the phone helped briefly, but the same weakness returned after more use. the screen responded to touch, although some taps were missed near the edges and typing became awkward when i was in a hurry. battery life was difficult to predict because light use could still leave me searching for a charger before the evening ended. i reduced background activity and removed several applications, but this did not remove the sluggish response. casual games and video clips could run, yet loading pauses made them more irritating than relaxing. family members became reluctant to depend on it because messages were not always handled promptly and calls could break up. vela pulse 541 covers the narrow basics of a smartphone, but its poor speed, uneven calls, and weak battery behaviour make it an unreliable choice. i regret using it as a shared communication phone.",False
CORD000764,CUS00395,2019-03-14,Thompson,"[{""product"":""Candle Edge 680"",""quantity"":1},{""product"":""Candle Quest 354"",""quantity"":1},{""product"":""Candle Orbit 656"",""quantity"":1}]",4916.24,9.82,-37.817431,144.906349,15,4188.62,Autumn,False,3.6159,"i have taken candle bloom 586 on trips and used it for short gaming sessions away from home. its size makes packing simple, and the controls are laid out in a familiar way, so i could start playing without a long adjustment period. the display is enjoyable indoors, and casual games run smoothly enough for the type of travel use i had in mind. the built-in sound is serviceable, although headphones are preferable in shared spaces. longer sessions reveal the main compromise: the battery falls quickly when the screen is bright, and the device becomes warm around the controls. storage also needs attention when several larger games are installed. it is convenient for filling a train journey or waiting period, but i would not choose it for a full day away from an outlet. candle bloom 586 provides genuine portability and ordinary fun, balanced by endurance and heat that limit its freedom.",True
CORD000765,CUS00307,2019-10-08,Thompson,"[{""product"":""Candle Orbit 1034"",""quantity"":1},{""product"":""Vela Halo 569"",""quantity"":1},{""product"":""Candle Quest 498"",""quantity"":1},{""product"":""Candle Flux 990"",""quantity"":1},{""product"":""Vela Halo 659"",""quantity"":1}]",4398.5,10.79,-37.852747,144.939854,0,4409.29,Spring,False,4.5009,"candle flux 162 has been more flexible than the older tablet i kept mainly for watching videos. the previous device was adequate for media, but video calls felt cramped and moving between a call, a message, and a programme was less pleasant than it should have been. candle flux 162 handles those mixed uses more naturally, giving me a useful screen for viewing while remaining portable enough to carry around the house. i have compared the two during films, short video calls, reading, and casual browsing. the display is comfortable for personal viewing, and the call experience leaves enough room to see the other person without losing the controls entirely. i also like being able to move from media to a practical task without reaching for another device. the speakers suit ordinary use, although a group watching in a larger room will want something with more volume. the tablet is also less convenient than a laptop for lengthy typing, which is a normal compromise for this form. candle flux 162 is not the best single device for every job, but it covers more of my routine than the older tablet did. compared with that model, it feels more responsive, more useful for calls, and better suited to moving between entertainment and everyday tasks. after extended ownership, i regard it as a successful replacement because it adds versatility without losing the simple convenience of a portable screen.",True
CORD000766,CUS00123,2019-02-14,Thompson,"[{""product"":""Candle Edge 680"",""quantity"":1},{""product"":""Candle Orbit 656"",""quantity"":1},{""product"":""Candle Bloom 262"",""quantity"":1}]",5631.73,13.63,-37.768119,144.929378,15,4800.6,Summer,False,5.1924,"vela core 615 was supposed to control a household power outlet on a schedule, but the timing has been too unreliable for routine use. creating the first schedule was confusing because the application moved between several screens without clearly showing whether the setting had been saved. on different evenings, the outlet switched late, failed to switch, or changed state only after i opened the application. manual control usually responds, although even that action occasionally takes several seconds. the device also lost its network connection after a brief interruption and required a reset before the schedule could be entered again. i cannot leave it to manage a lamp because the uncertainty defeats the purpose of automation. the outlet can be turned on through the application, but that limited function is not enough to justify the frustrating scheduling problems. after a month, vela core 615 has added another task to my routine. its weak timing and poor connection make it an unreliable smart-home device i would avoid.",False
CORD000767,CUS00392,2019-08-01,Thompson,"[{""product"":""Candle Orbit 1034"",""quantity"":2},{""product"":""Vela Halo 569"",""quantity"":2},{""product"":""Candle Flux 990"",""quantity"":1}]",3556.47,13.9,-37.77262,144.959458,10,3214.72,Winter,False,4.5848,"i installed the candle orbit 188 to create a separate guest network and keep track of the devices connected at home. the guest access is convenient when visitors arrive, and the device list helps me recognise which household equipment is online. initial setup required careful reading because several management options were grouped in places i did not expect. once configured, changing the guest access settings was straightforward, although the screen can feel busy when many devices are listed. the wireless connection has remained stable during ordinary browsing and streaming, but a newly added device sometimes took a little while to appear in the list. i also had to restart the unit after changing multiple settings in quick succession. the casing sits neatly beside my existing equipment and has not become warm during regular use. the candle orbit 188 provides useful control for a home network, with a capable management view balanced by a setup process and device updates that are not always immediate.",True
CORD000768,CUS00045,2019-02-14,Thompson,"[{""product"":""Candle Quest 354"",""quantity"":1},{""product"":""Candle Flux 990"",""quantity"":2}]",4591.68,12.48,-37.755334,144.954248,0,4604.16,Summer,False,6.4069,"candle vista 416 has worked nicely for casual games in our shared living room, where the equipment needs to be easy for different people to pick up. setup was quick, and the controls were understandable enough that nobody needed a long explanation before starting. we have used it for short solo games, family competitions, and relaxed evenings when people are sitting nearby, and it has remained responsive throughout. the design fits neatly beside the television without making the room feel like a dedicated gaming area. switching between players is simple, which keeps the mood light when several people want a turn. the included controls are comfortable for ordinary sessions, though they may feel less suited to very long competitive play. candle vista 416 has brought more shared entertainment into the room and has been a cheerful, dependable choice for the casual games we actually play.",True
CORD000769,CUS00447,2019-12-21,Nickolson,"[{""product"":""Vela Halo 659"",""quantity"":2},{""product"":""Vela Halo 569"",""quantity"":1},{""product"":""Candle Bloom 1000"",""quantity"":1}]",2494.35,11.04,-37.854898,144.951398,0,2505.39,Summer,False,4.3401,"candle arc 744 has served me well for music, podcasts, and background listening around the house. pairing was painless, the wireless connection has stayed stable, and the controls respond without much thought. i can listen for a long stretch without the fit becoming distracting. the presentation is fairly restrained, so listeners wanting very forceful sound may prefer something else, but i enjoy its relaxed character. it is a dependable pair for ordinary home use and a purchase i am glad to have made.",True
CORD000770,CUS00240,2019-04-13,Thompson,"[{""product"":""Candle Bloom 262"",""quantity"":1},{""product"":""Candle Orbit 1034"",""quantity"":1},{""product"":""Vela Halo 659"",""quantity"":1}]",1964.9,12.93,-37.867323,144.895019,15,1683.1,Autumn,False,7.6039,"the vela spark 387 has been useful during work because it shows calendar alerts and brief message previews without requiring me to pick up my phone. i can glance at the display during a meeting or while walking between rooms, then decide whether something needs immediate attention. the notifications arrive consistently in my normal routine, and dismissing them is simple. the band is light enough to wear all day, and i have not found it distracting during typing or household tasks. some longer messages are shortened more than i would like, so i still use the phone when a conversation needs a full response. setup took little effort, and charging has fitted comfortably into my existing habits. after several weeks, the vela spark 387 has reduced unnecessary phone checking and helped me keep track of appointments. it does not replace a phone, but it performs its smaller role in a thoughtful and dependable way.",True
CORD000771,CUS00021,2019-03-17,Thompson,"[{""product"":""Vela Halo 569"",""quantity"":1},{""product"":""Candle Orbit 1034"",""quantity"":1},{""product"":""Candle Orbit 656"",""quantity"":1}]",2993.07,12.41,-37.750937,144.958426,15,2556.52,Autumn,False,6.9369,"vela wave 103 has been used mainly for shared film and television viewing, and it has made our evening routine more enjoyable. the screen was easy to position in the living room, and the controls did not require much explanation before everyone could choose something to watch. we have used it for short programs on weeknights and longer viewing sessions at the weekend, with a clear picture that remains comfortable from the different seats in the room. what i like most is the way it supports a shared decision. we can browse, choose a program, and settle in without passing a small device from person to person. dialogue is easy to follow, and the picture has enough clarity for both quiet dramas and lively programs. the display remains pleasant when the room lighting changes, so we do not have to rearrange the furniture each evening. it has also handled frequent switching between programs without becoming slow or confusing. the interface feels approachable for people who do not enjoy complicated electronics. family members who were initially cautious learned the basic controls quickly. i have adjusted the sound for late-night viewing and returned to the normal setting the next day without difficulty. the stand has remained firm, and the display has kept a neat appearance despite being part of a busy room. the built-in sound is suitable for everyday viewing, although i would choose separate audio for a particularly immersive film. that is a modest limitation rather than a problem. vela wave 103 has given us a dependable centre for shared television and film nights, and it has made the living room feel more inviting.",True
CORD000772,CUS00226,2019-07-28,Nickolson,"[{""product"":""Vela Halo 569"",""quantity"":1},{""product"":""Candle Bloom 1000"",""quantity"":1},{""product"":""Candle Orbit 1034"",""quantity"":1}]",2546.85,19.53,-37.876591,144.979207,10,2311.7,Winter,False,6.5044,"candle shift 268 was installed to connect several shared household devices, but performance becomes poor as soon as the network is busy. one device may stream while another loses access, and a third can remain connected without loading anything. reconnecting requires repeated resets, which is frustrating when people are using the network at the same time. the setup screen gives little explanation for a failure, so troubleshooting becomes guesswork. i moved the unit, changed the wireless channel and reduced the number of devices, but the drops continued. a single phone can browse through it for a while, yet this narrow result does not meet the needs of a shared household. candle shift 268 has created unreliable access and more complaints instead of solving the connection problem.",False
CORD000773,CUS00103,2019-10-13,Thompson,"[{""product"":""Vela Halo 659"",""quantity"":2},{""product"":""Candle Bloom 262"",""quantity"":2},{""product"":""Vela Halo 569"",""quantity"":1}]",2915.05,12.01,-37.8655,144.925049,20,2344.05,Spring,False,6.1842,"before using candle flux 378, our home-office and streaming equipment depended on a network arrangement that worked well in one room and became uncertain farther away. this unit has made coverage more even across the areas where we actually work and watch media. video meetings now remain more settled when another person is streaming, and i spend less time moving equipment or asking someone to pause their activity. the improvement is not simply about speed. it is the reduction in interruptions and awkward positioning. my work area is not beside the main connection point, yet calls have remained usable and ordinary file activity does not seem to disturb them as often as before. in the evening, streaming from another room has also been less prone to sudden pauses than with the earlier arrangement. compared with the previous network hardware, candle flux 378 was easier to place and less demanding to monitor. i still had to spend time choosing a suitable position, and the farthest corner of the house is not transformed into perfect coverage. thick walls continue to make a difference, so expectations should remain realistic. within the main work and media areas, however, the result has been consistently positive. the device has been running for weeks without needing constant attention. candle provides a 24-month warranty, which is helpful for something supporting both work and home use. it is not a dramatic gadget to show off, but it has removed a recurring source of frustration. compared with what i had before, candle flux 378 offers a calmer and more dependable connected routine.",True
CORD000774,CUS00173,2019-12-10,Thompson,"[{""product"":""Candle Edge 680"",""quantity"":1},{""product"":""Candle Quest 354"",""quantity"":2},{""product"":""Candle Bloom 1000"",""quantity"":1}]",4872.8,10.65,-37.779103,144.954347,10,4396.17,,False,3.7872,"before using the vela echo 925, i judged the indoor temperature and humidity by how the room felt and by checking a basic thermometer from time to time. that was enough for a rough impression, but it gave me little sense of how conditions changed through the day. the vela echo 925 has made those changes easier to notice and compare, particularly in the rooms where i spend the most time. i find the records more valuable than any single reading. in the morning i can see whether the room has become damp overnight, and later i can compare the living room with a quieter space. the vela echo 925 has helped me understand why some rooms feel uncomfortable at particular times, without requiring me to keep handwritten notes. compared with my old occasional checks, it provides a more continuous picture and fits more naturally into the household. the device is unobtrusive and simple to leave in place. i did spend some time deciding where to put it, since a reading near a window or a heat source would not represent the room very well. that placement matters, and moving it can make comparisons less meaningful. the display and information are useful for everyday awareness, though i would not treat them as laboratory measurements or use them for a decision requiring specialist accuracy. my earlier approach was cheaper and required almost no setup, but it encouraged guesswork. the vela echo 925 gives me a steadier reference and makes changes easier to discuss with the rest of the household. it is a small addition, yet it has made indoor conditions much easier to understand.",True
CORD000775,CUS00192,2019-01-07,Thompson,"[{""product"":""Candle Bloom 1054"",""quantity"":2},{""product"":""Candle Bloom 262"",""quantity"":1}]",2017.97,10.57,-37.789591,144.917189,20,1624.95,Summer,False,3.6714,"the vela pulse 1099 has been useful in our shared workspace because it keeps my phone supported and visible while i work on other tasks. i can glance at a message or follow a call without searching beneath papers, and the hands-free position makes short video conversations more natural. the base stays in place on the desk, while the support angle works for both sitting and standing use. i have moved it between workstations several times and the adjustment remains firm rather than slipping immediately. it is compact enough to share a desk without becoming an obstruction. very large cases may need to be removed or adjusted before the phone sits securely, and the holder is less useful when the surface is uneven. those points are easy to accommodate in my setup. the vela pulse 1099 has made ordinary phone use more organised and gives me a simple, practical support for a busy shared workspace.",True
CORD000776,CUS00404,2019-07-22,Thompson,"[{""product"":""Candle Bloom 1054"",""quantity"":1},{""product"":""Vela Halo 569"",""quantity"":2},{""product"":""Candle Quest 354"",""quantity"":1}]",1150.81,17.44,-37.743661,144.899151,15,995.63,Winter,False,8.7534,"candle edge 734 has been used for background music in a shared room where different people come and go. pairing was quick, and the connection has remained stable while the source device moves around the house. music fills a small to medium room clearly, and spoken tracks remain understandable at moderate volume. the sound becomes less balanced when pushed louder, with the lower tones drawing attention away from detail. controls are simple, although reaching the unit is preferable to changing every setting from a distance. it has worked well for ordinary household listening and has not demanded much maintenance. the speaker is a sensible shared-room choice, provided expectations remain around casual playback rather than room-filling performance.",True
CORD000777,CUS00269,2019-11-22,Bakers,"[{""product"":""Vela Halo 659"",""quantity"":1},{""product"":""Candle Flux 990"",""quantity"":1},{""product"":""Candle Quest 498"",""quantity"":1}]",3667.49,22.48,-37.862076,145.01819,5,3506.6,Spring,True,6.132,"candle vista 650 has become the laptop i take when i need to move between home, meetings, and presentation rooms. my regular tasks include editing documents, reviewing shared files, and joining video meetings, and it has handled that combination steadily over time. the machine wakes promptly, keeps common work open without constant interruptions, and is light enough that carrying it around does not feel inconvenient. the keyboard has a comfortable layout for extended notes, while the display is suitable for reading and presenting documents indoors. video calls have been clear in ordinary conditions, though the built-in audio is not especially rich when i am listening to music. i consider that a minor limitation for a work-focused device. candle vista 650 has remained dependable through repeated travel and routine office use, and i have been pleased with how little attention it requires once my files are arranged.",True
CORD000778,CUS00394,2019-01-15,Thompson,"[{""product"":""Candle Orbit 656"",""quantity"":3},{""product"":""Candle Flux 1098"",""quantity"":1},{""product"":""Vela Halo 569"",""quantity"":1}]",7731.51,24.88,-37.741586,144.880614,0,7756.39,Summer,True,9.8282,"candle orbit 206 has stayed responsive through long desktop gaming sessions. games load without irritating pauses, and the controls remain comfortable when i play for several hours. it also leaves enough room for voice chat and other ordinary desktop tasks. the surface gathers fingerprints quickly, yet performance has remained strong and enjoyable.",True
CORD000779,CUS00207,2019-09-09,Bakers,"[{""product"":""Vela Halo 659"",""quantity"":1}]",264.71,11.85,-37.787365,144.998968,5,263.32,Spring,False,2.5378,"i installed candle arc 438 to separate guest devices from the household network and compared it with the older router during ordinary use. the main connection reaches the usual rooms, and a device can join the network, but managing guests is needlessly awkward. the older router has fewer settings and a dated interface, yet i can create a guest connection without repeatedly searching through menus. on candle arc 438, the guest network sometimes appears active in the application while new devices still receive no access. a restart usually changes the result, but it also interrupts every other device in the house. this is particularly frustrating when someone is joining for a short visit. the application uses similar labels for household and guest controls, so one wrong tap can alter the wrong network. device lists are another source of trouble. names disappear after a few days, leaving anonymous entries that are difficult to identify. blocking a device can take several attempts, and the status does not refresh immediately. the wireless signal in the main room is adequate, but a distant room experiences uneven coverage compared with the older router. that older unit is slower to configure but less unpredictable once it is running. i followed candle's reset instructions and checked for updates. the guest access problem returned, and support offered no detailed explanation. the warranty is longer than the one on my old router, but that does not repair the poor management experience. candle arc 438 provides a basic connection while making guest-network control unreliable, confusing, and frustrating. i cannot recommend it for a shared home.",False
CORD000780,CUS00284,2019-05-18,Bakers,"[{""product"":""Vela Halo 569"",""quantity"":1},{""product"":""Candle Quest 354"",""quantity"":1}]",551.87,11.65,-37.804693,145.062686,5,535.93,Autumn,False,5.9553,"i have compared the candle bloom 226 with two gaming devices i used before, mainly during competitive matches and voice sessions. the biggest improvement is how naturally the controls support fast play. my older equipment was serviceable for relaxed games, but it felt less responsive when i needed quick changes and clear communication. the candle bloom 226 has made those longer sessions feel more controlled, particularly when matches become busy. voice communication has been dependable in my regular group. friends can hear me without repeated adjustments, and i can follow callouts while concentrating on the game. compared with my previous setup, there is less fiddling between rounds. the construction also feels capable of handling frequent use at my desk. i have moved it, packed it away, and brought it back several times without the loose feeling that developed in one of my older devices. the comparison is not completely in favour of the new model. the controls take a little practice because their placement differs from what i was used to, and the design is more focused on gaming than general media use. those points have not limited my normal sessions. the candle bloom 226 is especially convincing when a game demands quick reactions and steady voice communication. the 24-month warranty is another welcome detail. after 39 days, i would choose it over my former gaming hardware for competitive play, even though casual players may not need all of its strengths.",True
CORD000781,CUS00112,2019-02-08,Nickolson,"[{""product"":""Candle Bloom 1054"",""quantity"":1}]",449.85,10.8,-37.850638,144.990101,25,348.19,Summer,,3.994,"candle arc 852 has become my preferred device for reading articles and marking up documents. handwritten notes feel natural, and i can return to an annotated page without losing my place. the screen is slightly cramped when i view two documents together, yet single-page work is comfortable. after 47 days, it has made study sessions more focused and productive.",True
CORD000782,CUS00022,2019-12-27,Bakers,"[{""product"":""Candle Bloom 1000"",""quantity"":1},{""product"":""Candle Quest 354"",""quantity"":1},{""product"":""Candle Bloom 1054"",""quantity"":1}]",2668.47,11.06,-37.7718,145.006688,20,2145.84,Summer,False,4.3649,"candle bloom 586 replaced a fixed gaming setup that was powerful enough but awkward to move. the comparison is most obvious when travelling: this unit slips into a bag and lets me continue casual gaming without arranging a whole desk around it. it is not intended to replace a large stationary setup for every demanding title, yet for portable play it has been a far more practical companion than the equipment i used before. the controls took a short period of adjustment because the layout is tighter than a full-size arrangement. once i became familiar with it, ordinary sessions felt natural, and the response stayed consistent across shorter games and longer evenings. the screen is usable in changing rooms and hotel lighting, although i sometimes want a little more space around busy game interfaces. that is a limitation of the portable format rather than a serious flaw in this model. what i value most is the way candle bloom 586 handles interruptions. i can pause, close it, and resume later without the whole experience feeling like a major setup exercise. the casing has travelled in a crowded backpack and still looks orderly. it is light enough for a train journey, but does not feel so delicate that i am afraid to carry it between rooms. compared with my old desktop, this is quieter and dramatically easier to relocate. compared with a small tablet, it offers controls that suit games much better and does not make every session feel improvised. battery life depends on how intensely i play, so long journeys still call for a charger. for someone who values travel, flexible seating, and uncomplicated gaming, candle bloom 586 has been a strong improvement.",True
CORD000783,CUS00306,2019-09-15,Thompson,"[{""product"":""Candle Quest 354"",""quantity"":1},{""product"":""Candle Edge 680"",""quantity"":2},{""product"":""Candle Orbit 1034"",""quantity"":1},{""product"":""Candle Bloom 262"",""quantity"":1},{""product"":""Candle Flux 1098"",""quantity"":1}]",7402.01,9.38,-37.827419,144.924416,5,7041.29,Spring,False,2.5783,"vela halo 371 has been a capable phone for work calls and calendar management. calls connect quickly, appointments are easy to check, and switching between meeting notes and messages feels smooth. it remains comfortable to carry through a full day and responds well to ordinary multitasking. the camera suits quick work conversations more than detailed photography, but the communication features have been genuinely useful.",True
CORD000784,CUS00089,2019-02-19,Thompson,"[{""product"":""Vela Halo 659"",""quantity"":1},{""product"":""Vela Halo 569"",""quantity"":1},{""product"":""Candle Flux 1098"",""quantity"":2},{""product"":""Candle Orbit 656"",""quantity"":1}]",4268.34,10.64,-37.782635,144.967111,5,4065.56,Summer,,3.7759,"candle flux 162 has been useful in the spaces between my larger devices. i bought it for portable media and video calls, and it now travels from the sofa to the kitchen table depending on what i am doing. watching a program feels more personal than using the television, while the screen is still large enough for another person to see when we sit together. the tablet starts quickly and the basic controls became familiar after a few sessions. i tested it with films, short clips and several video calls. holding it for a while is manageable, though i prefer resting it against a stand for longer viewing because the body eventually feels substantial in one hand. the camera angle works best when the tablet is supported on a table. in that position, i can take part in a call while keeping notes nearby, which has been convenient for informal meetings and family conversations. the audio is adequate for ordinary viewing, and i sometimes connect headphones when others are reading nearby. the surface attracts fingerprints after frequent touching, so i wipe it down more often than i expected. those are ordinary tablet compromises, and neither has reduced how often i use it. its portable size has also made it handy when someone else is using the main screen. candle flux 162 has earned a permanent place in my household because it adapts to different routines. it supports relaxed media use and practical calls without feeling specialised or difficult. the need for a stand during extended viewing is a minor limitation, but its flexibility has made the purchase worthwhile.",True
CORD000785,CUS00494,2019-12-10,Bakers,"[{""product"":""Candle Orbit 1034"",""quantity"":1},{""product"":""Vela Halo 569"",""quantity"":1},{""product"":""Candle Orbit 656"",""quantity"":1},{""product"":""Candle Bloom 1000"",""quantity"":2},{""product"":""Candle Bloom 1054"",""quantity"":1}]",7074.6,13.15,-37.809924,145.046459,10,6380.29,Summer,False,4.5003,"we bought vela core 723 for family media streaming and placed it beside an older display for comparison. both could open the usual services, but the older screen was far less troublesome. vela core 723 took too long to wake from standby, and the menus sometimes stalled after a selection. during evening viewing, the picture looked acceptable from directly in front, yet became washed out from the side of the room. that made family viewing awkward because nobody wanted to sit in one narrow position. the sound exposed another weakness. voices were often buried beneath music or effects, and adjusting the volume became a repeated chore. the older display handled the same programmes with fewer changes and less frustration. vela core 723 also lost its connection during several streaming sessions, leaving a blank screen while the rest of the household waited. restarting the unit restored playback, but the interruption made it difficult to use for shared viewing. the remote felt cluttered, with buttons that were easy to press accidentally. over time, these issues became more irritating rather than less. i checked the cables, restarted the device, and changed the network position, but the problems returned. a support response suggested routine resets without explaining why the display repeatedly froze. the warranty offers a possible repair route, although packing and sending a large screen would be inconvenient. vela core 723 performs basic streaming, but the slow menus, weak viewing angles, uneven sound, and connection failures compare poorly with our older display. it is a disappointing centrepiece for family entertainment, and i cannot recommend replacing a functioning screen with it.",False
CORD000786,CUS00049,2019-08-20,Nickolson,"[{""product"":""Candle Bloom 1054"",""quantity"":1},{""product"":""Candle Flux 1098"",""quantity"":1}]",1246.09,21.03,-37.888051,145.003177,5,1204.82,Winter,False,8.2682,"vela atlas 395 was installed for opening and closing the blinds on a daily schedule. the initial setup was more awkward than expected, with several failed attempts before the routine appeared to save. even then, the blinds often moved late or ignored the scheduled action altogether. a manual command usually reached the motor, but the delay made it difficult to know whether the command had registered. on one morning the blinds remained closed until i noticed the room was unusually dark, and another evening they stopped halfway. the control history did not explain the failures, leaving me to repeat the same settings and hope they worked. i wanted automatic routines so i would not have to monitor them, but vela atlas 395 created another chore. its basic movement function operates, yet the unreliable scheduling is too frustrating for dependable household use.",False
CORD000787,CUS00049,2019-03-23,Nickolson,"[{""product"":""Candle Orbit 656"",""quantity"":1},{""product"":""Candle Bloom 1054"",""quantity"":1}]",2711.91,27.45,-37.888051,145.003177,0,2739.36,Autumn,True,8.2682,"vela atlas 395 was installed for opening and closing the blinds on a daily schedule. the initial setup was more awkward than expected, with several failed attempts before the routine appeared to save. even then, the blinds often moved late or ignored the scheduled action altogether. a manual command usually reached the motor, but the delay made it difficult to know whether the command had registered. on one morning the blinds remained closed until i noticed the room was unusually dark, and another evening they stopped halfway. the control history did not explain the failures, leaving me to repeat the same settings and hope they worked. i wanted automatic routines so i would not have to monitor them, but vela atlas 395 created another chore. its basic movement function operates, yet the unreliable scheduling is too frustrating for dependable household use.",False
CORD000788,CUS00091,2019-07-05,Bakers,"[{""product"":""Candle Quest 498"",""quantity"":1},{""product"":""Candle Quest 354"",""quantity"":1},{""product"":""Vela Halo 569"",""quantity"":1},{""product"":""Candle Orbit 1034"",""quantity"":1},{""product"":""Candle Orbit 656"",""quantity"":1}]",4704.18,25.51,-37.785321,144.982897,5,4494.48,Winter,True,2.95,"vela pulse 757 has given me an uncomplicated record of daily activity and sleep. progress is quick to check, overnight information is easy to follow, and the band is light enough that i usually forget i am wearing it. the screen is small for detailed reading, so i use the phone for deeper review. for basic tracking, it has been useful, comfortable, and encouraging.",True
CORD000789,CUS00375,2019-02-18,Nickolson,"[{""product"":""Candle Flux 1098"",""quantity"":1},{""product"":""Candle Orbit 656"",""quantity"":2},{""product"":""Candle Quest 498"",""quantity"":1},{""product"":""Candle Quest 354"",""quantity"":1},{""product"":""Vela Halo 659"",""quantity"":1}]",7296.18,23.21,-37.885145,144.960802,10,6589.77,Summer,True,7.4398,"candle flux 414 has been part of my focused desk routine for twenty days, mainly for music while reading and writing. the wireless connection has stayed consistent near my desk, and the sound is balanced enough for background listening without requiring constant adjustment. voices and lighter instruments are easy to follow, while bass-heavy tracks feel less full than they do through my larger home speakers. the ear cups remain comfortable for a couple of hours, though warmth builds up during longer sessions. compared with my older wired headphones, candle flux 414 gives me more freedom to stand up or reach a shelf without interrupting the music. the wired pair still produces a broader sound and never needs charging, so it remains preferable when i am settled for serious listening. flux 414 is more convenient for daily work, but the controls are small and i sometimes press the wrong one when changing volume. pairing was straightforward after the first attempt, although moving between devices is not completely seamless. the exterior feels ordinary rather than luxurious, and the hinges deserve gentle handling. battery performance has suited my weekday use, but a long weekend away would require planning. leakage is modest at normal volume, yet people nearby can hear more than i expected in a quiet room. candle’s warranty is reassuring, although support has not been needed. overall, candle flux 414 offers a sensible balance of comfort and convenience, with sound quality and controls that keep it from being a clear upgrade for dedicated listening.",True
CORD000790,CUS00356,2019-05-30,Nickolson,"[{""product"":""Candle Flux 990"",""quantity"":1},{""product"":""Candle Orbit 1034"",""quantity"":2},{""product"":""Vela Halo 569"",""quantity"":1}]",3407.38,10.25,-37.855638,144.962576,0,3417.63,Autumn,False,4.1643,"i use the candle shift 466 for casual games in a shared room, where a large dedicated setup would be excessive. compared with playing on a work computer, it feels more available for quick sessions and less disruptive to the rest of the room. friends and family can pick it up without a long explanation, and the controls have been comfortable for the shorter games we usually play. it has become a convenient way to fill half an hour without rearranging the furniture. the comparison with more serious gaming hardware is straightforward. a specialised system would offer more depth for someone spending entire evenings on demanding titles, but the shift 466 is better matched to our occasional use. it starts quickly, handles the games we choose without drama, and is simple enough that different people can share it. i have also found the size helpful: it can remain in the room without making the entertainment area feel dominated by equipment. there are compromises. longer sessions can make the controls feel less fresh, and it does not replace a high-end setup for someone who wants every advanced option. the shared-room setting also means that background activity sometimes interrupts concentration. those points have not mattered much in my use. against a basic computer it is more inviting, while against specialised hardware it is less capable but much easier to live with. the candle shift 466 is a well-judged choice for relaxed gaming and shared household use.",True
CORD000791,CUS00442,2019-01-24,Thompson,"[{""product"":""Candle Orbit 1034"",""quantity"":1},{""product"":""Candle Quest 354"",""quantity"":1},{""product"":""Candle Bloom 1000"",""quantity"":1},{""product"":""Vela Halo 569"",""quantity"":1},{""product"":""Vela Halo 659"",""quantity"":1}]",3214.34,14.11,-37.759847,144.946992,20,2585.58,Summer,False,5.874,"i bought candle bloom 766 for casual games in a shared room, where several people would take turns using it. the initial setup was more awkward than expected. the controls were not clearly explained, and the device failed to recognise an input until i restarted it. once a game opened, the basic controls worked, but the delays quickly became noticeable. during the first few sessions, actions sometimes appeared a moment after the control was pressed. that was frustrating even in simple games and caused arguments when turns were shared. the display also paused unexpectedly, forcing us to stop and restart. a restart cleared the immediate problem, but it did not prevent the next interruption. the unit made a noticeable fan-like noise during longer sessions, which was distracting in a quiet room. using it with more than one person exposed further weaknesses. changing profiles took too many steps, and the device occasionally returned to the opening screen instead of preserving progress. the controller connection was not consistent across the room, so someone had to sit close to the unit. i tried moving the equipment and checking the connections, but the improvement was limited. candle bloom 766 can run a casual game, yet the input delays, freezes, noisy operation, and poor support for shared use make it disappointing. the sessions became more about troubleshooting than playing. after forty-three days, i consider it unreliable gaming hardware and cannot recommend it for a shared room.",False
CORD000792,CUS00085,2019-11-03,Thompson,"[{""product"":""Candle Flux 990"",""quantity"":1},{""product"":""Candle Orbit 1034"",""quantity"":1}]",2676.37,8.68,-37.798172,144.945208,5,2551.23,Spring,False,1.6207,"vela atlas 251 has been a welcome change from the older phone i used for calls, messages, and navigation. daily communication feels less interrupted, and moving between a map, a message, and a call is straightforward. i use navigation while walking and travelling across town, and the connection has remained steady enough that i have not been left repeatedly waiting for a route to load. compared with my previous phone, it feels more responsive in the ordinary tasks that matter most to me. the screen is comfortable for reading messages and checking directions, while the size still fits into the pocket i normally use. calls have been clear in the places where i use them, and the controls are familiar enough that i did not need a long adjustment period. i have also appreciated being able to keep several communication tasks open without the awkward pauses that became common on my old device. the battery has covered my normal day, though heavy navigation and extended use reduce that margin. it is not flawless. the phone feels a little slippery without a case, and the camera controls took some time to learn. some settings are tucked away more deeply than i would prefer. those are minor frustrations beside the steady everyday performance. vela atlas 251 is a clear improvement over my former phone for communication and navigation, and after four weeks i am comfortable relying on it as my main device.",True
CORD000793,CUS00103,2019-06-20,Thompson,"[{""product"":""Candle Quest 354"",""quantity"":1},{""product"":""Candle Orbit 1034"",""quantity"":2},{""product"":""Candle Bloom 1000"",""quantity"":3}]",7014.14,15.26,-37.8655,144.925049,5,6678.69,Winter,False,6.1842,"before using candle flux 378, our home-office and streaming equipment depended on a network arrangement that worked well in one room and became uncertain farther away. this unit has made coverage more even across the areas where we actually work and watch media. video meetings now remain more settled when another person is streaming, and i spend less time moving equipment or asking someone to pause their activity. the improvement is not simply about speed. it is the reduction in interruptions and awkward positioning. my work area is not beside the main connection point, yet calls have remained usable and ordinary file activity does not seem to disturb them as often as before. in the evening, streaming from another room has also been less prone to sudden pauses than with the earlier arrangement. compared with the previous network hardware, candle flux 378 was easier to place and less demanding to monitor. i still had to spend time choosing a suitable position, and the farthest corner of the house is not transformed into perfect coverage. thick walls continue to make a difference, so expectations should remain realistic. within the main work and media areas, however, the result has been consistently positive. the device has been running for weeks without needing constant attention. candle provides a 24-month warranty, which is helpful for something supporting both work and home use. it is not a dramatic gadget to show off, but it has removed a recurring source of frustration. compared with what i had before, candle flux 378 offers a calmer and more dependable connected routine.",True
CORD000794,CUS00303,2019-04-05,Thompson,"[{""product"":""Candle Quest 498"",""quantity"":2},{""product"":""Vela Halo 659"",""quantity"":1},{""product"":""Candle Orbit 1034"",""quantity"":1}]",3463.29,11.46,-37.852566,144.905894,5,3301.59,Autumn,False,5.723,"after several weeks with vela nova 303, our living-room film nights have become much more relaxed. the display is bright enough for daytime television, while evening scenes remain detailed without needing constant adjustment. family members can sit at different angles and still follow what is happening, which suits shared viewing particularly well. the controls became familiar quickly, and changing between films, programmes, and casual viewing feels straightforward. it also starts consistently after being left unused, so there is no awkward pause when everyone is ready. the built-in sound is adequate for ordinary dialogue, although we sometimes use separate speakers for a fuller film experience. that minor limitation does not outweigh the clear picture and pleasant day-to-day operation. vela nova 303 has settled into our home as a capable, enjoyable screen that i am happy to keep using.",True
CORD000795,CUS00316,2019-03-03,Nickolson,"[{""product"":""Candle Orbit 656"",""quantity"":1},{""product"":""Candle Bloom 1054"",""quantity"":1},{""product"":""Vela Halo 569"",""quantity"":1},{""product"":""Candle Orbit 1034"",""quantity"":1}]",3442.92,9.42,-37.844392,144.956095,25,2591.61,Autumn,False,3.1024,"vela echo 529 has been sitting beside my desk to organise the charging cables used for a phone, tablet, and a few small devices. compared with leaving the leads loose in a drawer, it makes the frequently used cables easier to find and keeps the work surface less cluttered. the arrangement is simple enough to change when i swap devices, and it does not take much room. i have found it most useful for the small group of cables that stay in regular rotation. the limitations appear when i compare it with larger organisers. there is not much capacity for a collection of thicker leads, and cables with bulky ends do not sit as neatly as slim charging wires. it controls the cables near the organiser but does not solve the mess created by leads running to distant sockets. moving the whole arrangement is possible, though the cables need to be gathered again rather than simply lifted as one secure bundle. the improvement is therefore partial, not a complete desk solution. after a month, vela echo 529 remains a reasonable accessory for a small charging area. it is more orderly than a loose pile and quicker to use than searching through a drawer, but it should not be mistaken for a large travel or office cable system. i would select it when the main problem is a handful of everyday leads. for many cables, heavy connectors, or frequent relocation, a larger organiser would be the more sensible comparison.",True
CORD000796,CUS00454,2019-04-11,Bakers,"[{""product"":""Candle Bloom 1054"",""quantity"":1},{""product"":""Vela Halo 569"",""quantity"":1},{""product"":""Candle Edge 680"",""quantity"":1}]",2850.34,24.09,-37.74214,144.972479,5,2731.91,Autumn,True,7.8057,"the vela ridge 1085 has given me a clearer view of door and window activity around the house. i placed the sensors where i most wanted reassurance, and the alerts have arrived promptly during ordinary opening and closing. the app presents recent activity in a way that is easy to understand, so i can check what happened without guessing which sensor was involved. installation was manageable, and the units have stayed in position despite frequent use of the doors. notifications can become repetitive when a family member is moving in and out several times, but that is expected from an activity alert system. i value the simple information more than a complicated collection of features. after a month, the vela ridge 1085 has provided practical awareness and a modest sense of security without demanding constant attention.",True
CORD000797,CUS00153,2019-11-06,Thompson,"[{""product"":""Candle Bloom 1054"",""quantity"":1},{""product"":""Candle Edge 680"",""quantity"":1},{""product"":""Candle Flux 1098"",""quantity"":1},{""product"":""Vela Halo 659"",""quantity"":1}]",3762.2,16.08,-37.884287,144.91935,15,3213.95,Spring,False,8.3267,"vela core 579 was bought to keep charging cables organised, but the arrangement becomes messy again after short use. the channels are narrow, so thicker cables sit partly outside and slip loose when the desk is bumped. smaller cables remain in place briefly, then pull free when i remove another lead nearby. the adhesive base also began lifting at one corner, leaving the organiser tilted and difficult to use. it holds a cable when everything is positioned carefully, but that basic function is not enough for a busy charging area. the compact shape does not compensate for the weak grip and poor fit across different cables. vela core 579 has made cable changes more awkward and created another item to adjust. the design is frustrating, unreliable, and not worth recommending.",False
CORD000798,CUS00109,2019-04-07,Nickolson,"[{""product"":""Vela Halo 569"",""quantity"":1},{""product"":""Candle Orbit 656"",""quantity"":1},{""product"":""Candle Bloom 262"",""quantity"":1},{""product"":""Vela Halo 659"",""quantity"":1},{""product"":""Candle Flux 1098"",""quantity"":1}]",4590.37,13.14,-37.885411,144.93986,15,3914.95,Autumn,False,7.8737,"candle quest 444 has handled my evening listening sessions without becoming tiring. the wireless connection stayed steady around the house, and spoken audio remained clear even at modest volume. music has a balanced sound that suits both quiet work and relaxed weekends. the controls took a little practice to remember, although they now feel natural. after regular use, i am pleased with its comfort and consistent performance.",True
CORD000799,CUS00458,2019-10-04,Bakers,"[{""product"":""Candle Bloom 1000"",""quantity"":1},{""product"":""Candle Flux 1098"",""quantity"":2},{""product"":""Candle Orbit 656"",""quantity"":1},{""product"":""Candle Edge 680"",""quantity"":3}]",12424.58,10.56,-37.805317,145.001656,0,12435.14,Spring,False,0.7676,"vela nova 699 was used for hands-free device support at a shared desk, but it repeatedly shifted during ordinary use. the base does not stay firm when the screen is tapped, and adjusting the viewing angle requires both hands. its footprint takes up more space than expected, leaving little room for notes. it holds a device in place for short periods, but the awkward adjustments and weak stability make it a poor workspace accessory.",False
CORD000800,CUS00078,2019-09-22,Bakers,"[{""product"":""Vela Halo 569"",""quantity"":1},{""product"":""Candle Bloom 1054"",""quantity"":1}]",598.94,23.07,-37.849788,145.056223,5,592.06,Spring,True,6.9477,"candle vista 452 has become my preferred device for reading, annotating documents and writing handwritten notes. text is comfortable to follow for long stretches, while the tablet format is easier to carry around than a pile of printed pages. i have marked up articles, added comments during meetings and used the pen for quick diagrams, with the notes remaining organised enough to find later. the writing surface feels natural after a short adjustment period, although it is not exactly the same as paper and my first few sessions were slightly awkward. switching between reading and annotation is simple, and the device has handled my regular study routine without instability. i appreciate that it supports focused work without the distractions of a full desktop environment. candle vista 452 has limitations for people wanting a general entertainment machine, but for reading, annotation and handwritten notes it has been a genuinely useful companion.",True
CORD000801,CUS00373,2019-05-27,Thompson,"[{""product"":""Candle Bloom 1054"",""quantity"":1},{""product"":""Candle Quest 354"",""quantity"":2},{""product"":""Candle Flux 1098"",""quantity"":1}]",2051.65,11.39,-37.86119,144.928811,10,1857.88,Autumn,False,5.6281,"candle vista 272 has been useful during field visits where i need forms, notes, and presentation material in one portable device. the screen is large enough for a client to review information beside me, but the tablet remains light enough to carry between appointments. forms open quickly, scrolling stays responsive, and handwritten additions are easy to make when a conversation changes direction. i have also used it to show images and supporting documents without a long pause while changing files. the finish has handled repeated movement in a bag, and the battery has generally lasted through my working day. the speakers are not especially strong in a noisy setting, so i use a quieter position for presentations. that small weakness aside, candle vista 272 has reduced the amount of paper i carry and made visits feel more organised. it is a flexible tool for field forms and face-to-face explanation.",True
CORD000802,CUS00411,2019-01-03,Bakers,"[{""product"":""Candle Quest 498"",""quantity"":2},{""product"":""Candle Bloom 1054"",""quantity"":2},{""product"":""Vela Halo 569"",""quantity"":2}]",3814.54,10.86,-37.775311,144.980077,10,3443.95,Summer,False,4.0802,"candle lumen 400 replaced an older laptop that was still usable but increasingly awkward to carry between rooms. i compared them during document work, online meetings, and ordinary administration, and the newer device fits my portable routine better. candle lumen 400 is easier to move from a desk to the dining table, and i can begin work without spending much time arranging the setup. documents remain readable during longer sessions, while the camera and microphone have been suitable for video meetings. the older laptop had a more familiar keyboard, and i needed a few days to adjust to the feel of candle lumen 400. i also miss having more physical room around some of the connections. those are minor inconveniences rather than daily obstacles. the advantage is that the newer machine feels less burdensome when i am working away from my main desk, and it has handled my usual mixture of writing, browsing, and calls without complaint. after several weeks of ownership, i have used it for quiet planning as well as busier meeting days. it has remained responsive for that kind of work, and the portable design has encouraged me to change location instead of staying at one workstation. candle lumen 400 is not aimed at demanding specialist tasks, so i would look elsewhere for that purpose. compared with my previous laptop, it offers a more convenient balance for documents and video meetings, with only a modest adjustment period.",True
CORD000803,CUS00134,2019-03-17,Nickolson,"[{""product"":""Candle Bloom 1000"",""quantity"":1},{""product"":""Candle Orbit 1034"",""quantity"":1}]",2397.76,11.74,-37.865664,145.004639,25,1810.06,Autumn,False,6.0734,"the vela pulse 523 has worked well for shared film and television viewing in our living room. the picture is clear from the seats we normally use, and the menus are simple enough that different family members can choose something without needing assistance. streaming starts promptly in our usual setup, and moving between programs has been smooth during regular evenings. the screen size makes it comfortable for several people to watch together, while the overall design fits neatly into the room. i have also appreciated the straightforward controls when pausing for conversation or returning to a program later. the built-in sound is suitable for casual viewing, although a separate audio setup would give more depth for someone seeking a cinema-style experience. after regular use, the device has remained responsive and consistent. the vela pulse 523 has provided an inviting shared viewing experience and has become an easy choice for family evenings.",True
CORD000804,CUS00238,2019-07-31,Nickolson,"[{""product"":""Candle Bloom 1054"",""quantity"":1},{""product"":""Candle Orbit 656"",""quantity"":1}]",2711.91,20.19,-37.881496,144.992506,0,2732.1,Winter,False,7.2789,"candle arc 150 was bought for document work and video meetings away from my main desk, then compared with an older office laptop. the newer machine opens documents, but it feels sluggish when several files and browser pages are present. scrolling through a long report can stutter, and switching between notes and a meeting window sometimes leaves a blank pause. the older laptop is heavier, but its response is less erratic. video meetings exposed more problems. the camera image becomes dull in ordinary indoor light, and the microphone picks up room noise without making speech particularly distinct. i often have to repeat myself, which is frustrating in a work call. returning to a document after the meeting can also take longer than expected. these are not dramatic failures separately, but together they make portable work feel poorly supported. the keyboard is serviceable for short messages, although the keys feel cramped during extended writing. the trackpad occasionally interprets a palm touch as a command, causing unwanted movement through a page. battery loss is another concern: meetings and document editing leave little margin, so carrying the charger is unavoidable. candle arc 150 is able to perform basic office tasks, but the weak camera, awkward input, and sluggish switching compare badly with the older laptop. i cannot recommend it for portable document work or frequent video meetings.",False
CORD000805,CUS00392,2019-08-04,Thompson,"[{""product"":""Vela Halo 659"",""quantity"":1},{""product"":""Candle Flux 990"",""quantity"":1},{""product"":""Candle Quest 498"",""quantity"":2},{""product"":""Candle Bloom 262"",""quantity"":1},{""product"":""Candle Edge 680"",""quantity"":1}]",8345.49,13.9,-37.77262,144.959458,0,,Winter,False,4.5848,"i installed the candle orbit 188 to create a separate guest network and keep track of the devices connected at home. the guest access is convenient when visitors arrive, and the device list helps me recognise which household equipment is online. initial setup required careful reading because several management options were grouped in places i did not expect. once configured, changing the guest access settings was straightforward, although the screen can feel busy when many devices are listed. the wireless connection has remained stable during ordinary browsing and streaming, but a newly added device sometimes took a little while to appear in the list. i also had to restart the unit after changing multiple settings in quick succession. the casing sits neatly beside my existing equipment and has not become warm during regular use. the candle orbit 188 provides useful control for a home network, with a capable management view balanced by a setup process and device updates that are not always immediate.",True
CORD000806,CUS00266,2019-12-02,Thompson,"[{""product"":""Candle Orbit 1034"",""quantity"":2},{""product"":""Candle Quest 354"",""quantity"":1},{""product"":""Vela Halo 569"",""quantity"":1}]",1715.71,12.48,-37.857976,144.902049,25,1299.26,Summer,False,6.4037,"i bought vela pulse 667 after my previous tracker became unreliable with notifications, and the contrast has been noticeable. walking information appears in a way that is quick to check without stopping for long, while commute alerts arrive consistently enough to be useful. i mainly wear it during the walk to the station and through a normal day at work. the display is readable indoors and outdoors, and the band has stayed comfortable during extended wear. it feels less bulky than the older device, which used to catch on sleeves and become irritating by lunchtime. the walking function is not a substitute for careful measurement. routes with tall buildings sometimes produce figures that differ from what i expect, so i treat them as a general guide rather than a precise record. that limitation is easy to accept because the main benefit for me is seeing movement over the course of a day and receiving a discreet prompt when something needs attention. notifications are less intrusive than checking my phone, and i can dismiss the ones that are not relevant without interrupting a conversation. compared with the old tracker, vela pulse 667 has a calmer interface and a better balance between information and clutter. it does not provide every feature found on more elaborate health devices, but i did not need those features for walking and commute reminders. the band still looks neat after regular use, and charging has fitted into my routine without trouble. for everyday awareness rather than intensive exercise analysis, this has proved a worthwhile upgrade.",True
CORD000807,CUS00251,2019-04-03,Bakers,"[{""product"":""Candle Bloom 1054"",""quantity"":1},{""product"":""Vela Halo 569"",""quantity"":1},{""product"":""Candle Bloom 262"",""quantity"":1},{""product"":""Candle Orbit 1034"",""quantity"":1}]",2299.13,12.65,-37.78154,145.009114,15,1966.91,Autumn,False,3.3911,"i used vela echo 943 for small presentations and photo viewing, but the display introduced too many problems. connecting a laptop was not consistently successful, and the screen sometimes remained blank until i disconnected the cable and restarted both devices. once an image appeared, switching between slides caused occasional pauses that interrupted the presentation. photos looked dull and lacked detail in darker areas. text near the edges was difficult to read, which forced me to simplify slides and move content inward. the built-in controls were awkward, with settings hidden behind slow menus and no clear indication of the selected input. viewing photos was possible, but loading a folder took long enough to make browsing unpleasant. vela echo 943 performs the basic task of showing an image, yet the blank-screen failures, weak presentation quality, and poor controls make it unreliable. i found it frustrating for both work and casual viewing and cannot recommend it.",False
CORD000808,CUS00461,2019-03-29,Nickolson,"[{""product"":""Candle Orbit 656"",""quantity"":1},{""product"":""Vela Halo 569"",""quantity"":1}]",2411.15,11.97,-37.870189,145.001261,10,2182.01,Autumn,False,6.377,"vela echo 961 has been a welcome replacement for my everyday phone, especially when taking photographs while out with friends. images look bright in ordinary indoor light, and the camera opens quickly enough that i have not missed many spontaneous moments. messaging is straightforward, and moving between conversations and casual apps feels fluid. calls remained clear in different parts of the house, which was important to me. the phone does become warm during a long session of editing photographs, but it cools down afterward and has not affected normal use. i also found the display comfortable for reading messages in the evening. after fourteen days, vela echo 961 feels polished and dependable. it is a versatile phone that handles both communication and casual photography very well.",True
CORD000809,CUS00387,2019-06-10,Thompson,"[{""product"":""Candle Quest 498"",""quantity"":2},{""product"":""Candle Bloom 262"",""quantity"":1}]",3734.93,19.07,-37.798375,144.881642,10,3380.51,Winter,False,5.9639,"after thirty-three days with the vela nova 627, i would choose my previous tracker again. this device is designed for exercise session summaries, yet the experience has been awkward from the first week. starting a session takes too much attention, and the screen is difficult to read when i am moving. i often finish an exercise block unsure whether the recording is still running, which makes the summary feel unreliable and adds to the doubt. the comparison is worse during ordinary training. my older device showed a session status at a glance; the vela nova 627 leaves me checking and tapping several times. a summary does appear after a session, and that basic function operates, but the result can omit parts of an activity or split one session into separate entries. when i tried shorter walks and longer indoor workouts, the same uncertainty returned. i cannot tell whether the fault is the controls, the recording process, or the way the information is presented, and that uncertainty is frustrating. comfort has also been a drawback. the casing becomes noticeable after extended wear, while the strap needs repeated adjustment to stop it shifting. that movement is especially irritating during faster exercise. the display and controls feel less responsive than i expected, so correcting a mistaken tap is an awkward chore. i have not found a dependable routine that removes these problems. the echo family styling is unremarkable, and the supplied vela warranty does little to change my view of the product. i contacted support after the inconsistent summaries appeared, but the response did not provide a convincing explanation or a practical remedy. there is no obvious reason to accept these compromises when a simpler tracker can avoid them. after a month of ownership, the vela nova 627 feels poorly suited to regular exercise, and i cannot recommend it.",False
CORD000810,CUS00482,2019-08-11,Thompson,"[{""product"":""Candle Quest 498"",""quantity"":1},{""product"":""Candle Edge 680"",""quantity"":1},{""product"":""Candle Bloom 262"",""quantity"":1}]",4678,23.99,-37.813815,144.933928,20,3766.39,Winter,True,1.1613,"i have used candle bloom 262 for streaming, browsing, and occasional video calls around the house. its size makes it comfortable to move between rooms, and media playback has been smooth during normal use. the front camera is adequate for conversations, although the image is not as bright in a dim room. shared use is simple because it starts quickly and feels approachable. it is a useful general tablet, with ordinary rather than remarkable performance.",True
CORD000811,CUS00412,2019-05-24,Nickolson,"[{""product"":""Vela Halo 659"",""quantity"":3},{""product"":""Candle Orbit 656"",""quantity"":1},{""product"":""Candle Quest 354"",""quantity"":2},{""product"":""Candle Orbit 1034"",""quantity"":1}]",4443.67,8.13,-37.807834,144.978883,15,3785.25,Autumn,False,1.4505,"i have used candle bloom 352 every day for reading papers, marking passages, and keeping handwritten notes beside my keyboard. compared with a basic reading tablet, it feels much more purposeful for study because the annotation tools are close at hand and the writing surface does not feel like an afterthought. compared with carrying a notebook and a separate screen, it keeps the work in one place without making the session feel cluttered. the first few days were mainly about finding a comfortable pen angle and learning where my saved notes appeared. once that settled, the routine became quick. i can open a document, underline a paragraph, add a margin note, and return to the page without losing my place. the handwriting is not identical to paper, but it is responsive enough for planning, short calculations, and reminders. long reading sessions are also kinder to my desk because i am not constantly swapping between devices. what impressed me most was the balance between focused reading and practical writing. the display is calm, the menus stay out of the way, and the tablet feels light enough to move from my office to the kitchen table. i compared it with using my phone for reference, and the bloom 352 is far less distracting. it also handles a mixed routine better than a plain notebook, since annotations remain attached to the material i was reading. there are small limits. the writing area can feel narrow when i try to sketch a large diagram, and i still prefer paper for rough brainstorming. a few menu labels took a moment to understand. those are minor compromises rather than daily obstacles. after several weeks, candle bloom 352 has become the device i reach for when reading needs active notes, and i would choose it over a simple reader or a loose notebook for that job.",True
CORD000812,CUS00239,2019-11-13,,"[{""product"":""Vela Halo 569"",""quantity"":2},{""product"":""Candle Edge 680"",""quantity"":1},{""product"":""Candle Flux 990"",""quantity"":1}]",4644.03,12.34,-37.876886,144.985604,15,3959.77,Spring,False,6.6332,"candle edge 608 has been running in my home office to extend wireless coverage to rooms where the previous arrangement was inconsistent. devices in the far room now connect more often, and ordinary browsing, document work and calls have been workable. the setup guide explains the main steps clearly, and the unit has remained cool on an open shelf. i have noticed fewer dead spots during routine use, which is a meaningful improvement for the household. management is less polished. the administration screen sometimes takes several seconds to load, and reconnecting a device after a setting change can require patience. one room still has a weaker signal when several devices are active, so the coverage is not perfectly even. these issues have not stopped me using the network, but they prevent complete confidence. candle edge 608 is a practical middle ground: useful coverage gains with occasional awkward maintenance.",True
CORD000813,CUS00074,2019-12-23,Thompson,"[{""product"":""Candle Orbit 1034"",""quantity"":1},{""product"":""Candle Bloom 262"",""quantity"":1},{""product"":""Vela Halo 569"",""quantity"":3}]",2147.46,22.1,-37.762152,144.928227,0,2169.56,Summer,True,5.8566,"candle bloom 1000 has been a strong fit for document work and video meetings away from my main desk. it is light enough to carry between rooms and meetings, yet the keyboard does not feel cramped when i am writing for a long period. documents open promptly, video calls remain smooth, and the camera gives a clear enough picture for routine conversations. the battery has covered ordinary workdays when i remembered to lower the brightness. the screen is somewhat reflective near windows, and the speakers lack depth for entertainment, but those are small compromises for a portable computer. candle bloom 1000 has made working from different locations more convenient and has performed consistently since i started using it.",True
CORD000814,CUS00263,2019-09-14,Nickolson,"[{""product"":""Candle Flux 990"",""quantity"":1},{""product"":""Candle Orbit 1034"",""quantity"":1},{""product"":""Candle Edge 680"",""quantity"":1},{""product"":""Candle Bloom 262"",""quantity"":1},{""product"":""Vela Halo 659"",""quantity"":2}]",6575.46,11.45,-37.866917,144.976243,5,6258.14,Spring,False,5.4052,"vela wave 643 has given us a convenient way to show presentations and browse photos together. slides remain readable from several seats, and images look bright enough for ordinary family viewing. the device fits neatly on a narrow surface and responds quickly to basic controls. i found the menu structure slightly busy at first, especially when switching between sources, but it soon became familiar. it has performed steadily since setup and makes shared viewing more inviting than passing a phone around.",True
CORD000815,CUS00356,2019-05-17,Nickolson,"[{""product"":""Candle Orbit 656"",""quantity"":2},{""product"":""Vela Halo 659"",""quantity"":1},{""product"":""Candle Flux 990"",""quantity"":1}]",6883.28,10.25,-37.855638,144.962576,10,6205.2,Autumn,False,4.1643,"i use the candle shift 466 for casual games in a shared room, where a large dedicated setup would be excessive. compared with playing on a work computer, it feels more available for quick sessions and less disruptive to the rest of the room. friends and family can pick it up without a long explanation, and the controls have been comfortable for the shorter games we usually play. it has become a convenient way to fill half an hour without rearranging the furniture. the comparison with more serious gaming hardware is straightforward. a specialised system would offer more depth for someone spending entire evenings on demanding titles, but the shift 466 is better matched to our occasional use. it starts quickly, handles the games we choose without drama, and is simple enough that different people can share it. i have also found the size helpful: it can remain in the room without making the entertainment area feel dominated by equipment. there are compromises. longer sessions can make the controls feel less fresh, and it does not replace a high-end setup for someone who wants every advanced option. the shared-room setting also means that background activity sometimes interrupts concentration. those points have not mattered much in my use. against a basic computer it is more inviting, while against specialised hardware it is less capable but much easier to live with. the candle shift 466 is a well-judged choice for relaxed gaming and shared household use.",True
CORD000816,CUS00393,2019-06-28,Nickolson,"[{""product"":""Candle Flux 1098"",""quantity"":1},{""product"":""Candle Orbit 1034"",""quantity"":1}]",1378.16,13.98,-37.857054,144.991244,5,1323.23,Winter,False,4.6816,"the candle edge 590 has accompanied me on several work trips, so i have used it in hotel rooms, on a train, and in meeting spaces rather than only at my desk. its compact shape fits comfortably in my bag, and the weight has not made carrying it around difficult. opening it for email, documents, and slide preparation is quick, and normal office work feels responsive. the keyboard took a few days to get used to, mainly because the key travel is shallower than on my previous laptop. for presentations, the experience depends on the room. the display is sharp enough for editing slides and reviewing notes, and the hinge holds its position while i am working. connecting to a meeting screen has worked, but on one occasion i needed to reconnect before the presentation appeared. i now test the connection before other people arrive, which is a small but real change to my routine. the built-in sound is adequate for spoken material; music and recorded clips are less impressive. after several hours of writing, the base became warm near the rear edge. it was not uncomfortable on a table, although i noticed the warmth when using it on my lap. battery performance has been reasonable for a travel day with moderate work, but a full day of heavy presentation editing would make me look for a power socket. the charger is easy enough to pack, even if i would prefer not to carry it. the candle edge 590 has made mobile work manageable because it is portable and handles my everyday documents well. its presentation connections and battery capacity require planning, and the keyboard is not immediately familiar. i see it as a useful travel machine with sensible limits rather than an effortless solution for every work situation.",True
CORD000817,CUS00189,2019-12-02,Bakers,"[{""product"":""Candle Orbit 656"",""quantity"":1},{""product"":""Candle Bloom 1000"",""quantity"":1}]",4077.9,13.28,-37.766894,145.061551,10,3683.39,Summer,False,7.5454,"candle orbit 602 has worked well for reading articles, annotating documents, and writing short handwritten notes. text stays sharp, and the writing response feels natural during quick corrections. i can keep reference material beside my notes without carrying separate paper. it is slightly heavy when held for a long time, so i usually use a stand. on a desk or lap, it has been a productive and enjoyable tablet.",True
CORD000818,CUS00222,2019-06-19,Bakers,"[{""product"":""Candle Flux 990"",""quantity"":1},{""product"":""Candle Quest 498"",""quantity"":1},{""product"":""Candle Quest 354"",""quantity"":2},{""product"":""Candle Orbit 656"",""quantity"":1},{""product"":""Vela Halo 659"",""quantity"":1}]",6735.11,15.7,-37.86442,145.027994,20,5403.79,,False,6.7008,"candle vista 254 has been a dependable companion for commuting and spoken-content listening. pairing took little time, and the connection stayed in place while i moved through the usual parts of my journey. podcasts and audiobooks are clear enough that voices remain easy to follow over ordinary background noise. music is also enjoyable at a moderate level, although it does not have the depth i would seek for serious listening at home. the controls can be reached quickly when i need to pause before entering a conversation or crossing a road. i have worn it through several commutes and found the fit comfortable, though i prefer removing it during longer waiting periods. battery life has covered my normal travel pattern, with charging needed every so often rather than after every outing. candle vista 254 has made the daily trip more pleasant and less repetitive, and its straightforward operation means i can concentrate on getting where i need to go.",True
CORD000819,CUS00328,2019-10-22,Nickolson,"[{""product"":""Candle Orbit 1034"",""quantity"":1},{""product"":""Candle Orbit 656"",""quantity"":1},{""product"":""Candle Flux 990"",""quantity"":1},{""product"":""Candle Bloom 1054"",""quantity"":1}]",5388.28,21.62,-37.854982,145.002099,25,4062.83,,True,4.9538,"candle orbit 224 has been useful for online classes and video calls from home. voices come through clearly, and the wireless connection has remained steady while i move between my desk and nearby rooms. the fit is comfortable enough for a full lesson, and i can mute or adjust the level without searching through software menus. other people on calls have had no difficulty hearing me during normal conversations. music sounds pleasant for background listening, though the bass is restrained and the controls are small. battery life has covered my usual classes and meetings, with charging needed after particularly busy days. candle orbit 224 has made remote classes easier to follow and has reduced the small audio interruptions that used to distract me.",True
CORD000820,CUS00437,2019-03-08,,"[{""product"":""Candle Quest 498"",""quantity"":1},{""product"":""Candle Bloom 1054"",""quantity"":1},{""product"":""Candle Bloom 1000"",""quantity"":2}]",5389.86,14.41,-37.879194,145.058693,5,5134.78,Autumn,False,9.5003,"i wanted vela ridge 1067 mainly for walking and commute notifications, not for a complicated training programme. during the first week i wore it on short walks, then on the longer route to work. the display was easy to check with a quick glance, and the movement reminders encouraged me to stand up during stretches of desk work without interrupting what i was doing. i liked that the device provided information quietly instead of turning every notification into an event. my routine became more consistent after i began using it on the commute. vela ridge 1067 showed incoming messages clearly enough for me to decide whether a reply could wait, and the vibration was noticeable without being startling. on a rainy morning i kept the walk brisk and later checked the activity summary, which gave me a useful picture of how much i had moved. i also wore it while running errands and found the light weight less distracting than i expected. the band has remained comfortable through ordinary daily wear. there are boundaries to what i ask from it. i still reach for my phone when i need to read a long message, and the small display is not suited to detailed interaction. the first few days involved adjusting the notification choices because i had enabled more alerts than i wanted. once i reduced them, vela ridge 1067 became much calmer. the battery has covered my usual routine, although i now charge it on a regular evening so i do not forget. after forty-eight days, vela ridge 1067 has delivered exactly the kind of support i wanted. it makes walking progress visible, keeps commute notifications manageable, and encourages movement without becoming another demanding screen. the limited display is reasonable for its size, and the overall experience has been thoroughly positive.",True
CORD000821,CUS00005,2019-05-02,Bakers,"[{""product"":""Candle Flux 990"",""quantity"":1}]",2094.45,15.35,-37.750198,144.976366,15,1795.63,Autumn,False,6.8528,"candle bloom 172 was used for field forms and client presentations, where its weak reliability became difficult to overlook. forms opened, but saving after a period of inactivity sometimes returned an error and forced me to enter information again. the display was visible indoors, yet reflections made it hard to show a client anything outside or near a bright window. touch input lagged when a long form was open, and scrolling jumped past fields without warning. presentations played, although video transitions stuttered and the speaker volume was too weak for a small meeting. the case also picked up scratches quickly during travel between appointments. it performs simple tasks, but repeated saving problems and awkward presentation use make candle bloom 172 unsuitable for field work.",False
CORD000822,CUS00101,2019-01-06,Thompson,"[{""product"":""Candle Bloom 1054"",""quantity"":1},{""product"":""Candle Edge 680"",""quantity"":1},{""product"":""Candle Orbit 656"",""quantity"":2}]",7225.37,13.27,-37.74643,144.929085,5,6877.37,Summer,False,7.5335,"candle orbit 152 suits reading and marking short documents, and handwritten notes feel natural during brief sessions. shared browsing is uncomplicated when only a few pages are open. longer notes reveal friction around palm rejection and page organisation, while switching tasks can take a moment. it is useful for focused light work, although i would not treat it as a full computer replacement. the result is practical with some clear limitations.",True
CORD000823,CUS00361,2019-12-21,Nickolson,"[{""product"":""Candle Bloom 1054"",""quantity"":1},{""product"":""Candle Bloom 1000"",""quantity"":3}]",5897.37,20.84,-37.854471,144.961508,20,4738.74,Summer,True,4.0513,"the candle shift 1060 has accompanied me through a busy stretch of study, and its strengths became clearer the longer i used it. i needed an ultrabook for reading papers, taking notes, attending online classes, and moving between the library and home. on the first few days i kept expecting to discover some awkward compromise, but the routine quickly became straightforward. i can open it, continue where i left off, and carry on with research without spending time managing the device. most of my work involves a browser with several research tabs, a document for notes, and a meeting or lecture in the background. the candle shift 1060 handles that combination without making the desk feel crowded. the keyboard is comfortable for extended typing, and the display gives enough room to compare a source with my notes. i often work at a small table or in a quiet corner of the library, so the compact form has been valuable. it fits beside a notebook and leaves space for a cup of coffee without dominating the surface. travel provided a useful test. i carried the laptop between locations in a backpack, used it on a train table, and then connected it to a larger screen at home. the change of setting did not require a special routine. the battery lasted through my usual study block, although i recharge before a particularly long day if i know i will be away from a power point. the charger is one more item to pack, but that is an ordinary trade-off for dependable mobile work rather than a serious complaint. there are boundaries. i would not choose the candle shift 1060 for heavy creative production or demanding games, and the smaller screen can feel tight when i have several windows open at once. i sometimes close tabs simply to keep my attention focused. those limits match the intended role, and the laptop has been well suited to research and note taking. it also wakes quickly enough that i can capture an idea before losing it, which matters more to me than having unnecessary extras. after sustained use, the candle shift 1060 feels like a reliable academic tool. it has supported ordinary deadlines, late reading sessions, and daily travel without becoming a distraction. the combination of portability, comfortable typing, and sensible performance has made my study routine smoother. i am very happy with the purchase and expect it to remain part of my work for a long time.",True
CORD000824,CUS00354,2019-04-24,Thompson,"[{""product"":""Candle Quest 354"",""quantity"":1},{""product"":""Candle Orbit 656"",""quantity"":1},{""product"":""Candle Edge 680"",""quantity"":2},{""product"":""Candle Bloom 1054"",""quantity"":2}]",8067.34,12.54,-37.86546,144.901429,20,,Autumn,False,7.1074,"i started wearing vela halo 587 because i wanted calendar reminders and quick message checks without constantly picking up my phone. after several weeks, the habit feels natural. a short vibration during a meeting, while cooking, or on a walk tells me that something needs attention, and i can decide whether to respond immediately or wait. that has reduced the number of times i interrupt a task just to check the phone. the calendar alerts have been particularly useful. i can see the reminder at a glance and keep moving, which is helpful when my hands are occupied. messages are best for brief checks rather than long conversations, but that matches the reason i bought it. the display is readable in ordinary indoor light, and i have not found the device cumbersome during daily wear. i have worn vela halo 587 through workdays, errands, and quiet weekends. the strap has remained comfortable, and the watch has not felt out of place with casual clothing. i sometimes forget that it is there until an alert arrives, which i consider a success for this kind of accessory. its appearance is restrained rather than flashy, so it has suited different settings. the screen is small, and reading anything lengthy still means reaching for the phone. one alert also arrived later than expected during the first week, although i have not noticed a repeat. for quick calendar reminders and message previews, vela halo 587 has been a genuinely useful addition to my routine. i am happy with how unobtrusively it performs its job.",True
CORD000825,CUS00276,2019-05-22,Nickolson,"[{""product"":""Candle Bloom 1054"",""quantity"":2},{""product"":""Candle Bloom 1000"",""quantity"":1},{""product"":""Candle Orbit 1034"",""quantity"":1},{""product"":""Candle Quest 354"",""quantity"":1}]",3700.24,8.18,-37.825402,144.984527,25,2783.36,Autumn,False,1.5176,"the candle arc 168 has connected several shared household devices, including phones, laptops, a television, and a printer. initial setup was clear enough, and the connection has remained stable during ordinary evening use when several people are online. the device list is useful for checking what is connected, although identifying family devices becomes less obvious once many names appear. coverage reaches most rooms, with a weaker signal in the area furthest from the unit. i have not needed to restart it often, which is reassuring, but a few advanced controls are harder to find than the basic ones. streaming and browsing have been consistent, and guest access can be managed without much trouble. it is a sensible household network device with adequate reach and a slightly busy management interface.",True
CORD000826,CUS00330,2019-11-18,Thompson,"[{""product"":""Candle Orbit 1034"",""quantity"":2},{""product"":""Candle Flux 990"",""quantity"":1},{""product"":""Candle Edge 680"",""quantity"":1},{""product"":""Candle Bloom 262"",""quantity"":3}]",8864.5,12.62,-37.772132,144.885928,5,8433.9,Spring,False,7.0132,"vela pulse 217 has become part of my walking and commuting routine because it puts notification checks in a more convenient place than my phone pocket. i can notice incoming reminders or messages without stopping to search through a bag, and that small change makes busy journeys feel less interrupted. compared with checking the phone repeatedly, the wearable encourages me to keep moving and deal with non-urgent items at a sensible pause. the fit has been comfortable enough for regular walks, and i have not found the device distracting once i adjusted to wearing it. notifications are most helpful when i am carrying things or moving through a crowded station. the display is easier to consult than a phone in those situations, although a phone remains better for reading longer messages or responding in detail. that is an honest difference between this compact format and a larger device rather than a serious weakness. i have tried relying only on phone alerts, but they are easier to miss when the phone is tucked away. vela pulse 217 gives me a useful middle option: enough information to decide whether something needs attention, without turning every journey into a phone session. its purpose is narrower than a full-featured wearable, yet that simplicity suits my routine. after several weeks of ownership, i see it as a practical companion for walking and commuting, and i would choose it over carrying the phone in my hand.",True
CORD000827,CUS00160,2019-09-29,Thompson,"[{""product"":""Candle Flux 1098"",""quantity"":1},{""product"":""Candle Flux 990"",""quantity"":1},{""product"":""Candle Bloom 1000"",""quantity"":1}]",4706.53,15.49,-37.767792,144.882966,20,,Spring,False,7.5256,"i used candle vista 1046 for game streaming and recording, but the results were disappointing from the first session. the device captures a basic signal, yet the stream repeatedly develops stutters when the game becomes busy. audio and video also drift apart often enough to make recorded clips awkward to watch. i tried changing the capture settings and reconnecting the cables, but the same problem returned during later sessions. the software interface adds more frustration. important controls are buried in menus, and the preview can freeze while the recording indicator continues to show activity. on one occasion i discovered that a long session had not been saved properly, which made the hardware difficult to trust. heat from the unit is noticeable during extended use, and the casing feels less substantial than expected. candle vista 1046 handles a simple input, but unreliable streaming, poor software feedback, and lost recordings make it unsuitable for serious media capture. i regret buying it.",False
CORD000828,CUS00444,2019-01-11,Bakers,"[{""product"":""Candle Quest 354"",""quantity"":1},{""product"":""Candle Bloom 1054"",""quantity"":2},{""product"":""Candle Edge 680"",""quantity"":1}]",3553.88,11.01,-37.843367,145.01986,5,3387.2,,False,4.2951,"before using vela atlas 305, i relied on ordinary wall switches and occasionally left lights on because i was already comfortable in another room. the comparison is not dramatic in a technical sense, but app-controlled lighting has become genuinely convenient. i can adjust the room before walking in, turn lights off after settling into bed, and change the setting without crossing a dark room. the household adapted quickly because the physical switches still make sense to anyone who does not want to use the app. i have used vela atlas 305 in the main living area and near a desk where the lighting needs change throughout the day. compared with the old routine, it gives me more control over small moments: softer light while reading, brighter light when cleaning, and a quick change when someone starts a video call. the app responds promptly in normal use, and the controls are simple enough that other people in the home learned them without much instruction. it has also made it easier to check whether a light was left on. the benefit depends on keeping the app and network connection available, and i still use the wall switch when i want the fastest possible action. the interface could offer more visual guidance for new users. even with that small learning curve, vela atlas 305 is more adaptable than fixed switching. it has turned lighting from a forgettable background task into something i can adjust to the room and the activity.",True
CORD000829,CUS00184,2019-03-15,Bakers,"[{""product"":""Candle Quest 354"",""quantity"":1},{""product"":""Candle Flux 990"",""quantity"":1},{""product"":""Vela Halo 659"",""quantity"":1},{""product"":""Candle Quest 498"",""quantity"":1},{""product"":""Candle Bloom 262"",""quantity"":1}]",5188.54,9.01,-37.790706,145.011599,20,4159.84,Autumn,False,2.5824,"vela core 867 fits neatly into my walking and commuting routine. the band is light enough that i can wear it throughout the day, and the display is readable when i glance at it outdoors. notifications arrive promptly for the messages i care about, which saves me from checking my phone while crossing the city. i have also found the walking information helpful for keeping a consistent routine, especially on days when my route changes. pairing was quick, and the companion controls are simple to understand. after several weeks of daily wear, the device still looks tidy and the strap remains comfortable. the battery lasts through my usual schedule, though i prefer charging it before a particularly busy weekend. that small planning step is easy to manage. vela core 867 combines practical reminders, dependable timekeeping, and a comfortable fit in a way that suits everyday use.",True
CORD000830,CUS00491,2019-11-12,Bakers,"[{""product"":""Candle Bloom 262"",""quantity"":2},{""product"":""Candle Orbit 656"",""quantity"":1},{""product"":""Vela Halo 659"",""quantity"":3}]",5292.73,20.69,-37.777146,144.990192,0,5313.42,Spring,True,3.6795,"candle bloom 1036 has worked well for portable gaming during trips and quiet breaks away from home. i previously carried a larger setup that offered a more comfortable long session but was inconvenient to pack, so i wanted something easier to take along. this device occupies much less space in my bag and can be brought out without arranging a whole desk. that convenience has meant i actually use it while travelling instead of leaving my gaming equipment at home. compared with the larger system, candle bloom 1036 feels more suitable for short and medium sessions. the controls are responsive enough for the games i play, and i have not struggled to understand the basic interface. the screen is practical for portable use, although i would still choose the larger setup for a long evening because the bigger display feels less tiring. that is a fair trade-off for a device intended to travel, and it has not reduced my enjoyment during the situations where i bought it. i have used it in a hotel room, on a train journey, and while waiting between activities. in each case, starting a game was quicker than unpacking my old equipment. the lighter design is especially helpful when carrying other belongings, and the controls remain comfortable for the length of session i normally have on the move. longer play can make the device feel warm, but i have not experienced a shutdown or a failure to continue playing. the comparison is really about portability against the advantages of a fixed setup. candle bloom 1036 does not replace a larger screen or a full home arrangement, yet it is much more practical for travel. it has survived being packed and unpacked repeatedly without becoming loose or awkward to operate. for anyone wanting gaming access away from home, i find it a dependable compromise and a worthwhile addition rather than a replacement for every other option.",True
CORD000831,CUS00025,2019-07-17,Thompson,"[{""product"":""Candle Flux 1098"",""quantity"":1},{""product"":""Candle Orbit 1034"",""quantity"":3}]",2542,14.23,-37.770969,144.967458,15,2174.93,Winter,False,4.9713,"the vela halo 1091 has worked well as an everyday family phone, especially for messages, calls, navigation, and casual applications. compared with my previous phone, it feels less cramped during ordinary use and is easier to hand to another family member when we need to check a route or share information. calls have been clear in the places where i normally use them, and switching between communication and simple apps has been smooth. the phone has also coped well with a day that includes maps, messages, photos, and brief browsing without making the routine feel complicated. what i value most is the balance. it is not a device that demands constant adjustment, and the main functions are arranged in a way that quickly became familiar. family conversations are easier because i can respond promptly while still keeping navigation open when travelling. the screen is comfortable for reading messages, and the casing has remained presentable despite being carried around every day. compared with my former phone, i notice fewer small annoyances rather than one dramatic change. the camera is adequate for casual snapshots but does not replace a dedicated camera when lighting is difficult. that is a fair limitation for my use. after several weeks, the vela halo 1091 feels dependable and pleasant to use. it gives the household the communication and navigation tools we need without adding unnecessary friction.",True
CORD000832,CUS00228,2019-12-10,Bakers,"[{""product"":""Candle Flux 990"",""quantity"":3},{""product"":""Vela Halo 659"",""quantity"":1},{""product"":""Candle Flux 1098"",""quantity"":1}]",7344.3,12.7,-37.75524,145.027564,20,5888.14,Summer,False,6.719,"candle bloom 244 has been my main audio device at home for long listening sessions, from weekend radio to several hours of music while i work. the fit remains comfortable over time, and the sound is balanced enough that voices, instruments, and quieter passages do not blur together. wireless pairing was quick, and it reconnects when i return to the room without needing repeated attention. i have also moved between rooms while listening and have not noticed interruptions. the controls are easy to learn, though i sometimes wish the volume response were more gradual at the lower end. that minor issue has not affected normal listening. the build feels sturdy, and the device has remained comfortable after repeated use. candle bloom 244 has made background listening more enjoyable and has enough endurance for the relaxed, extended sessions i bought it for.",True
CORD000833,CUS00238,2019-11-04,Nickolson,"[{""product"":""Candle Flux 1098"",""quantity"":1},{""product"":""Vela Halo 569"",""quantity"":1}]",945.33,15.31,-37.881496,144.992506,15,818.84,Spring,False,7.2789,"candle arc 150 was bought for document work and video meetings away from my main desk, then compared with an older office laptop. the newer machine opens documents, but it feels sluggish when several files and browser pages are present. scrolling through a long report can stutter, and switching between notes and a meeting window sometimes leaves a blank pause. the older laptop is heavier, but its response is less erratic. video meetings exposed more problems. the camera image becomes dull in ordinary indoor light, and the microphone picks up room noise without making speech particularly distinct. i often have to repeat myself, which is frustrating in a work call. returning to a document after the meeting can also take longer than expected. these are not dramatic failures separately, but together they make portable work feel poorly supported. the keyboard is serviceable for short messages, although the keys feel cramped during extended writing. the trackpad occasionally interprets a palm touch as a command, causing unwanted movement through a page. battery loss is another concern: meetings and document editing leave little margin, so carrying the charger is unavoidable. candle arc 150 is able to perform basic office tasks, but the weak camera, awkward input, and sluggish switching compare badly with the older laptop. i cannot recommend it for portable document work or frequent video meetings.",
CORD000834,CUS00392,2019-08-03,Thompson,"[{""product"":""Candle Flux 990"",""quantity"":1},{""product"":""Vela Halo 569"",""quantity"":2},{""product"":""Candle Bloom 1054"",""quantity"":1}]",2842.48,13.9,-37.77262,144.959458,10,2572.13,Winter,False,4.5848,"i installed the candle orbit 188 to create a separate guest network and keep track of the devices connected at home. the guest access is convenient when visitors arrive, and the device list helps me recognise which household equipment is online. initial setup required careful reading because several management options were grouped in places i did not expect. once configured, changing the guest access settings was straightforward, although the screen can feel busy when many devices are listed. the wireless connection has remained stable during ordinary browsing and streaming, but a newly added device sometimes took a little while to appear in the list. i also had to restart the unit after changing multiple settings in quick succession. the casing sits neatly beside my existing equipment and has not become warm during regular use. the candle orbit 188 provides useful control for a home network, with a capable management view balanced by a setup process and device updates that are not always immediate.",True
CORD000835,CUS00114,2019-12-27,Thompson,"[{""product"":""Vela Halo 659"",""quantity"":1},{""product"":""Vela Halo 569"",""quantity"":2},{""product"":""Candle Orbit 656"",""quantity"":1}]",2824.95,12.72,-37.842273,144.923437,20,2272.68,Summer,False,3.8912,"candle bloom 1000 was purchased for portable document work and video meetings, then compared with another lightweight laptop used in the same places. the first impression is that it is easy to carry, but the reduced weight does not compensate for the problems during a working day. the keyboard feels shallow and noisy, with a cramped layout that causes frequent typing mistakes. the trackpad sometimes ignores a short movement and then jumps, making document selection awkward. when several files are open, switching between them produces pauses and occasional frozen windows. those interruptions are frustrating during meetings because notes fall behind while the system catches up. video calls exposed further weaknesses. the camera image becomes grainy indoors, and the microphone captures nearby sounds more strongly than my voice. other participants asked me to repeat points even when i was sitting close to the screen. compared with the other laptop, candle bloom 1000 also loses battery charge quickly during a meeting combined with document editing. the percentage indicator drops unevenly, so remaining time is difficult to judge. the display is readable at a desk, but reflections make it hard to work near a bright window. basic documents can be opened and edited, yet the poor keyboard, hesitant multitasking, weak meeting audio, and unreliable battery estimate make this model disappointing. after 32 days, i carry a charger and keep backup notes because the computer cannot be trusted for a full mobile session. i regret choosing it for regular work and would avoid it for frequent video meetings.",False
CORD000836,CUS00300,2019-02-22,Thompson,"[{""product"":""Candle Quest 354"",""quantity"":1},{""product"":""Candle Flux 990"",""quantity"":1}]",2497.23,13.22,-37.746675,144.932193,0,2510.45,Summer,False,7.4542,"candle edge 734 works particularly well when music needs to fill a shared room. pairing was straightforward, and playback remained clear while people moved around and chatted nearby. i like being able to adjust the volume from across the room, and the speaker has enough presence for casual listening without sounding harsh. it is less suited to very quiet, detailed listening than my larger setup, but that is outside its main role. for everyday shared playback, it has been dependable and enjoyable.",True
CORD000837,CUS00306,2019-12-25,Thompson,"[{""product"":""Candle Orbit 656"",""quantity"":1},{""product"":""Candle Orbit 1034"",""quantity"":1}]",2843.98,9.8,-37.827419,144.924416,20,2284.98,Summer,False,2.5783,"vela halo 371 has been a capable phone for work calls and calendar management. calls connect quickly, appointments are easy to check, and switching between meeting notes and messages feels smooth. it remains comfortable to carry through a full day and responds well to ordinary multitasking. the camera suits quick work conversations more than detailed photography, but the communication features have been genuinely useful.",True
CORD000838,CUS00313,2019-10-10,Bakers,"[{""product"":""Candle Bloom 1054"",""quantity"":1},{""product"":""Candle Bloom 262"",""quantity"":1},{""product"":""Vela Halo 569"",""quantity"":1},{""product"":""Candle Bloom 1000"",""quantity"":1}]",3533.05,10.46,-37.84033,145.020992,10,3190.21,Spring,False,4.0615,"vela nova 159 has made my desk arrangement more flexible, especially when i switch between a phone and a small tablet. the adjustable mount holds the device at a useful viewing angle, and i can reposition it without clearing space or leaning over the desk. this has helped during calls, reference reading, and following instructions while working with both hands. the joints feel firm during ordinary use, and the base has stayed in place on my desk. adjusting it with one hand can be a little awkward when the arm is extended, and the mount occupies more surface area than i expected. those minor inconveniences have not outweighed the everyday benefit. vela nova 159 is a practical accessory that has made my shared workspace calmer and easier to arrange.",True
CORD000839,CUS00039,2019-02-19,Bakers,"[{""product"":""Candle Orbit 656"",""quantity"":1},{""product"":""Candle Orbit 1034"",""quantity"":1},{""product"":""Candle Bloom 1000"",""quantity"":1}]",4659.82,14.6,-37.844217,145.056231,0,4674.42,Summer,False,6.5713,"vela atlas 449 was meant to keep a phone raised for hands-free calls in a shared workspace, but it has been awkward and unreliable in daily use. the base takes up little room, although that small footprint leaves it prone to sliding whenever the device is tapped. the support arm gradually sags after adjustment, so the screen no longer stays at the selected angle. colleagues moving around the desk have knocked it over more than once, and tightening the joint only makes later repositioning difficult. a phone can rest in the holder when left untouched, but typing or swiping causes visible shaking. the open design does not solve the main problem because the device still has to be handled constantly during calls and reference work. i expected steadier hands-free support after several weeks of ownership. vela atlas 449 is poorly suited to a busy shared workspace and has been a frustrating purchase.",False
CORD000840,CUS00231,2019-06-19,Thompson,"[{""product"":""Candle Flux 990"",""quantity"":2},{""product"":""Candle Bloom 1054"",""quantity"":2},{""product"":""Vela Halo 659"",""quantity"":1},{""product"":""Vela Halo 569"",""quantity"":1},{""product"":""Candle Orbit 1034"",""quantity"":1}]",6084.32,17.2,-37.879636,144.901119,0,6101.52,Winter,False,8.4688,"candle edge 158 has improved the wireless coverage around my home office and made movement between rooms less inconvenient. calls remain stable when i step away from the desk, and documents or messages continue loading in areas where the signal used to feel uncertain. setup was clear enough to complete without outside help, and my existing devices joined the network after only a few attempts. the connection has remained steady during work calls, browsing, and ordinary streaming, even when other household devices are active. the unit itself is plain and the indicator is more visible than necessary, but neither issue affects performance. i have appreciated not having to reposition equipment or reconnect repeatedly during the day. candle edge 158 has been a quiet improvement: it does not demand attention, yet it gives my home office the dependable reach i was missing.",True
CORD000841,CUS00034,2019-01-23,Thompson,"[{""product"":""Candle Flux 990"",""quantity"":1},{""product"":""Candle Edge 680"",""quantity"":1},{""product"":""Vela Halo 569"",""quantity"":1},{""product"":""Candle Orbit 656"",""quantity"":3}]",11281.12,13.04,-37.754163,144.911876,15,9601.99,Summer,False,7.2037,"vela spark 585 has given us a clearer view of activity around the doors and windows. the alerts arrive promptly during ordinary opening and closing, and the notifications are specific enough for me to understand which area needs attention. i installed it as a simple household check rather than a complicated security project, and that is where it has worked best. the setup required careful placement, but the instructions helped me choose sensible positions. since then, the system has stayed connected and has not filled my phone with unnecessary messages during normal days. i like being able to check activity when i am away from the room, especially when family members are moving through the house. the adhesive arrangement could be more forgiving if i changed my mind about placement. still, vela spark 585 has been reassuring, practical, and easy to include in our routine.",True
CORD000842,CUS00240,2019-07-02,Thompson,"[{""product"":""Candle Bloom 1000"",""quantity"":1},{""product"":""Vela Halo 659"",""quantity"":1},{""product"":""Candle Bloom 1054"",""quantity"":1}]",2530.4,29.46,-37.867323,144.895019,15,2180.3,Winter,,7.6039,"the vela spark 387 has been useful during work because it shows calendar alerts and brief message previews without requiring me to pick up my phone. i can glance at the display during a meeting or while walking between rooms, then decide whether something needs immediate attention. the notifications arrive consistently in my normal routine, and dismissing them is simple. the band is light enough to wear all day, and i have not found it distracting during typing or household tasks. some longer messages are shortened more than i would like, so i still use the phone when a conversation needs a full response. setup took little effort, and charging has fitted comfortably into my existing habits. after several weeks, the vela spark 387 has reduced unnecessary phone checking and helped me keep track of appointments. it does not replace a phone, but it performs its smaller role in a thoughtful and dependable way.",True
CORD000843,CUS00355,2019-04-24,Nickolson,"[{""product"":""Candle Bloom 1054"",""quantity"":2},{""product"":""Candle Orbit 1034"",""quantity"":1}]",1481.62,9.77,-37.850498,144.970987,10,1343.23,Autumn,False,3.5497,"the vela core 1011 has been my main phone for photography, messaging, and ordinary communication over the last month. it handles messages, calls, browsing, and photo sharing without a serious problem. compared with an older handset, moving between the camera and messaging is smoother, and the screen is comfortable for reviewing pictures before sending them. it feels like a capable everyday device rather than a specialist camera. in good daylight, the camera produces images that are suitable for family moments, notes, and social sharing. when the light is poor or the subject moves, the results become less consistent and details can look soft. a more photography-focused phone would give me more confidence in those situations, while the vela core 1011 remains simpler for routine use. i have not found the camera disappointing enough to avoid it, but i would not buy it solely for photography. messaging is the stronger part of my experience. the keyboard is responsive, conversations are easy to follow, and switching between a message and a reference page is straightforward. battery life covers an ordinary day for me, though taking many pictures and watching media makes the charge fall faster. the phone is manageable in one hand, while larger alternatives provide more room for editing and reading. that is a preference issue rather than a clear defect. after a month, i view the vela core 1011 as a balanced phone with an average camera. it has done the important daily tasks reliably and has not required support. i would compare image quality and battery behaviour with similar models before buying, especially for frequent indoor photography. for messages and general use it is satisfactory, but it does not clearly lead the category.",True
CORD000844,CUS00259,2019-11-27,Thompson,"[{""product"":""Candle Quest 354"",""quantity"":3},{""product"":""Vela Halo 569"",""quantity"":1}]",1357.43,9.26,-37.833293,144.938445,5,1298.82,Spring,False,2.4147,"vela echo 151 has handled my daily calls, messages, and navigation without making those routine tasks feel burdensome. calls connect promptly, and the screen remains readable when i am checking a route or responding to a message while out. navigation has been steady during walks and drives, and the directions are easy to follow at a glance. the phone is comfortable to hold for short conversations and fits neatly in my everyday bag. i have noticed that the surface attracts fingerprints quickly, especially after using the map, so it needs an occasional wipe. that is a cosmetic nuisance rather than a functional concern. after regular ownership, vela echo 151 has remained responsive and trustworthy for communication and getting around town.",True
CORD000845,CUS00253,2019-06-17,Bakers,"[{""product"":""Candle Bloom 1054"",""quantity"":1},{""product"":""Candle Edge 680"",""quantity"":1},{""product"":""Candle Flux 1098"",""quantity"":1},{""product"":""Candle Bloom 262"",""quantity"":2}]",5734.03,15,-37.793231,145.058721,0,5749.03,Winter,False,5.8814,"i placed vela wave 1075 indoors to observe temperature and humidity in the rooms used by my family. current readings are easy to check, and the device has stayed unobtrusive on a shelf. the app sometimes refreshes slowly, while reviewing changes over time is less convenient than checking the latest reading. it has given me a clearer sense of room conditions during normal use. the monitoring function is worthwhile, although the app could make the information easier to interpret.",True
CORD000846,CUS00231,2019-09-11,Thompson,"[{""product"":""Candle Orbit 1034"",""quantity"":1},{""product"":""Vela Halo 569"",""quantity"":2},{""product"":""Candle Quest 498"",""quantity"":2},{""product"":""Candle Flux 990"",""quantity"":1}]",5591.21,13.68,-37.879636,144.901119,5,5325.33,Spring,False,8.4688,"candle edge 158 has improved the wireless coverage around my home office and made movement between rooms less inconvenient. calls remain stable when i step away from the desk, and documents or messages continue loading in areas where the signal used to feel uncertain. setup was clear enough to complete without outside help, and my existing devices joined the network after only a few attempts. the connection has remained steady during work calls, browsing, and ordinary streaming, even when other household devices are active. the unit itself is plain and the indicator is more visible than necessary, but neither issue affects performance. i have appreciated not having to reposition equipment or reconnect repeatedly during the day. candle edge 158 has been a quiet improvement: it does not demand attention, yet it gives my home office the dependable reach i was missing.",True
CORD000847,CUS00111,2019-06-08,Bakers,"[{""product"":""Candle Edge 680"",""quantity"":1},{""product"":""Candle Bloom 262"",""quantity"":2},{""product"":""Candle Quest 498"",""quantity"":2},{""product"":""Vela Halo 569"",""quantity"":1}]",7253.69,12.82,-37.83981,144.997432,15,6178.46,Winter,False,3.3208,"i have used candle lumen 796 for game streaming and media capture over the past few weeks, and it has made the process feel considerably more organised. the connection was uncomplicated, and i was able to bring gameplay and other media into my usual setup without spending an evening troubleshooting. during longer sessions, the capture remained steady and the controls were easy to locate when i needed to adjust the presentation. it has also been useful for recording short clips, since i can concentrate on the game instead of constantly checking whether the equipment is behaving. the casing takes up a little more desk space than i first expected, and the included controls are not especially elaborate, but neither issue has affected my normal use. candle lumen 796 feels aimed at people who want a practical streaming tool without unnecessary complexity. it has supported both casual broadcasts and repeated recording sessions with pleasing consistency, and i am happy to keep it as part of my gaming desk.",True
CORD000848,CUS00193,2019-08-16,Thompson,"[{""product"":""Candle Bloom 262"",""quantity"":1},{""product"":""Candle Quest 498"",""quantity"":2}]",3734.93,25.03,-37.794185,144.960953,0,3759.96,Winter,True,2.3904,"i used vela nova 771 through a month of calls, calendar changes, messages, and occasional reading between meetings. moving my accounts across was manageable, and the phone handled my usual work applications without demanding much attention. calls were intelligible in quiet rooms, and the calendar was responsive enough for adding appointments while travelling between rooms. the size also suited one-handed reading better than the larger device i had before. those everyday tasks made the phone feel dependable enough for routine communication. the weaknesses appeared gradually rather than all at once. when several work applications were open, returning to an earlier screen sometimes took longer than expected, and i noticed a short pause before some notifications appeared. it was not constant, but it made me check the phone twice when i was waiting for a meeting message. the camera is serviceable for a document or quick family snapshot, though indoor images can look flat and require careful framing. i also found the outer surface more slippery than i wanted, so i became reluctant to use it without a case. that is a minor issue, but it affects how freely i handle it. vela nova 771 has settled into a middle position for me. it covers work calls and calendar management without a major failure, and the compact handling remains pleasant during a busy day. however, the occasional pauses and delayed notifications undermine the sense of polish i expected from a newer phone. i am not replacing it immediately because its core tasks are covered, yet i would compare alternatives more closely before buying another one. it is functional and manageable, but not an especially convincing upgrade.",True
CORD000849,CUS00213,2019-01-27,Thompson,"[{""product"":""Candle Quest 498"",""quantity"":1},{""product"":""Vela Halo 659"",""quantity"":1},{""product"":""Candle Orbit 1034"",""quantity"":1},{""product"":""Candle Bloom 262"",""quantity"":1}]",3273.23,13.37,-37.781086,144.909582,15,2795.62,Summer,False,4.8151,"candle arc 798 was meant to extend wireless coverage between rooms, but the connection has remained unreliable throughout my ownership. installation was more awkward than expected, and the indicator gave little warning when the link had failed. devices near the unit sometimes connect while a laptop in the next room loses access. moving the unit a short distance changes the result, which makes the supposed coverage difficult to trust. video calls expose the weakness most clearly. the call may begin normally, then audio breaks into gaps and the picture freezes without a useful explanation. streaming in the same room can also stall when another device joins the network. reconnecting requires repeated restarts, and the process interrupts work rather than solving the underlying problem. a device can detect the network and pass a small amount of traffic, but that basic function is not enough for room-to-room coverage. the warranty offers little comfort when the problem appears during ordinary use. candle arc 798 has created more connection problems than it solved, and i cannot recommend it.",False
CORD000850,CUS00346,2019-07-02,Bakers,"[{""product"":""Vela Halo 659"",""quantity"":1},{""product"":""Candle Orbit 1034"",""quantity"":1},{""product"":""Candle Edge 680"",""quantity"":1},{""product"":""Candle Bloom 1054"",""quantity"":1},{""product"":""Candle Quest 354"",""quantity"":1}]",3950.66,27.86,-37.770051,145.036211,25,2990.86,Winter,True,5.718,"vela ridge 527 gives me a quick summary after walks, cycling, and other exercise sessions. the information is easy to check after finishing, and the wearable does not distract me while i am active. i have found the trends more useful than individual readings. the display is small for detailed review, but the simple summaries and comfortable daily handling have made it a worthwhile training companion.",True
CORD000851,CUS00233,2019-08-29,Bakers,"[{""product"":""Candle Flux 990"",""quantity"":2},{""product"":""Vela Halo 569"",""quantity"":1},{""product"":""Candle Bloom 1000"",""quantity"":1}]",6153.83,12.64,-37.809025,145.030559,0,6166.47,Winter,False,3.1054,"vela pulse 199 has made my shared workspace more comfortable by keeping my phone supported and visible beside my keyboard. i use it during video meetings, while following notes and when checking notifications between tasks, and the hands-free position means i no longer leave the phone flat among papers. the base stays put on my desk, and the support has handled regular placement without wobbling. it folds away neatly when i need to clear the surface, although the adjustment range is limited for someone sitting far from the desk. my phone remains secure in the stand with its usual case, which was the main concern when i bought it. vela pulse 199 is a simple accessory, but it has reduced clutter and made shared desk work feel more organised. i have used it every day since bringing it into the workspace.",True
CORD000852,CUS00273,2019-12-05,Thompson,"[{""product"":""Vela Halo 569"",""quantity"":1},{""product"":""Candle Orbit 656"",""quantity"":1},{""product"":""Candle Orbit 1034"",""quantity"":1},{""product"":""Candle Flux 990"",""quantity"":2}]",7181.97,11.73,-37.859562,144.93444,5,6834.6,Summer,False,5.3305,"candle flux 666 has worked well for casual games in our shared room, where several people may want to join without a lengthy setup. starting a game is straightforward, and the controls have been approachable enough for younger and older players to take turns. the display remains responsive during the titles we use, and sound can be kept at a reasonable level when someone else is reading nearby. we have also enjoyed the short sessions that fit around meals and homework. more demanding games can make the unit run warmer, and serious players may want more advanced features, but that is not what we bought it for. candle flux 666 has brought repeated evenings of easy entertainment to the household and has held up well to frequent sharing.",True
CORD000853,CUS00444,2019-03-19,Bakers,"[{""product"":""Candle Bloom 1000"",""quantity"":1},{""product"":""Candle Edge 680"",""quantity"":2},{""product"":""Vela Halo 659"",""quantity"":2},{""product"":""Vela Halo 569"",""quantity"":1}]",6997.15,10.35,-37.843367,145.01986,25,5258.21,Autumn,False,4.2951,"before using vela atlas 305, i relied on ordinary wall switches and occasionally left lights on because i was already comfortable in another room. the comparison is not dramatic in a technical sense, but app-controlled lighting has become genuinely convenient. i can adjust the room before walking in, turn lights off after settling into bed, and change the setting without crossing a dark room. the household adapted quickly because the physical switches still make sense to anyone who does not want to use the app. i have used vela atlas 305 in the main living area and near a desk where the lighting needs change throughout the day. compared with the old routine, it gives me more control over small moments: softer light while reading, brighter light when cleaning, and a quick change when someone starts a video call. the app responds promptly in normal use, and the controls are simple enough that other people in the home learned them without much instruction. it has also made it easier to check whether a light was left on. the benefit depends on keeping the app and network connection available, and i still use the wall switch when i want the fastest possible action. the interface could offer more visual guidance for new users. even with that small learning curve, vela atlas 305 is more adaptable than fixed switching. it has turned lighting from a forgettable background task into something i can adjust to the room and the activity.",True
CORD000854,CUS00105,2019-07-12,Thompson,"[{""product"":""Vela Halo 659"",""quantity"":1},{""product"":""Candle Orbit 656"",""quantity"":1},{""product"":""Candle Bloom 1000"",""quantity"":1}]",4342.61,17.62,-37.870226,144.87565,25,3274.58,Winter,False,8.9602,"candle quest 876 has been dependable for competitive games where quick controls and voice communication matter. inputs register without distracting delay, and teammates can hear me clearly during ordinary matches. the equipment remains comfortable through longer sessions and has not developed loose parts. the adjustment mechanism could offer a little more range, but performance has remained strong for my gaming setup.",True
CORD000855,CUS00379,2019-11-30,Bakers,"[{""product"":""Candle Flux 1098"",""quantity"":1},{""product"":""Candle Bloom 1000"",""quantity"":1},{""product"":""Candle Orbit 1034"",""quantity"":1}]",3194,13.39,-37.743615,145.032186,10,2887.99,Spring,False,8.0642,"candle lumen 868 has kept our shared household devices connected consistently over the past 29 days. setup was clear, and once placed it handled phones, a television, and other ordinary devices without repeated attention. coverage has been dependable around the rooms we use most. the indicator lights are brighter than necessary at night, but they can be ignored. it has made the home network feel stable and uncomplicated.",True
CORD000856,CUS00234,2019-03-22,Bakers,"[{""product"":""Vela Halo 569"",""quantity"":1}]",149.09,14.54,-37.742785,145.064883,25,126.36,Autumn,False,9.6606,"vela atlas 197 has become useful for habit reminders and everyday timekeeping because it stays visible without requiring me to take out my phone. i use reminders for breaks, errands, and regular tasks, and the vibration is noticeable without being harsh. the time display is clear at a glance, while the strap has remained comfortable during long working days. setup and syncing were uncomplicated, and the device has continued to show information even when my phone is not immediately beside me. the reminder controls could offer more flexibility for repeated schedules, but the available options cover my normal routine. battery life has been adequate for several days before charging. vela atlas 197 is a focused wearable rather than an all-purpose gadget, and that simplicity has made it easy to keep using.",True
CORD000857,CUS00359,2019-08-23,Nickolson,"[{""product"":""Vela Halo 659"",""quantity"":1},{""product"":""Candle Quest 354"",""quantity"":1},{""product"":""Candle Bloom 1054"",""quantity"":1}]",1117.34,14.08,-37.857195,144.994142,0,1131.42,Winter,False,4.8048,"the vela pulse 973 has been used for family media streaming in our living room for about a month. its screen is comfortable for films, short programmes, and shared viewing, and the controls are simple enough for different people in the household to use. starting a familiar service was usually quick, and the picture remained stable during ordinary evening sessions. compared with watching on a phone or passing around a laptop, the vela pulse 973 makes family viewing much easier. the difference is not entirely one-sided. the larger display is more inviting, but moving between several services or searching for a less familiar programme can take longer than expected. i sometimes had to wait for a menu to respond after returning from playback. the delay was brief and did not interrupt every session, yet it made the device feel less immediate than the smaller streaming setup i used previously. search worked for common titles, while correcting a mistaken entry required patience with the on-screen keyboard. the speakers are adequate for everyday television in a quiet room. during a louder film, dialogue was less distinct than through separate speakers, so i adjusted the volume more often. family use also revealed that the remote was easy to misplace and that not every control was obvious to a first-time user. streaming itself remained dependable on our normal connection, although i preferred to check the network before starting a longer programme. the vela pulse 973 is a sensible shared display for routine family streaming. it offers a more comfortable viewing experience than personal screens and has become the main device in our living room. its slower menus, basic audio, and search input keep the experience from being seamless. i would choose it for straightforward viewing, but not for someone expecting every service and control to feel equally polished.",True
CORD000858,CUS00068,2019-09-28,Thompson,"[{""product"":""Candle Bloom 262"",""quantity"":1}]",1118.27,15.08,-37.888397,144.87775,10,1021.52,Spring,False,10.3895,"i have worn the vela spark 477 through regular exercise sessions for several weeks. it gives me a quick summary afterward, so i can see how a session went without much fuss, and the companion display is straightforward to read. the band itself is light enough for movement, though i notice it during longer sessions and the controls take a little practice. it has become a useful record of my routine, but i would not call it especially polished.",True
CORD000859,CUS00114,2019-08-10,Thompson,"[{""product"":""Candle Quest 498"",""quantity"":1},{""product"":""Vela Halo 569"",""quantity"":1}]",1457.42,17.31,-37.842273,144.923437,10,1328.99,Winter,False,3.8912,"candle bloom 1000 was purchased for portable document work and video meetings, then compared with another lightweight laptop used in the same places. the first impression is that it is easy to carry, but the reduced weight does not compensate for the problems during a working day. the keyboard feels shallow and noisy, with a cramped layout that causes frequent typing mistakes. the trackpad sometimes ignores a short movement and then jumps, making document selection awkward. when several files are open, switching between them produces pauses and occasional frozen windows. those interruptions are frustrating during meetings because notes fall behind while the system catches up. video calls exposed further weaknesses. the camera image becomes grainy indoors, and the microphone captures nearby sounds more strongly than my voice. other participants asked me to repeat points even when i was sitting close to the screen. compared with the other laptop, candle bloom 1000 also loses battery charge quickly during a meeting combined with document editing. the percentage indicator drops unevenly, so remaining time is difficult to judge. the display is readable at a desk, but reflections make it hard to work near a bright window. basic documents can be opened and edited, yet the poor keyboard, hesitant multitasking, weak meeting audio, and unreliable battery estimate make this model disappointing. after 32 days, i carry a charger and keep backup notes because the computer cannot be trusted for a full mobile session. i regret choosing it for regular work and would avoid it for frequent video meetings.",False
CORD000860,CUS00031,2019-01-09,Nickolson,"[{""product"":""Candle Flux 990"",""quantity"":1},{""product"":""Candle Orbit 656"",""quantity"":1},{""product"":""Vela Halo 569"",""quantity"":1},{""product"":""Candle Quest 354"",""quantity"":1}]",4908.38,23.67,-37.886661,145.002254,5,4686.63,Summer,True,8.0949,"i have used candle arc 942 for drawing at the kitchen table and for small creative jobs that do not justify opening my larger computer. the first few sketches were mainly about learning the surface and finding a grip that felt natural. after that short adjustment, drawing became fluid enough for rough ideas, coloured notes, and simple layouts. the tablet responds promptly to strokes, and i can zoom in when working on a small section without losing track of the whole image. most of my sessions last between twenty minutes and an hour. during that time the tablet remains comfortable to hold against a cushion or rest flat on the table. i like being able to pick it up when an idea appears, add a few lines, and put it away without preparing a full workspace. it has also been handy for reviewing an image while travelling around the house. the supplied pen is pleasant for ordinary sketching, although i would prefer a slightly more secure place to store it because it can disappear among papers. candle arc 942 has encouraged me to draw more often simply because it is available. i have used it for planning a small room arrangement, marking changes on a picture, and making quick visual reminders for a project. it is not a replacement for every tool in a full creative studio, and the smaller working area takes some getting used to when a drawing becomes detailed. for lightweight creative work, however, it feels responsive and approachable. the battery has carried me through my usual sessions, and the tablet has become a genuinely useful part of my creative routine.",True
CORD000861,CUS00223,2019-09-09,Bakers,"[{""product"":""Candle Quest 498"",""quantity"":1},{""product"":""Candle Quest 354"",""quantity"":1},{""product"":""Candle Flux 1098"",""quantity"":2},{""product"":""Vela Halo 659"",""quantity"":2}]",3833.01,10.77,-37.843064,145.024467,0,3843.78,Spring,False,4.4848,"candle orbit 1034 has been used most days for music in our shared living space, and it has fitted into that routine very well. pairing was quick the first time, with no confusing sequence of buttons, and reconnecting later has generally happened without repeated attempts. the sound spreads evenly across the room, so music remains enjoyable whether we are sitting nearby or moving around doing other things. voices in podcasts are distinct, and ordinary playlists have enough presence without requiring constant adjustment. the controls are easy to find, although the volume response feels slightly abrupt when moving between very quiet and moderate levels. i have carried it from the living room to the kitchen several times and have not noticed interruptions during normal use. it also remembers the last connected device, which prevents unnecessary setup during busy evenings. candle orbit 1034 will not replace a larger audio system for a party, but for shared-room listening it gives us a pleasant result with very little effort.",True
CORD000862,CUS00398,2019-01-08,Bakers,"[{""product"":""Vela Halo 569"",""quantity"":1}]",149.09,19.65,-37.793366,144.978619,15,146.38,Summer,True,2.3558,"vela ridge 239 has been useful for connecting my phone and other devices through one compact adapter. it is small enough to leave in my work bag, and the connections have behaved consistently during ordinary transfers and charging. i appreciate not having several separate pieces spread across the desk. the cable is somewhat short for awkward setups, so placement needs a little thought. overall, it is a convenient accessory that earns its space.",True
CORD000863,CUS00486,2019-04-01,Bakers,"[{""product"":""Candle Orbit 1034"",""quantity"":1},{""product"":""Candle Flux 990"",""quantity"":2},{""product"":""Candle Quest 498"",""quantity"":2}]",7387.48,22.45,-37.842136,145.045854,0,7409.93,Autumn,True,5.7044,"i use vela spark 765 to schedule a household outlet for a lamp and a small charging routine. creating an on and off schedule was straightforward, and the outlet has followed it on most days without intervention. manual control from the app is also available when plans change. the main inconvenience is that the app can take a moment to display the current state, which makes me check twice before leaving the room. editing a schedule is less intuitive than creating one, and the labels are easy to overlook. the unit fits the outlet without blocking nearby space, though a crowded power board would be a different matter. it has remained stable through ordinary use. this is a useful basic automation device, but the software experience is only adequate and the delayed status display prevents complete confidence.",True
CORD000864,CUS00137,2019-08-27,Nickolson,"[{""product"":""Candle Bloom 262"",""quantity"":1},{""product"":""Candle Orbit 656"",""quantity"":1},{""product"":""Candle Flux 1098"",""quantity"":1}]",4176.57,27.08,-37.86156,144.964913,5,3994.82,Winter,True,4.7948,"i installed the vela halo 515 to manage a household power outlet and have now used its scheduled controls for roughly a month. the main routine works as intended: i can set an outlet schedule, leave it running, and let the connected device follow that pattern without manual switching. the controls are mostly clear, and checking whether a schedule is active is not difficult after a little familiarity. it has been handy for reducing small daily tasks, especially when the outlet is used at a regular time. the less satisfactory part is changing a routine. editing several settings in succession feels slower than it should, and the response is not always immediate when i alter the schedule from my phone. i have occasionally checked twice because the updated state was not obvious. the device itself has continued to operate without an unexpected interruption, so the basic automation has been stable. i would not call the vela halo 515 effortless, but it offers a practical way to schedule one household outlet. its usefulness depends on having a fixed routine, while frequent changes make the experience less comfortable.",True
CORD000865,CUS00204,2019-06-08,Thompson,"[{""product"":""Candle Quest 498"",""quantity"":2},{""product"":""Candle Orbit 1034"",""quantity"":1},{""product"":""Candle Bloom 1000"",""quantity"":1},{""product"":""Candle Edge 680"",""quantity"":2}]",9517.22,12.26,-37.827717,144.923549,25,7150.17,Winter,False,2.6583,"vela atlas 737 has become a practical part of my workday because it lets me see calendar alerts and quick messages without reaching for my phone each time. compared with checking the old phone constantly, the small glance at my wrist is less disruptive during meetings, errands, and periods of concentrated work. i can decide whether something needs immediate attention before pulling out the larger device. that simple change has made notifications feel more manageable rather than more demanding. the wearable is comfortable enough for the usual day, and the display is readable when i raise my wrist. vela atlas 737 does not replace a phone for writing a proper reply, which i expected, but it gives me the information needed to decide what happens next. short messages are particularly well suited to it. calendar reminders have also been useful for transitions between tasks, especially when i am moving away from my desk. the alerts are not completely invisible, so i still adjust them when i want a quiet period. after several weeks, the routine feels more natural than it did with my previous wearable. the controls respond consistently, and i have not experienced the repeated pairing interruptions that made the earlier device frustrating. battery coverage has suited my normal schedule, although i keep the charging habit in mind before a longer day. the design is understated enough for work, and the strap has not caused discomfort during ordinary wear. compared with a basic notification band, vela atlas 737 gives a more useful view of the day without becoming a miniature phone. it has a narrow purpose, but it fulfils that purpose well. i would choose it again for calendar awareness and quick message checks, with the understanding that detailed conversations still belong on the phone.",True
CORD000866,CUS00244,2019-12-28,Bakers,"[{""product"":""Candle Quest 498"",""quantity"":3},{""product"":""Candle Orbit 1034"",""quantity"":1},{""product"":""Vela Halo 569"",""quantity"":1}]",4656,10.62,-37.823437,145.034307,10,4201.02,Summer,False,3.7437,"i bought candle shift 106 for long desktop gaming sessions and have now used it through a month of ordinary evenings and a few much longer weekends. the first impression was fairly ordinary: setup took little effort, the unit sat securely on my desk, and the controls became familiar after a short while. nothing about it felt surprising, but i was able to start playing without spending the evening adjusting everything. during shorter games it has behaved consistently. the response feels even enough for casual play, while longer sessions reveal a mixed picture. the general layout is comfortable, although one area feels slightly cramped when i am concentrating for several hours. i have not found the operation unreliable, yet i do occasionally pause to reposition my hands. that is a small inconvenience rather than a serious fault, and it depends on how intensely i am playing. build quality seems adequate for regular home use. it has survived being moved between the main desk and a temporary setup without developing looseness or visible damage. i appreciate that it does not demand constant attention, though i would have preferred a little more refinement in the fit and finish. the included warranty also makes the purchase feel less exposed if something changes later. after thirty days, my view remains balanced. candle shift 106 does the central job it was designed for and has become part of my routine, but it has not transformed the experience or removed every ergonomic compromise. i would keep using it for desktop gaming, with realistic expectations about the small comfort limitation.",True
CORD000867,CUS00074,2019-03-06,Thompson,"[{""product"":""Candle Edge 680"",""quantity"":1},{""product"":""Candle Bloom 1054"",""quantity"":1},{""product"":""Candle Orbit 1034"",""quantity"":2},{""product"":""Candle Bloom 1000"",""quantity"":2}]",7496.77,11.57,-37.762152,144.928227,25,5634.15,Autumn,False,5.8566,"candle bloom 1000 has been a strong fit for document work and video meetings away from my main desk. it is light enough to carry between rooms and meetings, yet the keyboard does not feel cramped when i am writing for a long period. documents open promptly, video calls remain smooth, and the camera gives a clear enough picture for routine conversations. the battery has covered ordinary workdays when i remembered to lower the brightness. the screen is somewhat reflective near windows, and the speakers lack depth for entertainment, but those are small compromises for a portable computer. candle bloom 1000 has made working from different locations more convenient and has performed consistently since i started using it.",True
CORD000868,CUS00322,2019-12-05,Bakers,"[{""product"":""Candle Bloom 1054"",""quantity"":1},{""product"":""Vela Halo 569"",""quantity"":1}]",598.94,10.64,-37.839849,145.015446,0,609.58,Summer,False,3.7645,"after living with this extender for nineteen days, i am genuinely pleased with how much more usable our home network feels. setup was straightforward: the instructions were clear, the unit found a suitable position between rooms, and the connection settled quickly. the candle bloom 298 has made the far bedroom and study more dependable for browsing, calls, and streaming. i appreciate not having to move the main router or run a cable through the hallway. devices reconnect without fuss as i move between rooms, and coverage reaches places that previously felt forgotten. the indicator helps when choosing a position, although it is a little bright at night. the casing stays unobtrusive on a shelf, and the included warranty adds welcome confidence. this is not a replacement for a stronger central network in every home, and performance still depends on placement, but it solved the coverage gap i bought it for. the candle bloom 298 is a practical, reliable extension for anyone wanting clearer coverage between rooms. i am satisfied and would recommend it.",True
CORD000869,CUS00200,2019-06-05,Thompson,"[{""product"":""Candle Orbit 1034"",""quantity"":2},{""product"":""Vela Halo 569"",""quantity"":1}]",1312.93,12.32,-37.798003,144.922218,15,1128.31,Winter,False,2.7254,"the vela core 561 has been enjoyable to use for photographs and messaging. outdoor pictures from walks have plenty of detail, and indoor shots of family moments turn out bright enough to share without much editing. the camera opens quickly, and moving from taking a picture to sending it in a message feels simple. i have also appreciated the screen while reviewing photos, since faces and small details are easy to see. messages arrive promptly, apps for ordinary communication open without delay, and the phone remains comfortable to hold during a long chat. in dim rooms the camera can produce softer results, so it is not a replacement for dedicated photography equipment. that limitation has not mattered for my usual snapshots. the vela core 561 gives me a responsive messaging phone and a capable everyday camera in one pleasant package.",True
CORD000870,CUS00474,2019-07-03,Thompson,"[{""product"":""Candle Flux 1098"",""quantity"":1},{""product"":""Candle Bloom 1000"",""quantity"":1},{""product"":""Candle Flux 990"",""quantity"":1},{""product"":""Vela Halo 569"",""quantity"":1},{""product"":""Vela Halo 659"",""quantity"":2}]",5385.04,13.91,-37.843176,144.911664,5,5129.7,Winter,False,4.6015,"candle shift 160 has supported my study routine with research tabs, notes, documents and recorded lectures open across the day. it starts quickly enough for a short library session, and switching between reading and writing has remained smooth during ordinary workloads. the keyboard gives useful feedback for long notes, while the size makes it practical to carry between a desk and a quiet corner. i have also appreciated the clear screen when comparing several pages of material. the fan becomes noticeable during heavier multitasking, and the built-in camera is adequate rather than polished for meetings. neither issue has disrupted my work. after four weeks of daily use, candle shift 160 feels like a dependable tool for research and note taking, especially for someone who values a straightforward study setup.",True
CORD000871,CUS00299,2019-02-12,Thompson,"[{""product"":""Vela Halo 569"",""quantity"":1},{""product"":""Candle Edge 680"",""quantity"":1},{""product"":""Candle Orbit 1034"",""quantity"":2}]",3564.33,13.28,-37.759618,144.893709,5,3399.39,Summer,False,7.536,"vela ridge 293 has served well in our spare room for presentations, family photos, and occasional viewing. text on slides remains sharp enough for a small group, and the brightness helps when the room is not fully dark. moving through photo folders feels responsive, so showing a sequence of pictures does not become an awkward pause between images. i have used it for work practice as well as relaxed evenings, and the display gives both situations a polished appearance. the controls are sensibly arranged, with settings that can be adjusted without reading a long manual. colours are not perfectly natural in every picture until i make a small adjustment, but the change is simple and the result is pleasing. over time it has remained dependable and has not developed any distracting behaviour. vela ridge 293 is a versatile screen for presentations and personal photos, and i am happy with the role it has taken in the room.",True
CORD000872,CUS00234,2019-04-06,Bakers,"[{""product"":""Candle Quest 498"",""quantity"":1},{""product"":""Candle Bloom 1054"",""quantity"":1}]",1758.18,14.54,-37.742785,145.064883,10,1596.9,Autumn,False,9.6606,"vela atlas 197 has become useful for habit reminders and everyday timekeeping because it stays visible without requiring me to take out my phone. i use reminders for breaks, errands, and regular tasks, and the vibration is noticeable without being harsh. the time display is clear at a glance, while the strap has remained comfortable during long working days. setup and syncing were uncomplicated, and the device has continued to show information even when my phone is not immediately beside me. the reminder controls could offer more flexibility for repeated schedules, but the available options cover my normal routine. battery life has been adequate for several days before charging. vela atlas 197 is a focused wearable rather than an all-purpose gadget, and that simplicity has made it easy to keep using.",True
CORD000873,CUS00382,2019-03-14,Nickolson,"[{""product"":""Vela Halo 569"",""quantity"":1},{""product"":""Vela Halo 659"",""quantity"":1},{""product"":""Candle Quest 354"",""quantity"":1}]",816.58,14.45,-37.869801,144.973942,25,626.89,Autumn,False,5.7069,"the candle shift 970 has made creative work unnecessarily difficult during the six weeks i have owned it. i purchased this ultrabook for media editing and small design projects, yet the system becomes sluggish during ordinary editing sessions and the fan noise quickly turns distracting. opening several work files at once leads to pauses, and returning from sleep has occasionally produced a blank screen that required a forced restart. the keyboard feels cramped for extended typing, with an awkward response on several keys, while the trackpad sometimes ignores a short movement. battery life also falls sharply during editing, leaving me searching for an outlet instead of finishing a task. the finish has collected scratches from normal travel in a sleeve. candle's support process consisted of generic steps and no explanation for the repeated display problem. the candle shift 970 is a disappointing work machine that i regret buying.",False
CORD000874,CUS00450,2019-06-18,Thompson,"[{""product"":""Candle Edge 680"",""quantity"":1},{""product"":""Vela Halo 569"",""quantity"":2},{""product"":""Candle Quest 354"",""quantity"":1},{""product"":""Vela Halo 659"",""quantity"":1}]",3217.07,26.01,-37.78292,144.932603,10,2921.37,Winter,True,3.5441,"candle arc 276 has been part of my evening gaming setup for the past 41 days, mainly for competitive matches and conversations with friends. the controls were easy to understand from the first session, and the hardware responded well during ordinary play. i could move through a match without feeling held back by the device, and the physical design stayed comfortable through shorter sessions. that made the initial transition from my older setup fairly painless. voice communication was more variable. my friends could hear me clearly in quiet rooms, but the microphone picked up surrounding sounds more than i wanted when the room became active. i also had one session where the connection dropped and needed to be restarted before the conversation returned. these interruptions were not constant, yet they were especially frustrating during coordinated play. the controls themselves remained responsive, and the device did not show any obvious trouble with basic game input. as the weeks passed, i appreciated the straightforward handling but became more cautious about relying on it for important team communication. candle arc 276 is neither a failure nor a complete solution. it provides a solid base for competitive play and works well when the surroundings are calm, while the inconsistent voice experience and occasional connection problem weaken the overall impression. my judgement is balanced: suitable for ordinary gaming, with reservations for players who need uninterrupted communication.",True
CORD000875,CUS00205,2019-05-06,Bakers,"[{""product"":""Vela Halo 569"",""quantity"":1},{""product"":""Candle Orbit 656"",""quantity"":1}]",2411.15,16.93,-37.8842,145.032868,5,2307.52,Autumn,False,8.8883,"i used the vela spark 243 for presentations and photo viewing and compared it with a plain monitor that had been in the spare room. the smart display looks less bulky, but that advantage disappears when setting up a presentation. files do not always appear in the order expected, and moving between a presentation and a photo folder is slow. the older monitor required an extra device, yet it showed slides without the pauses and menus that interrupt a meeting. with the vela spark 243, i have had to check the screen before presenting because a selected file can take too long to open. photo viewing is similarly uneven. images load clearly enough at normal size, but scrolling through a large group produces delays, and the display occasionally returns to the previous image after a pause. reflections make the screen difficult to read from the side, which is a problem when several people are gathered around it. the stand feels secure on a desk, though its limited adjustment makes the viewing angle awkward. a short presentation can be completed, and the basic display remains active, but completing a task is not the same as making it smooth. compared with the older monitor, this device adds smart features while introducing more points of failure. the controls are frustrating, the transitions are unreliable, and photo sessions feel unnecessarily slow. after forty-two days, i regret buying the vela spark 243 for meetings and cannot recommend it as a dependable presentation display.",
CORD000876,CUS00113,2019-05-18,Bakers,"[{""product"":""Candle Quest 498"",""quantity"":1}]",,14,-37.769673,145.023479,25,995.25,Autumn,False,5.1249,"i bought candle arc 384 for music playback in a shared room, hoping it would avoid the arguments caused by passing one small speaker around. instead, the first connection was a frustrating process. the pairing request appeared, disappeared, and returned only after i restarted both devices. once audio began, it played at a basic level, but the delay between changing a track and hearing the result made the controls feel awkward. the sound itself was uneven across the room. at one position it was loud enough, while people farther away heard a weak and thin result. increasing the volume introduced harshness rather than solving the problem. the wireless connection also dropped when someone moved between the speaker and the source. it usually resumed after a pause, but the interruption was enough to spoil conversations and make shared listening unpleasant. i stopped relying on it during gatherings because nobody wanted to keep checking whether the music had stopped. longer use brought additional irritation. the buttons were difficult to distinguish by touch, and the device did not always respond to a short press. after being left unused for a few days, it often required another pairing attempt. i tried placing it in different parts of the room and keeping the source nearby, but the weak connection continued. candle arc 384 does produce sound, yet that narrow success cannot compensate for unreliable wireless playback, uneven output, and poor controls. the warranty does not change the fact that ordinary listening became more work than it was worth. i regret the purchase and cannot recommend it.",False
CORD000877,CUS00346,2019-06-13,Bakers,"[{""product"":""Candle Orbit 1034"",""quantity"":1},{""product"":""Candle Edge 680"",""quantity"":3},{""product"":""Vela Halo 659"",""quantity"":1}]",7600.83,14.86,-37.770051,145.036211,0,7615.69,Winter,False,5.718,"vela ridge 527 gives me a quick summary after walks, cycling, and other exercise sessions. the information is easy to check after finishing, and the wearable does not distract me while i am active. i have found the trends more useful than individual readings. the display is small for detailed review, but the simple summaries and comfortable daily handling have made it a worthwhile training companion.",True
CORD000878,CUS00424,2019-10-06,Thompson,"[{""product"":""Candle Bloom 262"",""quantity"":1}]",1118.27,15.5,-37.772496,144.878066,5,1077.86,Spring,False,7.5314,"candle orbit 818 connected some household devices, but the network became unreliable when several were active. streaming paused, and a shared device occasionally vanished until the unit was restarted. the setup instructions left too many unclear steps, making troubleshooting awkward. a single device could remain connected for a while, but that basic result was not enough for the household. the repeated dropouts are frustrating and disappointing.",False
CORD000879,CUS00482,2019-10-12,Thompson,"[{""product"":""Candle Quest 498"",""quantity"":2},{""product"":""Candle Flux 1098"",""quantity"":1},{""product"":""Vela Halo 569"",""quantity"":1},{""product"":""Candle Orbit 1034"",""quantity"":1}]",4143.91,8.35,-37.813815,144.933928,10,3737.87,Spring,False,,"i have used candle bloom 262 for streaming, browsing, and occasional video calls around the house. its size makes it comfortable to move between rooms, and media playback has been smooth during normal use. the front camera is adequate for conversations, although the image is not as bright in a dim room. shared use is simple because it starts quickly and feels approachable. it is a useful general tablet, with ordinary rather than remarkable performance.",True
CORD000880,CUS00282,2019-04-04,Thompson,"[{""product"":""Candle Orbit 656"",""quantity"":1},{""product"":""Vela Halo 569"",""quantity"":1}]",2411.15,24.99,-37.837863,144.898385,10,2195.03,,True,5.1117,"i have worn the vela echo 997 for about a month, and its reminders have been more irritating than helpful. alerts arrive at awkward moments, while missed reminders are difficult to explain because the settings offer little guidance. the time display is readable, but the band feels uncomfortable after extended wear and the controls are fussy to use. i expected a simple aid for daily habits, yet i keep silencing it and checking tasks elsewhere. the weak reminder behavior and poor comfort make this a frustrating purchase that i regret.",False
CORD000881,CUS00142,2019-07-12,Bakers,"[{""product"":""Vela Halo 659"",""quantity"":1},{""product"":""Candle Orbit 1034"",""quantity"":1},{""product"":""Candle Edge 680"",""quantity"":1}]",3098.03,30.77,-37.770447,145.001888,15,2664.1,Winter,True,4.4364,"vela pulse 937 was intended to keep calendar alerts and quick message checks visible without taking my phone out during work. the early setup was more troublesome than expected. pairing failed twice, and the instructions gave little help beyond telling me to retry. after it finally connected, the wearable worked for a short period before losing contact with the phone. reconnecting required opening several screens, which made the supposed convenience feel like extra work. calendar alerts were the main reason i chose it, yet they were inconsistent. some reminders appeared after the event had started, while others did not appear until i checked the phone manually. the vibration was easy to miss in a coat sleeve, and there was no dependable indication that an alert had been delivered. message previews were also limited. longer messages were cut off, and tapping to reveal more text sometimes opened a blank panel. i found myself checking the phone anyway, so the wearable did not remove the interruption it was meant to reduce. the clock remained visible and the strap stayed attached during ordinary movement, but those basic results were not enough. the screen was difficult to read outdoors, and the touch response became less predictable after the battery had been low. after weeks of ownership, vela pulse 937 spent more time in a drawer because its notifications could not be trusted. the repeated connection failures, late reminders, incomplete previews, and awkward display made it a disappointing purchase. i cannot recommend it to anyone who needs timely alerts.",False
CORD000882,CUS00457,2019-01-07,Thompson,"[{""product"":""Candle Quest 498"",""quantity"":1},{""product"":""Candle Bloom 1000"",""quantity"":1}]",3124.17,9.88,-37.789265,144.954448,15,2665.42,Summer,False,2.6824,"the vela ridge 221 replaced an older phone that was still usable but increasingly awkward for work calls and calendar management. after 39 days, i find the newer phone much better suited to my routine. calls are clear in the places where i normally work, and the calendar is easy to check between meetings. i can move from a call to an appointment reminder without the delays that had become common on my previous device. what i value most is the sense of order. the vela ridge 221 keeps work notifications separate enough from the rest of the day that i can respond without searching through clutter. compared with my old phone, the display is easier to read while walking between rooms, and appointments are simple to adjust when plans change. the 5g connection has also been useful in busy areas where my former phone often took longer to load calendar details. i have not tested every feature, but the basic work functions are consistently solid. there are small differences in feel. the body is a little larger than my old handset, so one-handed use takes more care, and the number of settings can seem extensive at first. once configured, however, the vela ridge 221 is comfortable to live with. the 24-month warranty adds confidence for a device intended for daily work. it is not a dramatic redesign of how i use a phone, but it is a clear improvement over my previous model for calls, schedules, and dependable everyday communication.",True
CORD000883,CUS00268,2019-10-15,Thompson,"[{""product"":""Candle Flux 990"",""quantity"":1},{""product"":""Candle Orbit 1034"",""quantity"":1}]",2676.37,10.58,-37.813093,144.956134,15,2285.49,Spring,False,,"i bought vela ridge 743 for presentations and family photo viewing, expecting a straightforward display in a meeting room. instead, it introduces awkward delays at nearly every stage. connecting a source can take several attempts, and the screen sometimes remains blank after the device reports that it is ready. this is embarrassing when an audience is waiting. photo slideshows change slowly, with occasional pauses between images. colours appear uneven from different seats, and the viewing angle is poor in a wider room. during a presentation, the controls have failed to respond until the display was restarted. those interruptions are frustrating and make it difficult to maintain a coherent discussion. the panel shows an image once everything connects, so the basic display function operates. that limited success does not offset the unreliable switching, weak viewing consistency, and cumbersome controls. i have stopped using it for important presentations because the risk of delay is too high. the product has been disappointing from setup through routine use, and i cannot recommend vela ridge 743.",False
CORD000884,CUS00299,2019-09-27,Thompson,"[{""product"":""Candle Orbit 1034"",""quantity"":1},{""product"":""Vela Halo 569"",""quantity"":1},{""product"":""Candle Bloom 262"",""quantity"":1}]",1849.28,13,-37.759618,144.893709,10,1677.35,Spring,False,7.536,"vela ridge 293 has served well in our spare room for presentations, family photos, and occasional viewing. text on slides remains sharp enough for a small group, and the brightness helps when the room is not fully dark. moving through photo folders feels responsive, so showing a sequence of pictures does not become an awkward pause between images. i have used it for work practice as well as relaxed evenings, and the display gives both situations a polished appearance. the controls are sensibly arranged, with settings that can be adjusted without reading a long manual. colours are not perfectly natural in every picture until i make a small adjustment, but the change is simple and the result is pleasing. over time it has remained dependable and has not developed any distracting behaviour. vela ridge 293 is a versatile screen for presentations and personal photos, and i am happy with the role it has taken in the room.",True
CORD000885,CUS00342,2019-11-26,Bakers,"[{""product"":""Candle Orbit 1034"",""quantity"":1},{""product"":""Candle Bloom 262"",""quantity"":1},{""product"":""Candle Bloom 1054"",""quantity"":1},{""product"":""Vela Halo 659"",""quantity"":1},{""product"":""Candle Flux 1098"",""quantity"":1}]",3210.99,8.66,-37.796362,144.990078,10,2898.55,Spring,False,1.5822,"i bought candle lumen 112 mainly for videos and occasional video calls. the display is pleasant for films, and the speakers are adequate at normal volume. during calls, the picture is acceptable but the microphone sometimes sounds distant. it is light enough to carry between rooms, although the battery drops faster when streaming for several hours. this tablet covers basic media use without drama, but the uneven call experience prevents a stronger recommendation.",True
CORD000886,CUS00212,2019-05-31,Thompson,"[{""product"":""Candle Bloom 1000"",""quantity"":1},{""product"":""Candle Bloom 1054"",""quantity"":1},{""product"":""Candle Orbit 656"",""quantity"":1},{""product"":""Candle Quest 354"",""quantity"":1},{""product"":""Candle Flux 1098"",""quantity"":1}]",5726.77,23.9,-37.843651,144.931163,10,5177.99,Autumn,,3.7171,"i installed the candle shift 538 to separate visitors from household devices and expected the management controls to reduce daily network problems. in practice, it compared unfavorably with the basic router it replaced. creating a guest connection required several screens, and the settings did not always appear to save on the first attempt. i had to revisit the control panel repeatedly before the guest network became visible, which was an awkward process for a task that should take minutes. once connected, a guest device could reach the internet, but the connection was inconsistent. phones moved between rooms without a clear pattern of failure, and one laptop repeatedly lost access while nearby devices continued to load pages. restarting the unit restored service temporarily, but that introduced another interruption and did not explain the cause. the device list was also difficult to interpret because entries appeared without useful context, making it hard to tell which household item was affected. streaming and video meetings showed the difference most clearly. a meeting could begin normally and then develop pauses or broken audio when other devices joined. the older router was less sophisticated but behaved more predictably for our ordinary use. candle shift 538 offers management options, yet the controls are frustrating, the guest connection is unreliable, and troubleshooting consumes more time than the device saves. i would avoid it for a home where visitors and work devices need dependable access.",False
CORD000887,CUS00130,2019-10-18,Thompson,"[{""product"":""Candle Edge 680"",""quantity"":1},{""product"":""Candle Flux 1098"",""quantity"":1},{""product"":""Candle Flux 990"",""quantity"":2},{""product"":""Candle Orbit 1034"",""quantity"":2}]",8400.38,20.74,-37.797678,144.908813,10,7581.08,Spring,True,3.7518,"candle quest 642 has been enjoyable for sketches, handwritten ideas, and other lightweight creative work. the screen gives enough room for a natural drawing posture, and lines appear promptly as i work. it is easy to carry when inspiration strikes away from my desk, and switching to note-taking is quick. the surface can feel warm during extended drawing, though it never became uncomfortable. i would choose a more specialised tool for demanding projects, but for everyday creative work this tablet is reliable and useful.",True
CORD000888,CUS00256,2019-11-22,Bakers,"[{""product"":""Candle Flux 1098"",""quantity"":1},{""product"":""Candle Bloom 1000"",""quantity"":1},{""product"":""Candle Edge 680"",""quantity"":2},{""product"":""Candle Orbit 1034"",""quantity"":2}]",8278.72,12.77,-37.786991,145.027183,10,7463.62,Spring,False,3.798,"candle edge 752 was intended for reading, annotation, and handwritten notes, but the pen response is too inconsistent. strokes appear after the hand has moved, causing letters to join and diagrams to look messy. the screen also registers stray touches near the edge, while document switching is slower than expected. reading a page is possible, yet the delayed writing and awkward controls make this tablet frustrating for serious notes.",False
CORD000889,CUS00294,2019-12-04,Bakers,"[{""product"":""Candle Orbit 1034"",""quantity"":1},{""product"":""Candle Bloom 262"",""quantity"":1}]",1700.19,10.94,-37.800004,145.041405,15,1456.1,Summer,False,4.2059,"i wanted a gaming device that could travel with me rather than stay permanently beside the television, and candle quest 336 has suited that plan very well. during the first few sessions i tested it at home, then packed it for a weekend away to see whether the portable format would remain convenient in practice. it was easy to bring along, and i could settle into a short game in the evening without rearranging the room. candle quest 336 has provided responsive play for the games i normally enjoy, with controls that became familiar after only a little use. i have played at a desk, on a sofa, and during quiet parts of several trips, and the experience has stayed consistent across those settings. the menus are generally clear, so starting or changing a game does not become a separate task. i have also appreciated being able to use it for brief sessions instead of feeling committed to a long stretch of play. battery life has been adequate for my routine, although on a particularly long journey i needed to plan a recharge rather than assume it would last indefinitely. that is the main compromise of choosing a portable system. the casing has travelled in a padded bag and still feels secure, while the device has avoided becoming an awkward extra item in my luggage. after owning candle quest 336 for a while, i am happy with the balance between convenience and entertainment. it has made gaming easier to fit around travel and has delivered a consistently enjoyable experience wherever i have used it.",True
CORD000890,CUS00027,2019-06-12,Bakers,"[{""product"":""Candle Quest 354"",""quantity"":1},{""product"":""Candle Bloom 1000"",""quantity"":1},{""product"":""Candle Orbit 1034"",""quantity"":3},{""product"":""Candle Quest 498"",""quantity"":1},{""product"":""Candle Bloom 1054"",""quantity"":2}]",6172.41,14.35,-37.855184,145.006237,10,5569.52,Winter,False,5.1168,"i chose the candle lumen 616 for casual games in a shared room, where convenience matters more than extreme performance. it has been enjoyable to use after work and easy to fit into our existing setup. menus respond promptly, controls feel natural, and the system has handled the games we normally play without distracting interruptions. my housemates can join without a complicated preparation process, which has made short evening sessions more spontaneous. the hardware does become noticeable in the room during longer use, and i would prefer a quieter experience, but it has not stopped anyone from playing. i also appreciate that the design does not dominate the furniture around it. after several weeks, the candle lumen 616 feels like a practical choice for shared entertainment and relaxed gaming rather than an unnecessarily complicated machine.",True
CORD000891,CUS00290,2019-01-15,Thompson,"[{""product"":""Candle Orbit 1034"",""quantity"":1},{""product"":""Candle Bloom 1000"",""quantity"":1},{""product"":""Vela Halo 659"",""quantity"":2}]",2927.18,14.38,-37.82211,144.876863,15,2502.48,Summer,False,6.2556,"vela nova 681 was chosen for travel planning and media use, but it became an unreliable companion away from home. maps took too long to update, and the location marker sometimes remained behind while i was walking. downloaded media paused unexpectedly, while glare made the screen difficult to read outdoors. touch response was also inconsistent, making it frustrating to enter a destination or change a route quickly. battery performance weakened during navigation, so i had to limit use and carry a charger even on ordinary outings. the phone could display a map when the connection and battery were both favourable, but that basic function was not enough for dependable travel. i spent too much time checking whether directions had updated and whether media would resume. vela nova 681 made planning awkward and stressful. i regret buying it and cannot recommend it.",False
CORD000892,CUS00334,2019-05-22,Nickolson,"[{""product"":""Vela Halo 659"",""quantity"":1},{""product"":""Candle Orbit 656"",""quantity"":3},{""product"":""Candle Quest 498"",""quantity"":2}]",9667.55,12.54,-37.880697,144.988253,15,8229.96,Autumn,False,7.098,"i bought vela echo 889 to connect several devices without carrying separate adapters. during the first few weeks it has handled my phone, a tablet, and a small storage device in the same workspace, which is more convenient than swapping one short adapter between them. its compact shape takes little room in a bag, and moving it from home to a shared desk is simple. the connections have been recognised consistently for the devices i use most. compared with my previous single-purpose adapter, vela echo 889 is more flexible and leaves less cable clutter. the trade-off is that the compact body becomes awkward when several thicker plugs are attached together. one arrangement covers the neighbouring connection, so i have to position the cables carefully. it also does not make every device feel instantly organised; the accessory still depends on the host device and the particular combination being connected. i have not had a complete failure, but the experience is not equally smooth with every setup. for ordinary mobile use, this adapter has earned a place in my bag. it solves more situations than the older basic model and the build feels adequate for regular handling. i would not describe it as a universal answer for a crowded desk, especially where bulky connectors are involved. vela echo 889 is a practical middle ground: more capable than a simple adapter, but its convenience depends on how many devices and cables are used at once.",True
CORD000893,CUS00197,2019-05-09,Bakers,"[{""product"":""Vela Halo 569"",""quantity"":2},{""product"":""Vela Halo 659"",""quantity"":1}]",562.89,8.83,-37.820324,145.018486,10,515.43,Autumn,False,2.3434,"i bought vela ridge 815 to manage a household outlet on a regular schedule, and it has performed that task consistently. the initial connection took a few attempts because i had to place it close to the router, but the setup became clear after that. i now use a routine for a lamp in the evening, and the outlet switches at the expected times without me remembering to do it manually. manual control is also convenient when plans change. the unit remains unobtrusive on the wall and has not become warm during ordinary operation. i have checked the schedule several times after a power interruption and found that it continued behaving as expected. the controls are not especially sophisticated, but the simple purpose is handled well. vela ridge 815 has removed a small daily chore and feels like a worthwhile addition to my home.",True
CORD000894,CUS00382,2019-11-30,Nickolson,"[{""product"":""Candle Orbit 656"",""quantity"":1},{""product"":""Candle Bloom 1000"",""quantity"":1},{""product"":""Candle Orbit 1034"",""quantity"":1},{""product"":""Candle Flux 1098"",""quantity"":1}]",5456.06,14.17,-37.869801,144.973942,15,4651.82,Spring,False,5.7069,"the candle shift 970 has made creative work unnecessarily difficult during the six weeks i have owned it. i purchased this ultrabook for media editing and small design projects, yet the system becomes sluggish during ordinary editing sessions and the fan noise quickly turns distracting. opening several work files at once leads to pauses, and returning from sleep has occasionally produced a blank screen that required a forced restart. the keyboard feels cramped for extended typing, with an awkward response on several keys, while the trackpad sometimes ignores a short movement. battery life also falls sharply during editing, leaving me searching for an outlet instead of finishing a task. the finish has collected scratches from normal travel in a sleeve. candle's support process consisted of generic steps and no explanation for the repeated display problem. the candle shift 970 is a disappointing work machine that i regret buying.",False
CORD000895,CUS00058,2019-05-28,,"[{""product"":""Candle Edge 680"",""quantity"":1}]",2251.4,11.05,-37.865085,144.975683,25,1699.6,Autumn,False,5.1974,"candle flux 648 improved the wireless coverage in the back rooms of my house, where the connection had previously become inconsistent. the setup instructions were clear, and after placing the unit between the existing router and the weaker area, devices connected with much less interruption. i now use the far room for video calls and streaming without needing to carry the laptop closer to the router. the indicator helped me find a sensible position, and the network name made the transition around the house feel seamless. speeds naturally vary with distance and how many devices are active, so i do not expect identical performance everywhere. even so, the coverage has been noticeably more usable for everyday work and entertainment. candle flux 648 has solved the particular dead spot i bought it for and has made the layout of the house more convenient.",True
CORD000896,CUS00267,2019-12-27,Thompson,"[{""product"":""Candle Flux 990"",""quantity"":1},{""product"":""Vela Halo 659"",""quantity"":1},{""product"":""Candle Bloom 262"",""quantity"":2},{""product"":""Candle Edge 680"",""quantity"":1}]",6847.1,9.31,-37.829432,144.946316,20,5486.99,Summer,False,1.8647,"the vela wave 247 combines everyday timekeeping with reminders in a way that suits my routine. the display is readable at a glance, reminders arrive when expected, and the lightweight design remains comfortable throughout the day. i have used it regularly for nearly a month without connection problems. the reminder library is not especially broad, but the essential choices are covered. it is a pleasant, low-effort wearable that i am glad to keep using.",True
CORD000897,CUS00147,2019-05-05,Bakers,"[{""product"":""Candle Bloom 262"",""quantity"":2}]",2236.54,9.59,-37.780294,144.990729,5,2134.3,Autumn,False,3.3263,"i bought the vela spark 891 for the family because our old phone had become awkward for everyone to share. during the first few days i moved contacts, set up the family messaging groups, and installed the casual apps we use in the evenings. the process was straightforward, and the phone settled into daily life without demanding much attention. calls have been easy to hear around the house, messages arrive promptly, and switching between a chat, a weather check, and a simple game feels responsive enough for what we do. after using it for a few weeks, i have come to appreciate the balance between a modern 5g connection and an uncomplicated everyday experience. my teenager uses it for music and casual games, while i mostly read messages, check maps, and make calls. the screen remains readable from different angles at the kitchen table, and the handset has not felt tiring during longer conversations. it also handled a busy afternoon of sharing photos and joining several family conversations without turning the routine into a struggle. there are small compromises. the outer finish picks up fingerprints quickly, and the built-in speaker is merely serviceable when several people are listening together. neither issue affects private calls or normal app use, and the phone has remained dependable through ordinary family handling. i have not needed support, but knowing the vela spark 891 comes with a 24-month warranty adds reassurance. it feels like a sensible family phone that gives us the communication tools we need without unnecessary fuss, and i am pleased with the purchase.",True
CORD000898,CUS00125,2019-04-24,Nickolson,"[{""product"":""Candle Bloom 1000"",""quantity"":1},{""product"":""Candle Bloom 262"",""quantity"":1},{""product"":""Vela Halo 659"",""quantity"":1}]",3198.82,8.49,-37.80147,144.96748,20,2567.55,Autumn,False,1.9129,"i placed the vela echo 475 in the room where i keep books and spend most evenings, mainly because that space can feel different from the rest of the house. during the first few days i watched the readings at different times and compared them with how the room felt. the temperature changes were easy to follow, and the humidity figure gave me another point of reference when the air seemed dry. it has been useful for deciding when to open a window or use a small fan, although i still rely on judgement rather than treating the display as an absolute authority. the monitor has continued operating quietly and does not require much involvement once it is positioned. i like being able to glance at it while passing the shelf, and the compact design does not make the room look like a technical workspace. sudden changes are not reflected instantly, particularly after ventilation, so i wait before drawing conclusions. the readings can also vary slightly depending on where i move the unit, which is worth remembering when comparing one room with another. with the vela echo 475, i have found a useful middle ground between ignoring indoor conditions and constantly measuring them. it provides a consistent indication for routine decisions, but it does not turn a changing room into a precisely controlled environment. that combination suits my needs. i value the simple, quiet operation and the way it has helped me notice patterns, while the delayed response and position sensitivity keep my expectations realistic. the 12-month warranty adds some reassurance for continued household use.",True
CORD000899,CUS00294,2019-08-02,Bakers,"[{""product"":""Candle Orbit 656"",""quantity"":2},{""product"":""Candle Flux 990"",""quantity"":1},{""product"":""Vela Halo 659"",""quantity"":1}]",6883.28,13.58,-37.800004,145.041405,10,6208.53,Winter,False,4.2059,"i wanted a gaming device that could travel with me rather than stay permanently beside the television, and candle quest 336 has suited that plan very well. during the first few sessions i tested it at home, then packed it for a weekend away to see whether the portable format would remain convenient in practice. it was easy to bring along, and i could settle into a short game in the evening without rearranging the room. candle quest 336 has provided responsive play for the games i normally enjoy, with controls that became familiar after only a little use. i have played at a desk, on a sofa, and during quiet parts of several trips, and the experience has stayed consistent across those settings. the menus are generally clear, so starting or changing a game does not become a separate task. i have also appreciated being able to use it for brief sessions instead of feeling committed to a long stretch of play. battery life has been adequate for my routine, although on a particularly long journey i needed to plan a recharge rather than assume it would last indefinitely. that is the main compromise of choosing a portable system. the casing has travelled in a padded bag and still feels secure, while the device has avoided becoming an awkward extra item in my luggage. after owning candle quest 336 for a while, i am happy with the balance between convenience and entertainment. it has made gaming easier to fit around travel and has delivered a consistently enjoyable experience wherever i have used it.",True
CORD000900,CUS00063,2019-01-02,Bakers,"[{""product"":""Candle Bloom 1054"",""quantity"":1}]",449.85,,-37.814578,145.032414,10,415.18,Summer,False,3.3058,"the vela core 435 replaced a basic activity sensor i had been checking manually. that older device could show an event, but its narrow alert settings meant i often received information without much context. the vela core 435 has been more useful in day-to-day comparison because it tells me when a monitored door or window changes state and lets me notice patterns without repeatedly walking around the house. after nineteen days of ownership, the main benefit is less uncertainty during ordinary routines. i placed it where a frequently used entry meets the frame, and the setup was straightforward enough to complete without outside help. alerts arrive promptly in most situations, and the event history makes it easier to distinguish a door that was opened briefly from one that was left open longer. i also found the unit less obtrusive than the older sensor, which had a bulkier presence and was easier to knock out of position. the vela core 435 has stayed attached during normal use, and its restrained appearance does not draw much attention. the comparison is not entirely one-sided. the older sensor had fewer choices to adjust, but that simplicity also made its behaviour predictable. with the vela core 435, i spent some time deciding which activity deserved an alert and which would only create noise. a weak wireless moment also delayed one notification, so i would not treat it as the only safeguard for an important situation. in ordinary monitoring, though, the more informative history and better alert control outweigh that limitation. the vela core 435 gives me a clearer view of door and window activity than my previous setup, and i am satisfied with the change.",True
CORD000901,CUS00111,2019-12-30,Bakers,"[{""product"":""Candle Edge 680"",""quantity"":1},{""product"":""Candle Orbit 1034"",""quantity"":1},{""product"":""Vela Halo 569"",""quantity"":1}]",2982.41,20.32,-37.83981,144.997432,25,2257.13,Summer,True,3.3208,"i have used candle lumen 796 for game streaming and media capture over the past few weeks, and it has made the process feel considerably more organised. the connection was uncomplicated, and i was able to bring gameplay and other media into my usual setup without spending an evening troubleshooting. during longer sessions, the capture remained steady and the controls were easy to locate when i needed to adjust the presentation. it has also been useful for recording short clips, since i can concentrate on the game instead of constantly checking whether the equipment is behaving. the casing takes up a little more desk space than i first expected, and the included controls are not especially elaborate, but neither issue has affected my normal use. candle lumen 796 feels aimed at people who want a practical streaming tool without unnecessary complexity. it has supported both casual broadcasts and repeated recording sessions with pleasing consistency, and i am happy to keep it as part of my gaming desk.",True
CORD000902,CUS00251,2019-10-19,Bakers,"[{""product"":""Candle Bloom 1000"",""quantity"":1},{""product"":""Vela Halo 569"",""quantity"":1},{""product"":""Candle Bloom 1054"",""quantity"":2},{""product"":""Candle Edge 680"",""quantity"":2}]",,12.48,-37.78154,145.009114,25,5538.05,Spring,False,3.3911,"i used vela echo 943 for small presentations and photo viewing, but the display introduced too many problems. connecting a laptop was not consistently successful, and the screen sometimes remained blank until i disconnected the cable and restarted both devices. once an image appeared, switching between slides caused occasional pauses that interrupted the presentation. photos looked dull and lacked detail in darker areas. text near the edges was difficult to read, which forced me to simplify slides and move content inward. the built-in controls were awkward, with settings hidden behind slow menus and no clear indication of the selected input. viewing photos was possible, but loading a folder took long enough to make browsing unpleasant. vela echo 943 performs the basic task of showing an image, yet the blank-screen failures, weak presentation quality, and poor controls make it unreliable. i found it frustrating for both work and casual viewing and cannot recommend it.",False
CORD000903,CUS00444,2019-06-30,Bakers,"[{""product"":""Vela Halo 569"",""quantity"":1},{""product"":""Candle Quest 498"",""quantity"":1},{""product"":""Candle Quest 354"",""quantity"":1},{""product"":""Candle Bloom 1000"",""quantity"":1}]",3676.04,26.65,-37.843367,145.01986,5,3518.89,Winter,True,4.2951,"before using vela atlas 305, i relied on ordinary wall switches and occasionally left lights on because i was already comfortable in another room. the comparison is not dramatic in a technical sense, but app-controlled lighting has become genuinely convenient. i can adjust the room before walking in, turn lights off after settling into bed, and change the setting without crossing a dark room. the household adapted quickly because the physical switches still make sense to anyone who does not want to use the app. i have used vela atlas 305 in the main living area and near a desk where the lighting needs change throughout the day. compared with the old routine, it gives me more control over small moments: softer light while reading, brighter light when cleaning, and a quick change when someone starts a video call. the app responds promptly in normal use, and the controls are simple enough that other people in the home learned them without much instruction. it has also made it easier to check whether a light was left on. the benefit depends on keeping the app and network connection available, and i still use the wall switch when i want the fastest possible action. the interface could offer more visual guidance for new users. even with that small learning curve, vela atlas 305 is more adaptable than fixed switching. it has turned lighting from a forgettable background task into something i can adjust to the room and the activity.",True
CORD000904,CUS00454,2019-07-07,Bakers,"[{""product"":""Vela Halo 659"",""quantity"":1},{""product"":""Vela Halo 569"",""quantity"":2},{""product"":""Candle Orbit 1034"",""quantity"":1},{""product"":""Candle Flux 990"",""quantity"":1}]",3239.26,29.63,-37.74214,144.972479,0,3268.89,Winter,True,7.8057,"the vela ridge 1085 has given me a clearer view of door and window activity around the house. i placed the sensors where i most wanted reassurance, and the alerts have arrived promptly during ordinary opening and closing. the app presents recent activity in a way that is easy to understand, so i can check what happened without guessing which sensor was involved. installation was manageable, and the units have stayed in position despite frequent use of the doors. notifications can become repetitive when a family member is moving in and out several times, but that is expected from an activity alert system. i value the simple information more than a complicated collection of features. after a month, the vela ridge 1085 has provided practical awareness and a modest sense of security without demanding constant attention.",True
CORD000905,CUS00306,2019-08-31,Thompson,"[{""product"":""Candle Orbit 1034"",""quantity"":2},{""product"":""Candle Quest 354"",""quantity"":1},{""product"":""Vela Halo 659"",""quantity"":1},{""product"":""Candle Flux 1098"",""quantity"":1},{""product"":""Vela Halo 569"",""quantity"":1}]",2776.66,12.19,-37.827419,144.924416,5,2650.02,Winter,False,2.5783,"vela halo 371 has been a capable phone for work calls and calendar management. calls connect quickly, appointments are easy to check, and switching between meeting notes and messages feels smooth. it remains comfortable to carry through a full day and responds well to ordinary multitasking. the camera suits quick work conversations more than detailed photography, but the communication features have been genuinely useful.",True
CORD000906,CUS00077,2019-03-20,Nickolson,"[{""product"":""Candle Flux 990"",""quantity"":1},{""product"":""Vela Halo 569"",""quantity"":1},{""product"":""Candle Flux 1098"",""quantity"":2}]",3836.02,13.36,-37.886102,144.933359,10,3465.78,Autumn,False,8.1513,"i installed candle orbit 548 to reach a bedroom and hallway where the main connection was inconsistent. the extra coverage is noticeable, and ordinary browsing and television streaming now work in those areas. connection quality still changes when doors are closed or several devices are active, so placement matters. the setup instructions were adequate but required a little trial and error. it is a useful extension for moderate household needs, with performance that depends heavily on the surrounding layout.",True
CORD000907,CUS00450,2019-04-16,Thompson,"[{""product"":""Candle Flux 990"",""quantity"":1},{""product"":""Candle Bloom 1054"",""quantity"":1},{""product"":""Candle Orbit 1034"",""quantity"":1},{""product"":""Candle Orbit 656"",""quantity"":1}]",5388.28,20.76,-37.78292,144.932603,0,5409.04,Autumn,True,3.5441,"candle arc 276 has been part of my evening gaming setup for the past 41 days, mainly for competitive matches and conversations with friends. the controls were easy to understand from the first session, and the hardware responded well during ordinary play. i could move through a match without feeling held back by the device, and the physical design stayed comfortable through shorter sessions. that made the initial transition from my older setup fairly painless. voice communication was more variable. my friends could hear me clearly in quiet rooms, but the microphone picked up surrounding sounds more than i wanted when the room became active. i also had one session where the connection dropped and needed to be restarted before the conversation returned. these interruptions were not constant, yet they were especially frustrating during coordinated play. the controls themselves remained responsive, and the device did not show any obvious trouble with basic game input. as the weeks passed, i appreciated the straightforward handling but became more cautious about relying on it for important team communication. candle arc 276 is neither a failure nor a complete solution. it provides a solid base for competitive play and works well when the surroundings are calm, while the inconsistent voice experience and occasional connection problem weaken the overall impression. my judgement is balanced: suitable for ordinary gaming, with reservations for players who need uninterrupted communication.",True
CORD000908,CUS00339,2019-06-10,Bakers,"[{""product"":""Vela Halo 659"",""quantity"":2},{""product"":""Candle Orbit 656"",""quantity"":2},{""product"":""Candle Quest 354"",""quantity"":1},{""product"":""Candle Flux 990"",""quantity"":1}]",7550.77,24.15,-37.822109,144.993642,5,7197.38,Winter,True,1.3541,"vela spark 423 has made family media streaming reasonably easy to share. the display is pleasant for ordinary viewing, and the main navigation is familiar. switching between services can take longer than expected, especially when more than one person is choosing content. the delays interrupt the flow but do not prevent use. it is a workable family screen, although the software experience is less smooth than the hardware suggests.",True
CORD000909,CUS00358,2019-04-16,Bakers,"[{""product"":""Vela Halo 569"",""quantity"":1},{""product"":""Candle Bloom 1054"",""quantity"":3}]",1498.64,10.2,-37.82223,145.039331,5,1433.91,Autumn,False,4.1057,"vela core 129 has made the cable drawer much less frustrating. before using it, charging leads ended up tangled together and i wasted time searching for the right one. the organiser is compact, easy to position, and holds the cables i use most often without taking over the desk. i keep separate leads for my phone, tablet, and headphones in it, and each can be removed without pulling the others loose. the material feels firm enough for everyday handling, while still allowing the cables to sit in tidy loops. it also travels well when i move my work setup between rooms. very thick cables need a little care when being placed inside, so it is not a universal solution for every lead i own. that limitation is minor because its intended use is clear. after regular use, vela core 129 has kept the workspace calmer and made charging routines far more convenient.",True
CORD000910,CUS00194,2019-03-26,Nickolson,"[{""product"":""Vela Halo 569"",""quantity"":1},{""product"":""Candle Bloom 1054"",""quantity"":2},{""product"":""Candle Edge 680"",""quantity"":2},{""product"":""Candle Flux 1098"",""quantity"":1}]",,8.54,-37.832276,144.955108,10,5721.59,Autumn,False,1.9808,"i installed candle flux 108 to improve wireless coverage around a home-office area that had been inconsistent with a single network point. compared with the previous arrangement, the connection reached the far desk more consistently during ordinary browsing and video meetings. that made the room more usable, especially when i moved between the main workspace and a nearby table during the day. the setup was not completely straightforward. i needed to spend time deciding where the unit should sit, and small changes in position affected the result. the network was functional once established, but i did not find the process especially intuitive when i wanted to review connected devices or alter the arrangement. someone comfortable with home networking will probably manage it, while a less experienced user may need more patience. in comparison with a basic router placed at one end of the house, candle flux 108 gave the office area a more even connection. it did not make every corner identical, and performance varied when several devices were active at once. calls generally stayed usable, but i still noticed occasional pauses during busier periods, so i would not describe the coverage as flawless. the device has been a moderate improvement rather than a complete answer. it reduced the dead spots that had interrupted work and made the office more dependable for routine tasks. at the same time, its management controls and placement requirements kept it from feeling effortless. candle flux 108 is worth comparing for a small home office, but expectations should remain realistic.",True
CORD000911,CUS00205,2019-04-26,Bakers,"[{""product"":""Candle Quest 498"",""quantity"":1},{""product"":""Vela Halo 569"",""quantity"":1},{""product"":""Candle Orbit 1034"",""quantity"":2},{""product"":""Candle Flux 990"",""quantity"":1}]",4715.71,16.93,-37.8842,145.032868,10,4261.07,Autumn,False,8.8883,"i used the vela spark 243 for presentations and photo viewing and compared it with a plain monitor that had been in the spare room. the smart display looks less bulky, but that advantage disappears when setting up a presentation. files do not always appear in the order expected, and moving between a presentation and a photo folder is slow. the older monitor required an extra device, yet it showed slides without the pauses and menus that interrupt a meeting. with the vela spark 243, i have had to check the screen before presenting because a selected file can take too long to open. photo viewing is similarly uneven. images load clearly enough at normal size, but scrolling through a large group produces delays, and the display occasionally returns to the previous image after a pause. reflections make the screen difficult to read from the side, which is a problem when several people are gathered around it. the stand feels secure on a desk, though its limited adjustment makes the viewing angle awkward. a short presentation can be completed, and the basic display remains active, but completing a task is not the same as making it smooth. compared with the older monitor, this device adds smart features while introducing more points of failure. the controls are frustrating, the transitions are unreliable, and photo sessions feel unnecessarily slow. after forty-two days, i regret buying the vela spark 243 for meetings and cannot recommend it as a dependable presentation display.",
CORD000912,CUS00108,2019-02-14,Nickolson,"[{""product"":""Candle Orbit 1034"",""quantity"":1},{""product"":""Vela Halo 659"",""quantity"":1}]",846.63,11.63,-37.865208,144.970287,10,773.6,Summer,False,5.1835,"candle shift 358 has strengthened wireless coverage around my home office. calls remain stable, devices connect promptly, and the rooms that previously had occasional weak service are now much more usable. setup was manageable and did not require much troubleshooting. the settings are a little dense, but once configured the network has been reliable.",True
CORD000913,CUS00387,2019-06-02,Thompson,"[{""product"":""Candle Edge 680"",""quantity"":1},{""product"":""Candle Orbit 1034"",""quantity"":2}]",3415.24,32.07,-37.798375,144.881642,20,2764.26,Winter,True,5.9639,"after thirty-three days with the vela nova 627, i would choose my previous tracker again. this device is designed for exercise session summaries, yet the experience has been awkward from the first week. starting a session takes too much attention, and the screen is difficult to read when i am moving. i often finish an exercise block unsure whether the recording is still running, which makes the summary feel unreliable and adds to the doubt. the comparison is worse during ordinary training. my older device showed a session status at a glance; the vela nova 627 leaves me checking and tapping several times. a summary does appear after a session, and that basic function operates, but the result can omit parts of an activity or split one session into separate entries. when i tried shorter walks and longer indoor workouts, the same uncertainty returned. i cannot tell whether the fault is the controls, the recording process, or the way the information is presented, and that uncertainty is frustrating. comfort has also been a drawback. the casing becomes noticeable after extended wear, while the strap needs repeated adjustment to stop it shifting. that movement is especially irritating during faster exercise. the display and controls feel less responsive than i expected, so correcting a mistaken tap is an awkward chore. i have not found a dependable routine that removes these problems. the echo family styling is unremarkable, and the supplied vela warranty does little to change my view of the product. i contacted support after the inconsistent summaries appeared, but the response did not provide a convincing explanation or a practical remedy. there is no obvious reason to accept these compromises when a simpler tracker can avoid them. after a month of ownership, the vela nova 627 feels poorly suited to regular exercise, and i cannot recommend it.",False
CORD000914,CUS00011,2019-07-05,,"[{""product"":""Candle Flux 1098"",""quantity"":2},{""product"":""Vela Halo 569"",""quantity"":2},{""product"":""Candle Orbit 1034"",""quantity"":1}]",2472.58,16.86,-37.779946,144.999389,10,2242.18,Winter,False,3.3613,"i compared candle bloom 406 with the gaming hardware already on my desk because i wanted something suitable for long desktop sessions. the first impression was not promising: the controls feel stiff and the layout takes time to learn. in a short session that is merely awkward, but after several hours it becomes tiring. i have to shift my hand repeatedly to reach secondary controls, while the older device keeps the common functions closer together. performance is inconsistent during demanding games. input sometimes arrives late after a busy scene, and a control has failed to register often enough to affect play. the device does not stop working completely, so basic commands remain possible, but that is a poor standard for hardware used in precise situations. i have checked connections and changed settings without finding a lasting explanation. compared with the other unit, candle bloom 406 feels less predictable exactly when responsiveness matters most. the construction adds to the frustration. the casing moves slightly on the desk, the cable catches against the edge, and the surface shows marks quickly. heat builds around the area where my hand rests, which makes long use unpleasant. i kept trying different positions because i wanted to give the device a fair comparison, but none removed the central problems. candle bloom 406 is functional in the narrowest sense, yet its delayed input, awkward reach, and uncomfortable build make it a weak choice for serious sessions. i regret buying it and cannot recommend it.",False
CORD000915,CUS00451,2019-10-08,Bakers,"[{""product"":""Candle Bloom 1000"",""quantity"":1},{""product"":""Vela Halo 569"",""quantity"":1},{""product"":""Candle Flux 990"",""quantity"":2},{""product"":""Candle Flux 1098"",""quantity"":2}]",7746.31,11.09,-37.840996,145.03522,5,7370.08,Spring,False,4.9211,"candle orbit 1088 has made guest-network management much more orderly in my home. i can provide visitors with a separate connection without mixing their devices into the main arrangement, and removing access later is straightforward. the management screen groups the connected equipment clearly, which helps me understand what is active without guessing from unfamiliar labels. setting up a guest connection was not difficult, and the changes i make in the control panel appear quickly. i have used it when friends visit and when several temporary devices need access for a short period. the unit has remained stable during ordinary browsing and streaming. some of the deeper settings take time to interpret, but the basic controls are clear enough for routine management. candle orbit 1088 gives me useful visibility without requiring constant technical attention. separating visitors from household devices has made sharing the connection more comfortable, and keeping the list tidy is now much easier. it is a sensible networking tool for anyone who wants practical control over a busy home network.",True
CORD000916,CUS00275,2019-01-30,Thompson,"[{""product"":""Vela Halo 569"",""quantity"":1},{""product"":""Candle Orbit 1034"",""quantity"":1},{""product"":""Vela Halo 659"",""quantity"":1},{""product"":""Candle Bloom 1054"",""quantity"":1},{""product"":""Candle Bloom 1000"",""quantity"":1}]",3261.41,10.13,-37.82918,144.919446,15,2782.33,Summer,False,3.0424,"vela halo 173 has served as our family streaming screen and makes shared viewing easy to start. the picture is bright enough for the room, menus are understandable, and the remote feels comfortable for regular use. a few applications take time to open, and dialogue can sound thin without adjusting the volume. it is a pleasant, practical display for everyday programmes, though the slower moments keep it from feeling especially refined.",True
CORD000917,CUS00250,2019-07-01,Nickolson,"[{""product"":""Vela Halo 569"",""quantity"":1},{""product"":""Candle Quest 498"",""quantity"":1},{""product"":""Candle Orbit 1034"",""quantity"":1},{""product"":""Candle Flux 1098"",""quantity"":1}]",2835.58,15.72,-37.875255,144.996415,5,2709.52,Winter,False,6.7274,"candle vista 506 has been a worthwhile improvement over the basic gaming hardware i used before. during long desktop sessions, it stays comfortable enough that i can concentrate on play rather than constantly rearranging my position. the controls respond consistently, and the overall feel is more substantial than my previous setup without making the desk seem overloaded. the comparison became obvious during extended use. my former equipment worked for short sessions but became tiring when i played for an evening, while candle vista 506 has handled longer periods with less strain. i have used it for slower strategy games as well as faster action, and the response has remained predictable in both situations. setup was not difficult, although the first arrangement took some patience because i wanted the cables and controls positioned neatly. the surface also shows marks more readily than i expected, so i give it a quick wipe after heavy use. after weeks of ownership, the construction still feels firm and nothing has developed unwanted movement. it does not turn an ordinary game into something extraordinary, and players who want a highly specialised setup may prefer equipment with more custom adjustments. for my desktop, though, candle vista 506 provides a comfortable and capable middle ground. it feels more considered than the entry-level option it replaced, performs reliably through regular sessions, and has made gaming at the desk more enjoyable.",True
CORD000918,CUS00305,2019-02-20,Nickolson,"[{""product"":""Candle Bloom 1054"",""quantity"":3},{""product"":""Candle Bloom 1000"",""quantity"":2},{""product"":""Candle Quest 354"",""quantity"":1},{""product"":""Candle Flux 990"",""quantity"":1}]",7478.46,12.91,-37.881674,144.97101,15,6369.6,Summer,False,7.0152,"vela echo 439 has been useful when i need to connect several devices without carrying a collection of separate adapters. it is small enough to leave in my work bag, and the cable folds away without creating much clutter. connecting the devices i use for work and travel was simple, with the expected connections appearing promptly once everything was attached. the compact shape is especially helpful at a shared desk where space is limited. i have moved it between a laptop, a tablet and other everyday equipment over several weeks, and it has continued to work without unexplained interruptions. the casing can become warm during extended use, and the short lead means the adapter sometimes hangs awkwardly from a port. those points are worth knowing, but they have not reduced its usefulness. vela echo 439 is a convenient travel accessory that has simplified my everyday setup.",True
CORD000919,CUS00363,2019-01-21,Bakers,"[{""product"":""Vela Halo 569"",""quantity"":1},{""product"":""Candle Bloom 1000"",""quantity"":1},{""product"":""Candle Orbit 1034"",""quantity"":1}]",2546.85,12.78,-37.869535,145.014483,20,2050.26,Summer,False,6.8329,"the vela atlas 143 has been a welcome improvement over the small screen i previously used for showing presentations and photos. the larger display makes shared viewing more comfortable, especially when several people are gathered around it. text in a presentation is easier to follow from a little distance, and photographs have more presence than they did on my older display. i have used it for informal presentations at home as well as for browsing albums with family, and both activities feel more communal. what distinguishes the vela atlas 143 for me is the balance between a useful viewing area and a simple everyday role. i can set it up for a presentation without turning the room into a complicated media station. when it is not being used for work, it serves well for looking through photos and revisiting travel memories. compared with a basic monitor, it feels more suited to shared viewing, while compared with a very large entertainment screen, it is less imposing in an ordinary room. the display is best appreciated from a reasonable position, and small text still benefits from a closer look. i also find that preparing a polished presentation takes the same care as it would on any screen. those are ordinary expectations rather than serious faults. after repeated use, the vela atlas 143 has made presentations easier to share and photographs more enjoyable to revisit. it is a thoughtful choice for someone who wants one screen to support both practical viewing and relaxed home entertainment.",True
CORD000920,CUS00470,2019-09-03,Thompson,"[{""product"":""Candle Quest 354"",""quantity"":1},{""product"":""Candle Edge 680"",""quantity"":1},{""product"":""Candle Bloom 262"",""quantity"":1},{""product"":""Vela Halo 659"",""quantity"":3}]",4566.58,19.37,-37.800429,144.961871,10,4129.29,Spring,True,1.8827,"candle vista 848 has improved the connection in the rooms that were previously at the edge of our household network. before using it, a phone or laptop would sometimes lose confidence when carried from the main living area towards the back room. after setting up this connected network, the transition between those spaces has been much less noticeable. it is not identical in every part of the building, but the troublesome areas are now far more usable. i compared the arrangement with a single older unit and with moving closer to the main room whenever a call mattered. the new setup is more convenient because i can work where i need to work rather than planning around the signal. browsing, messages and ordinary calls have remained steady during the month, even when several household devices are active. the first connection took some patience because i wanted to place the equipment where it would serve both rooms. the supplied guidance helped, though a clearer explanation of placement would have saved time. the indicator is more visible than i would prefer overnight, and the unit needs a little open space rather than being tucked behind furniture. these are small practical considerations. what i notice most is the absence of interruptions. i can carry a laptop to the back room, return to the main area and continue working without repeatedly checking the network. compared with the old single-device arrangement, candle vista 848 offers a broader and calmer experience. it has been a worthwhile improvement for a home where people use connected devices in different rooms.",True
CORD000921,CUS00318,2019-03-23,Bakers,"[{""product"":""Vela Halo 569"",""quantity"":1}]",149.09,9.02,-37.799914,145.021884,5,150.66,Autumn,False,2.5961,"vela pulse 649 has made hands-free phone use much more convenient in my shared workspace. it keeps the device raised and visible while i read messages, follow a call, or glance at a reference without holding the phone throughout the task. the base stays steady on the desk, and the viewing angle works well when i am seated nearby. i have moved it occasionally to make room for paperwork, and it has been easy to reposition without scraping the surface. the support is not intended for rough handling, so i would not treat it as a travel stand, but it has remained secure during normal desk use. i also like that the phone can be picked up quickly when needed. vela pulse 649 has reduced clutter around my keyboard and made short hands-free tasks feel more orderly. it is a simple accessory, but it performs its intended role consistently.",True
CORD000922,CUS00482,2019-01-29,Thompson,"[{""product"":""Vela Halo 659"",""quantity"":1}]",264.71,8.81,-37.813815,144.933928,0,273.52,Summer,False,1.1613,"the vela wave 553 has worked nicely for shared film and television viewing in our home. the picture is clear from the seating positions we use, and the menus are simple enough for everyone to browse without a long explanation. starting a program is quick, while pausing, resuming, and changing between choices have all been straightforward during regular evenings. the screen has enough presence for family viewing without making the room feel crowded, and the controls are easy to reach when someone wants to adjust the experience. sound is suitable for ordinary conversations and films, although a separate audio system would add more depth for people seeking a more elaborate setup. after consistent use, the display has remained responsive and the overall operation has been dependable. the vela wave 553 has made shared viewing comfortable and uncomplicated, and it has become a natural part of our evening routine.",True
CORD000923,CUS00453,2019-05-26,Thompson,"[{""product"":""Candle Edge 680"",""quantity"":1},{""product"":""Candle Quest 354"",""quantity"":1},{""product"":""Vela Halo 569"",""quantity"":2},{""product"":""Candle Bloom 262"",""quantity"":1},{""product"":""Candle Orbit 1034"",""quantity"":1}]",4652.55,14.88,-37.804104,144.876677,20,3736.92,Autumn,False,6.257,"i bought candle lumen 382 for family learning and shared browsing, expecting it to be a straightforward device that different people could pick up during the day. compared with our older tablet, it feels slower whenever several tabs, a lesson page, and a video are involved. pages do eventually open, but the pauses interrupt the flow of a child trying to follow instructions. returning to a previous activity is especially awkward because the tablet often reloads instead of restoring the place we left. the screen is adequate for reading at a desk, but its viewing angle becomes troublesome when two people are looking together. one person sees a washed-out image while the other moves around to find a clearer position. touch input is also inconsistent near the edges. younger users press again when nothing happens, then accidentally open another page when the first tap finally registers. by comparison, another household tablet feels less fussy for shared use, even though its hardware is older. candle lumen 382 does display lessons, websites, and videos, so the basic functions are present. that does not make the experience smooth. switching between family accounts takes too much time, the speaker sounds weak in a room, and the battery needs attention after a fairly ordinary afternoon. i wanted a device that reduced arguments over waiting and restarting. instead, it has created more interruptions. candle lumen 382 is a poor fit for shared browsing and family learning, and i cannot recommend it.",False
CORD000924,CUS00395,2019-05-11,Thompson,"[{""product"":""Candle Orbit 656"",""quantity"":1},{""product"":""Candle Orbit 1034"",""quantity"":1},{""product"":""Candle Flux 1098"",""quantity"":2}]",4436.46,,-37.817431,144.906349,0,4446.28,Autumn,False,3.6159,"i have taken candle bloom 586 on trips and used it for short gaming sessions away from home. its size makes packing simple, and the controls are laid out in a familiar way, so i could start playing without a long adjustment period. the display is enjoyable indoors, and casual games run smoothly enough for the type of travel use i had in mind. the built-in sound is serviceable, although headphones are preferable in shared spaces. longer sessions reveal the main compromise: the battery falls quickly when the screen is bright, and the device becomes warm around the controls. storage also needs attention when several larger games are installed. it is convenient for filling a train journey or waiting period, but i would not choose it for a full day away from an outlet. candle bloom 586 provides genuine portability and ordinary fun, balanced by endurance and heat that limit its freedom.",True
CORD000925,CUS00043,2019-10-13,Bakers,"[{""product"":""Candle Orbit 1034"",""quantity"":1},{""product"":""Candle Bloom 1000"",""quantity"":2},{""product"":""Candle Flux 1098"",""quantity"":2}]",5806.08,8.01,-37.816225,144.994204,20,4652.87,Spring,False,0.6985,"i have used vela atlas 251 as my everyday phone for several weeks, taking it through commuting, errands, navigation, and ordinary conversations. the transition from my previous device was uncomplicated, and the layout became familiar quickly. calls are clear, messages arrive promptly, and the screen is comfortable for checking maps while walking between appointments. it feels like a practical phone rather than something that needs constant attention. navigation has been the part i use most. i have relied on vela atlas 251 in unfamiliar areas, during public transport changes, and while looking for meeting locations. the display is easy to read at a glance, and the phone responds promptly when i switch between a map, a message, and a calendar reminder. i have also used the camera for quick reference pictures and documents. the results are suitable for everyday records, although i would use a dedicated camera for anything more demanding. battery performance has supported my routine well. a full day involving calls, messages, navigation, and some media usually leaves enough charge for the evening. heavy map use does reduce that margin, so i carry a charger on unusually long days. the phone has remained comfortable to hold, and the surface has resisted the small marks that come from being placed on desks and in pockets. vela atlas 251 has been reassuringly consistent. it handles communication without fuss, keeps navigation available when i need it, and gives me a pleasant screen for reading and occasional media. the limitations are ordinary for a phone in this class, but none has interfered with my daily use. i am happy with how well it has supported the practical movement of my week.",True
CORD000926,CUS00111,2019-03-26,Bakers,"[{""product"":""Candle Flux 990"",""quantity"":1}]",2094.45,9.59,-37.83981,144.997432,5,1999.32,Autumn,False,3.3208,"i have used candle lumen 796 for game streaming and media capture over the past few weeks, and it has made the process feel considerably more organised. the connection was uncomplicated, and i was able to bring gameplay and other media into my usual setup without spending an evening troubleshooting. during longer sessions, the capture remained steady and the controls were easy to locate when i needed to adjust the presentation. it has also been useful for recording short clips, since i can concentrate on the game instead of constantly checking whether the equipment is behaving. the casing takes up a little more desk space than i first expected, and the included controls are not especially elaborate, but neither issue has affected my normal use. candle lumen 796 feels aimed at people who want a practical streaming tool without unnecessary complexity. it has supported both casual broadcasts and repeated recording sessions with pleasing consistency, and i am happy to keep it as part of my gaming desk.",True
CORD000927,CUS00399,2019-07-18,Thompson,"[{""product"":""Candle Flux 1098"",""quantity"":1}]",796.24,14.68,-37.812768,144.884348,5,771.11,Winter,,5.5098,"i bought vela echo 349 for a shared workspace where i move between several desks during the week. it keeps my phone raised and visible without taking much room, so checking a message or joining a quick call feels less awkward than holding the device. the support has stayed steady through daily use, and the base does not wander when someone brushes past the desk. i especially value being able to see notifications while keeping both hands on my keyboard. it also folds away neatly when the workspace needs to be cleared. the hinge was slightly firm during the first few adjustments, but it loosened into a reassuring resistance rather than becoming floppy. after seventeen days of ownership, the finish still looks tidy and the stand has become part of my normal desk setup. it is a simple accessory, yet vela echo 349 has made shared-workspace routines more comfortable and organised.",True
CORD000928,CUS00263,2019-12-19,Nickolson,"[{""product"":""Candle Bloom 262"",""quantity"":1},{""product"":""Candle Bloom 1054"",""quantity"":1},{""product"":""Candle Flux 990"",""quantity"":2}]",5757.02,11.78,-37.866917,144.976243,20,4617.4,Summer,False,5.4052,"vela wave 643 has given us a convenient way to show presentations and browse photos together. slides remain readable from several seats, and images look bright enough for ordinary family viewing. the device fits neatly on a narrow surface and responds quickly to basic controls. i found the menu structure slightly busy at first, especially when switching between sources, but it soon became familiar. it has performed steadily since setup and makes shared viewing more inviting than passing a phone around.",True
CORD000929,CUS00187,2019-07-31,Bakers,"[{""product"":""Candle Orbit 1034"",""quantity"":2},{""product"":""Vela Halo 569"",""quantity"":2},{""product"":""Vela Halo 659"",""quantity"":1}]",1726.73,15.46,-37.771208,145.049345,5,1655.85,Winter,False,6.4197,"the vela atlas 665 has simplified the routine of controlling a household power outlet. i use scheduled switching for a lamp and a few devices, so the daily sequence happens without me remembering every step. creating and changing a schedule was straightforward, and the outlet responded consistently when i tested it at different times. i also like being able to make a temporary change when my evening routine differs from normal. the unit is compact enough not to dominate the surrounding socket, though bulky plugs beside it can make the area feel crowded. i have not used it for equipment that needs specialised power management, and i would keep that distinction in mind. for ordinary household items, however, the vela atlas 665 has been dependable and convenient. it has removed a small repeated chore from my day and has worked quietly in the background.",True
CORD000930,CUS00463,2019-10-28,Nickolson,"[{""product"":""Candle Orbit 1034"",""quantity"":1},{""product"":""Candle Bloom 1000"",""quantity"":1},{""product"":""Vela Halo 569"",""quantity"":1},{""product"":""Candle Orbit 656"",""quantity"":1}]",4808.91,8.7,-37.804399,144.96421,0,4817.61,Spring,False,1.6468,"vela ridge 995 followed my blind and curtain schedules on most days, saving me a few manual adjustments. the first routine was clear to create, and the movement matched the selected times. editing an existing schedule was less intuitive, especially when i wanted a temporary exception. it provides useful basic automation, but the controls do not adapt smoothly when household routines change.",True
CORD000931,CUS00450,2019-03-21,Thompson,"[{""product"":""Vela Halo 569"",""quantity"":1},{""product"":""Candle Edge 680"",""quantity"":2},{""product"":""Candle Quest 354"",""quantity"":1}]",5054.67,20.76,-37.78292,144.932603,15,4317.23,Autumn,True,3.5441,"candle arc 276 has been part of my evening gaming setup for the past 41 days, mainly for competitive matches and conversations with friends. the controls were easy to understand from the first session, and the hardware responded well during ordinary play. i could move through a match without feeling held back by the device, and the physical design stayed comfortable through shorter sessions. that made the initial transition from my older setup fairly painless. voice communication was more variable. my friends could hear me clearly in quiet rooms, but the microphone picked up surrounding sounds more than i wanted when the room became active. i also had one session where the connection dropped and needed to be restarted before the conversation returned. these interruptions were not constant, yet they were especially frustrating during coordinated play. the controls themselves remained responsive, and the device did not show any obvious trouble with basic game input. as the weeks passed, i appreciated the straightforward handling but became more cautious about relying on it for important team communication. candle arc 276 is neither a failure nor a complete solution. it provides a solid base for competitive play and works well when the surroundings are calm, while the inconsistent voice experience and occasional connection problem weaken the overall impression. my judgement is balanced: suitable for ordinary gaming, with reservations for players who need uninterrupted communication.",True
CORD000932,CUS00282,2019-08-22,Thompson,"[{""product"":""Candle Orbit 1034"",""quantity"":3},{""product"":""Candle Orbit 656"",""quantity"":1},{""product"":""Candle Bloom 1054"",""quantity"":1},{""product"":""Candle Bloom 262"",""quantity"":2}]",6694.21,18.34,-37.837863,144.898385,10,6043.13,Winter,False,5.1117,"i have worn the vela echo 997 for about a month, and its reminders have been more irritating than helpful. alerts arrive at awkward moments, while missed reminders are difficult to explain because the settings offer little guidance. the time display is readable, but the band feels uncomfortable after extended wear and the controls are fussy to use. i expected a simple aid for daily habits, yet i keep silencing it and checking tasks elsewhere. the weak reminder behavior and poor comfort make this a frustrating purchase that i regret.",False
CORD000933,CUS00442,2019-07-25,Thompson,"[{""product"":""Vela Halo 659"",""quantity"":2},{""product"":""Candle Orbit 1034"",""quantity"":1}]",1111.34,14.99,-37.759847,144.946992,10,1015.2,Winter,False,5.874,"i have used candle vista 470 for 38 days of photo sorting, layout work, and short media-editing projects. my comparison point was an older, heavier laptop that could still handle basic tasks but made creative work feel slow and cumbersome. candle vista 470 is a more pleasant working companion. files open promptly, the screen gives me enough room to arrange a project, and the keyboard supports long editing sessions without the cramped feeling of my previous machine. it is not a specialist workstation, but it fits the work i actually do. the difference is most noticeable when i move between an image folder, an editing application, and reference material. on the old laptop i often stopped to wait or close something; with candle vista 470, that sequence feels more fluid. i can review several versions of an image, make adjustments, and keep notes nearby without constantly rearranging the desktop. the chassis is easier to carry to another room, and it has remained comfortable on a desk during extended use. the display is not the most dramatic i have seen for entertainment, although its working view is clear and useful. i also compared it with a compact everyday laptop borrowed from a family member. that model was convenient for travel, but candle vista 470 felt more stable when i had several creative tools open and needed a larger working area. the trade-off is that it is not as effortless to carry as an ultra-small computer, and the cooling system becomes audible when i ask more of it. neither issue has affected ordinary editing, but both are worth knowing before choosing it for constant travel. the twenty-four-month warranty adds confidence to a purchase intended for regular work. candle vista 470 has not replaced every kind of computer in my life, yet it has made creative projects more organised and less interrupted. compared with my former laptop, it offers the better combination of portability, working space, and responsive everyday performance.",True
CORD000934,CUS00019,2019-04-04,Thompson,"[{""product"":""Candle Flux 990"",""quantity"":1},{""product"":""Candle Bloom 262"",""quantity"":1},{""product"":""Candle Bloom 1000"",""quantity"":1}]",5028.56,12.22,-37.852974,144.890502,20,4035.07,Autumn,False,6.6904,"candle shift 880 has worked well as the shared laptop in our home office. we use it for administration, forms, email, video meetings, and occasional document work, so i wanted something less cumbersome than an old full-size machine without moving into a fragile travel computer. the flux family ultrabook is easy to carry between rooms, and its restrained appearance suits a desk that is used by more than one person. compared with our previous laptop, it wakes promptly and feels less strained when several ordinary applications are open together. i have moved between a video call, a browser, and household records without the stuttering that made the older computer frustrating. the keyboard is comfortable for routine typing, and the screen is sufficiently clear for the work we do. a larger work computer would provide more room for complex documents, but the candle shift 880 is more convenient when the desk is shared or needs to be cleared. setup for different users was straightforward, although the limited physical space means i would not treat it as a replacement for a specialist workstation. after 39 days, the hinge and keyboard still feel firm, and the machine has handled repeated opening and closing without complaint. its value comes from balance: portable enough for home use, capable enough for administration, and simple enough that other household members can pick it up without instructions.",True
CORD000935,CUS00137,2019-12-27,Nickolson,"[{""product"":""Candle Bloom 1000"",""quantity"":1}]",1815.84,11.36,-37.86156,144.964913,0,1827.2,,False,4.7948,"i installed the vela halo 515 to manage a household power outlet and have now used its scheduled controls for roughly a month. the main routine works as intended: i can set an outlet schedule, leave it running, and let the connected device follow that pattern without manual switching. the controls are mostly clear, and checking whether a schedule is active is not difficult after a little familiarity. it has been handy for reducing small daily tasks, especially when the outlet is used at a regular time. the less satisfactory part is changing a routine. editing several settings in succession feels slower than it should, and the response is not always immediate when i alter the schedule from my phone. i have occasionally checked twice because the updated state was not obvious. the device itself has continued to operate without an unexpected interruption, so the basic automation has been stable. i would not call the vela halo 515 effortless, but it offers a practical way to schedule one household outlet. its usefulness depends on having a fixed routine, while frequent changes make the experience less comfortable.",True
CORD000936,CUS00475,2019-12-18,Bakers,"[{""product"":""Candle Quest 498"",""quantity"":1},{""product"":""Candle Orbit 656"",""quantity"":1},{""product"":""Candle Bloom 1000"",""quantity"":1}]",5386.23,12.05,-37.860553,145.011101,5,5128.97,Summer,False,5.7918,"candle vista 902 has become my preferred device for reading articles, marking passages, and writing handwritten notes. the screen is comfortable for extended reading, and pages turn smoothly without making the activity feel sluggish. annotation tools are easy to locate, so i can highlight a section and add a thought without breaking concentration. handwritten notes remain legible when i review them later, which has helped me organise ideas after meetings and study sessions. the tablet is light enough to hold for a while, although i prefer resting it on a stand during very long reading periods. that is more about posture than the device itself. i have carried candle vista 902 between rooms repeatedly, and it has remained responsive and pleasant to use. its combination of reading, annotation, and handwriting has made it a genuinely useful part of my routine.",True
CORD000937,CUS00451,2019-10-01,Bakers,"[{""product"":""Candle Flux 990"",""quantity"":1},{""product"":""Candle Bloom 1054"",""quantity"":1},{""product"":""Vela Halo 569"",""quantity"":1},{""product"":""Candle Bloom 262"",""quantity"":1}]",3811.66,21.59,-37.840996,145.03522,0,3833.25,Spring,True,4.9211,"candle orbit 1088 has made guest-network management much more orderly in my home. i can provide visitors with a separate connection without mixing their devices into the main arrangement, and removing access later is straightforward. the management screen groups the connected equipment clearly, which helps me understand what is active without guessing from unfamiliar labels. setting up a guest connection was not difficult, and the changes i make in the control panel appear quickly. i have used it when friends visit and when several temporary devices need access for a short period. the unit has remained stable during ordinary browsing and streaming. some of the deeper settings take time to interpret, but the basic controls are clear enough for routine management. candle orbit 1088 gives me useful visibility without requiring constant technical attention. separating visitors from household devices has made sharing the connection more comfortable, and keeping the list tidy is now much easier. it is a sensible networking tool for anyone who wants practical control over a busy home network.",True
CORD000938,CUS00117,2019-08-23,Bakers,"[{""product"":""Candle Orbit 656"",""quantity"":1},{""product"":""Candle Orbit 1034"",""quantity"":1},{""product"":""Candle Bloom 1000"",""quantity"":1},{""product"":""Vela Halo 659"",""quantity"":2}]",5189.24,30.33,-37.816878,145.039032,0,5219.57,Winter,True,3.923,"i used vela spark 693 for presentations and photo viewing, but the screen and controls caused repeated problems. photos take too long to appear when moving through an album, and the viewing angle makes colors look uneven from the side. during presentations, switching slides occasionally stalled and forced an awkward pause. it can display an image, yet the slow response and disappointing presentation behavior make it unsuitable for regular use.",False
CORD000939,CUS00230,2019-09-06,Bakers,"[{""product"":""Candle Flux 990"",""quantity"":1},{""product"":""Candle Bloom 1054"",""quantity"":2},{""product"":""Candle Orbit 656"",""quantity"":1},{""product"":""Vela Halo 659"",""quantity"":2}]",5785.63,,-37.809586,144.981047,25,4347.63,Spring,False,1.247,"candle lumen 112 has spent the past month moving between the kitchen table, sofa, and a small desk where i take video calls. its portable size suits that routine, and i can pick it up when i want to watch something without planning around a fixed screen. initial setup was straightforward, although i had to repeat a couple of settings before everything matched the way i use it. for media, the tablet has been dependable enough for ordinary viewing. i have watched programmes, read articles, and used it for short clips without major interruptions. the display is serviceable in most indoor lighting, but reflections become distracting near a bright window. sound is acceptable for speech, though i usually choose headphones for anything where atmosphere matters. these are manageable compromises, but they keep the experience from feeling especially polished. video calls have been more variable. the camera handles simple family conversations, and the microphone picks up voices from a reasonable distance. in a busier room, however, background noise becomes noticeable and i sometimes need to repeat myself. the tablet remains usable for informal calls, yet i would hesitate to make it my only device for important meetings. its portability is the feature i rely on most. after thirty days, candle lumen 112 feels like a competent household tablet rather than an essential one. it handles portable media and casual calls with little drama, while glare, audio quality, and noisy conversations expose its limits. i am content to keep it, but my expectations are deliberately modest.",True
CORD000940,CUS00107,2019-08-14,Bakers,"[{""product"":""Candle Bloom 1000"",""quantity"":1}]",1815.84,10.02,-37.809973,144.994994,0,1825.86,Winter,False,0.0211,"candle quest 1038 gave me more control over guest access and connected devices than the basic network equipment i had before. i wanted visitors to have a separate connection and needed a clearer way to see which devices were active. compared with the old arrangement, the management tools make those tasks less mysterious. i can set up guest access without changing the details used by the household, and checking the device list has become part of an occasional tidy-up rather than a frustrating search. the network has handled ordinary phones, laptops, streaming devices, and household equipment without introducing noticeable disruption. candle quest 1038 has also made it easier to remove an old device when it is no longer in use. the settings take some attention the first time because there are more choices than on a simple router, but the extra control is worthwhile once the layout becomes familiar. i appreciate being able to keep visitors separate while still providing them with a usable connection. my previous unit was quicker to ignore because it offered little to adjust, yet that simplicity became a problem when the household grew. candle quest 1038 is a better match for a home with regular guests and many connected devices. it does not eliminate every networking question, but it gives me understandable tools and a clearer overview. for guest-network handling and device management, it is a substantial improvement over the equipment i replaced.",True
CORD000941,CUS00473,2019-10-03,Bakers,"[{""product"":""Candle Flux 990"",""quantity"":1}]",2094.45,20.56,-37.786211,144.968974,15,1800.84,Spring,True,3.5096,"i compared candle shift 664 with the older wireless audio set i had been using during concentrated desk work. the new pair gives me a more comfortable and consistent listening experience, especially when i am working through several hours of reading or writing. music sounds balanced, spoken audio remains clear, and i can keep the volume at a moderate level without feeling that detail has disappeared. the difference is not dramatic in every song, but it is noticeable across a full afternoon. pairing was quick, and reconnecting later has been dependable. i can move away from the desk for a short break without immediately losing the audio, then return and continue without starting over. the controls are easy to find by touch, which is useful when i do not want to look away from a document. candle shift 664 is light enough that i forget about it during routine work, and the fit has remained comfortable after repeated use. calls are also clear enough for brief conversations, though this is primarily a music and focused-work device. compared with my previous set, the main improvement is the lack of small interruptions. i spend less time adjusting the position, checking the connection, or wondering whether a quiet passage is being lost. the charging case is not especially compact, and the physical buttons need a firm press, but those are minor concessions. the 12-month warranty adds confidence. candle shift 664 has become an enjoyable part of my desk routine because it offers steady wireless listening without demanding much attention.",True
CORD000942,CUS00010,2019-02-13,Thompson,"[{""product"":""Candle Bloom 1054"",""quantity"":1}]",449.85,14.21,-37.743247,144.89718,0,464.06,Summer,False,8.8781,"vela echo 997 has fitted naturally into my daily routine over the last 29 days. the time is visible at a glance, reminders arrive when expected, and the lightweight body is comfortable through a full day. i have not needed much instruction to use it, which is a welcome change from more complicated wearables. the strap material is basic, but it has held up well so far. it is a practical everyday helper.",True
CORD000943,CUS00402,2019-11-02,Thompson,"[{""product"":""Candle Bloom 1054"",""quantity"":1},{""product"":""Vela Halo 659"",""quantity"":2},{""product"":""Candle Flux 1098"",""quantity"":2}]",2571.75,12.36,-37.870193,144.925984,10,2326.94,Spring,False,6.6585,"the candle edge 716 works well for casual gaming in our shared room, where quiet operation and simple controls matter more than dramatic extras. i can start a game quickly, and the response remains steady during the short sessions i usually play. it is also easy for another family member to understand, so we do not spend much time explaining settings before handing it over. the design fits beside the television without taking over the whole area. i have noticed that the controls feel less comfortable during very long sessions, and the included cable is shorter than ideal for our furniture arrangement. those are manageable limitations for casual use. the device has remained dependable when several people are using the room for different things, and switching between players is uncomplicated. the candle edge 716 has made shared gaming more accessible and has avoided the complexity that would have been unnecessary for our household.",True
CORD000944,CUS00120,2019-01-24,Bakers,"[{""product"":""Candle Quest 498"",""quantity"":1},{""product"":""Candle Bloom 1000"",""quantity"":1},{""product"":""Candle Flux 990"",""quantity"":2},{""product"":""Candle Orbit 1034"",""quantity"":1}]",7894.99,13.49,-37.786315,145.043344,0,7908.48,Summer,False,4.9803,"i installed vela nova 735 on a frequently used door and compared its alerts with the basic notification setup i had previously relied on. the installation itself was manageable, but the sensor positioning is sensitive and the instructions do not explain the limits clearly. a small change in the door angle can leave the status unchanged, so i had to test it repeatedly before accepting that the device was actually registering movement. the main problem is the timing of alerts. vela nova 735 records some openings, yet notifications may arrive after a noticeable delay or appear only after i open the application. that makes the system awkward when i am away from home and expecting a prompt warning. on several occasions the door was opened and closed without an immediate message. the older arrangement was less polished but gave me a more predictable indication that something had happened. battery and connection behavior add further uncertainty. the sensor has briefly shown as unavailable even though it was still attached, and restoring the connection requires repeated application checks. vela nova 735 offers a basic activity record, but the record is not enough when the important information is whether an event has just occurred. i also found the status wording vague, which makes it difficult to distinguish a quiet doorway from a failed connection. compared with the previous setup, this product creates more checking and less confidence. vela nova 735 may suit casual monitoring, but its delayed alerts, sensitive positioning, and unreliable connection make it a frustrating choice for door and window security.",False
CORD000945,CUS00290,2019-07-18,Thompson,"[{""product"":""Vela Halo 569"",""quantity"":1},{""product"":""Candle Bloom 1054"",""quantity"":1},{""product"":""Vela Halo 659"",""quantity"":2}]",1128.36,19.32,-37.82211,144.876863,10,1034.84,Winter,False,6.2556,"vela nova 681 was chosen for travel planning and media use, but it became an unreliable companion away from home. maps took too long to update, and the location marker sometimes remained behind while i was walking. downloaded media paused unexpectedly, while glare made the screen difficult to read outdoors. touch response was also inconsistent, making it frustrating to enter a destination or change a route quickly. battery performance weakened during navigation, so i had to limit use and carry a charger even on ordinary outings. the phone could display a map when the connection and battery were both favourable, but that basic function was not enough for dependable travel. i spent too much time checking whether directions had updated and whether media would resume. vela nova 681 made planning awkward and stressful. i regret buying it and cannot recommend it.",False
CORD000946,CUS00458,2019-09-24,Bakers,"[{""product"":""Candle Flux 990"",""quantity"":1}]",2094.45,10.56,-37.805317,145.001656,10,1895.56,Spring,False,,"vela nova 699 was used for hands-free device support at a shared desk, but it repeatedly shifted during ordinary use. the base does not stay firm when the screen is tapped, and adjusting the viewing angle requires both hands. its footprint takes up more space than expected, leaving little room for notes. it holds a device in place for short periods, but the awkward adjustments and weak stability make it a poor workspace accessory.",False
CORD000947,CUS00447,2019-01-24,Nickolson,"[{""product"":""Candle Flux 990"",""quantity"":1},{""product"":""Vela Halo 659"",""quantity"":1}]",2359.16,11.04,-37.854898,144.951398,15,2016.33,Summer,False,4.3401,"candle arc 744 has served me well for music, podcasts, and background listening around the house. pairing was painless, the wireless connection has stayed stable, and the controls respond without much thought. i can listen for a long stretch without the fit becoming distracting. the presentation is fairly restrained, so listeners wanting very forceful sound may prefer something else, but i enjoy its relaxed character. it is a dependable pair for ordinary home use and a purchase i am glad to have made.",True
CORD000948,CUS00103,2019-04-02,Thompson,"[{""product"":""Candle Flux 990"",""quantity"":1}]",2094.45,11.82,-37.8655,144.925049,15,1792.1,Autumn,False,6.1842,"before using candle flux 378, our home-office and streaming equipment depended on a network arrangement that worked well in one room and became uncertain farther away. this unit has made coverage more even across the areas where we actually work and watch media. video meetings now remain more settled when another person is streaming, and i spend less time moving equipment or asking someone to pause their activity. the improvement is not simply about speed. it is the reduction in interruptions and awkward positioning. my work area is not beside the main connection point, yet calls have remained usable and ordinary file activity does not seem to disturb them as often as before. in the evening, streaming from another room has also been less prone to sudden pauses than with the earlier arrangement. compared with the previous network hardware, candle flux 378 was easier to place and less demanding to monitor. i still had to spend time choosing a suitable position, and the farthest corner of the house is not transformed into perfect coverage. thick walls continue to make a difference, so expectations should remain realistic. within the main work and media areas, however, the result has been consistently positive. the device has been running for weeks without needing constant attention. candle provides a 24-month warranty, which is helpful for something supporting both work and home use. it is not a dramatic gadget to show off, but it has removed a recurring source of frustration. compared with what i had before, candle flux 378 offers a calmer and more dependable connected routine.",True
CORD000949,CUS00096,2019-08-15,Thompson,"[{""product"":""Candle Bloom 1054"",""quantity"":2}]",899.7,12.13,-37.81289,144.918539,10,821.86,Winter,False,2.5064,"i began using candle shift 196 for game streaming and capturing short clips from my desktop setup. the first connection was uncomplicated, and after adjusting the input settings i could see the game feed and the recording preview together. for shorter sessions, the result has been steady enough to share with friends. the controls are arranged sensibly, and i did not need to rebuild my entire desk to accommodate the hardware. captured voice is understandable when the room is quiet, which covers most of my evening use. longer sessions have shown a few weaknesses. when the game becomes demanding and i am also monitoring chat, the preview can fall behind briefly. i have noticed occasional differences between what i see while playing and what appears in the saved clip, so i check important recordings before keeping them. the device itself remains cool enough in normal use, but the surrounding cables can become untidy unless i plan their route. changing between games is simple, while changing several capture settings takes more time than the basic interface suggests. candle shift 196 has made casual streaming more accessible and has produced recordings i am happy to use. it is not completely effortless under a heavy workload, and serious creators may want more headroom and finer controls. my assessment is therefore mixed: the core capture function works, setup is manageable, and the ordinary experience is enjoyable, but demanding sessions reveal limitations that should be part of the decision.",True
CORD000950,CUS00024,2019-09-27,Nickolson,"[{""product"":""Candle Flux 990"",""quantity"":2},{""product"":""Candle Bloom 1054"",""quantity"":1}]",4638.75,12.61,-37.879863,144.988099,10,4187.48,Spring,False,7.0046,"i chose the candle arc 240 for a period when my work moved between the home office, trains, meeting rooms, and presentation spaces. after several weeks of carrying it around, i am pleased with how naturally it has fitted into that routine. it is light enough not to become a burden in my work bag, yet the screen gives documents and presentation slides enough room to remain comfortable to read. opening it in a café or at a narrow meeting table has been uncomplicated, and the keyboard has made longer notes feel much less tiring than working from a phone. my first real test was a presentation prepared while travelling. i edited slides during the journey, reviewed the speaking notes in a hotel room, and connected to a display in the meeting space without an awkward setup period. the candle arc 240 handled that sequence smoothly. in ordinary work it has also kept pace with writing, browser research, video meetings, and several documents open together. the trackpad is responsive, and the hinge allows me to adjust the screen when lighting changes. i particularly value being able to close the lid, move locations, and continue without reconstructing my workspace each time. it is not a substitute for a larger desktop when i am doing a full day of detailed layout work. the compact form means i sometimes wish for more screen area, and the speakers are adequate rather than room-filling. those are reasonable compromises for something designed around travel. after thirty-six days of regular use, the candle arc 240 has proven capable, portable, and pleasant to work on. it has survived crowded commutes and hurried room changes without becoming fragile or fussy. for presentations and mobile office work, it has given me the freedom to concentrate on the task instead of the equipment.",True
CORD000951,CUS00258,2019-07-23,Bakers,"[{""product"":""Candle Flux 990"",""quantity"":1},{""product"":""Candle Edge 680"",""quantity"":1},{""product"":""Vela Halo 569"",""quantity"":1}]",4494.94,27.56,-37.808989,145.002652,5,4297.75,Winter,True,0.6614,"vela echo 943 has been disappointing for presentations and photo viewing. images appear, but the screen looks washed out from the side and small text becomes difficult to read across a room. wireless casting drops during longer presentations, forcing repeated reconnects at awkward moments. the frame feels light and the stand shifts when the display is touched. photo viewing is possible at close range, yet the poor visibility and unreliable connection make this device frustrating.",False
CORD000952,CUS00299,2019-06-19,Thompson,"[{""product"":""Candle Orbit 656"",""quantity"":2},{""product"":""Candle Flux 990"",""quantity"":1},{""product"":""Candle Quest 354"",""quantity"":1}]",7021.35,16.41,-37.759618,144.893709,0,,Winter,False,7.536,"vela ridge 293 has served well in our spare room for presentations, family photos, and occasional viewing. text on slides remains sharp enough for a small group, and the brightness helps when the room is not fully dark. moving through photo folders feels responsive, so showing a sequence of pictures does not become an awkward pause between images. i have used it for work practice as well as relaxed evenings, and the display gives both situations a polished appearance. the controls are sensibly arranged, with settings that can be adjusted without reading a long manual. colours are not perfectly natural in every picture until i make a small adjustment, but the change is simple and the result is pleasing. over time it has remained dependable and has not developed any distracting behaviour. vela ridge 293 is a versatile screen for presentations and personal photos, and i am happy with the role it has taken in the room.",True
CORD000953,CUS00393,2019-07-30,Nickolson,"[{""product"":""Candle Bloom 1054"",""quantity"":1},{""product"":""Vela Halo 659"",""quantity"":1},{""product"":""Candle Bloom 1000"",""quantity"":1},{""product"":""Candle Flux 990"",""quantity"":1}]",4624.85,26.98,-37.857054,144.991244,10,4189.35,Winter,True,4.6816,"the candle edge 590 has accompanied me on several work trips, so i have used it in hotel rooms, on a train, and in meeting spaces rather than only at my desk. its compact shape fits comfortably in my bag, and the weight has not made carrying it around difficult. opening it for email, documents, and slide preparation is quick, and normal office work feels responsive. the keyboard took a few days to get used to, mainly because the key travel is shallower than on my previous laptop. for presentations, the experience depends on the room. the display is sharp enough for editing slides and reviewing notes, and the hinge holds its position while i am working. connecting to a meeting screen has worked, but on one occasion i needed to reconnect before the presentation appeared. i now test the connection before other people arrive, which is a small but real change to my routine. the built-in sound is adequate for spoken material; music and recorded clips are less impressive. after several hours of writing, the base became warm near the rear edge. it was not uncomfortable on a table, although i noticed the warmth when using it on my lap. battery performance has been reasonable for a travel day with moderate work, but a full day of heavy presentation editing would make me look for a power socket. the charger is easy enough to pack, even if i would prefer not to carry it. the candle edge 590 has made mobile work manageable because it is portable and handles my everyday documents well. its presentation connections and battery capacity require planning, and the keyboard is not immediately familiar. i see it as a useful travel machine with sensible limits rather than an effortless solution for every work situation.",True
CORD000954,CUS00420,2019-12-10,Thompson,"[{""product"":""Candle Edge 680"",""quantity"":1}]",2251.4,12.63,-37.759145,144.914274,15,1926.32,Summer,False,6.6131,"the vela core 813 has become part of my evening routine because it handles music and spoken content with less fuss than the small speaker i used previously. podcasts, radio discussions, and audiobooks are easy to follow, with voices remaining distinct at a modest volume. compared with the old speaker, i spend less time adjusting the position or raising the sound when someone begins speaking quietly. music also has enough warmth for casual listening while cooking or reading. the difference is most noticeable when i move around the room. the vela core 813 keeps the playback experience pleasant from the kitchen table to the sofa, whereas my previous unit sounded thin unless i sat directly beside it. it is not a substitute for a dedicated system when i want powerful music or a room-filling performance, and the controls took a short period of practice. for everyday background listening and spoken content, its balance is much more suitable. i have used it during morning routines, while preparing dinner, and for longer audiobook sessions at the weekend. playback has remained steady, and changing the volume does not make speech suddenly disappear beneath the music. the unit has a tidy shape and has not needed constant repositioning. compared with a phone speaker it gives audio more presence, and compared with a larger system it is easier to leave in place and use spontaneously. the vela core 813 is a thoughtful improvement for listeners who value clear speech and relaxed music rather than maximum volume.",True
CORD000955,CUS00204,2019-09-16,Thompson,"[{""product"":""Vela Halo 569"",""quantity"":1},{""product"":""Candle Flux 990"",""quantity"":2}]",4337.99,9.44,-37.827717,144.923549,0,4347.43,Spring,False,2.6583,"vela atlas 737 has become a practical part of my workday because it lets me see calendar alerts and quick messages without reaching for my phone each time. compared with checking the old phone constantly, the small glance at my wrist is less disruptive during meetings, errands, and periods of concentrated work. i can decide whether something needs immediate attention before pulling out the larger device. that simple change has made notifications feel more manageable rather than more demanding. the wearable is comfortable enough for the usual day, and the display is readable when i raise my wrist. vela atlas 737 does not replace a phone for writing a proper reply, which i expected, but it gives me the information needed to decide what happens next. short messages are particularly well suited to it. calendar reminders have also been useful for transitions between tasks, especially when i am moving away from my desk. the alerts are not completely invisible, so i still adjust them when i want a quiet period. after several weeks, the routine feels more natural than it did with my previous wearable. the controls respond consistently, and i have not experienced the repeated pairing interruptions that made the earlier device frustrating. battery coverage has suited my normal schedule, although i keep the charging habit in mind before a longer day. the design is understated enough for work, and the strap has not caused discomfort during ordinary wear. compared with a basic notification band, vela atlas 737 gives a more useful view of the day without becoming a miniature phone. it has a narrow purpose, but it fulfils that purpose well. i would choose it again for calendar awareness and quick message checks, with the understanding that detailed conversations still belong on the phone.",True
CORD000956,CUS00220,2019-02-21,Thompson,"[{""product"":""Candle Orbit 656"",""quantity"":2},{""product"":""Candle Orbit 1034"",""quantity"":1},{""product"":""Vela Halo 569"",""quantity"":1},{""product"":""Candle Bloom 1000"",""quantity"":1},{""product"":""Candle Quest 498"",""quantity"":1}]",8379.3,13.31,-37.777228,144.917456,0,8392.61,Summer,False,4.7227,"candle bloom 802 has been disappointing for reading and handwritten notes. page changes feel slow, and the writing response becomes uneven when several pages are marked up. my notes are sometimes misplaced after switching between documents, which makes study sessions frustrating. reading basic text is possible, but annotation is the reason i bought it and that part remains unreliable. the awkward workflow has made me avoid using it for serious work.",False
CORD000957,CUS00092,2019-06-28,Bakers,"[{""product"":""Candle Orbit 1034"",""quantity"":1},{""product"":""Vela Halo 569"",""quantity"":3}]",1029.19,27.87,-37.815295,145.060122,5,1005.6,Winter,True,5.7307,"vela atlas 449 has replaced the improvised arrangement i used to support a phone during shared desk work. previously, i leaned the device against notebooks or a mug, which meant the viewing angle changed whenever someone moved the desk. this accessory gives the phone a defined place and keeps the screen visible while i check messages, follow a reference, or join a short call. compared with the old solution, it is less distracting because i no longer have to rebuild the stand every time i pick the phone up. the support feels stable on a flat surface, and the base does not shift during normal tapping. i have used it at a shared workstation and on a kitchen table, and the viewing angle has suited both settings. the open design leaves the phone accessible rather than trapping it away, while the compact shape takes less room than i expected. it is also quick to fold or move when the desk needs to be cleared, which makes it more practical than a permanently fixed holder. there are limits. a thick case can make the fit less generous, and the adjustment range is not unlimited. i sometimes need to move the whole stand rather than change its angle precisely. the surface also collects dust around the support points. nevertheless, vela atlas 449 is a clear improvement over makeshift support. after eighteen days, it has provided a steadier, more orderly way to keep a phone visible in a shared workspace without adding much clutter or requiring a complicated installation.",True
CORD000958,CUS00319,2019-04-18,Bakers,"[{""product"":""Vela Halo 659"",""quantity"":1},{""product"":""Candle Flux 990"",""quantity"":2},{""product"":""Candle Orbit 656"",""quantity"":2}]",8977.73,22.49,-37.827054,145.05708,5,8551.33,,True,5.7543,"candle bloom 172 was chosen for field forms and client presentations, and it has been more practical than carrying a laptop to every appointment. compared with the previous paper-heavy routine, i can bring the relevant material in one device, make notes while standing and show a document without finding a suitable table. the screen is large enough for a conversation across a desk, while the tablet remains light enough to carry between visits without much thought. i have used candle bloom 172 in offices, reception areas and temporary meeting spaces. filling out forms is straightforward, and switching to a presentation or a note does not interrupt the conversation for long. compared with using a laptop, the tablet feels less formal and is easier to angle toward another person. it has also been useful when a client wants to review a page together rather than watch me turn a computer around. the battery has covered my normal working day, and the simple interface has reduced the amount of explanation needed before a meeting. there are compromises. detailed typing is slower than with a full keyboard, and bright outdoor conditions can make the screen harder to read. i also carry a small keyboard when i know a long written report is involved. even so, candle bloom 172 is a clear improvement for field forms and presentations. it reduces the equipment i need to bring, supports a more natural exchange with clients and handles lightweight work with less awkwardness than my old laptop routine.",True
CORD000959,CUS00352,2019-12-06,Nickolson,"[{""product"":""Candle Quest 498"",""quantity"":1},{""product"":""Candle Orbit 656"",""quantity"":2},{""product"":""Vela Halo 569"",""quantity"":1}]",5981.54,8.87,-37.807457,144.969462,15,5093.18,Summer,False,1.2385,"vela halo 803 has worked well for shared film and television evenings in our living room. the screen is easy for people seated in different parts of the room to follow, and the controls are simple enough that nobody has to keep asking for help. we have used it for short programmes as well as longer films, with consistent results. the built-in sound is adequate rather than room filling, so louder viewing still benefits from separate speakers. even with that limitation, it has become a dependable centre for family viewing.",True
CORD000960,CUS00132,2019-12-31,Bakers,"[{""product"":""Candle Edge 680"",""quantity"":1},{""product"":""Candle Bloom 1054"",""quantity"":2},{""product"":""Vela Halo 569"",""quantity"":1},{""product"":""Vela Halo 659"",""quantity"":1}]",3564.9,12.76,-37.770898,145.054683,0,3577.66,Summer,False,6.7965,"the vela halo 875 was installed to help me understand the temperature and humidity in an indoor room that can feel different from the rest of the house. i placed it where i spend most evenings and watched the readings over the first few days instead of relying only on guesswork. that simple record was useful. i began noticing how cooking, closed windows, and a full room changed the atmosphere, and i could make small adjustments with more confidence. the device has fitted into my routine without demanding much attention. i check it in the morning, glance at it when returning home, and look again before settling down for the night. the information is presented plainly enough for quick checks, and the unit has continued reporting while the room changed from quiet to busy. i sometimes wish the display were easier to read from across the room, since i need to move closer for a quick glance, but that is a modest inconvenience. it has still encouraged me to pay attention to patterns i previously ignored. during the weeks i have owned the vela halo 875, it has made the room feel more understandable and manageable. it does not alter the environment by itself, so the benefit comes from the awareness it provides, but that has been enough to improve my decisions about ventilation and comfort. i appreciate having an unobtrusive record rather than a vague impression. for indoor temperature and humidity monitoring, it has been a useful addition and one i expect to keep checking.",True
CORD000961,CUS00326,2019-07-10,Bakers,"[{""product"":""Candle Bloom 262"",""quantity"":1},{""product"":""Candle Quest 354"",""quantity"":1},{""product"":""Candle Bloom 1000"",""quantity"":2},{""product"":""Vela Halo 569"",""quantity"":1}]",5301.82,13.9,-37.821938,145.045193,25,3990.26,Winter,False,4.5852,"candle edge 1076 has worked well for competitive play and voice communication. inputs feel consistent, and team conversations stay clear during busy matches. i have used it for extended sessions without the controls becoming uncomfortable or unreliable. the design is less distinctive than i expected, but it performs steadily and lets me concentrate on the game. that makes it a satisfying purchase.",True
CORD000962,CUS00221,2019-03-30,Bakers,"[{""product"":""Vela Halo 659"",""quantity"":1},{""product"":""Vela Halo 569"",""quantity"":1},{""product"":""Candle Orbit 1034"",""quantity"":1}]",995.72,10.28,-37.773869,145.009274,10,906.43,Autumn,False,4.2024,"candle bloom 1018 has made our shared household connection easier to manage than the older networking unit. before changing over, devices would sometimes need to be reconnected after someone moved between rooms, and working out which setting to check was frustrating. this unit has given us a steadier everyday arrangement for laptops, phones, a television, and other shared devices. the improvement is less about a dramatic single feature and more about removing small interruptions from the day. i compared the setup process with the spare unit kept for occasional use. the older one can still connect a few devices, but its controls are less intuitive and its status information is harder to interpret. candle bloom 1018 was simpler to place into the household routine. once it was configured, family members could use their devices without repeatedly asking me to restart or adjust something. that matters in a home where several people are online at different times. the unit is not especially decorative, and the indicator lights are more noticeable in a dark room than i expected. i also needed to spend time choosing a sensible location because the household layout has several walls between rooms. those are ordinary installation considerations rather than serious faults. compared with the previous network device, candle bloom 1018 has delivered a calmer, more dependable connection for the collection of devices we actually use.",True
CORD000963,CUS00372,2019-07-14,Bakers,"[{""product"":""Candle Quest 354"",""quantity"":1},{""product"":""Candle Flux 1098"",""quantity"":1}]",1199.02,15.54,-37.751853,145.004934,10,1094.66,Winter,False,6.5212,"the candle quest 138 has made guest access much less awkward in my home. i can keep visitors on a separate network while leaving my household devices connected as usual, and the device list makes it easier to recognise what is online. i have also used the management controls to pause a forgotten tablet in the evening. the setup screen took a little exploring, but the arrangement has stayed steady since then and gives me useful control without constant attention.",True
CORD000964,CUS00036,2019-12-16,Bakers,"[{""product"":""Candle Orbit 1034"",""quantity"":1},{""product"":""Vela Halo 569"",""quantity"":1},{""product"":""Candle Quest 354"",""quantity"":1}]",1133.79,22.06,-37.786877,145.05436,0,1155.85,Summer,True,5.7964,"the candle arc 348 has helped remove a weak coverage spot between my study and the back rooms. i placed it where the existing signal was still usable, and devices farther away now connect with much less interruption. video calls in the study have stayed steadier, while phones and tablets can move around the house without needing constant manual attention. the setup instructions were clear enough for me to complete the process without outside help. i have also moved the unit once to find a better position, and reconnecting it was uncomplicated. the indicator light is brighter than i would prefer at night, so i covered it rather than changing my room arrangement. performance naturally depends on placement and the surrounding walls, but within my home it has made a noticeable difference. the candle arc 348 is a practical way to extend coverage between rooms without making network management feel complicated.",True
CORD000965,CUS00406,2019-12-08,Bakers,"[{""product"":""Candle Quest 354"",""quantity"":1},{""product"":""Candle Bloom 1054"",""quantity"":1},{""product"":""Candle Edge 680"",""quantity"":1}]",3104.03,9.78,-37.791671,144.977819,0,3113.81,Summer,False,2.5481,"the candle lumen 544 has made long listening sessions at home noticeably easier than my previous wireless audio setup. i have used it during reading, cooking, and several evenings of uninterrupted music, and the sound remains pleasant at ordinary room volume. voices are distinct, instruments do not blur together, and i can move around the house without repeatedly reaching for the controls. the connection has stayed steady throughout the fifteen days i have owned it. compared with my older unit, the candle lumen 544 needs less attention once playback begins. pairing took little effort, and returning to a familiar device has been consistent rather than frustrating. i particularly notice the difference during longer sessions because the controls are simple enough to use without interrupting whatever i am doing. the housing feels solid, although the buttons are close together and i occasionally press the wrong one when the room is dark. i also tried using it in a shared room while someone else was reading nearby. the audio remained clear at a moderate level, and reducing the volume did not make speech disappear. it is not the most powerful choice for filling a large space, but that is not how i use it. for ordinary home listening, it gives a smoother experience than the equipment it replaced. the twelve-month warranty is a useful extra safeguard, and i would choose the candle lumen 544 again for relaxed, extended listening.",True
CORD000966,CUS00429,2019-10-21,Bakers,"[{""product"":""Candle Quest 354"",""quantity"":1},{""product"":""Candle Flux 990"",""quantity"":1},{""product"":""Candle Bloom 1000"",""quantity"":2},{""product"":""Candle Orbit 656"",""quantity"":1},{""product"":""Candle Flux 1098"",""quantity"":1}]",9187.21,12.34,-37.750564,145.001766,5,8740.19,Spring,False,6.6334,"i have used vela pulse 559 beside my desk for charging and viewing, and the positioning has been genuinely convenient. its base occupies little room while the arm allows several practical angles. moving a device from portrait to landscape takes only a moment. the finish shows fingerprints and the hinge needs a firm hand, but the mount has improved how i use my workspace.",True
CORD000967,CUS00209,2019-06-03,Thompson,"[{""product"":""Candle Bloom 1054"",""quantity"":2},{""product"":""Candle Bloom 262"",""quantity"":2},{""product"":""Vela Halo 569"",""quantity"":1}]",3285.33,14.93,-37.862581,144.927676,0,3300.26,Winter,False,5.8049,"the candle edge 824 became part of my routine during a particularly busy stretch of online classes and video meetings. pairing it for the first time was quick, and i appreciated being able to move between my desk and the kitchen without constantly handling the connection. voices come through with a clean, present quality, so i can follow a lecture or conversation without straining to catch ordinary words. the controls are simple enough that i learned them through use rather than needing to keep checking instructions. over time, i have used it for morning classes, informal calls, recorded lessons, and music while doing household jobs. the fit stays comfortable through a long session, and the controls respond when i pause audio or adjust the level. the microphone has suited regular conversations, with my voice remaining understandable when the room is quiet. in a busier room, i sometimes position myself more carefully, but that feels like a reasonable expectation for this sort of wireless audio device. charging has fitted easily into my routine, and i have not found myself worrying about the battery during a normal day. music has a balanced presentation that works well for background listening and spoken material. it is not the most expansive sound i have heard, especially when i want a dramatic performance, yet it remains enjoyable and consistent for my actual use. the carrying case also makes it convenient to put away between sessions. after owning the candle edge 824 for a while, i value its dependable pairing, comfortable handling, and clear treatment of voices. it has made remote study and calls feel more relaxed.",True
CORD000968,CUS00035,2019-11-26,Bakers,"[{""product"":""Candle Flux 1098"",""quantity"":1},{""product"":""Candle Orbit 1034"",""quantity"":2},{""product"":""Vela Halo 569"",""quantity"":1}]",2109.17,8.21,-37.801457,144.997687,10,1906.46,Spring,False,0.9737,"i installed the vela pulse 1045 to manage the blinds and curtains without walking from room to room several times each day. after an initial period of adjusting the routine, it has become a quiet convenience. in the morning, the curtains open as part of the household rhythm, and in the evening the blinds close while we are preparing dinner or settling down for the night. the most useful part has been the consistency of the routines. i can still operate the blinds manually when needed, but the scheduled actions reduce the small decisions that used to be easy to forget. i have created different settings for the main living area and bedroom, which suits the way those rooms are used. the controls are understandable once the basic arrangement is established, although deciding the best timing took a few attempts because daylight changes across the season. the hardware is unobtrusive and has not made the windows look untidy. i have watched the blinds move several times to check that the action is gentle and complete, and so far the mechanism has worked as expected. very heavy curtains require more attention to how they are fitted, so careful installation matters. that is a practical consideration rather than a flaw in the routine itself. after more than a month, the vela pulse 1045 has made mornings and evenings smoother. it is not a dramatic household transformation, but the repeated little actions add up, especially when my hands are full or i am already in another room. the flexible scheduling, quiet operation, and ability to retain manual control have left me pleased with this addition to the home.",True
CORD000969,CUS00024,2019-07-15,Nickolson,"[{""product"":""Candle Bloom 262"",""quantity"":2},{""product"":""Candle Orbit 656"",""quantity"":1}]",4498.6,15.95,-37.879863,144.988099,5,4289.62,Winter,False,7.0046,"i chose the candle arc 240 for a period when my work moved between the home office, trains, meeting rooms, and presentation spaces. after several weeks of carrying it around, i am pleased with how naturally it has fitted into that routine. it is light enough not to become a burden in my work bag, yet the screen gives documents and presentation slides enough room to remain comfortable to read. opening it in a café or at a narrow meeting table has been uncomplicated, and the keyboard has made longer notes feel much less tiring than working from a phone. my first real test was a presentation prepared while travelling. i edited slides during the journey, reviewed the speaking notes in a hotel room, and connected to a display in the meeting space without an awkward setup period. the candle arc 240 handled that sequence smoothly. in ordinary work it has also kept pace with writing, browser research, video meetings, and several documents open together. the trackpad is responsive, and the hinge allows me to adjust the screen when lighting changes. i particularly value being able to close the lid, move locations, and continue without reconstructing my workspace each time. it is not a substitute for a larger desktop when i am doing a full day of detailed layout work. the compact form means i sometimes wish for more screen area, and the speakers are adequate rather than room-filling. those are reasonable compromises for something designed around travel. after thirty-six days of regular use, the candle arc 240 has proven capable, portable, and pleasant to work on. it has survived crowded commutes and hurried room changes without becoming fragile or fussy. for presentations and mobile office work, it has given me the freedom to concentrate on the task instead of the equipment.",True
CORD000970,CUS00097,2019-04-17,Nickolson,"[{""product"":""Vela Halo 569"",""quantity"":1},{""product"":""Candle Quest 354"",""quantity"":1},{""product"":""Candle Orbit 1034"",""quantity"":3},{""product"":""Candle Flux 1098"",""quantity"":1},{""product"":""Candle Orbit 656"",""quantity"":1}]",5355.93,19.26,-37.824153,144.986539,5,5107.39,Autumn,True,1.6151,"i have used the candle edge 1094 for long listening sessions at home, including quiet work and evening podcasts. the wireless connection has remained stable around the room, and the controls are easy to reach without searching for a phone. after extended use, the fit stays acceptable and the sound remains enjoyable for spoken audio and casual music. it is not especially compact when stored, and i needed a short adjustment period to find the best position. even so, the consistent connection and relaxed listening experience make it a satisfying choice for home use.",True
CORD000971,CUS00296,2019-10-24,Thompson,"[{""product"":""Candle Orbit 1034"",""quantity"":1},{""product"":""Candle Bloom 1054"",""quantity"":3},{""product"":""Candle Bloom 262"",""quantity"":1},{""product"":""Vela Halo 569"",""quantity"":1},{""product"":""Vela Halo 659"",""quantity"":1}]",3463.54,12.23,-37.851896,144.892423,10,3129.42,Spring,False,6.4849,"candle quest 930 has worked well for the mixture of administration tasks handled in our home office. documents open promptly, the keyboard is comfortable for routine typing, and the screen is large enough for comparing files without constant scrolling. different people in the household have used it without difficulty, since the main controls are familiar and the system starts consistently. video meetings are clear in a quiet room, while the microphone is less convincing when several people speak at once. that is a limitation we can manage by taking turns. the laptop is easy to move when the desk is needed for another purpose, and it has remained cool during normal work. after regular shared use, candle quest 930 feels capable, practical, and dependable for household administration.",True
CORD000972,CUS00375,2019-04-21,Nickolson,"[{""product"":""Candle Quest 354"",""quantity"":1},{""product"":""Candle Edge 680"",""quantity"":2},{""product"":""Candle Bloom 1054"",""quantity"":1},{""product"":""Candle Orbit 1034"",""quantity"":1}]",5937.35,12.8,-37.885145,144.960802,15,5059.55,Autumn,False,7.4398,"candle flux 414 has been part of my focused desk routine for twenty days, mainly for music while reading and writing. the wireless connection has stayed consistent near my desk, and the sound is balanced enough for background listening without requiring constant adjustment. voices and lighter instruments are easy to follow, while bass-heavy tracks feel less full than they do through my larger home speakers. the ear cups remain comfortable for a couple of hours, though warmth builds up during longer sessions. compared with my older wired headphones, candle flux 414 gives me more freedom to stand up or reach a shelf without interrupting the music. the wired pair still produces a broader sound and never needs charging, so it remains preferable when i am settled for serious listening. flux 414 is more convenient for daily work, but the controls are small and i sometimes press the wrong one when changing volume. pairing was straightforward after the first attempt, although moving between devices is not completely seamless. the exterior feels ordinary rather than luxurious, and the hinges deserve gentle handling. battery performance has suited my weekday use, but a long weekend away would require planning. leakage is modest at normal volume, yet people nearby can hear more than i expected in a quiet room. candle’s warranty is reassuring, although support has not been needed. overall, candle flux 414 offers a sensible balance of comfort and convenience, with sound quality and controls that keep it from being a clear upgrade for dedicated listening.",True
CORD000973,CUS00447,2019-08-10,Nickolson,"[{""product"":""Candle Flux 990"",""quantity"":1},{""product"":""Candle Quest 498"",""quantity"":2}]",4711.11,13.69,-37.854898,144.951398,20,3782.58,Winter,False,4.3401,"candle arc 744 has served me well for music, podcasts, and background listening around the house. pairing was painless, the wireless connection has stayed stable, and the controls respond without much thought. i can listen for a long stretch without the fit becoming distracting. the presentation is fairly restrained, so listeners wanting very forceful sound may prefer something else, but i enjoy its relaxed character. it is a dependable pair for ordinary home use and a purchase i am glad to have made.",True
CORD000974,CUS00055,2019-03-09,Thompson,"[{""product"":""Candle Orbit 656"",""quantity"":1},{""product"":""Vela Halo 659"",""quantity"":1},{""product"":""Candle Bloom 262"",""quantity"":1}]",,8.74,-37.814624,144.921825,15,3107.02,Autumn,False,2.2281,"vela halo 389 has reduced the number of adapters i carry when moving between my desk, meeting room, and home workspace. i can connect several devices through the compact unit, and it has handled my usual combination without becoming temperamental. the cable is flexible enough to position beside a laptop, while the adapter itself stays put rather than sliding across the table. i have used it for work peripherals and occasional media transfers, and the connections have remained consistent. it becomes warm after extended use, so i avoid covering it with papers or placing it in a tight pouch while active. that is a reasonable precaution. vela halo 389 has been convenient, dependable, and much less cluttered than carrying separate accessories.",True
CORD000975,CUS00224,2019-05-14,Thompson,"[{""product"":""Candle Flux 1098"",""quantity"":1},{""product"":""Candle Bloom 1000"",""quantity"":1},{""product"":""Candle Quest 354"",""quantity"":1}]",3014.86,12.09,-37.789249,144.939922,10,2725.46,Autumn,False,2.6793,"vela spark 333 was used for casual living-room gaming and compared with a television already connected to the same console. the large display is suitable for a group to see, but the image and controls introduced several distractions. motion looked uneven during quick scenes, with brief judder that was absent on the comparison screen. dark areas also lost detail, making characters and obstacles hard to distinguish. the picture settings offered several modes, yet changing them did not remove the problem and sometimes made colours look harsh. input from the console reached the screen, although there was a noticeable delay during faster games. that lag was less obvious in turn-based play but became frustrating whenever timing mattered. sound from the built-in speakers was thin, and dialogue was frequently covered by effects unless the volume was raised to an unpleasant level. the display did not always wake when the console sent a signal, so i had to use the remote before play could begin. switching from a game to another input occasionally produced a blank screen for several seconds. the older television has a smaller panel, but its motion remains steadier and its input changes are less troublesome. vela spark 333 can show a game and the basic controls respond, yet poor dark-scene detail, judder, input delay, weak audio, and slow waking undermine the intended casual use. in a shared living room, other people noticed the uneven sound and repeated blank frames. i found the product disappointing after extended ownership and would not recommend it for regular gaming, even if its size appears attractive at first.",False
CORD000976,CUS00482,2019-05-01,Thompson,"[{""product"":""Candle Flux 990"",""quantity"":2},{""product"":""Candle Bloom 1054"",""quantity"":1},{""product"":""Vela Halo 569"",""quantity"":1},{""product"":""Candle Quest 498"",""quantity"":3},{""product"":""Candle Orbit 1034"",""quantity"":1}]",9294.75,7.91,-37.813815,144.933928,5,8837.92,Autumn,False,1.1613,"i have used candle bloom 262 for streaming, browsing, and occasional video calls around the house. its size makes it comfortable to move between rooms, and media playback has been smooth during normal use. the front camera is adequate for conversations, although the image is not as bright in a dim room. shared use is simple because it starts quickly and feels approachable. it is a useful general tablet, with ordinary rather than remarkable performance.",True
CORD000977,CUS00382,2019-09-30,Nickolson,"[{""product"":""Candle Flux 990"",""quantity"":1},{""product"":""Vela Halo 659"",""quantity"":2}]",2623.87,14.17,-37.869801,144.973942,20,2113.27,Spring,False,5.7069,"the candle shift 970 has made creative work unnecessarily difficult during the six weeks i have owned it. i purchased this ultrabook for media editing and small design projects, yet the system becomes sluggish during ordinary editing sessions and the fan noise quickly turns distracting. opening several work files at once leads to pauses, and returning from sleep has occasionally produced a blank screen that required a forced restart. the keyboard feels cramped for extended typing, with an awkward response on several keys, while the trackpad sometimes ignores a short movement. battery life also falls sharply during editing, leaving me searching for an outlet instead of finishing a task. the finish has collected scratches from normal travel in a sleeve. candle's support process consisted of generic steps and no explanation for the repeated display problem. the candle shift 970 is a disappointing work machine that i regret buying.",False
CORD000978,CUS00293,2019-10-06,Bakers,"[{""product"":""Candle Quest 498"",""quantity"":1},{""product"":""Vela Halo 569"",""quantity"":2}]",1606.51,19.52,-37.792473,144.987001,25,1224.4,Spring,True,2.0783,"i have worn vela spark 747 for 47 days and it has settled into my routine without demanding much attention. the habit reminders are the part i use most. a quiet prompt helps me remember small tasks during a busy afternoon, and the reminders have arrived consistently enough that i now check them almost automatically. timekeeping is easy to read at a glance, which is useful when i am moving between errands or work. the watch feels light on my wrist and has not become distracting during ordinary use. i also like that its purpose is straightforward: it supports habits and tells the time instead of trying to turn every moment into an alert. the menus took a little practice at first, and i occasionally dismiss a reminder too quickly, but neither issue has affected the daily routine. after several weeks, vela spark 747 feels dependable, thoughtfully focused, and worth keeping on my wrist.",True
CORD000979,CUS00175,2019-11-17,Thompson,"[{""product"":""Vela Halo 569"",""quantity"":1}]",149.09,9.12,-37.797347,144.930894,20,128.39,Spring,False,2.2189,"after two weeks with candle lumen 148, the connection between rooms has been much steadier. setup was straightforward, and the unit joined my existing network without awkward troubleshooting. devices in the back room now stay connected during normal browsing and streaming, which was the main reason i bought it. the casing feels basic, but it sits neatly on a shelf and has not become warm. i have not tested it with a very large household, so i cannot judge its limits there. for extending coverage across a modest home, it has been reliable and worthwhile.",True
CORD000980,CUS00265,2019-12-07,Bakers,"[{""product"":""Candle Flux 990"",""quantity"":1},{""product"":""Candle Edge 680"",""quantity"":1},{""product"":""Vela Halo 569"",""quantity"":1},{""product"":""Candle Quest 498"",""quantity"":1}]",5803.27,11.51,-37.772664,145.027215,15,4944.29,Summer,False,5.013,"vela pulse 163 has fitted nicely into the room where we listen to music and spoken programmes. voices in interviews and podcasts are clear, and the music sounds balanced when played at the moderate level we use while cooking or reading. the display makes playback status easy to check, while the controls are simple enough for different family members to use without instruction. reconnecting after a pause has usually been quick, and i have not experienced the repeated interruptions that made our previous device irritating. at the highest volume the sound becomes slightly harsh, and the screen can be bright in a dark room, but both issues are manageable through normal settings. vela pulse 163 has remained dependable through regular use and gives us a convenient shared source for music, radio and spoken content.",True
CORD000981,CUS00450,2019-08-22,Thompson,"[{""product"":""Vela Halo 659"",""quantity"":2},{""product"":""Candle Bloom 1054"",""quantity"":1},{""product"":""Candle Flux 1098"",""quantity"":1},{""product"":""Candle Orbit 1034"",""quantity"":1}]",2357.43,26.01,-37.78292,144.932603,15,2029.83,Winter,True,3.5441,"candle arc 276 has been part of my evening gaming setup for the past 41 days, mainly for competitive matches and conversations with friends. the controls were easy to understand from the first session, and the hardware responded well during ordinary play. i could move through a match without feeling held back by the device, and the physical design stayed comfortable through shorter sessions. that made the initial transition from my older setup fairly painless. voice communication was more variable. my friends could hear me clearly in quiet rooms, but the microphone picked up surrounding sounds more than i wanted when the room became active. i also had one session where the connection dropped and needed to be restarted before the conversation returned. these interruptions were not constant, yet they were especially frustrating during coordinated play. the controls themselves remained responsive, and the device did not show any obvious trouble with basic game input. as the weeks passed, i appreciated the straightforward handling but became more cautious about relying on it for important team communication. candle arc 276 is neither a failure nor a complete solution. it provides a solid base for competitive play and works well when the surroundings are calm, while the inconsistent voice experience and occasional connection problem weaken the overall impression. my judgement is balanced: suitable for ordinary gaming, with reservations for players who need uninterrupted communication.",True
CORD000982,CUS00321,2019-01-30,Thompson,"[{""product"":""Vela Halo 659"",""quantity"":2},{""product"":""Candle Quest 354"",""quantity"":3},{""product"":""Candle Orbit 1034"",""quantity"":1}]",2319.68,23.03,-37.748772,144.958774,15,1994.76,Summer,True,7.1795,"i started wearing the vela halo 767 during walks to work and on public transport, mainly to see movement information and receive notifications without taking out my phone. it has fitted into those journeys fairly naturally. the display is easy to glance at while walking, and a short alert lets me know when a message or reminder needs attention. i like that the information is available without turning a commute into a series of phone checks. during ordinary walks, the device records movement in a way that is useful for comparing one day with another. i would not treat every reading as exact, however. short trips sometimes appear inconsistent, particularly when i stop frequently or carry the device under a jacket. the strap is comfortable enough for daily wear, though i have adjusted it several times to find a secure fit that does not feel tight. notifications arrive promptly most of the time, but there have been occasional delays after reconnecting in the morning. those moments are brief, yet they make me look at the phone anyway. the vela halo 767 works best as a light layer of awareness during a commute rather than as a complete activity record. it encourages me to notice how much i walk and reduces minor interruptions, while its readings and connection timing leave room for doubt. i am continuing to use it because the routine benefits are real, but i would not make important decisions based on a single measurement or expect it to replace the phone for communication.",True
CORD000983,CUS00165,2019-01-03,Bakers,"[{""product"":""Vela Halo 659"",""quantity"":1},{""product"":""Vela Halo 569"",""quantity"":1},{""product"":""Candle Quest 498"",""quantity"":1},{""product"":""Candle Bloom 1054"",""quantity"":1}]",2171.98,12.74,-37.761916,145.04265,20,1750.32,Summer,False,6.7784,"vela wave 931 has served me well for travel planning and media use, especially when compared with the older phone i carried before it. maps, booking information, messages, and entertainment are all available without the sluggish transitions that used to interrupt simple tasks. i can move between a route, a message, and a saved programme quickly, which makes unfamiliar journeys less stressful. the screen is comfortable for reading directions and watching short videos, while the phone remains manageable in one hand for ordinary calls and messages. i also appreciate having enough space to keep travel documents, music, and downloaded content together. on a trip, that means i am less dependent on an immediate connection when moving between places. vela wave 931 has become a useful central tool rather than a device i constantly have to work around. compared with a smaller phone, this model gives media more room and makes map details easier to inspect. the trade-off is that it is more noticeable in a pocket, particularly with a protective case fitted. battery use also rises when i rely heavily on navigation and video, so i carry a charger for busy days. those are expected compromises for a phone used as both a travel guide and an entertainment screen. the connection has remained steady in my normal use, and the controls have been easy to learn. i have also found the camera adequate for capturing quick travel memories, though it is not the reason i chose this model. with its 24-month warranty, vela wave 931 offers a well-rounded combination of navigation, communication, and media convenience.",True
CORD000984,CUS00072,2019-12-21,Thompson,"[{""product"":""Candle Flux 990"",""quantity"":1},{""product"":""Candle Bloom 1000"",""quantity"":1},{""product"":""Candle Quest 354"",""quantity"":3}]",5118.63,14.28,-37.870579,144.876039,0,5132.91,Summer,False,8.9645,"vela nova 213 has become a convenient way to play music and spoken content around the house. voices in podcasts and radio programmes sound clear, and i can follow conversation without raising the volume excessively. music is pleasant at ordinary levels, with enough separation to make different instruments recognisable. the display is easy to read when i want to see what is playing, and moving between music and spoken programmes is uncomplicated. i have used it during cooking, cleaning and quiet evenings, and playback has remained stable. the sound is not especially powerful for a large gathering, and bass-heavy tracks feel restrained, but that matches its role in my room. vela nova 213 has proved flexible, simple to operate and enjoyable for everyday listening.",True
CORD000985,CUS00299,2019-10-30,Thompson,"[{""product"":""Candle Bloom 262"",""quantity"":2},{""product"":""Candle Orbit 1034"",""quantity"":1},{""product"":""Candle Quest 498"",""quantity"":1},{""product"":""Vela Halo 569"",""quantity"":1}]",4275.88,13,-37.759618,144.893709,15,3647.5,Spring,False,7.536,"vela ridge 293 has served well in our spare room for presentations, family photos, and occasional viewing. text on slides remains sharp enough for a small group, and the brightness helps when the room is not fully dark. moving through photo folders feels responsive, so showing a sequence of pictures does not become an awkward pause between images. i have used it for work practice as well as relaxed evenings, and the display gives both situations a polished appearance. the controls are sensibly arranged, with settings that can be adjusted without reading a long manual. colours are not perfectly natural in every picture until i make a small adjustment, but the change is simple and the result is pleasing. over time it has remained dependable and has not developed any distracting behaviour. vela ridge 293 is a versatile screen for presentations and personal photos, and i am happy with the role it has taken in the room.",True
CORD000986,CUS00121,2019-12-31,Bakers,"[{""product"":""Candle Edge 680"",""quantity"":2},{""product"":""Vela Halo 569"",""quantity"":1},{""product"":""Candle Orbit 1034"",""quantity"":1}]",5233.81,10.45,-37.779182,145.003213,15,4459.19,Summer,False,3.4974,"candle vista 146 has suited my game streaming and media capture setup better than i expected from such a compact piece of hardware. it fits neatly beside the rest of my equipment, and the controls are approachable when i need to begin or stop a session. during ordinary play, the response has remained steady, and captured material has been clear enough for the casual projects i share with friends. i appreciate not having to rebuild the arrangement whenever i move the setup between rooms. longer sessions generate some warmth, so i leave space around the unit rather than placing it against other equipment. the interface includes options i do not use, but i learned the main path quickly. this is not aimed at a full professional production workflow, which is beyond my needs. candle vista 146 has made sharing gameplay more convenient and has encouraged me to record sessions i would previously have left unpreserved.",True
CORD000987,CUS00304,2019-09-08,Nickolson,"[{""product"":""Candle Orbit 656"",""quantity"":1},{""product"":""Candle Flux 990"",""quantity"":1},{""product"":""Candle Flux 1098"",""quantity"":1},{""product"":""Candle Orbit 1034"",""quantity"":1}]",5734.67,14.16,-37.868823,144.956379,5,5462.1,Spring,False,5.7036,"vela core 183 was compared with a small television already in the living room for casual gaming. the older screen had fewer smart features, but its picture appeared immediately and its controls were predictable. vela core 183 takes longer to reach a usable screen, and returning from an application often leaves a blank image for several seconds. those delays are irritating when the device is meant for relaxed evening play. the picture is visible, although dark scenes look muddy and bright areas lose detail. motion occasionally appears blurred, especially when the game changes quickly. the built-in speakers produce sound, but dialogue is weak and effects become harsh when the volume is raised. connecting a controller was not consistently smooth; sometimes it was recognised after a restart, while another attempt required repeating the pairing process. the older television did not offer the same on-screen options, but it avoided these repeated interruptions. family use made the weaknesses more obvious. different people changed settings and then struggled to return them, because menus are crowded and the labels are not always clear. streaming also paused twice during ordinary use even though the household connection was unchanged. support supplied general reset instructions and did not explain the recurring blank screen. vela core 183 can show a game, but the lag, poor sound, and frustrating controls outweigh its added features. for casual living-room gaming, i find the older television less troublesome. i cannot recommend this display.",False
CORD000988,CUS00250,2019-11-02,Nickolson,"[{""product"":""Candle Bloom 1054"",""quantity"":1},{""product"":""Candle Quest 498"",""quantity"":1}]",1758.18,12.41,-37.875255,144.996415,10,1594.77,Spring,False,6.7274,"candle vista 506 has been a worthwhile improvement over the basic gaming hardware i used before. during long desktop sessions, it stays comfortable enough that i can concentrate on play rather than constantly rearranging my position. the controls respond consistently, and the overall feel is more substantial than my previous setup without making the desk seem overloaded. the comparison became obvious during extended use. my former equipment worked for short sessions but became tiring when i played for an evening, while candle vista 506 has handled longer periods with less strain. i have used it for slower strategy games as well as faster action, and the response has remained predictable in both situations. setup was not difficult, although the first arrangement took some patience because i wanted the cables and controls positioned neatly. the surface also shows marks more readily than i expected, so i give it a quick wipe after heavy use. after weeks of ownership, the construction still feels firm and nothing has developed unwanted movement. it does not turn an ordinary game into something extraordinary, and players who want a highly specialised setup may prefer equipment with more custom adjustments. for my desktop, though, candle vista 506 provides a comfortable and capable middle ground. it feels more considered than the entry-level option it replaced, performs reliably through regular sessions, and has made gaming at the desk more enjoyable.",True
CORD000989,CUS00346,2019-12-28,Bakers,"[{""product"":""Candle Orbit 656"",""quantity"":1},{""product"":""Candle Quest 498"",""quantity"":1},{""product"":""Candle Orbit 1034"",""quantity"":1},{""product"":""Candle Quest 354"",""quantity"":1},{""product"":""Vela Halo 659"",""quantity"":2}]",5084.51,12,-37.770051,145.036211,5,4842.28,Summer,False,5.718,"vela ridge 527 gives me a quick summary after walks, cycling, and other exercise sessions. the information is easy to check after finishing, and the wearable does not distract me while i am active. i have found the trends more useful than individual readings. the display is small for detailed review, but the simple summaries and comfortable daily handling have made it a worthwhile training companion.",True
CORD000990,CUS00122,2019-07-04,Thompson,"[{""product"":""Vela Halo 659"",""quantity"":1},{""product"":""Vela Halo 569"",""quantity"":1}]",413.8,30.59,-37.871098,144.877345,10,403.01,Winter,True,8.927,"vela pulse 199 has been helpful in our shared workspace, where i often need to view a phone while writing or handling other equipment. it keeps the device upright and visible, making calls, timers, and reference notes easier to follow without holding the phone. the support feels stable on a flat desk, and the angle can be changed to suit different seating positions. several people have used it without needing complicated adjustments. it is less secure when placed near the edge of a crowded surface, and larger devices make the stand feel slightly top-heavy. i simply keep it near the centre of the desk. for hands-free support during meetings, study, and shared tasks, vela pulse 199 has proved useful and unobtrusive.",True
CORD000991,CUS00044,2019-12-15,Bakers,"[{""product"":""Candle Flux 990"",""quantity"":1}]",2094.45,19.68,-37.804498,145.021673,5,2009.41,Summer,True,2.402,"vela nova 375 has helped me understand the changes in temperature and humidity inside my home instead of relying on how the room feels for a few minutes. i placed it in the area where i spend the most time and watched the readings through different parts of the day. the information was easy to interpret, and i soon noticed that the room became noticeably different after cooking or leaving windows closed overnight. that awareness has changed a few ordinary habits. i now open the room earlier when it feels stuffy and pay more attention to conditions before settling down to work. vela nova 375 has also been useful when comparing the living room with a quieter back room, where the air feels different even when the temperature seems similar. i am not using it for scientific work, but the repeated observations have given me a much more practical sense of the indoor environment. placement makes a difference. readings near a window or cooking area change quickly, so i had to choose a position that represented the room rather than a single local draft. the display is also less visible from across the room than i first expected, which means i usually walk over to check it. those are minor inconveniences, and they encouraged me to think about what i actually wanted to monitor. after forty-seven days, vela nova 375 has become a quiet but useful part of the house. it provides understandable temperature and humidity information, has prompted sensible ventilation habits, and does not demand constant attention. it cannot explain why a room changes, but it gives me a helpful starting point for making the space more comfortable.",True
CORD000992,CUS00495,2019-01-01,Bakers,"[{""product"":""Candle Bloom 1054"",""quantity"":2},{""product"":""Candle Quest 498"",""quantity"":1},{""product"":""Candle Quest 354"",""quantity"":2}]",3013.59,10.53,-37.78518,145.021908,5,2873.44,Summer,False,3.6205,"candle edge 266 has settled nicely into our shared room. i mainly use it for casual games, while other people watch television or work nearby, and it has been easy to pick up for a short session. the controls respond consistently, and the menus are clear enough that nobody has needed much explanation. games load without distracting pauses, and the picture remains sharp at the distance from which we usually play. i appreciate that the hardware does not dominate the room or require a complicated arrangement of cables. it has also handled several evenings of use without unusual noise or heat. the included setup process was simple, and reconnecting after moving it to another screen took little effort. more demanding players may want something built for advanced performance, but for relaxed family gaming candle edge 266 is enjoyable, practical, and reliable.",True
CORD000993,CUS00230,2019-10-30,Bakers,"[{""product"":""Candle Quest 354"",""quantity"":1},{""product"":""Candle Bloom 262"",""quantity"":1}]",1521.05,8.41,-37.809586,144.981047,5,1453.41,Spring,False,1.247,"candle lumen 112 has spent the past month moving between the kitchen table, sofa, and a small desk where i take video calls. its portable size suits that routine, and i can pick it up when i want to watch something without planning around a fixed screen. initial setup was straightforward, although i had to repeat a couple of settings before everything matched the way i use it. for media, the tablet has been dependable enough for ordinary viewing. i have watched programmes, read articles, and used it for short clips without major interruptions. the display is serviceable in most indoor lighting, but reflections become distracting near a bright window. sound is acceptable for speech, though i usually choose headphones for anything where atmosphere matters. these are manageable compromises, but they keep the experience from feeling especially polished. video calls have been more variable. the camera handles simple family conversations, and the microphone picks up voices from a reasonable distance. in a busier room, however, background noise becomes noticeable and i sometimes need to repeat myself. the tablet remains usable for informal calls, yet i would hesitate to make it my only device for important meetings. its portability is the feature i rely on most. after thirty days, candle lumen 112 feels like a competent household tablet rather than an essential one. it handles portable media and casual calls with little drama, while glare, audio quality, and noisy conversations expose its limits. i am content to keep it, but my expectations are deliberately modest.",True
CORD000994,CUS00445,2019-02-16,Nickolson,"[{""product"":""Candle Edge 680"",""quantity"":1},{""product"":""Candle Flux 990"",""quantity"":1},{""product"":""Candle Orbit 1034"",""quantity"":1}]",4927.77,14.59,-37.874791,144.992167,15,4203.19,Summer,False,6.5567,"i wore vela spark 117 while walking and commuting, but the notification system has been too unreliable for practical use. alerts often arrive after i have already reached for the phone, and some messages never appear on the wearable. the screen is difficult to read in daylight, while the vibration is weak enough to miss in a noisy street. the strap shifts during longer walks and catches on clothing when putting on a coat. pairing has also failed after travel, forcing repeated setup at inconvenient times. it can display a notification when the connection happens to hold, but that basic result is not dependable. vela spark 117 is awkward, frustrating, and poorly suited to commuting. the delayed alerts make it disappointing, and i cannot recommend it.",False
CORD000995,CUS00042,2019-01-16,,"[{""product"":""Candle Orbit 656"",""quantity"":1},{""product"":""Candle Bloom 1000"",""quantity"":1}]",4077.9,11.35,-37.771143,144.932698,15,3477.57,Summer,False,4.7875,"vela halo 695 has made our blind routines more consistent and less repetitive. i set the opening and closing schedule, watched it operate for a few days, and then made a small timing adjustment. since that change, the routine has worked smoothly, while manual control remains available when needed. installation requires careful positioning, so it rewards patience at the start. once fitted, it has been a useful and pleasant improvement to the room.",True
CORD000996,CUS00184,2019-09-24,Bakers,"[{""product"":""Candle Bloom 262"",""quantity"":1}]",1118.27,9.39,-37.790706,145.011599,20,904.01,Spring,False,2.5824,"vela core 867 fits neatly into my walking and commuting routine. the band is light enough that i can wear it throughout the day, and the display is readable when i glance at it outdoors. notifications arrive promptly for the messages i care about, which saves me from checking my phone while crossing the city. i have also found the walking information helpful for keeping a consistent routine, especially on days when my route changes. pairing was quick, and the companion controls are simple to understand. after several weeks of daily wear, the device still looks tidy and the strap remains comfortable. the battery lasts through my usual schedule, though i prefer charging it before a particularly busy weekend. that small planning step is easy to manage. vela core 867 combines practical reminders, dependable timekeeping, and a comfortable fit in a way that suits everyday use.",True
CORD000997,CUS00395,2019-03-29,Thompson,"[{""product"":""Candle Bloom 1054"",""quantity"":2},{""product"":""Candle Orbit 656"",""quantity"":1},{""product"":""Candle Quest 498"",""quantity"":1},{""product"":""Vela Halo 659"",""quantity"":2},{""product"":""Candle Orbit 1034"",""quantity"":1}]",5581.43,9.82,-37.817431,144.906349,5,5312.18,Autumn,False,3.6159,"i have taken candle bloom 586 on trips and used it for short gaming sessions away from home. its size makes packing simple, and the controls are laid out in a familiar way, so i could start playing without a long adjustment period. the display is enjoyable indoors, and casual games run smoothly enough for the type of travel use i had in mind. the built-in sound is serviceable, although headphones are preferable in shared spaces. longer sessions reveal the main compromise: the battery falls quickly when the screen is bright, and the device becomes warm around the controls. storage also needs attention when several larger games are installed. it is convenient for filling a train journey or waiting period, but i would not choose it for a full day away from an outlet. candle bloom 586 provides genuine portability and ordinary fun, balanced by endurance and heat that limit its freedom.",True
CORD000998,CUS00438,2019-08-09,Thompson,"[{""product"":""Candle Orbit 1034"",""quantity"":1},{""product"":""Candle Flux 1098"",""quantity"":2}]",2174.4,14.09,-37.772317,144.966751,10,1971.05,Winter,False,4.8091,"vela ridge 833 has been a cheerful addition to our living room for casual gaming. the display starts quickly, the picture remains clear from the sofa, and short games are easy to launch when friends visit. it is not a replacement for dedicated high-end gaming equipment, but that is not the role we needed. the size suits the room and the simple controls are welcoming. after eighteen days, evening sessions have remained enjoyable.",True
CORD000999,CUS00181,2019-10-14,Bakers,"[{""product"":""Vela Halo 659"",""quantity"":2},{""product"":""Candle Flux 990"",""quantity"":1},{""product"":""Candle Bloom 262"",""quantity"":2}]",4860.41,24.06,-37.772412,145.023851,10,4398.43,Spring,,4.8774,"vela halo 209 was intended to hold a device on my desk, but the mounting design has been a constant source of frustration. the clamp attaches to the desk, yet it slowly shifts when the screen is tapped or when a cable pulls from the side. the adjustment joints feel stiff at first and then loosen during use, making it difficult to keep a chosen viewing angle. the holder fits the device, although the gripping pads leave marks and do not feel secure enough to trust near the edge of the desk. assembly instructions were vague, so i had to remove and refit the clamp several times before it sat level. after a few weeks the locking knob began turning without tightening properly. a simple device can be placed in it, but the stand does not remain stable while typing or making calls. support sent general assembly advice without offering a practical remedy. vela halo 209 is awkward, weakly built, and disappointing for adjustable desk mounting. i would avoid it for shared work areas.",False
CORD001000,CUS00023,2019-09-16,Thompson,"[{""product"":""Vela Halo 659"",""quantity"":2},{""product"":""Candle Bloom 1000"",""quantity"":1},{""product"":""Candle Flux 990"",""quantity"":1}]",4439.71,21.36,-37.819388,144.936693,10,4017.1,Spring,True,1.1782,"candle vista 434 was disappointing for shared-room music playback. track changes paused, selecting another song took too long, and repeated commands were needed when people were talking nearby. i often waited to confirm whether anything had happened before trying again. it can play a selected track eventually, but the slow controls and broken flow make ordinary listening awkward and frustrating.",False
