order_id,customer_id,date,nearest_warehouse,shopping_cart,order_price,delivery_charges,customer_lat,customer_long,coupon_discount,order_total,season,is_expedited_delivery,distance_to_nearest_warehouse,latest_customer_review,is_happy_customer
CORD000001,CUS00077,2019-09-25,Nickolson,"[{""product"":""Vela Halo 659"",""quantity"":1},{""product"":""Candle Bloom 262"",""quantity"":1},{""product"":""Candle Bloom 1054"",""quantity"":1}]",1832.83,13.45,-37.886102,144.933359,20,1479.71,Spring,False,8.1513,"i installed candle orbit 548 to reach a bedroom and hallway where the main connection was inconsistent. the extra coverage is noticeable, and ordinary browsing and television streaming now work in those areas. connection quality still changes when doors are closed or several devices are active, so placement matters. the setup instructions were adequate but required a little trial and error. it is a useful extension for moderate household needs, with performance that depends heavily on the surrounding layout.",True
CORD000002,CUS00304,2019-02-15,Nickolson,"[{""product"":""Candle Bloom 1000"",""quantity"":2},{""product"":""Vela Halo 569"",""quantity"":1},{""product"":""Candle Bloom 262"",""quantity"":1}]",4899.04,13.99,-37.868823,144.956379,0,4913.03,Summer,False,5.7036,"vela core 183 was compared with a small television already in the living room for casual gaming. the older screen had fewer smart features, but its picture appeared immediately and its controls were predictable. vela core 183 takes longer to reach a usable screen, and returning from an application often leaves a blank image for several seconds. those delays are irritating when the device is meant for relaxed evening play. the picture is visible, although dark scenes look muddy and bright areas lose detail. motion occasionally appears blurred, especially when the game changes quickly. the built-in speakers produce sound, but dialogue is weak and effects become harsh when the volume is raised. connecting a controller was not consistently smooth; sometimes it was recognised after a restart, while another attempt required repeating the pairing process. the older television did not offer the same on-screen options, but it avoided these repeated interruptions. family use made the weaknesses more obvious. different people changed settings and then struggled to return them, because menus are crowded and the labels are not always clear. streaming also paused twice during ordinary use even though the household connection was unchanged. support supplied general reset instructions and did not explain the recurring blank screen. vela core 183 can show a game, but the lag, poor sound, and frustrating controls outweigh its added features. for casual living-room gaming, i find the older television less troublesome. i cannot recommend this display.",True
CORD000003,CUS00310,2019-11-17,Nickolson,"[{""product"":""Vela Halo 659"",""quantity"":1},{""product"":""Candle Flux 1098"",""quantity"":1},{""product"":""Candle Edge 680"",""quantity"":1},{""product"":""Candle Bloom 1000"",""quantity"":2},{""product"":""Candle Orbit 656"",""quantity"":2}]",11468.15,13.25,-37.886551,144.944021,0,11481.4,Spring,False,7.8818,"vela nova 339 has made it easier to connect several devices without carrying a collection of separate adapters. it is small enough for a pocket or work bag, and changing between connected items has been straightforward. the connections have remained stable during ordinary use at my desk and while travelling. the close spacing can be awkward with unusually wide plugs, but the adapter is still practical and has simplified my setup.",True
CORD000004,CUS00030,2019-04-26,Bakers,"[{""product"":""Candle Bloom 1054"",""quantity"":1},{""product"":""Vela Halo 659"",""quantity"":1},{""product"":""Candle Orbit 656"",""quantity"":1}]",2976.62,12.28,37.839357,145.062686,5,2840.07,Autumn,False,6.7646,"i picked up the vela ridge 779 after getting tired of finding charging cables in a tangled heap beside my desk. it is a modest accessory, but it has made that part of my room noticeably calmer. i keep the organiser near the power outlet, and the cables now stay in separate positions instead of sliding behind furniture or wrapping around one another. setting it up took almost no effort, which suited the simple job i expected it to do. the first improvement was at my workstation. i use more than one device during the day, so i used to spend time sorting through cords before i could connect anything. with the vela ridge 779 in place, each cable can be reached and returned without disturbing the others. the openings hold ordinary charging leads securely while still allowing me to pull out enough length for a phone on the desk. i have not had to force a connector through or bend a cable sharply to make the arrangement work. i also tried it beside the sofa, where loose cables had been especially annoying. moving the organiser was simple, and it stayed in position during normal use. the finish has remained tidy after being handled repeatedly, and dust can be removed with a quick wipe. it is not large enough for every kind of cable or for a bulky power unit, so i still keep those items separately. that limitation is easy to understand given its compact size, and it has not reduced its value for the thin charging leads i use most. after several weeks, the main benefit is the time saved in small moments. i can pick up the correct cable immediately, pack one for an outing without searching, and leave the desk looking orderly at the end of the day. the vela ridge 779 does not do anything complicated, but it performs its organising role consistently and occupies very little space. anyone wanting a practical way to keep everyday charging cables under control should find it a worthwhile little addition.",True
CORD000005,CUS00472,2019-02-08,Thompson,"[{""product"":""Candle Orbit 1034"",""quantity"":1},{""product"":""Candle Flux 1098"",""quantity"":1},{""product"":""Candle Edge 680"",""quantity"":1}]",3629.56,11.54,-37.830194,144.893928,5,3459.62,Summer,False,5.058,"candle edge 284 has made shared-room music playback more pleasant than the small speaker i was using before. i wanted something that could fill ordinary household moments without requiring constant adjustment, and this unit has fitted that role well. compared with my old speaker, the sound carries more evenly across the room, so people sitting away from the centre can still follow the music. pairing was simple, and different members of the household have been able to use it without a long explanation. we play background music while cooking, cleaning, or having friends over, and the connection has stayed dependable during those ordinary activities. the volume is enough for our room, though anyone wanting a very forceful party system would probably choose a larger product. for our purpose, the balanced presentation is more valuable than sheer loudness. the controls are easy to locate, and the speaker can be moved from one shelf to another without making the setup feel like an event. my previous unit was smaller and convenient to carry, but its sound became thin when several people were talking. candle edge 284 keeps music present without becoming harsh or demanding attention. i have used it for several weeks and have not needed to troubleshoot the connection after the initial pairing. there is no need to use every available feature to enjoy it; the basic playback function is already satisfying. compared with my earlier speaker, candle edge 284 gives our shared room a fuller and more dependable music experience, which is exactly the improvement i was hoping for.",True
CORD000006,CUS00344,2019-07-11,Bakers,"[{""product"":""Candle Quest 498"",""quantity"":1},{""product"":""Vela Halo 659"",""quantity"":1}]",1573.04,11.92,-37.822447,145.015544,15,1349,Winter,False,2.2584,"vela halo 335 has been useful for keeping track of door and window activity while i am working elsewhere in the house. installation was uncomplicated, and the alerts have arrived promptly when someone opens or closes the monitored points. i can check the activity history when i miss an alert, which is useful in a busy household where people do not always announce what they are doing. the unit itself is small and has remained secure through ordinary use. the notifications are clear enough to identify the relevant area, and i have not needed to reset the system during the time i have owned it. it does take a little adjustment to choose notification times that do not become distracting, especially during a busy morning. once those preferences were set, vela halo 335 became a quiet but valuable part of the home routine and gave me better awareness without constant checking.",True
CORD000007,CUS00160,2019-01-20,Thompson,"[{""product"":""Candle Quest 498"",""quantity"":1},{""product"":""Candle Quest 354"",""quantity"":1},{""product"":""Vela Halo 659"",""quantity"":1}]",1975.82,15.27,-37.767792,144.882966,20,1595.93,Summer,False,7.5256,"i used candle vista 1046 for game streaming and recording, but the results were disappointing from the first session. the device captures a basic signal, yet the stream repeatedly develops stutters when the game becomes busy. audio and video also drift apart often enough to make recorded clips awkward to watch. i tried changing the capture settings and reconnecting the cables, but the same problem returned during later sessions. the software interface adds more frustration. important controls are buried in menus, and the preview can freeze while the recording indicator continues to show activity. on one occasion i discovered that a long session had not been saved properly, which made the hardware difficult to trust. heat from the unit is noticeable during extended use, and the casing feels less substantial than expected. candle vista 1046 handles a simple input, but unreliable streaming, poor software feedback, and lost recordings make it unsuitable for serious media capture. i regret buying it.",False
CORD000008,CUS00287,2019-06-21,Nickolson,"[{""product"":""Candle Edge 680"",""quantity"":1},{""product"":""Candle Bloom 1054"",""quantity"":1},{""product"":""Vela Halo 659"",""quantity"":1}]",2965.96,29.54,-37.880996,145.007285,20,2402.31,Winter,True,7.6891,"the vela echo 979 found a place on my desk after i grew tired of fishing through a drawer for the right charging lead. i use several cables during the week, and this mobile accessory has made the small area beside my laptop much less chaotic. during the first evening i grouped the leads by length and purpose, then started using the spaces consistently. the difference is modest but noticeable: i can pick up the cable i need without pulling three others onto the floor, and the ends remain within reach when i unplug a device. what i like most is that the organiser does not demand a new routine every time i use it. i leave it beside the power strip, return each cable after charging, and the arrangement stays tidy. when i moved it to another part of the room for a week, it was just as easy to understand where everything belonged. the material has a firm feel and has handled repeated rearranging without looking tired. it does not make cables disappear, and a particularly thick lead occupies more room than a slim one, but those are sensible limitations rather than surprises. after thirty-seven days, the vela echo 979 has saved me a surprising amount of minor frustration. i no longer start a call by searching under notebooks, and i can see when a cable has been left connected before i tidy the desk. it also makes the charging area look more deliberate when someone visits, which is a small benefit i did not expect from such a simple product. the design is restrained, with no complicated mechanism to learn and no need for an app. i compared it with simply using a box, and the box was cheaper in effort but worse in access because everything ended up piled together. this organiser is not exciting, but it is practical, sturdy, and genuinely helpful in daily use. i am happy to keep it on the desk and would recommend it to anyone whose charging cables are always wandering.",True
CORD000009,CUS00092,2019-12-05,Bakers,"[{""product"":""Candle Flux 990"",""quantity"":1},{""product"":""Candle Bloom 1000"",""quantity"":3},{""product"":""Candle Orbit 1034"",""quantity"":1}]",8123.89,12.01,-37.815295,145.060122,0,8135.9,Summer,False,5.7307,"vela atlas 449 has replaced the improvised arrangement i used to support a phone during shared desk work. previously, i leaned the device against notebooks or a mug, which meant the viewing angle changed whenever someone moved the desk. this accessory gives the phone a defined place and keeps the screen visible while i check messages, follow a reference, or join a short call. compared with the old solution, it is less distracting because i no longer have to rebuild the stand every time i pick the phone up. the support feels stable on a flat surface, and the base does not shift during normal tapping. i have used it at a shared workstation and on a kitchen table, and the viewing angle has suited both settings. the open design leaves the phone accessible rather than trapping it away, while the compact shape takes less room than i expected. it is also quick to fold or move when the desk needs to be cleared, which makes it more practical than a permanently fixed holder. there are limits. a thick case can make the fit less generous, and the adjustment range is not unlimited. i sometimes need to move the whole stand rather than change its angle precisely. the surface also collects dust around the support points. nevertheless, vela atlas 449 is a clear improvement over makeshift support. after eighteen days, it has provided a steadier, more orderly way to keep a phone visible in a shared workspace without adding much clutter or requiring a complicated installation.",True
CORD000010,CUS00327,2019-04-06,Thompson,"[{""product"":""Candle Flux 990"",""quantity"":1},{""product"":""Vela Halo 659"",""quantity"":1},{""product"":""Candle Orbit 1034"",""quantity"":1},{""product"":""Candle Bloom 1054"",""quantity"":1}]",3390.93,7.73,-37.804523,144.944167,15,2890.02,Autumn,False,0.9414,"the vela pulse 703 has suited our shared film and television viewing better than expected. the picture remains clear from the usual seating positions, and the menus are simple enough that different people can start a programme without asking for help. motion looks smooth during ordinary scenes, and the display has enough brightness for daytime viewing. switching between services and input sources has also been straightforward during family evenings. the built-in speakers lack depth for films, so we sometimes use separate audio, and reflections appear when the curtains are open. those limitations are easy to work around in our room. the display has been dependable through regular use and has made shared viewing less complicated. the vela pulse 703 offers a pleasant picture and a practical experience for everyday family entertainment.",True
CORD000011,CUS00059,2019-08-06,Bakers,"[{""product"":""Candle Quest 498"",""quantity"":3},{""product"":""Candle Flux 990"",""quantity"":3},{""product"":""Candle Quest 354"",""quantity"":1},{""product"":""Vela Halo 659"",""quantity"":1},{""product"":""Candle Flux 1098"",""quantity"":1}]",11672.07,15.67,-37.863422,145.029666,25,8769.72,Winter,False,6.666,"candle arc 276 has performed well during competitive matches where quick input and clear voice communication matter. the controls feel responsive when the action becomes busy, and i have not noticed distracting hesitation during the sessions i have played. teammates have heard my speech clearly, while incoming conversation remains distinct enough to follow alongside game audio. the layout is comfortable through longer matches, and the construction gives the impression that it will tolerate regular use. the controls are a little close together until i become accustomed to them, and the finish shows marks quickly, but neither point changes the overall experience. candle arc 276 has made competitive play more enjoyable and consistent.",True
CORD000012,CUS00072,2019-09-30,Thompson,"[{""product"":""Vela Halo 569"",""quantity"":1},{""product"":""Candle Bloom 1054"",""quantity"":2},{""product"":""Candle Edge 680"",""quantity"":1}]",3300.19,14.04,-37.870579,144.876039,15,2819.2,Spring,False,8.9645,"vela nova 213 has become a convenient way to play music and spoken content around the house. voices in podcasts and radio programmes sound clear, and i can follow conversation without raising the volume excessively. music is pleasant at ordinary levels, with enough separation to make different instruments recognisable. the display is easy to read when i want to see what is playing, and moving between music and spoken programmes is uncomplicated. i have used it during cooking, cleaning and quiet evenings, and playback has remained stable. the sound is not especially powerful for a large gathering, and bass-heavy tracks feel restrained, but that matches its role in my room. vela nova 213 has proved flexible, simple to operate and enjoyable for everyday listening.",True
CORD000013,CUS00294,2019-07-22,Bakers,"[{""product"":""Candle Edge 680"",""quantity"":1},{""product"":""Candle Flux 1098"",""quantity"":1},{""product"":""Candle Bloom 1000"",""quantity"":2},{""product"":""Candle Quest 498"",""quantity"":1},{""product"":""Vela Halo 569"",""quantity"":1}]",8136.74,26.58,-37.800004,145.041405,0,8163.32,Winter,True,4.2059,"i wanted a gaming device that could travel with me rather than stay permanently beside the television, and candle quest 336 has suited that plan very well. during the first few sessions i tested it at home, then packed it for a weekend away to see whether the portable format would remain convenient in practice. it was easy to bring along, and i could settle into a short game in the evening without rearranging the room. candle quest 336 has provided responsive play for the games i normally enjoy, with controls that became familiar after only a little use. i have played at a desk, on a sofa, and during quiet parts of several trips, and the experience has stayed consistent across those settings. the menus are generally clear, so starting or changing a game does not become a separate task. i have also appreciated being able to use it for brief sessions instead of feeling committed to a long stretch of play. battery life has been adequate for my routine, although on a particularly long journey i needed to plan a recharge rather than assume it would last indefinitely. that is the main compromise of choosing a portable system. the casing has travelled in a padded bag and still feels secure, while the device has avoided becoming an awkward extra item in my luggage. after owning candle quest 336 for a while, i am happy with the balance between convenience and entertainment. it has made gaming easier to fit around travel and has delivered a consistently enjoyable experience wherever i have used it.",True
CORD000014,CUS00202,2019-01-07,Bakers,"[{""product"":""Candle Quest 498"",""quantity"":1},{""product"":""Vela Halo 659"",""quantity"":1},{""product"":""Candle Bloom 262"",""quantity"":1}]",2691.31,11.04,-37.803714,145.043949,5,2567.78,Summer,False,4.3366,"candle vista 218 has handled the mix of devices in our home without demanding much attention. phones, streaming equipment, and work devices connect consistently, and ordinary browsing remains smooth when several people are online. the initial setup was clear enough to complete in one sitting. i noticed a brief slowdown during a particularly busy evening, but it did not last. it has been a solid network choice for shared household use.",True
CORD000015,CUS00089,2019-08-17,Thompson,"[{""product"":""Candle Quest 354"",""quantity"":2},{""product"":""Candle Bloom 262"",""quantity"":1}]",1923.83,13.21,-37.782635,144.967111,25,1456.08,Winter,False,3.7759,"candle flux 162 has been useful in the spaces between my larger devices. i bought it for portable media and video calls, and it now travels from the sofa to the kitchen table depending on what i am doing. watching a program feels more personal than using the television, while the screen is still large enough for another person to see when we sit together. the tablet starts quickly and the basic controls became familiar after a few sessions. i tested it with films, short clips and several video calls. holding it for a while is manageable, though i prefer resting it against a stand for longer viewing because the body eventually feels substantial in one hand. the camera angle works best when the tablet is supported on a table. in that position, i can take part in a call while keeping notes nearby, which has been convenient for informal meetings and family conversations. the audio is adequate for ordinary viewing, and i sometimes connect headphones when others are reading nearby. the surface attracts fingerprints after frequent touching, so i wipe it down more often than i expected. those are ordinary tablet compromises, and neither has reduced how often i use it. its portable size has also made it handy when someone else is using the main screen. candle flux 162 has earned a permanent place in my household because it adapts to different routines. it supports relaxed media use and practical calls without feeling specialised or difficult. the need for a stand during extended viewing is a minor limitation, but its flexibility has made the purchase worthwhile.",True
CORD000016,CUS00099,2019-05-20,Bakers,"[{""product"":""Candle Bloom 1054"",""quantity"":1},{""product"":""Candle Orbit 1034"",""quantity"":1},{""product"":""Candle Quest 354"",""quantity"":2},{""product"":""Candle Orbit 656"",""quantity"":1}]",4099.39,9.61,-37.830999,145.022494,5,3904.03,Autumn,False,3.3449,"candle shift 826 has improved the communication side of my gaming sessions. i use it for competitive matches where quick instructions matter, and my teammates have reported that my voice comes through clearly without the muffled quality i had before. the fit stays secure while i play, and the controls are close enough to reach without leaving the game. i have also used it for casual chat, where the same clear voice pickup is helpful. the cable and controls take a little organising on a crowded desk, and the sound profile is more focused on communication than on rich music, but that matches its main purpose. after repeated sessions, it has remained comfortable and has not introduced distracting connection problems. candle shift 826 gives me dependable voice communication and lets me concentrate on the match rather than adjusting equipment. it is a practical piece of gaming hardware that has earned a permanent place beside my controller.",True
CORD000017,CUS00268,2019-11-15,Thompson,"[{""product"":""Vela Halo 659"",""quantity"":2},{""product"":""Vela Halo 569"",""quantity"":1},{""product"":""Candle Bloom 262"",""quantity"":1},{""product"":""Candle Bloom 1000"",""quantity"":1}]",3612.62,10.58,-37.813093,144.956134,5,3442.57,Spring,False,0.7977,"i bought vela ridge 743 for presentations and family photo viewing, expecting a straightforward display in a meeting room. instead, it introduces awkward delays at nearly every stage. connecting a source can take several attempts, and the screen sometimes remains blank after the device reports that it is ready. this is embarrassing when an audience is waiting. photo slideshows change slowly, with occasional pauses between images. colours appear uneven from different seats, and the viewing angle is poor in a wider room. during a presentation, the controls have failed to respond until the display was restarted. those interruptions are frustrating and make it difficult to maintain a coherent discussion. the panel shows an image once everything connects, so the basic display function operates. that limited success does not offset the unreliable switching, weak viewing consistency, and cumbersome controls. i have stopped using it for important presentations because the risk of delay is too high. the product has been disappointing from setup through routine use, and i cannot recommend vela ridge 743.",False
CORD000018,CUS00146,2019-07-20,Bakers,"[{""product"":""Candle Orbit 1034"",""quantity"":1},{""product"":""Candle Quest 498"",""quantity"":1},{""product"":""Candle Bloom 1000"",""quantity"":2}]",5521.93,16.05,-37.751227,145.027385,10,4985.79,Winter,False,7.1196,"i bought candle arc 564 for music during desk work, where the best audio product is one that stays out of the way. after the initial pairing, it became easy to start a playlist and leave it running while i read, wrote, or sorted through routine tasks. the sound has enough separation for instrumental tracks and spoken recordings, and it does not become tiring during a long afternoon. i can keep the volume modest and still follow what i am listening to. my desk is near a walkway, so the unit gets moved occasionally when the surface is being cleared. i have also taken it to a nearby table for a different task. in both cases the wireless connection returned without a prolonged sequence of troubleshooting. the controls feel sensible, and i can pause or change the level while remaining focused on the work in front of me. that consistency has mattered more than having a large number of extra functions. candle arc 564 simply behaves in a predictable way each time i use it. there is a little less force in the lower sound than some listeners may want, and the compact casing can be easy to overlook when the desk is cluttered. neither issue interferes with my main purpose. i have owned it through months of study and administrative work, and it has handled quiet concentration as well as occasional background conversation. the product has made my workspace feel more settled because i no longer spend time correcting connection problems or searching for controls. candle arc 564 is not extravagant, but it is a dependable, enjoyable part of my daily desk routine.",True
CORD000019,CUS00357,2019-10-11,Bakers,"[{""product"":""Candle Orbit 1034"",""quantity"":1},{""product"":""Candle Flux 1098"",""quantity"":1},{""product"":""Candle Bloom 262"",""quantity"":1},{""product"":""Candle Quest 354"",""quantity"":1},{""product"":""Candle Orbit 656"",""quantity"":1}]",5161.27,12.98,-37.743314,144.982042,10,4658.12,Spring,False,7.5048,"vela wave 985 has reduced the amount of checking i do around doors and windows. compared with relying on memory or making a physical round of the house, the alerts give me a more convenient way to notice activity when i am occupied elsewhere. the system is most useful as a prompt for attention, rather than as a replacement for ordinary judgement. i compared vela wave 985 with a simpler manual routine over several weeks. once the sensors were positioned carefully, the notifications arrived in a way that fit our household habits. i can tell when a door has been opened during a busy part of the day, and the window alerts provide useful awareness when everyone is moving between rooms. the controls are understandable for normal changes, and the device has not required daily maintenance. there was some adjustment at the beginning. placement matters, and an alert can become annoying if the sensitivity or routine is not suited to the room. i spent time refining the setup so that ordinary household movement did not create unnecessary interruptions. compared with a more elaborate home system, vela wave 985 is less intimidating and easier to keep focused on one purpose. compared with having no notification at all, it adds worthwhile awareness. the main limitation is that it depends on sensible installation and a charged, connected system. with those basics handled, it has become a quiet but useful part of our home routine.",True
CORD000020,CUS00445,2019-04-07,Nickolson,"[{""product"":""Candle Bloom 1000"",""quantity"":1},{""product"":""Candle Orbit 1034"",""quantity"":1}]",2397.76,15.11,-37.874791,144.992167,0,2550.12,Autumn,False,6.5567,"i wore vela spark 117 while walking and commuting, but the notification system has been too unreliable for practical use. alerts often arrive after i have already reached for the phone, and some messages never appear on the wearable. the screen is difficult to read in daylight, while the vibration is weak enough to miss in a noisy street. the strap shifts during longer walks and catches on clothing when putting on a coat. pairing has also failed after travel, forcing repeated setup at inconvenient times. it can display a notification when the connection happens to hold, but that basic result is not dependable. vela spark 117 is awkward, frustrating, and poorly suited to commuting. the delayed alerts make it disappointing, and i cannot recommend it.",False
CORD000021,CUS00485,2019-10-30,Thompson,"[{""product"":""Vela Halo 659"",""quantity"":2},{""product"":""Vela Halo 569"",""quantity"":1},{""product"":""Candle Orbit 656"",""quantity"":2},{""product"":""Candle Edge 680"",""quantity"":3}]",11956.83,9.55,-37.809905,144.915219,5,11368.54,Spring,False,2.8148,"i have used the vela wave 139 for several weeks to connect my phone, tablet, and headphones from one compact adapter. setup took little effort, and the ports stayed connected while i moved between a desk and the kitchen. its small shape leaves room beside other cables, and it has not become warm during ordinary use. i do wish the short lead gave more flexibility behind my monitor, but the adapter has made switching devices less cluttered and has worked consistently for my routine.",True
CORD000022,CUS00464,2019-03-04,Thompson,"[{""product"":""Vela Halo 569"",""quantity"":1},{""product"":""Candle Bloom 262"",""quantity"":1},{""product"":""Candle Bloom 1000"",""quantity"":2}]",4899.04,9.5,-37.837613,144.928699,0,4908.54,Autumn,False,3.2084,"candle orbit 260 has handled reading, research, note taking and ordinary writing tasks without becoming a source of distraction. i often move between reference material and a document, and the laptop remains responsive enough for that pattern of work. the keyboard supports long periods of typing, while the screen is comfortable for articles and notes in different lighting. its shape makes it practical to carry between the library, desk and kitchen table when i want a change of setting. the fan can become noticeable during heavier activity, and i would prefer a little more room around the ports, but these are manageable limitations. candle orbit 260 has proved dependable, capable and pleasant for study.",True
CORD000023,CUS00362,2019-07-18,Thompson,"[{""product"":""Candle Quest 498"",""quantity"":3},{""product"":""Candle Quest 354"",""quantity"":1},{""product"":""Candle Orbit 1034"",""quantity"":1}]",4909.69,26.01,-37.798796,144.910794,15,4199.25,Winter,True,3.5408,"the candle flux 900 has handled my document work and video meetings with a reassuring lack of fuss. it is light enough to move from a desk to the kitchen table, yet the screen gives me room to keep notes and a meeting window visible together. text appears crisp, and the camera and microphone have produced a natural picture and voice during regular calls. the keyboard has a comfortable layout for longer writing, while the trackpad responds accurately to smaller movements. i have also appreciated how quickly it wakes when i need to continue a task. battery life depends on how bright i keep the display and how long calls run, so heavy meeting days require some planning, but ordinary work sessions are pleasantly manageable. the casing remains neat after being carried between rooms, and the ports cover my usual accessories. the candle flux 900 has become a reliable partner for flexible study and office work.",True
CORD000024,CUS00312,2019-10-06,Thompson,"[{""product"":""Candle Quest 354"",""quantity"":1},{""product"":""Vela Halo 659"",""quantity"":2},{""product"":""Candle Flux 990"",""quantity"":1},{""product"":""Vela Halo 569"",""quantity"":1}]",3175.74,11.36,-37.799527,144.889231,5,3028.31,Spring,False,5.2874,"candle shift 916 has fitted nicely into our shared room, where people take turns playing short casual games. it starts without delay, the controls are simple to learn, and the screen is visible from nearby seats. the sound is adequate without disturbing the room. serious players may want more advanced features, but for relaxed breaks and family sessions it has been enjoyable, approachable, and easy to store.",True
CORD000025,CUS00257,2019-09-10,Bakers,"[{""product"":""Candle Flux 990"",""quantity"":1},{""product"":""Candle Bloom 1000"",""quantity"":1},{""product"":""Candle Quest 498"",""quantity"":1}]",5218.62,11.64,-37.789171,145.054233,0,5230.26,Spring,False,5.6776,"i installed the vela echo 835 to keep an eye on activity around doors and windows when i am in another part of the home. during the first few weeks, it gave me a reassuring way to notice movement without repeatedly checking each room. the alerts are useful when i am expecting someone or want to know whether a door was opened, and the basic operation has remained easy to understand. it has added a little awareness to my routine without requiring constant attention. it has also taught me not to treat every alert as an emergency. normal household activity can produce a notification, and i have had to learn which sounds or movements are ordinary for my home. on one occasion an alert arrived after i had already noticed the activity myself, so the timing is not always perfect. changing the position required some thought as well, since an inconvenient placement can make the information less helpful. these are not serious failures, but they mean i still use common sense rather than depending on the device alone. the vela echo 835 provides a useful extra layer of awareness, especially when i am busy elsewhere in the house. i like the straightforward alerts and the sense of routine they provide. at the same time, their meaning depends on context, and occasional timing variation limits my confidence. it is a sensible home automation aid for everyday monitoring, though not a substitute for personal attention.",True
CORD000026,CUS00272,2019-05-14,Nickolson,"[{""product"":""Candle Bloom 1000"",""quantity"":1},{""product"":""Vela Halo 569"",""quantity"":2}]",2114.02,7.85,-37.812861,144.979609,15,1804.77,Autumn,False,1.0896,"i have used candle shift 754 for commuting and spoken-content listening for about a month. the wireless connection usually starts quickly, and voices remain distinct on trains and buses. podcasts are easy to follow because the speech does not get buried under a heavy sound profile. battery life has been adequate for several journeys, although i have needed to charge it sooner than expected after longer listening sessions. the controls are usable once memorised, but the buttons feel awkward when i am wearing gloves. it sits securely during normal travel, though the fit becomes noticeable after extended use. calls work indoors, but the microphone picks up surrounding noise outside. overall, candle shift 754 performs its basic purpose without being especially refined. i would keep it for routine commuting, but buyers wanting richer music playback or stronger call performance should compare alternatives.",True
CORD000027,CUS00334,2019-06-07,Nickolson,"[{""product"":""Candle Flux 990"",""quantity"":2}]",4188.9,16.03,-37.880697,144.988253,10,3786.04,Winter,False,7.098,"i bought vela echo 889 to connect several devices without carrying separate adapters. during the first few weeks it has handled my phone, a tablet, and a small storage device in the same workspace, which is more convenient than swapping one short adapter between them. its compact shape takes little room in a bag, and moving it from home to a shared desk is simple. the connections have been recognised consistently for the devices i use most. compared with my previous single-purpose adapter, vela echo 889 is more flexible and leaves less cable clutter. the trade-off is that the compact body becomes awkward when several thicker plugs are attached together. one arrangement covers the neighbouring connection, so i have to position the cables carefully. it also does not make every device feel instantly organised; the accessory still depends on the host device and the particular combination being connected. i have not had a complete failure, but the experience is not equally smooth with every setup. for ordinary mobile use, this adapter has earned a place in my bag. it solves more situations than the older basic model and the build feels adequate for regular handling. i would not describe it as a universal answer for a crowded desk, especially where bulky connectors are involved. vela echo 889 is a practical middle ground: more capable than a simple adapter, but its convenience depends on how many devices and cables are used at once.",True
CORD000028,CUS00227,2019/12/30,Bakers,"[{""product"":""Candle Bloom 262"",""quantity"":1},{""product"":""Candle Flux 1098"",""quantity"":2},{""product"":""Vela Halo 569"",""quantity"":1}]",2859.84,11.22,-37.820988,145.045655,10,2585.08,Summer,False,4.5948,"i bought vela ridge 347 because my previous reminder method was a collection of phone alarms that i often dismissed without thinking. after using it for an extended stretch, i find the wearable less disruptive and more effective for ordinary habit reminders. the prompts appear where i am, rather than requiring me to keep checking a phone, and the time display is available at a quick glance. that combination has fitted more naturally into my day than a sequence of loud alerts. the comparison with my old timer is especially noticeable during work. phone alarms interrupted whatever was on the screen and were easy to confuse with messages or calendar notices. vela ridge 347 gives the reminder its own place, so i can acknowledge it and continue without opening another device. i use it for short breaks, routine tasks, and a couple of personal habits. it does not turn those routines into a perfect schedule, but it has made them easier to remember. the display is readable in normal indoor light, and the controls did not take long to understand. the band stays comfortable during a full day of movement, though i notice it more when wearing a tighter sleeve. compared with a basic digital watch, it offers more purpose because the reminders are part of the same object i already wear. compared with using only a phone, it is less tempting to drift into unrelated apps after checking the time. the reminder options are not endlessly customisable, which may matter to someone wanting a very detailed routine system. vela ridge 347 has remained consistent through everyday use, including commuting and household work. i have not needed to reset it repeatedly, and the timekeeping has been dependable enough for my schedule. the 12-month warranty also gives some confidence for longer ownership. it is a focused wearable rather than a feature-heavy device, but that is part of its appeal. for reminders and simple time checks, i prefer it to both my old timer and a phone-only approach.",True
CORD000029,CUS00270,2019-12-16,Bakers,"[{""product"":""Candle Quest 498"",""quantity"":2},{""product"":""Vela Halo 659"",""quantity"":1},{""product"":""Candle Flux 990"",""quantity"":1},{""product"":""Candle Bloom 1000"",""quantity"":3}]",10423.34,14.2,-37.801215,145.062622,5,9916.37,Summer,False,6.0005,"i compared candle lumen 490 with my previous travel laptop during several presentation trips. the candle machine is lighter to carry than the older model, but that advantage disappeared once i began working on it. the keyboard feels cramped, the touchpad often interpreted an intended click incorrectly, and the hinge resisted being opened on a narrow table. preparing slides in a hotel room became an awkward series of corrections rather than a smooth routine. presentation use exposed further weaknesses. the display was adequate for showing basic slides, yet it became difficult to view from an angle, and switching between the presentation and a document caused noticeable pauses. battery performance also varied sharply between light editing and video playback. my older laptop was heavier, but it behaved more consistently under the same travel workload. candle lumen 490 seems designed around portability while ignoring the practical strain of repeated setup and packing. after a few weeks, the palm rest showed marks from ordinary carrying, and the fan became distracting during longer sessions. the ports are placed close together, so a charger and adapter can block one another. customer support walked me through power settings, but the changes did not remove the delays. the laptop can display a presentation, which is a limited neutral fact, but it is frustrating for travel-based work. compared with the previous machine, candle lumen 490 is a disappointing compromise, and i regret choosing it.",False
CORD000030,CUS00334,2019-01-18,Nickolson,"[{""product"":""Candle Orbit 1034"",""quantity"":3},{""product"":""Vela Halo 569"",""quantity"":1},{""product"":""Vela Halo 659"",""quantity"":2}]",2424.27,22.97,-37.880697,144.988253,20,1962.39,Summer,True,7.098,"i bought vela echo 889 to connect several devices without carrying separate adapters. during the first few weeks it has handled my phone, a tablet, and a small storage device in the same workspace, which is more convenient than swapping one short adapter between them. its compact shape takes little room in a bag, and moving it from home to a shared desk is simple. the connections have been recognised consistently for the devices i use most. compared with my previous single-purpose adapter, vela echo 889 is more flexible and leaves less cable clutter. the trade-off is that the compact body becomes awkward when several thicker plugs are attached together. one arrangement covers the neighbouring connection, so i have to position the cables carefully. it also does not make every device feel instantly organised; the accessory still depends on the host device and the particular combination being connected. i have not had a complete failure, but the experience is not equally smooth with every setup. for ordinary mobile use, this adapter has earned a place in my bag. it solves more situations than the older basic model and the build feels adequate for regular handling. i would not describe it as a universal answer for a crowded desk, especially where bulky connectors are involved. vela echo 889 is a practical middle ground: more capable than a simple adapter, but its convenience depends on how many devices and cables are used at once.",True
CORD000031,CUS00476,2019-02-06,Bakers,"[{""product"":""Candle Bloom 1000"",""quantity"":1}]",1815.84,15.22,-37.852499,145.060894,15,1558.68,Summer,False,7.4559,"candle orbit 260 was used for study, research, and note taking, but routine academic work has been frustrating. browser pages reload slowly when several sources are open, and the system pauses while switching between notes and documents. searching through a long file can leave the screen unresponsive for several seconds. the keyboard has shallow keys that make extended typing uncomfortable, while the touchpad occasionally interprets a palm as a click. battery loss is also uneven, so i cannot rely on the remaining indicator during a long reading session. video meetings add more trouble because the wireless connection sometimes drops and the microphone needs to be reselected after reconnection. a single document can be written, but research rarely involves only one window. candle orbit 260 turns ordinary study into a sequence of delays and corrections. its poor endurance, awkward input, and unreliable connection leave me disappointed and unable to recommend it.",False
CORD000032,CUS00477,2019-06-22,Bakers,"[{""product"":""Candle Flux 990"",""quantity"":2},{""product"":""Candle Quest 498"",""quantity"":1},{""product"":""Candle Quest 354"",""quantity"":1},{""product"":""Vela Halo 659"",""quantity"":1}]",6164.72,27.71,-37.760403,145.00092,10,5575.96,Winter,True,5.5371,"i bought vela nova 429 because charging leads had begun collecting in a drawer and on the edge of my desk. the accessory is compact, so placing it beside the socket did not require rearranging anything. i could separate the cables i use every day and keep the less frequently used ones behind them. that simple change made the area look calmer, although the organiser holds fewer thicker leads than i first expected. during the first week, i tried it with phone, tablet, and headphone cables. slimmer cables stayed in their channels without much movement, while a heavier lead occasionally pulled free when i lifted the device from the desk. the material has enough firmness to keep its shape, and the base does not slide much on the surface. it is not a complicated item, but the usefulness depends on placing it where the cables naturally arrive. when i moved it to a lower shelf, reaching the connectors became awkward and the tidy effect was reduced. after 41 days, the channels have not stretched and the finish still looks clean. vela nova 429 has solved the specific problem of loose everyday cables, though it has not replaced a larger storage box for spare accessories. i appreciate that it needs no setup and takes very little room. my view is mixed in a practical way: it is a neat solution for a small group of light cables, but the limited capacity and weaker grip on thick ones should be considered before buying. for my desk, it remains useful enough to keep.",True
CORD000033,CUS00019,2019-08-24,Thompson,"[{""product"":""Vela Halo 659"",""quantity"":3},{""product"":""Candle Edge 680"",""quantity"":1},{""product"":""Candle Orbit 1034"",""quantity"":1}]",3627.45,22.94,-37.852974,144.890502,10,3280.39,Winter,False,6.6904,"candle shift 880 has worked well as the shared laptop in our home office. we use it for administration, forms, email, video meetings, and occasional document work, so i wanted something less cumbersome than an old full-size machine without moving into a fragile travel computer. the flux family ultrabook is easy to carry between rooms, and its restrained appearance suits a desk that is used by more than one person. compared with our previous laptop, it wakes promptly and feels less strained when several ordinary applications are open together. i have moved between a video call, a browser, and household records without the stuttering that made the older computer frustrating. the keyboard is comfortable for routine typing, and the screen is sufficiently clear for the work we do. a larger work computer would provide more room for complex documents, but the candle shift 880 is more convenient when the desk is shared or needs to be cleared. setup for different users was straightforward, although the limited physical space means i would not treat it as a replacement for a specialist workstation. after 39 days, the hinge and keyboard still feel firm, and the machine has handled repeated opening and closing without complaint. its value comes from balance: portable enough for home use, capable enough for administration, and simple enough that other household members can pick it up without instructions.",True
CORD000034,CUS00039,2019-11-15,Bakers,"[{""product"":""Candle Bloom 1000"",""quantity"":1},{""product"":""Candle Orbit 656"",""quantity"":1},{""product"":""Vela Halo 569"",""quantity"":1},{""product"":""Candle Flux 990"",""quantity"":1}]",6321.44,14.8,-37.844217,145.056231,10,5704.1,Spring,False,6.5713,"vela atlas 449 was meant to keep a phone raised for hands-free calls in a shared workspace, but it has been awkward and unreliable in daily use. the base takes up little room, although that small footprint leaves it prone to sliding whenever the device is tapped. the support arm gradually sags after adjustment, so the screen no longer stays at the selected angle. colleagues moving around the desk have knocked it over more than once, and tightening the joint only makes later repositioning difficult. a phone can rest in the holder when left untouched, but typing or swiping causes visible shaking. the open design does not solve the main problem because the device still has to be handled constantly during calls and reference work. i expected steadier hands-free support after several weeks of ownership. vela atlas 449 is poorly suited to a busy shared workspace and has been a frustrating purchase.",False
CORD000035,CUS00400,2019-07-17,Bakers,"[{""product"":""Candle Quest 354"",""quantity"":2},{""product"":""Candle Quest 498"",""quantity"":1},{""product"":""Candle Edge 680"",""quantity"":1},{""product"":""Candle Flux 990"",""quantity"":3}]",10770.39,15.9,-37.76082,145.043942,0,10664.54,Winter,False,6.9443,"vela atlas 413 has been in our living area for sixteen days, mostly handling music and spoken-content playback while the household gets on with other things. i chose it because i wanted something that could fill the room without requiring me to sit directly beside it. during breakfast i use it for music, and later in the day it is useful for listening to programmes while cooking or sorting laundry. that has made the room feel more welcoming without turning playback into a formal activity. the display is convenient when i want to check what is playing, but i do not have to keep looking at it. i have moved it between a shelf and a side table while settling on a spot, and the unit has stayed secure and presentable. spoken content remains understandable during ordinary household noise, and music has been pleasant for background listening. different people in the house have used it at different times, so it has been reassuring that the basic controls do not feel mysterious after a few days away from them. i have found that louder listening is less suitable when people are talking nearby, so i keep the volume moderate in our shared space. that is a normal consideration for any room-based speaker rather than a serious flaw. vela atlas 413 has become part of our evening pattern in a very natural way. it provides the kind of dependable background entertainment i wanted, and i am glad we chose it for the living area.",True
CORD000036,CUS00118,2019-08-28,Thompson,"[{""product"":""Candle Flux 990"",""quantity"":1},{""product"":""Candle Edge 680"",""quantity"":1},{""product"":""Vela Halo 569"",""quantity"":1}]",4494.94,28.5,37.864885,144.91454,0,4523.44,Winter,True,6.4704,"candle bloom 568 has improved the way several household devices share a connection. before installing it, we moved devices around when one part of the home became crowded, and video calls or streaming could suffer when everyone was online. since changing to this setup, phones, televisions, and work devices have stayed connected more consistently during the normal busy periods of the day. the difference was most noticeable when several people were using the network at once. one person could join a meeting while another streamed a programme and someone else browsed on a phone without the same level of interruption we had previously accepted. i compared it with our older arrangement by repeating those ordinary routines on different days. candle bloom 568 was not magically perfect in every corner, but the overall experience was steadier and involved less manual adjustment. installation required reading the instructions carefully and placing the equipment where it could communicate with the rest of the home. i tried one position that looked tidy but gave weaker results in a distant room, then moved it to a more open location. that practical comparison mattered more than hiding it completely. once positioned properly, the network needed little attention. the controls also allowed me to identify the connected devices without having to guess which one was active. the unit itself is not especially decorative, and its lights are more noticeable at night than i expected. i reduced the visible indicators rather than moving it into a cupboard, since enclosing it would have worked against the placement. there have been occasional slow moments when the outside connection was the cause, so i would not blame the device for every interruption. after forty-four days, candle bloom 568 has been a worthwhile improvement for a shared household. it is more stable than our previous arrangement, handles competing everyday use with less fuss, and gives enough control to understand what is connected. the placement needs thought, but the result has made the network feel much less fragile.",True
CORD000037,CUS00424,2019-04-19,Thompson,"[{""product"":""Candle Flux 990"",""quantity"":1},{""product"":""Candle Bloom 1000"",""quantity"":1}]",3910.29,15.87,-37.772496,144.878066,10,3535.13,Autumn,False,7.5314,"candle orbit 818 connected some household devices, but the network became unreliable when several were active. streaming paused, and a shared device occasionally vanished until the unit was restarted. the setup instructions left too many unclear steps, making troubleshooting awkward. a single device could remain connected for a while, but that basic result was not enough for the household. the repeated dropouts are frustrating and disappointing.",False
CORD000038,CUS00288,2019-11-24,Thompson,"[{""product"":""Candle Bloom 1054"",""quantity"":3},{""product"":""Candle Bloom 262"",""quantity"":1},{""product"":""Candle Quest 354"",""quantity"":1},{""product"":""Candle Flux 990"",""quantity"":1},{""product"":""Vela Halo 659"",""quantity"":1}]",5229.76,9.33,-37.82237,144.921292,10,4716.11,Spring,False,2.5079,"the vela core 669 has been useful during train trips and weekends away because it keeps my phone and small accessories together instead of loose in a bag. the interior has enough room for the handset, a cable, and a compact charger without becoming bulky. the outer material has handled being placed beside books and clothing, and the fastening has stayed secure whenever i have carried it. i like the simple layout because i can find the phone quickly rather than emptying a whole pocket. it is not large enough for several substantial accessories, so anyone wanting to store a tablet or multiple chargers should choose something bigger. for my intended travel use, that is a fair trade-off. the vela core 669 has protected the items inside, remained easy to carry, and made packing noticeably more organised.",True
CORD000039,CUS00479,2019-11-04,Bakers,"[{""product"":""Vela Halo 569"",""quantity"":2},{""product"":""Candle Orbit 656"",""quantity"":1},{""product"":""Candle Flux 1098"",""quantity"":1},{""product"":""Candle Quest 354"",""quantity"":1}]",3759.26,13.44,-37.874832,145.03821,25,2832.89,Spring,False,8.1375,"candle flux 108 has made my home-office connection much less troublesome. after the initial setup, the signal reached the study and the nearby living area without the repeated dropouts i had before. video meetings stay steady while another device is streaming, and reconnecting after a restart is quick. the controls are laid out clearly enough for ordinary changes, although the advanced options took some searching. it has worked quietly for weeks and handles several devices at once without fuss. for home-office wireless coverage, this has been a reliable and worthwhile addition.",True
CORD000040,CUS00180,2019-08-02,Bakers,"[{""product"":""Candle Edge 680"",""quantity"":1},{""product"":""Vela Halo 569"",""quantity"":1},{""product"":""Candle Orbit 1034"",""quantity"":2},{""product"":""Candle Bloom 1000"",""quantity"":1}]",5380.17,13.66,-37.816195,145.043579,5,5124.82,Winter,False,4.3026,"the vela atlas 917 has become part of my walking and commuting routine. i like receiving notifications on my wrist when my phone is in a pocket or bag, because i can decide whether something needs immediate attention without stopping to search for it. the display is readable during ordinary daylight, and the band remains comfortable through a full day of movement. pairing took little effort, and the companion controls are laid out in a way that became familiar quickly. walking information has been useful for comparing my daily routines, while the simple activity view avoids making every outing feel like a formal workout. the device is light and has not caught on clothing, and its appearance remains understated enough for work as well as weekends. i do need to charge it as part of my regular routine, but that has been easy to remember. the vela atlas 917 has provided convenient awareness and fits naturally into everyday travel.",True
CORD000041,CUS00189,2019-06-20,Bakers,"[{""product"":""Candle Bloom 1000"",""quantity"":1},{""product"":""Candle Orbit 1034"",""quantity"":1}]",2397.76,16.41,-37.766894,145.061551,10,2174.39,Winter,False,7.5454,"candle orbit 602 has worked well for reading articles, annotating documents, and writing short handwritten notes. text stays sharp, and the writing response feels natural during quick corrections. i can keep reference material beside my notes without carrying separate paper. it is slightly heavy when held for a long time, so i usually use a stand. on a desk or lap, it has been a productive and enjoyable tablet.",True
CORD000042,CUS00183,2019-09-20,Thompson,"[{""product"":""Candle Flux 1098"",""quantity"":1},{""product"":""Candle Bloom 1054"",""quantity"":1},{""product"":""Candle Orbit 1034"",""quantity"":1}]",1828.01,13.62,-37.856484,144.936908,5,1750.23,Spring,False,4.9526,"i installed vela halo 335 on a frequently used door and placed another sensor near a window, then compared the alerts with a simpler system i had used previously. the first setup seemed manageable, but the daily results were disappointing. the door sensor registered some openings while i was testing it, yet several ordinary movements produced no immediate notification. the older system sent fewer types of messages but was more consistent about the event itself. delay was the main problem. an alert could appear long after the door had been opened, and occasionally it arrived only after i opened the application manually. that makes the feature frustrating for a household that expects timely activity information. window activity was worse because the sensor sometimes failed to register a small movement. i checked the placement, cleaned the mounting area and repeated the test, but the behaviour remained uneven. the application added confusion rather than resolving it. event history was not always updated in the same order as the notifications, and the status could remain unchanged after a known opening. reconnecting the sensor required several attempts. battery information was also vague, leaving no clear warning before a sensor stopped reporting. the basic indicator light worked, but it offered little help when the remote record was missing. vela halo 335 can detect a straightforward opening under ideal conditions, but comparison with the previous system shows that its weaknesses matter more than its feature list. late alerts, missed window activity and unclear status make the product unreliable for routine monitoring. after 32 days, i regret installing it and cannot recommend it for anyone who needs dependable door or window warnings.",False
CORD000043,CUS00194,2019-01-04,Nickolson,"[{""product"":""Candle Quest 498"",""quantity"":1},{""product"":""Candle Bloom 1054"",""quantity"":1},{""product"":""Vela Halo 569"",""quantity"":1}]",1907.27,33.89,-37.832276,144.955108,15,1640.57,Summer,True,1.9808,"i installed candle flux 108 to improve wireless coverage around a home-office area that had been inconsistent with a single network point. compared with the previous arrangement, the connection reached the far desk more consistently during ordinary browsing and video meetings. that made the room more usable, especially when i moved between the main workspace and a nearby table during the day. the setup was not completely straightforward. i needed to spend time deciding where the unit should sit, and small changes in position affected the result. the network was functional once established, but i did not find the process especially intuitive when i wanted to review connected devices or alter the arrangement. someone comfortable with home networking will probably manage it, while a less experienced user may need more patience. in comparison with a basic router placed at one end of the house, candle flux 108 gave the office area a more even connection. it did not make every corner identical, and performance varied when several devices were active at once. calls generally stayed usable, but i still noticed occasional pauses during busier periods, so i would not describe the coverage as flawless. the device has been a moderate improvement rather than a complete answer. it reduced the dead spots that had interrupted work and made the office more dependable for routine tasks. at the same time, its management controls and placement requirements kept it from feeling effortless. candle flux 108 is worth comparing for a small home office, but expectations should remain realistic.",True
CORD000044,CUS00305,2019-12-05,Nickolson,"[{""product"":""Vela Halo 659"",""quantity"":2},{""product"":""Candle Quest 498"",""quantity"":1}]",1837.75,12.91,-37.881674,144.97101,5,1758.77,Summer,False,7.0152,"vela echo 439 has been useful when i need to connect several devices without carrying a collection of separate adapters. it is small enough to leave in my work bag, and the cable folds away without creating much clutter. connecting the devices i use for work and travel was simple, with the expected connections appearing promptly once everything was attached. the compact shape is especially helpful at a shared desk where space is limited. i have moved it between a laptop, a tablet and other everyday equipment over several weeks, and it has continued to work without unexplained interruptions. the casing can become warm during extended use, and the short lead means the adapter sometimes hangs awkwardly from a port. those points are worth knowing, but they have not reduced its usefulness. vela echo 439 is a convenient travel accessory that has simplified my everyday setup.",True
CORD000045,CUS00341,2019-09-05,Thompson,"[{""product"":""Vela Halo 569"",""quantity"":1},{""product"":""Candle Flux 990"",""quantity"":1},{""product"":""Candle Orbit 1034"",""quantity"":1}]",2825.46,21.73,-37.796826,144.892553,0,2847.19,Spring,True,5.1034,"vela echo 223 has worked well as the main display in our family room because it handles shared streaming without making every user learn a different routine. before this, we used an older screen that was perfectly serviceable but slow to navigate and awkward when people wanted to change what they were watching. the newer display feels more responsive during those everyday moments, which has reduced a surprising amount of household friction. the picture suits family media: dialogue is easy to follow, colours look lively, and the screen remains visible from the seating positions we normally use. we have watched films, short programmes, and general streaming content, and the experience has stayed consistent. the built-in audio is fine for regular viewing, although a larger room would benefit from separate sound equipment. the display also has a fairly simple appearance rather than trying to become the visual centre of the room, which i prefer. compared with our old screen, vela echo 223 is easier for different family members to use independently. compared with more elaborate entertainment systems i have seen, it offers fewer reasons to adjust settings endlessly. that is a strength in a shared room. children can find familiar content, adults can change inputs without a long explanation, and nobody has to solve a technical puzzle before watching something. it is not a replacement for a dedicated cinema arrangement, but it is a pleasant and sensible household display. after repeated use, its greatest success is that everyone reaches for it naturally.",True
CORD000046,CUS00009,2019-08-07,Bakers,"[{""product"":""Vela Halo 569"",""quantity"":1},{""product"":""Candle Bloom 1054"",""quantity"":1}]",682.44,13.23,-37.776991,145.006368,5,582.22,Winter,False,3.7982,"vela pulse 865 has made scheduled control of a household outlet more convenient than the manual timer i used previously. i use it for a lamp and occasionally for another small appliance, setting a routine so the outlet changes state at a predictable part of the day. the schedule is easy to understand once created, and i like being able to adjust it without reaching behind furniture. compared with the old timer, the controls are less fiddly and the arrangement looks tidier. the practical benefit is most noticeable when my routine changes. i can temporarily alter the schedule, check whether the outlet is active, and restore the usual pattern later. the device itself is unobtrusive, and its operation has been consistent during the weeks i have owned it. i have not used it for equipment that needs specialist handling, and i would follow the stated limits rather than treating it as a universal switch. for an ordinary household lamp, it has been a useful addition. i did spend a little time deciding where the outlet and device should sit, since a crowded socket can make access awkward. that is a small inconvenience compared with manually switching the lamp every evening or resetting the old timer after interruptions. vela pulse 865 also gives me more flexibility than a basic mechanical schedule, while remaining simple enough for other people in the house to understand. it is not an elaborate home system, but for reliable scheduled control of a single outlet, it has been a satisfying upgrade.",True
CORD000047,CUS00040,2019-10-07,Thompson,"[{""product"":""Candle Quest 498"",""quantity"":1},{""product"":""Vela Halo 569"",""quantity"":1},{""product"":""Candle Edge 680"",""quantity"":1},{""product"":""Candle Flux 1098"",""quantity"":1}]",4505.06,11.43,-37.848378,144.905741,10,4065.98,Spring,False,5.3793,"the vela nova 825 has helped me understand how conditions change between rooms during the day. i placed it where i spend most evenings, and the temperature and humidity readings are easy to check in the app without hovering beside the device. the history gives me a better sense of when a room becomes stuffy or unusually dry, which helps me decide when to open a window or adjust the heating. installation was quick, and the monitor has continued reporting without demanding much attention. i needed a little experimentation to find a position away from direct sunlight and other heat sources, but that was sensible rather than difficult. it is a monitoring tool, not an automatic climate-control system. within that role, the vela nova 825 is clear, convenient and useful for making ordinary household decisions.",True
CORD000048,CUS00024,2019-01-10,Nickolson,"[{""product"":""Candle Orbit 1034"",""quantity"":1},{""product"":""Candle Flux 990"",""quantity"":1},{""product"":""Vela Halo 659"",""quantity"":1},{""product"":""Candle Bloom 1054"",""quantity"":1},{""product"":""Candle Quest 498"",""quantity"":1}]",4699.26,14.9,-37.879863,144.988099,10,4244.23,Summer,False,7.0046,"i wore vela halo 227 during exercise sessions because i wanted a record of what i had done afterward. the device could register that a session had started, but the resulting summaries were often incomplete. some activities ended with missing sections, while others showed figures that did not match the duration i had actually spent exercising. the uncertainty made the information difficult to use for comparing one session with another. over the next few weeks, the wearable became more frustrating. it sometimes stopped recording when my wrist moved sharply, and the display did not always wake when i raised my arm to check the session. syncing the results afterward could take several attempts. on one occasion, the session appeared on the device but failed to transfer until much later. the strap also became uncomfortable once sweat collected beneath it, and adjusting the fit did not fully remove the irritation during longer use. i cleaned the sensor area, restarted the wearable, and repeated the pairing process. these steps occasionally restored the missing summary, but they did not make the tracking dependable. the device can show basic session information when everything works, yet that limited function is not enough when the record is incomplete or delayed. after twenty-three days, i stopped wearing vela halo 227 because i could not trust the summaries. its inconsistent recording, awkward syncing, and uncomfortable strap make it a disappointing wearable that i cannot recommend.",False
CORD000049,CUS00461,2019-04-18,Nickolson,"[{""product"":""Vela Halo 659"",""quantity"":1},{""product"":""Candle Flux 990"",""quantity"":1},{""product"":""Candle Orbit 656"",""quantity"":1},{""product"":""Candle Bloom 262"",""quantity"":2}]",6857.76,11.97,-37.870189,145.001261,5,6526.84,Autumn,False,6.377,"vela echo 961 has been a welcome replacement for my everyday phone, especially when taking photographs while out with friends. images look bright in ordinary indoor light, and the camera opens quickly enough that i have not missed many spontaneous moments. messaging is straightforward, and moving between conversations and casual apps feels fluid. calls remained clear in different parts of the house, which was important to me. the phone does become warm during a long session of editing photographs, but it cools down afterward and has not affected normal use. i also found the display comfortable for reading messages in the evening. after fourteen days, vela echo 961 feels polished and dependable. it is a versatile phone that handles both communication and casual photography very well.",True
CORD000050,CUS00377,2019-01-03,Bakers,"[{""product"":""Candle Edge 680"",""quantity"":1},{""product"":""Candle Flux 990"",""quantity"":1},{""product"":""Vela Halo 569"",""quantity"":1},{""product"":""Candle Bloom 1054"",""quantity"":1},{""product"":""Candle Bloom 1000"",""quantity"":1}]",6760.63,11.59,-37.822682,145.05139,5,6434.19,Summer,False,5.1307,"i started using the vela ridge 275 because i wanted a clearer sense of the temperature and humidity in different rooms. previously i relied on how the room felt, which was not very consistent, or checked a single basic gauge that i rarely moved. compared with that arrangement, this home monitor has made it easier to notice changes and decide when a room needs attention. the readings are presented in a way i can understand quickly, and the compact unit does not take over a shelf or windowsill. during the first part of ownership i moved it between the bedroom, living area, and a storage space. that comparison showed useful differences between rooms, particularly after cooking, airing the house, or closing a door for several hours. i do not treat the readings as laboratory measurements, but they have been consistent enough for everyday decisions. the vela ridge 275 has helped me notice when a room feels unusually damp or when the air becomes warmer than expected. my previous gauge offered a narrower view because it stayed in one place and was harder to check at a glance. the setup was straightforward, though i spent a little time choosing a position away from direct heat and strong drafts. that placement matters, and i would not blame the device for readings taken in an unsuitable spot. the display remains visible without needing a complicated routine, and the casing has continued to look tidy after being moved several times. compared with using instinct alone, this monitor has given me more confidence when adjusting ventilation and room comfort. it is a modest household accessory rather than a complete climate system, but its practical information and portable design have made it a valuable addition to my home.",True
CORD000051,CUS00451,2019-06-23,Bakers,"[{""product"":""Candle Orbit 1034"",""quantity"":1},{""product"":""Vela Halo 569"",""quantity"":1}]",731.01,14.18,-37.840996,145.03522,15,635.54,Winter,False,4.9211,"candle orbit 1088 has made guest-network management much more orderly in my home. i can provide visitors with a separate connection without mixing their devices into the main arrangement, and removing access later is straightforward. the management screen groups the connected equipment clearly, which helps me understand what is active without guessing from unfamiliar labels. setting up a guest connection was not difficult, and the changes i make in the control panel appear quickly. i have used it when friends visit and when several temporary devices need access for a short period. the unit has remained stable during ordinary browsing and streaming. some of the deeper settings take time to interpret, but the basic controls are clear enough for routine management. candle orbit 1088 gives me useful visibility without requiring constant technical attention. separating visitors from household devices has made sharing the connection more comfortable, and keeping the list tidy is now much easier. it is a sensible networking tool for anyone who wants practical control over a busy home network.",True
CORD000052,CUS00132,2019-10-30,Bakers,"[{""product"":""Candle Quest 498"",""quantity"":1},{""product"":""Candle Bloom 262"",""quantity"":1},{""product"":""Candle Orbit 656"",""quantity"":1}]",4688.66,12.46,-37.770898,145.054683,10,4232.25,Spring,False,6.7965,"the vela halo 875 was installed to help me understand the temperature and humidity in an indoor room that can feel different from the rest of the house. i placed it where i spend most evenings and watched the readings over the first few days instead of relying only on guesswork. that simple record was useful. i began noticing how cooking, closed windows, and a full room changed the atmosphere, and i could make small adjustments with more confidence. the device has fitted into my routine without demanding much attention. i check it in the morning, glance at it when returning home, and look again before settling down for the night. the information is presented plainly enough for quick checks, and the unit has continued reporting while the room changed from quiet to busy. i sometimes wish the display were easier to read from across the room, since i need to move closer for a quick glance, but that is a modest inconvenience. it has still encouraged me to pay attention to patterns i previously ignored. during the weeks i have owned the vela halo 875, it has made the room feel more understandable and manageable. it does not alter the environment by itself, so the benefit comes from the awareness it provides, but that has been enough to improve my decisions about ventilation and comfort. i appreciate having an unobtrusive record rather than a vague impression. for indoor temperature and humidity monitoring, it has been a useful addition and one i expect to keep checking.",True
CORD000053,CUS00150,2019-08-09,Thompson,"[{""product"":""Candle Orbit 1034"",""quantity"":1},{""product"":""Vela Halo 569"",""quantity"":3},{""product"":""Candle Flux 1098"",""quantity"":2},{""product"":""Candle Quest 498"",""quantity"":1}]",3930,12.13,-37.830794,144.9301,5,3745.63,Winter,False,2.5063,"the candle quest 426 has been part of my desktop gaming setup for a month, with most of that time spent in competitive matches and voice chat. compared with the older gaming hardware it replaced, it feels more comfortable during longer sessions and keeps the controls within easy reach. voice communication has been clear enough for teammates to follow, and i have not experienced random interruptions during normal play. the controls respond predictably, which matters more to me than having a long list of extra features. there are still differences between this and more specialised equipment. during crowded in-game moments, i notice that the audio or feedback is less detailed than on a higher-end setup i have tried. the materials feel serviceable rather than premium, and the fit requires a small adjustment before i settle in. it works well at my usual desk, but i would not call it especially portable or adaptable to every arrangement. setup was simple, although learning the control layout took a few sessions because several functions are close together. my overall comparison is mixed in a reasonable way. the candle quest 426 supports regular competitive play and voice communication without creating a major obstacle, while its refinement and flexibility are only moderate. i would choose it for a dedicated desktop setup and predictable daily use, but players chasing the most detailed experience may find its limitations more noticeable.",True
CORD000054,CUS00391,2019-03-15,Nickolson,"[{""product"":""Vela Halo 569"",""quantity"":2},{""product"":""Candle Bloom 1054"",""quantity"":1},{""product"":""Candle Orbit 656"",""quantity"":1}]",3010.09,18.64,-37.817137,144.960379,0,3028.73,Autumn,True,0.8218,"vela halo 263 works well for music and spoken-content playback in our living area. the display makes basic controls visible, while the sound remains clear at a comfortable room level. text can be hard to read from the far side, but listening does not suffer from that limitation. it has become a pleasant way to start music without reaching for another device.",True
CORD000055,CUS00449,2019-10-21,Bakers,"[{""product"":""Candle Edge 680"",""quantity"":1}]",2251.4,12.12,-37.753772,144.98402,10,2038.38,Spring,False,6.329,"the vela halo 569 has been useful whenever i carry my phone and small accessories between home, work, and short trips. the interior has enough space for the device, a cable, and a few small items without forcing the zip closed. padding gives the phone a separate layer of protection from the other objects in my bag, and the exterior has handled being placed on tables and packed beside clothing without showing much wear. i like the compact shape because it slips into a larger bag rather than taking over the available space. the zip moves smoothly, although the pull is small enough that i use two fingers when opening it quickly. the lining is easy to shake clean, and the case has kept its shape after being compressed in luggage. it is storage rather than a full organiser, so anyone carrying many chargers may need something larger. for ordinary travel, the vela halo 569 has kept my phone secure, accessible, and separated from the clutter that usually gathers in a bag.",True
CORD000056,CUS00292,"Nov 12, 2019",Nickolson,"[{""product"":""Candle Bloom 1054"",""quantity"":1},{""product"":""Candle Flux 1098"",""quantity"":2},{""product"":""Candle Orbit 656"",""quantity"":1},{""product"":""Candle Orbit 1034"",""quantity"":1}]",4886.31,22.79,-37.877159,144.960223,0,4909.1,Spring,True,6.5633,"candle shift 736 has made it much easier to take gaming with me when i visit friends or spend a weekend away. it fits into my travel bag without taking over the available space, and setting it up in a different room has been uncomplicated. the controls remain responsive during ordinary play, and the hardware feels sturdy enough for repeated packing and unpacking. i have also used it for media during journeys, which gives it more value than a device reserved for one activity. the display is smaller than a fixed desktop setup, so detailed scenes can feel more cramped after several hours. i expected that compromise from a portable design. candle shift 736 has nevertheless delivered enjoyable sessions wherever i have taken it and has become one of the easier pieces of equipment to travel with.",True
CORD000057,CUS00339,2019-07-29,Bakers,"[{""product"":""Candle Bloom 262"",""quantity"":1},{""product"":""Vela Halo 659"",""quantity"":1},{""product"":""Candle Bloom 1054"",""quantity"":2},{""product"":""Candle Orbit 1034"",""quantity"":1}]",2864.6,11.15,-37.822109,144.993642,0,2875.75,Winter,False,1.3541,"vela spark 423 has made family media streaming reasonably easy to share. the display is pleasant for ordinary viewing, and the main navigation is familiar. switching between services can take longer than expected, especially when more than one person is choosing content. the delays interrupt the flow but do not prevent use. it is a workable family screen, although the software experience is less smooth than the hardware suggests.",True
CORD000058,CUS00499,2019-05-04,Thompson,"[{""product"":""Candle Quest 498"",""quantity"":1},{""product"":""Vela Halo 569"",""quantity"":1},{""product"":""Vela Halo 659"",""quantity"":2},{""product"":""Candle Bloom 262"",""quantity"":1},{""product"":""Candle Orbit 1034"",""quantity"":2}]",4268.95,9.84,-37.841342,144.926963,25,3211.55,Autumn,False,3.6443,"vela wave 247 has been more useful to me than the ordinary watch and phone combination i used before. my old routine depended on remembering to check the phone, which meant i sometimes missed a calendar prompt while moving between rooms. the wearable puts reminders closer to my attention without requiring me to stop and open another device. it has not changed my schedule, but it has made the schedule easier to follow. compared with a basic watch, vela wave 247 gives me a quick view of upcoming items and simple habit prompts. i use it during work, while preparing meals, and when i am away from my desk. the information is brief enough to understand at a glance, whereas checking the phone often led me into unrelated messages or applications. timekeeping is clear, and message checks are convenient for deciding whether something needs an immediate response. i would not use it for long reading or detailed replies because the small display is naturally limited, but that is a reasonable trade-off for wearing something light and unobtrusive. over time, the reminders have worked best when i keep them selective. sending every possible notification would make the device distracting, while a short list of useful prompts feels balanced. the battery routine and charging have been straightforward, and the wearable has remained comfortable through ordinary days. compared with relying entirely on a phone, vela wave 247 offers a calmer way to notice important moments. its functions are focused rather than elaborate, yet that focus is why it has stayed in my routine instead of becoming another unused gadget.",True
CORD000059,CUS00477,2019-12-09,Bakers,"[{""product"":""Candle Orbit 1034"",""quantity"":1},{""product"":""Candle Edge 680"",""quantity"":1},{""product"":""Candle Quest 498"",""quantity"":1}]",4141.65,11.88,-37.760403,145.00092,0,4153.53,Summer,False,5.5371,"i bought vela nova 429 because charging leads had begun collecting in a drawer and on the edge of my desk. the accessory is compact, so placing it beside the socket did not require rearranging anything. i could separate the cables i use every day and keep the less frequently used ones behind them. that simple change made the area look calmer, although the organiser holds fewer thicker leads than i first expected. during the first week, i tried it with phone, tablet, and headphone cables. slimmer cables stayed in their channels without much movement, while a heavier lead occasionally pulled free when i lifted the device from the desk. the material has enough firmness to keep its shape, and the base does not slide much on the surface. it is not a complicated item, but the usefulness depends on placing it where the cables naturally arrive. when i moved it to a lower shelf, reaching the connectors became awkward and the tidy effect was reduced. after 41 days, the channels have not stretched and the finish still looks clean. vela nova 429 has solved the specific problem of loose everyday cables, though it has not replaced a larger storage box for spare accessories. i appreciate that it needs no setup and takes very little room. my view is mixed in a practical way: it is a neat solution for a small group of light cables, but the limited capacity and weaker grip on thick ones should be considered before buying. for my desk, it remains useful enough to keep.",True
CORD000060,CUS00321,2019-12-04,Thompson,"[{""product"":""Candle Orbit 656"",""quantity"":2},{""product"":""Candle Quest 354"",""quantity"":1},{""product"":""Candle Quest 498"",""quantity"":1}]",6235.23,30.28,-37.748772,144.958774,0,6258.26,Summer,True,7.1795,"candle flux 108 has been running in my home office for almost a month, and the difference is most noticeable when i move away from the desk. before installing it, video calls in the back room would occasionally lose quality and uploads from a nearby room were inconsistent. i positioned candle flux 108 near the centre of the apartment, connected my usual devices, and then tested the connection from the office, kitchen, and hallway. the coverage has been steady in each place during normal work, including calls, document transfers, and music in the background. i also connected a tablet and phone at the same time without the network becoming difficult to use. setup was not completely instant because i needed to move the unit once to find a better position, but the instructions made the adjustment clear and i did not need technical help. since then i have mostly forgotten it is there, which is a strong result for networking equipment. the casing is compact enough for a crowded shelf, though the indicator light is brighter than i prefer at night. on a few occasions the connection has taken a moment to settle after several devices wake together, but it recovers without restarting everything. candle flux 108 has made my home-office routine calmer and more predictable. it delivers the wireless coverage i needed without demanding regular attention, and that quiet reliability has made it a worthwhile addition.",True
CORD000061,CUS00362,2019-09-10,Thompson,"[{""product"":""Vela Halo 569"",""quantity"":1},{""product"":""Candle Orbit 656"",""quantity"":1},{""product"":""Candle Bloom 1054"",""quantity"":3},{""product"":""Candle Flux 1098"",""quantity"":1}]",4556.94,10.08,-37.798796,144.910794,0,4567.02,Spring,False,3.5408,"the candle flux 900 has handled my document work and video meetings with a reassuring lack of fuss. it is light enough to move from a desk to the kitchen table, yet the screen gives me room to keep notes and a meeting window visible together. text appears crisp, and the camera and microphone have produced a natural picture and voice during regular calls. the keyboard has a comfortable layout for longer writing, while the trackpad responds accurately to smaller movements. i have also appreciated how quickly it wakes when i need to continue a task. battery life depends on how bright i keep the display and how long calls run, so heavy meeting days require some planning, but ordinary work sessions are pleasantly manageable. the casing remains neat after being carried between rooms, and the ports cover my usual accessories. the candle flux 900 has become a reliable partner for flexible study and office work.",True
CORD000062,CUS00467,2019-06-21,Nickolson,"[{""product"":""Candle Orbit 1034"",""quantity"":2},{""product"":""Vela Halo 659"",""quantity"":1}]",1428.55,13.83,-37.850272,145.001458,5,1370.95,Winter,False,4.5009,"candle shift 340 has been a convenient laptop for travel-based work and presentations. it is easy to carry between locations, opens quickly, and gives me enough room to prepare documents without feeling cramped. i have used it on trains, at temporary desks, and in meeting rooms, and it has remained responsive when moving between notes, presentation pages, and browsing. presentations are simple to start, and the screen is visible in ordinary indoor lighting. the keyboard is comfortable for shorter writing sessions, although i would choose a larger external keyboard for a full day of intensive typing. battery performance has covered my usual working periods when i begin with a charge. candle shift 340 has made it easier to work away from my main desk and has handled my travel routine with reassuring consistency.",False
CORD000063,CUS00091,2019-10-16,Bakers,"[{""product"":""Candle Quest 354"",""quantity"":1},{""product"":""Vela Halo 659"",""quantity"":1},{""product"":""Candle Bloom 1000"",""quantity"":1}]",2483.33,9.65,-37.785321,144.982897,25,1872.15,Spring,False,2.95,"vela pulse 757 has given me an uncomplicated record of daily activity and sleep. progress is quick to check, overnight information is easy to follow, and the band is light enough that i usually forget i am wearing it. the screen is small for detailed reading, so i use the phone for deeper review. for basic tracking, it has been useful, comfortable, and encouraging.",True
CORD000064,CUS00459,2019-03-25,Thompson,"[{""product"":""Candle Orbit 656"",""quantity"":2},{""product"":""Candle Quest 498"",""quantity"":1},{""product"":""Vela Halo 569"",""quantity"":2}]",6130.63,12.85,-37.754037,144.904812,0,6143.48,Autumn,False,7.5034,"i used candle flux 468 for a month to connect several shared household devices, including phones, a television and a laptop. compared with the older network unit it replaced, coverage is more even across the house. the room at the far end no longer drops out whenever another person starts streaming, and ordinary browsing remains responsive while another device is active. setup was straightforward enough, although the instructions left me checking the indicator lights more than once before i understood which state meant the network was ready. the main difference from my previous arrangement is consistency rather than speed. i have not measured performance, but video playback and calls generally continue without interruption. adding a new phone was uncomplicated, while reconnecting one older device took several attempts. the unit also gives off a small amount of warmth and occupies more shelf space than the compact equipment i had before. neither issue prevents normal use, though both affected where i placed it. after several weeks, the connection has stayed available without daily attention. that is an improvement over the previous setup, but the experience is not completely effortless because the status information is limited and troubleshooting is not especially clear. candle flux 468 suits a household that wants steadier shared access and does not need elaborate controls. for my use it is a balanced replacement: noticeably more dependable than the old unit in busy periods, but not so polished that i would describe every part of the experience as excellent.",True
CORD000065,CUS00038,2019-06-05,Thompson,"[{""product"":""Candle Flux 990"",""quantity"":1},{""product"":""Candle Quest 498"",""quantity"":2},{""product"":""Candle Bloom 1000"",""quantity"":1}]",6526.95,13.8,-37.782243,144.913777,0,6540.75,Winter,False,4.4728,"the candle orbit 782 replaced an older tablet that was mostly used by one person at a time. we wanted something that worked better for family learning and casual browsing, and the newer tablet has fitted that role well. the display is easy for two people to view together, while the menus are simple enough for different family members to move between reading, educational activities, and ordinary browsing without constant assistance. the older tablet could do the same basic tasks, but it felt slow and cramped whenever we shared it. i have compared both tablets during homework searches, recipe browsing, and showing photographs at the kitchen table. the candle orbit 782 responds more promptly when several pages are open, and text remains comfortable to read from a short distance. it has also been useful for children following instructions while an adult works beside them. the battery has covered our usual periods of shared use, and the casing has handled being passed from one person to another without making us overly cautious. the newer tablet is a little heavier, and the broader screen is not as convenient for someone holding it in one hand. some websites still present awkwardly, so it is not a perfect substitute for a computer. those limitations have not changed its main advantage. compared with the older device, the candle orbit 782 makes shared browsing and family learning feel less cramped and more cooperative. it is a practical household tablet for people who regularly use one screen together.",True
CORD000066,CUS00173,2019-11-25,Thompson,"[{""product"":""Candle Quest 498"",""quantity"":1},{""product"":""Candle Quest 354"",""quantity"":1},{""product"":""Vela Halo 569"",""quantity"":1},{""product"":""Candle Orbit 1034"",""quantity"":1}]",2442.12,10.26,-37.779103,144.954347,0,2452.38,Spring,False,3.7872,"before using the vela echo 925, i judged the indoor temperature and humidity by how the room felt and by checking a basic thermometer from time to time. that was enough for a rough impression, but it gave me little sense of how conditions changed through the day. the vela echo 925 has made those changes easier to notice and compare, particularly in the rooms where i spend the most time. i find the records more valuable than any single reading. in the morning i can see whether the room has become damp overnight, and later i can compare the living room with a quieter space. the vela echo 925 has helped me understand why some rooms feel uncomfortable at particular times, without requiring me to keep handwritten notes. compared with my old occasional checks, it provides a more continuous picture and fits more naturally into the household. the device is unobtrusive and simple to leave in place. i did spend some time deciding where to put it, since a reading near a window or a heat source would not represent the room very well. that placement matters, and moving it can make comparisons less meaningful. the display and information are useful for everyday awareness, though i would not treat them as laboratory measurements or use them for a decision requiring specialist accuracy. my earlier approach was cheaper and required almost no setup, but it encouraged guesswork. the vela echo 925 gives me a steadier reference and makes changes easier to discuss with the rest of the household. it is a small addition, yet it has made indoor conditions much easier to understand.",True
CORD000067,CUS00160,2019-06-02,Thompson,"[{""product"":""Candle Quest 354"",""quantity"":1},{""product"":""Candle Orbit 1034"",""quantity"":1},{""product"":""Vela Halo 659"",""quantity"":1},{""product"":""Candle Flux 1098"",""quantity"":1},{""product"":""Candle Orbit 656"",""quantity"":1}]",4307.71,20.4,-37.767792,144.882966,5,4112.72,Winter,False,7.5256,"i used candle vista 1046 for game streaming and recording, but the results were disappointing from the first session. the device captures a basic signal, yet the stream repeatedly develops stutters when the game becomes busy. audio and video also drift apart often enough to make recorded clips awkward to watch. i tried changing the capture settings and reconnecting the cables, but the same problem returned during later sessions. the software interface adds more frustration. important controls are buried in menus, and the preview can freeze while the recording indicator continues to show activity. on one occasion i discovered that a long session had not been saved properly, which made the hardware difficult to trust. heat from the unit is noticeable during extended use, and the casing feels less substantial than expected. candle vista 1046 handles a simple input, but unreliable streaming, poor software feedback, and lost recordings make it unsuitable for serious media capture. i regret buying it.",False
CORD000068,CUS00189,2019-12-01,Bakers,"[{""product"":""Candle Quest 498"",""quantity"":1},{""product"":""Candle Edge 680"",""quantity"":1},{""product"":""Candle Flux 990"",""quantity"":1}]",5654.18,13.28,-37.766894,145.061551,15,4819.33,Summer,False,7.5454,"candle orbit 602 has worked well for reading articles, annotating documents, and writing short handwritten notes. text stays sharp, and the writing response feels natural during quick corrections. i can keep reference material beside my notes without carrying separate paper. it is slightly heavy when held for a long time, so i usually use a stand. on a desk or lap, it has been a productive and enjoyable tablet.",True
CORD000069,CUS00314,2019-06-18,Thompson,"[{""product"":""Candle Bloom 1000"",""quantity"":1},{""product"":""Candle Edge 680"",""quantity"":2},{""product"":""Candle Flux 990"",""quantity"":1},{""product"":""Vela Halo 569"",""quantity"":1}]",8562.18,16.12,-37.864021,144.897112,5,8150.19,Winter,False,7.2004,"candle quest 660 has handled my study, research and note-taking routine throughout a busy stretch of coursework. i keep several reading windows open while writing notes, and the laptop remains responsive enough that i can concentrate instead of waiting for each task. the keyboard has a comfortable layout for extended typing, and the screen is suitable for articles and documents. it is light enough to move between the library and home without becoming a burden. the webcam is serviceable rather than impressive, and the screen hinge does not open as far as i sometimes want. those are modest shortcomings for a machine that has remained steady day after day. it wakes quickly, saves work without drama and has not interrupted my concentration with unexplained behaviour. candle quest 660 has become a trustworthy part of my academic routine.",True
CORD000070,CUS00308,2019-09-04,Bakers,"[{""product"":""Vela Halo 659"",""quantity"":1},{""product"":""Candle Quest 498"",""quantity"":1},{""product"":""Candle Flux 990"",""quantity"":1},{""product"":""Candle Edge 680"",""quantity"":1}]",5918.89,12.02,-37.841646,145.053294,5,5634.97,Spring,False,6.1961,"vela nova 123 has become the screen my family uses most often for evening streaming. the picture is pleasant from different seats, and menus respond quickly enough that nobody is left waiting while choosing a programme. we have used it for films, television, and occasional short videos, with sound that fills our room without needing to be pushed to an uncomfortable level. setup was simple, including joining the household network and arranging the applications we use most. the remote is fairly compact, though a few buttons are close together and take some familiarity. after more than a month, playback has remained stable and the display has not shown any distracting faults. it also wakes promptly when someone wants to watch something casually. vela nova 123 is not a cinema replacement, but it gives us an enjoyable shared viewing experience and has earned its place in the living room.",True
CORD000071,CUS00406,2019-08-10,Bakers,"[{""product"":""Candle Orbit 656"",""quantity"":1},{""product"":""Candle Bloom 262"",""quantity"":2},{""product"":""Candle Bloom 1000"",""quantity"":1},{""product"":""Vela Halo 659"",""quantity"":1}]",6579.15,12.17,-37.791671,144.977819,5,6262.36,Winter,False,2.5481,"the candle lumen 544 has made long listening sessions at home noticeably easier than my previous wireless audio setup. i have used it during reading, cooking, and several evenings of uninterrupted music, and the sound remains pleasant at ordinary room volume. voices are distinct, instruments do not blur together, and i can move around the house without repeatedly reaching for the controls. the connection has stayed steady throughout the fifteen days i have owned it. compared with my older unit, the candle lumen 544 needs less attention once playback begins. pairing took little effort, and returning to a familiar device has been consistent rather than frustrating. i particularly notice the difference during longer sessions because the controls are simple enough to use without interrupting whatever i am doing. the housing feels solid, although the buttons are close together and i occasionally press the wrong one when the room is dark. i also tried using it in a shared room while someone else was reading nearby. the audio remained clear at a moderate level, and reducing the volume did not make speech disappear. it is not the most powerful choice for filling a large space, but that is not how i use it. for ordinary home listening, it gives a smoother experience than the equipment it replaced. the twelve-month warranty is a useful extra safeguard, and i would choose the candle lumen 544 again for relaxed, extended listening.",True
CORD000072,CUS00272,2019-01-08,Nickolson,"[{""product"":""Candle Flux 990"",""quantity"":2},{""product"":""Candle Edge 680"",""quantity"":2},{""product"":""Candle Orbit 656"",""quantity"":1}]",10953.76,18.76,-37.812861,144.979609,0,11015.77,Summer,True,1.0896,"i have used candle shift 754 for commuting and spoken-content listening for about a month. the wireless connection usually starts quickly, and voices remain distinct on trains and buses. podcasts are easy to follow because the speech does not get buried under a heavy sound profile. battery life has been adequate for several journeys, although i have needed to charge it sooner than expected after longer listening sessions. the controls are usable once memorised, but the buttons feel awkward when i am wearing gloves. it sits securely during normal travel, though the fit becomes noticeable after extended use. calls work indoors, but the microphone picks up surrounding noise outside. overall, candle shift 754 performs its basic purpose without being especially refined. i would keep it for routine commuting, but buyers wanting richer music playback or stronger call performance should compare alternatives.",True
CORD000073,CUS00119,2019-10-10,Thompson,"[{""product"":""Candle Bloom 262"",""quantity"":1},{""product"":""Candle Bloom 1000"",""quantity"":1},{""product"":""Candle Orbit 1034"",""quantity"":1},{""product"":""Candle Edge 680"",""quantity"":1}]",5767.43,12.94,-37.776895,144.8753,20,4626.88,Spring,False,7.4562,"i bought vela halo 659 after using a fixed stand that placed my phone at one angle and left little room to adjust it for different tasks. that old stand was serviceable for short viewing, but it became awkward when i wanted to join a call, read a recipe, or keep a device visible while working. vela halo 659 gives me more control over the position, so i can move the screen closer, change the angle, and keep it at a height that suits the activity. the base has stayed steady on my desk during normal use. compared with the fixed stand, vela halo 659 is more versatile without needing to be rebuilt each time. i have used it for video calls, reading, charging, and following instructions while cooking, and the adjustment range has been genuinely useful. the device remains easy to reach, while the stand keeps the desk less cluttered than laying the phone flat among other items. the hinges were slightly firm at first, but that has helped the position stay in place rather than drifting during use. it is not the smallest accessory in my workspace, and very frequent angle changes require two hands if i want to keep the base completely still. those are minor limitations compared with the convenience of having a stable, adjustable position. after several weeks, vela halo 659 has proved more practical than my old fixed stand and has made everyday device positioning easier across several different situations.",True
CORD000074,CUS00485,2019-12-18,Thompson,"[{""product"":""Candle Orbit 656"",""quantity"":2},{""product"":""Vela Halo 569"",""quantity"":1}]",4673.21,9.97,-37.809905,144.915219,0,4683.18,Summer,False,2.8148,"i have used the vela wave 139 for several weeks to connect my phone, tablet, and headphones from one compact adapter. setup took little effort, and the ports stayed connected while i moved between a desk and the kitchen. its small shape leaves room beside other cables, and it has not become warm during ordinary use. i do wish the short lead gave more flexibility behind my monitor, but the adapter has made switching devices less cluttered and has worked consistently for my routine.",True
CORD000075,CUS00249,2019-12-15,Bakers,"[{""product"":""Candle Bloom 1054"",""quantity"":1},{""product"":""Candle Edge 680"",""quantity"":1},{""product"":""Candle Quest 498"",""quantity"":2},{""product"":""Candle Flux 1098"",""quantity"":2},{""product"":""Vela Halo 659"",""quantity"":1}]",7175.1,23.24,-37.76897,145.062777,5,6839.59,Summer,True,7.486,"we wanted a tablet for family learning and shared browsing rather than a device that belonged to one person, and the candle lumen 832 has worked well in that role. the setup was clear enough for me to complete while the children were already asking to use it. i arranged the basic accounts and then let each person choose a few activities, which made the tablet feel like a shared household tool from the beginning. it has since been used for reading, school-related browsing, looking up recipes, and watching short instructional material. the screen is comfortable for sitting together at the table, and the size makes it easy to pass from one person to another. the candle lumen 832 responds promptly during the ordinary tasks we use most, and switching between a learning activity and a family search has not been troublesome. i have also appreciated being able to carry it from the kitchen to the living room without making space for a full computer. the speakers are adequate for quiet indoor use, though we use headphones when several activities are happening at once. i would also welcome a slightly simpler way to organise the home screen as everyone adds different things, but that is a small complaint. what matters is that the tablet has encouraged more shared browsing instead of leaving everyone on separate devices. after several weeks, candle lumen 832 feels dependable, approachable, and genuinely useful for our family. it has supported learning without making the experience feel formal, and it has become a device we are pleased to reach for.",True
CORD000076,CUS00157,2019-04-12,Thompson,"[{""product"":""Candle Flux 990"",""quantity"":1},{""product"":""Candle Bloom 262"",""quantity"":2},{""product"":""Candle Quest 354"",""quantity"":2}]",5136.55,8.99,-37.835392,144.943335,10,4631.89,Autumn,False,2.5474,"candle edge 626 has worked for competitive play and voice chat during regular evening sessions. inputs register consistently, and the controls were easy to learn. the fit becomes less comfortable as the session continues, and voice levels need occasional adjustment. it is suitable for casual competitive use, but the comfort and audio balance keep it from feeling like a complete solution.",True
CORD000077,CUS00280,2019-02-15,Nickolson,"[{""product"":""Candle Bloom 1054"",""quantity"":1},{""product"":""Candle Edge 680"",""quantity"":1},{""product"":""Candle Orbit 1034"",""quantity"":1},{""product"":""Candle Quest 354"",""quantity"":1}]",3685.95,8.96,-37.830017,144.963637,5,3510.61,Summer,False,1.3722,"the vela echo 943 is in our study, where i use it for small presentations and for displaying photos when family visits. the first setup involved arranging the room and deciding which folders should be visible, but the basic controls were soon familiar. photos look inviting on the screen, and visitors can stand nearby without needing a detailed explanation. for a short presentation, the display gives everyone a convenient place to look instead of gathering around a laptop. the device works best when the room is arranged around it. from an angle, some details are less easy to see, so i move chairs slightly when showing a group of people. changing from a presentation to a photo collection is uncomplicated once the relevant sources have been organised. i did spend time correcting the order of several images, since the display followed the file arrangement more literally than i expected. that was an organisational nuisance rather than a problem with the screen itself. after several weeks, i like having a dedicated display that can change roles without taking over the room. the vela echo 943 has made casual photo viewing more social, and it has been adequate for the presentations i give at home. it is not a replacement for a larger screen when the audience is spread widely, and the arrangement of content takes some care. my impression is therefore balanced: attractive and convenient for nearby viewing, with practical limits on distance and larger gatherings.",True
CORD000078,CUS00265,2019-07-08,Bakers,"[{""product"":""Candle Bloom 1000"",""quantity"":1},{""product"":""Candle Quest 498"",""quantity"":2},{""product"":""Candle Flux 1098"",""quantity"":1},{""product"":""Candle Flux 990"",""quantity"":2}]",9417.64,14.26,-37.772664,145.027215,15,8019.25,Winter,False,5.013,"vela pulse 163 has fitted nicely into the room where we listen to music and spoken programmes. voices in interviews and podcasts are clear, and the music sounds balanced when played at the moderate level we use while cooking or reading. the display makes playback status easy to check, while the controls are simple enough for different family members to use without instruction. reconnecting after a pause has usually been quick, and i have not experienced the repeated interruptions that made our previous device irritating. at the highest volume the sound becomes slightly harsh, and the screen can be bright in a dark room, but both issues are manageable through normal settings. vela pulse 163 has remained dependable through regular use and gives us a convenient shared source for music, radio and spoken content.",True
CORD000079,CUS00219,2019-04-19,Thompson,"[{""product"":""Candle Quest 354"",""quantity"":2},{""product"":""Vela Halo 569"",""quantity"":1},{""product"":""Candle Edge 680"",""quantity"":1}]",3206.05,10.77,-37.818645,144.938732,20,2575.61,Autumn,False,0.9886,"i bought vela echo 691 for family communication and casual apps, comparing it with the phone it replaced. the comparison is frustrating because ordinary conversations now involve more interruptions. calls sometimes take a moment to connect, and messages do not always appear promptly. when relatives ask whether i received something, i have to check repeatedly instead of trusting the phone to keep up. casual apps expose another weakness. opening one is usually possible, but moving between an app and a message can leave the screen slow to respond. the delay is especially annoying when i am trying to send a photograph or answer a short question. a less modern phone in the household feels less troublesome because it responds in a more predictable way. the handset is manageable to carry, though the surface is slippery enough that i handle it cautiously. the screen is readable indoors, while outdoor use brings glare and makes small controls more difficult to select. these are not isolated annoyances; together they make short tasks feel drawn out. i expected a replacement phone to reduce friction, yet vela echo 691 adds it. connection behaviour has been the worst part of ownership. i have restarted it after missed calls and checked settings after delayed messages, but those steps have not removed the uncertainty. the two-year warranty is not a solution to a phone that complicates basic family contact. vela echo 691 can place calls and run casual apps, but its slow response, unreliable notifications, and awkward handling make it a poor comparison with the previous handset. i regret the purchase and cannot recommend it.",False
CORD000080,CUS00241,2019-06-08,Thompson,"[{""product"":""Candle Orbit 1034"",""quantity"":1},{""product"":""Vela Halo 659"",""quantity"":1},{""product"":""Candle Edge 680"",""quantity"":1}]",3098.03,13.03,-37.806534,144.90718,0,3111.06,Winter,False,3.5701,"vela echo 619 has been a useful replacement for the soft pouch i previously carried while travelling. the case holds my device securely and gives it more protection when the bag is placed under a seat or handled roughly. i have used it for short trips, commuting, and carrying equipment between rooms, and the outside has kept its shape instead of collapsing around the contents. that makes it easier to pack alongside notebooks and chargers than the old pouch did. the interior arrangement is another improvement. there is enough room for the device and a few small items without everything sliding into one loose bundle. the opening is easy to reach, and i can remove the tablet without pulling other things from the bag. in comparison, my previous storage solution offered little separation and left the device exposed to keys and other objects. vela echo 619 feels more deliberate and secure, while remaining light enough that it does not add much weight to a travel bag. it is not a large organiser, so anyone carrying many cables or accessories will need another pouch. the outer material can also show dust after being carried around, although it wipes clean without much effort. those are modest limitations. for protective storage during everyday travel, this case is more dependable and more convenient than the simple pouch i had before, and i am happier taking my device out of the house with it.",True
CORD000081,CUS00294,2019-08-09,Bakers,"[{""product"":""Vela Halo 569"",""quantity"":2},{""product"":""Candle Orbit 1034"",""quantity"":1},{""product"":""Candle Bloom 1000"",""quantity"":1}]",2695.94,13.58,-37.800004,145.041405,20,2170.33,Winter,False,4.2059,"i wanted a gaming device that could travel with me rather than stay permanently beside the television, and candle quest 336 has suited that plan very well. during the first few sessions i tested it at home, then packed it for a weekend away to see whether the portable format would remain convenient in practice. it was easy to bring along, and i could settle into a short game in the evening without rearranging the room. candle quest 336 has provided responsive play for the games i normally enjoy, with controls that became familiar after only a little use. i have played at a desk, on a sofa, and during quiet parts of several trips, and the experience has stayed consistent across those settings. the menus are generally clear, so starting or changing a game does not become a separate task. i have also appreciated being able to use it for brief sessions instead of feeling committed to a long stretch of play. battery life has been adequate for my routine, although on a particularly long journey i needed to plan a recharge rather than assume it would last indefinitely. that is the main compromise of choosing a portable system. the casing has travelled in a padded bag and still feels secure, while the device has avoided becoming an awkward extra item in my luggage. after owning candle quest 336 for a while, i am happy with the balance between convenience and entertainment. it has made gaming easier to fit around travel and has delivered a consistently enjoyable experience wherever i have used it.",True
CORD000082,CUS00477,2019-09-17,Bakers,"[{""product"":""Candle Edge 680"",""quantity"":1},{""product"":""Vela Halo 569"",""quantity"":1},{""product"":""Candle Orbit 1034"",""quantity"":1}]",2982.41,11.54,-37.760403,145.00092,10,2695.71,Autumn,False,5.5371,"i bought vela nova 429 because charging leads had begun collecting in a drawer and on the edge of my desk. the accessory is compact, so placing it beside the socket did not require rearranging anything. i could separate the cables i use every day and keep the less frequently used ones behind them. that simple change made the area look calmer, although the organiser holds fewer thicker leads than i first expected. during the first week, i tried it with phone, tablet, and headphone cables. slimmer cables stayed in their channels without much movement, while a heavier lead occasionally pulled free when i lifted the device from the desk. the material has enough firmness to keep its shape, and the base does not slide much on the surface. it is not a complicated item, but the usefulness depends on placing it where the cables naturally arrive. when i moved it to a lower shelf, reaching the connectors became awkward and the tidy effect was reduced. after 41 days, the channels have not stretched and the finish still looks clean. vela nova 429 has solved the specific problem of loose everyday cables, though it has not replaced a larger storage box for spare accessories. i appreciate that it needs no setup and takes very little room. my view is mixed in a practical way: it is a neat solution for a small group of light cables, but the limited capacity and weaker grip on thick ones should be considered before buying. for my desk, it remains useful enough to keep.",True
CORD000083,CUS00109,2019-03-22,Nickolson,"[{""product"":""Vela Halo 569"",""quantity"":1},{""product"":""Candle Orbit 1034"",""quantity"":1},{""product"":""Candle Flux 990"",""quantity"":2},{""product"":""Candle Flux 1098"",""quantity"":1}]",5716.15,13.14,-37.885411,144.93986,10,5157.68,Autumn,False,7.8737,"candle quest 444 has handled my evening listening sessions without becoming tiring. the wireless connection stayed steady around the house, and spoken audio remained clear even at modest volume. music has a balanced sound that suits both quiet work and relaxed weekends. the controls took a little practice to remember, although they now feel natural. after regular use, i am pleased with its comfort and consistent performance.",True
CORD000084,CUS00050,2019-01-02,Thompson,"[{""product"":""Vela Halo 659"",""quantity"":1},{""product"":""Candle Quest 498"",""quantity"":1},{""product"":""Candle Orbit 1034"",""quantity"":2}]",2736.88,11.72,-37.808027,144.919768,10,2474.91,Summer,False,2.4534,"i installed vela spark 675 to compare temperature and humidity between a bedroom and the living area. the basic readings appear on the device, but the comparison is difficult to trust. moving it a short distance can produce a sharp change that does not match the other sensor in the room. repeating the measurement later gives another result, so i cannot tell whether the room changed or the device is simply inconsistent. the application adds more frustration instead of resolving the uncertainty. updates arrive late, and the history sometimes contains gaps during periods when the display was still showing a number. the connection drops without a helpful explanation, then returns after several attempts. compared with the older monitor i used before, vela spark 675 requires more checking and produces less confidence. its controls are small and awkward, particularly when i am trying to place it on a shelf while keeping the sensor clear of nearby objects. after weeks of moving it between rooms, i found no dependable pattern. it can show a basic temperature and humidity value, and the screen remains visible in ordinary indoor light, but those limited functions do not make it suitable for monitoring a changing home. the enclosure also feels flimsy and the stand shifts easily when the surface is touched. i wanted a straightforward household comparison tool, yet vela spark 675 creates extra doubt and maintenance. the readings are unreliable, the connection is troublesome, and the overall device is disappointing.",False
CORD000085,CUS00284,2019-07-02,Bakers,"[{""product"":""Candle Edge 680"",""quantity"":2},{""product"":""Vela Halo 659"",""quantity"":1}]",4767.51,15.06,-37.804693,145.062686,15,4158.94,Winter,False,5.9553,"i have compared the candle bloom 226 with two gaming devices i used before, mainly during competitive matches and voice sessions. the biggest improvement is how naturally the controls support fast play. my older equipment was serviceable for relaxed games, but it felt less responsive when i needed quick changes and clear communication. the candle bloom 226 has made those longer sessions feel more controlled, particularly when matches become busy. voice communication has been dependable in my regular group. friends can hear me without repeated adjustments, and i can follow callouts while concentrating on the game. compared with my previous setup, there is less fiddling between rounds. the construction also feels capable of handling frequent use at my desk. i have moved it, packed it away, and brought it back several times without the loose feeling that developed in one of my older devices. the comparison is not completely in favour of the new model. the controls take a little practice because their placement differs from what i was used to, and the design is more focused on gaming than general media use. those points have not limited my normal sessions. the candle bloom 226 is especially convincing when a game demands quick reactions and steady voice communication. the 24-month warranty is another welcome detail. after 39 days, i would choose it over my former gaming hardware for competitive play, even though casual players may not need all of its strengths.",True
CORD000086,CUS00209,2019-12-01,Thompson,"[{""product"":""Candle Quest 354"",""quantity"":2},{""product"":""Candle Edge 680"",""quantity"":1},{""product"":""Candle Bloom 1000"",""quantity"":2},{""product"":""Vela Halo 569"",""quantity"":2},{""product"":""Candle Bloom 1054"",""quantity"":1}]",7436.67,12.06,-37.862581,144.927676,0,7448.73,Summer,False,5.8049,"the candle edge 824 became part of my routine during a particularly busy stretch of online classes and video meetings. pairing it for the first time was quick, and i appreciated being able to move between my desk and the kitchen without constantly handling the connection. voices come through with a clean, present quality, so i can follow a lecture or conversation without straining to catch ordinary words. the controls are simple enough that i learned them through use rather than needing to keep checking instructions. over time, i have used it for morning classes, informal calls, recorded lessons, and music while doing household jobs. the fit stays comfortable through a long session, and the controls respond when i pause audio or adjust the level. the microphone has suited regular conversations, with my voice remaining understandable when the room is quiet. in a busier room, i sometimes position myself more carefully, but that feels like a reasonable expectation for this sort of wireless audio device. charging has fitted easily into my routine, and i have not found myself worrying about the battery during a normal day. music has a balanced presentation that works well for background listening and spoken material. it is not the most expansive sound i have heard, especially when i want a dramatic performance, yet it remains enjoyable and consistent for my actual use. the carrying case also makes it convenient to put away between sessions. after owning the candle edge 824 for a while, i value its dependable pairing, comfortable handling, and clear treatment of voices. it has made remote study and calls feel more relaxed.",True
CORD000087,CUS00382,2019-06-03,Nickolson,"[{""product"":""Candle Quest 498"",""quantity"":1},{""product"":""Candle Quest 354"",""quantity"":3},{""product"":""Candle Orbit 656"",""quantity"":1},{""product"":""Vela Halo 659"",""quantity"":1}]",5043.44,18.85,-37.869801,144.973942,5,4810.12,Winter,False,5.7069,"the candle shift 970 has made creative work unnecessarily difficult during the six weeks i have owned it. i purchased this ultrabook for media editing and small design projects, yet the system becomes sluggish during ordinary editing sessions and the fan noise quickly turns distracting. opening several work files at once leads to pauses, and returning from sleep has occasionally produced a blank screen that required a forced restart. the keyboard feels cramped for extended typing, with an awkward response on several keys, while the trackpad sometimes ignores a short movement. battery life also falls sharply during editing, leaving me searching for an outlet instead of finishing a task. the finish has collected scratches from normal travel in a sleeve. candle's support process consisted of generic steps and no explanation for the repeated display problem. the candle shift 970 is a disappointing work machine that i regret buying.",False
CORD000088,CUS00020,2019-09-15,Bakers,"[{""product"":""Candle Orbit 1034"",""quantity"":2},{""product"":""Candle Flux 990"",""quantity"":1},{""product"":""Candle Orbit 656"",""quantity"":1}]",5520.35,9.34,-37.787444,144.997878,15,4701.64,Spring,False,2.5184,"i chose candle lumen 922 for field forms and client presentations, and after seventeen days it has proved more suitable than carrying a laptop for every visit. the tablet starts quickly, fits into a small work bag and can be held while standing with less effort than my older computer. when a client needs to review a form or look at a presentation, the screen is easier to share than a phone and less intrusive than opening a full laptop on a small table. the form routine has been smooth. i can move through the fields, pause to discuss an answer and return to the document without losing my place. for presentations, the display is clear enough in the indoor spaces where i have used it, and the touch controls make it simple to move through pages. a laptop remains preferable when i need extensive typing or several windows, while a phone is more convenient for a very quick message. candle lumen 922 occupies the useful space between those options. i appreciate that it feels like a work tool rather than a fragile showpiece. the casing has travelled in my bag without new marks, and the battery has covered my ordinary visits without making me search for an outlet halfway through the day. i have not tested it in harsh outdoor conditions, so i would avoid claiming more than my normal use supports. even with that boundary, candle lumen 922 has reduced the weight of my kit and made client interactions more natural. it is a worthwhile choice for forms and presentations.",True
CORD000089,CUS00402,2019-08-10,Thompson,"[{""product"":""Candle Edge 680"",""quantity"":2},{""product"":""Vela Halo 569"",""quantity"":1},{""product"":""Candle Bloom 1054"",""quantity"":1}]",5101.74,28.66,-37.870193,144.925984,20,4110.05,Winter,True,6.6585,"the candle edge 716 works well for casual gaming in our shared room, where quiet operation and simple controls matter more than dramatic extras. i can start a game quickly, and the response remains steady during the short sessions i usually play. it is also easy for another family member to understand, so we do not spend much time explaining settings before handing it over. the design fits beside the television without taking over the whole area. i have noticed that the controls feel less comfortable during very long sessions, and the included cable is shorter than ideal for our furniture arrangement. those are manageable limitations for casual use. the device has remained dependable when several people are using the room for different things, and switching between players is uncomplicated. the candle edge 716 has made shared gaming more accessible and has avoided the complexity that would have been unnecessary for our household.",True
CORD000090,CUS00213,2019-10-14,Thompson,"[{""product"":""Vela Halo 659"",""quantity"":1},{""product"":""Candle Quest 498"",""quantity"":1},{""product"":""Candle Bloom 1000"",""quantity"":1}]",3388.88,13.52,-37.781086,144.909582,5,3232.96,Spring,False,4.8151,"candle arc 798 was meant to extend wireless coverage between rooms, but the connection has remained unreliable throughout my ownership. installation was more awkward than expected, and the indicator gave little warning when the link had failed. devices near the unit sometimes connect while a laptop in the next room loses access. moving the unit a short distance changes the result, which makes the supposed coverage difficult to trust. video calls expose the weakness most clearly. the call may begin normally, then audio breaks into gaps and the picture freezes without a useful explanation. streaming in the same room can also stall when another device joins the network. reconnecting requires repeated restarts, and the process interrupts work rather than solving the underlying problem. a device can detect the network and pass a small amount of traffic, but that basic function is not enough for room-to-room coverage. the warranty offers little comfort when the problem appears during ordinary use. candle arc 798 has created more connection problems than it solved, and i cannot recommend it.",False
CORD000091,CUS00156,2019-06-22,Thompson,"[{""product"":""Vela Halo 569"",""quantity"":2},{""product"":""Candle Quest 498"",""quantity"":1},{""product"":""Candle Quest 354"",""quantity"":1},{""product"":""Candle Edge 680"",""quantity"":2}]",6512.09,31.15,-37.784475,144.904495,25,4915.22,Winter,True,4.881,"vela wave 391 was intended for family communication and casual apps, and i compared it with the older phone it was supposed to replace. calls connect and messages can be sent, but the surrounding experience is unreliable. notifications sometimes arrived long after the message had been received, which meant family members assumed i had ignored them. opening the conversation manually often revealed several waiting alerts at once. the older phone gives fewer features but does not create that uncertainty. casual applications were another source of frustration. switching between an app and a message caused visible pauses, and one application closed when i returned to it. the handset did not become unusable, but these interruptions made simple tasks feel awkward. web pages loaded unevenly on mobile data, especially while moving around town. signal was present, yet the response could stall before continuing without explanation. the camera is serviceable in bright outdoor light but weak indoors. faces lose detail and darker areas become muddy, so family snapshots often require several attempts. battery drain was modest during light messaging but much worse with calls and video, leaving little confidence late in the day. the smooth casing is slippery, and the side buttons are easy to press accidentally when the phone is held tightly. vela states a 24-month warranty, but support did not provide a convincing answer for delayed alerts or application closures. after 23 days, i keep the previous phone available because it is more dependable for contact. vela wave 391 handles basic communication, yet late notifications, sluggish apps, weak indoor photos, uneven data response, and poor battery confidence make it a disappointing family phone.",False
CORD000092,CUS00281,2019-11-07,Thompson,"[{""product"":""Vela Halo 569"",""quantity"":1},{""product"":""Candle Orbit 1034"",""quantity"":2}]",1312.93,27.7,-37.883187,144.878926,0,1340.63,Spring,True,9.8629,"i bought vela nova 465 for one household outlet, but the scheduled control has been unreliable. some routines run late, while others fail without an obvious warning, so i still check the outlet manually. the setup process was awkward and reconnecting after a network interruption took repeated attempts. manual switching works, although that is a weak substitute for automation. after living with these problems, i cannot recommend it for anyone who needs dependable daily schedules.",False
CORD000093,CUS00296,2019-10-23,Thompson,"[{""product"":""Candle Bloom 1000"",""quantity"":1},{""product"":""Candle Orbit 656"",""quantity"":2}]",6339.96,12.23,-37.851896,144.892423,5,6035.19,Spring,False,6.4849,"candle quest 930 has worked well for the mixture of administration tasks handled in our home office. documents open promptly, the keyboard is comfortable for routine typing, and the screen is large enough for comparing files without constant scrolling. different people in the household have used it without difficulty, since the main controls are familiar and the system starts consistently. video meetings are clear in a quiet room, while the microphone is less convincing when several people speak at once. that is a limitation we can manage by taking turns. the laptop is easy to move when the desk is needed for another purpose, and it has remained cool during normal work. after regular shared use, candle quest 930 feels capable, practical, and dependable for household administration.",True
CORD000094,CUS00162,2019-10-21,Bakers,"[{""product"":""Candle Bloom 262"",""quantity"":1},{""product"":""Candle Edge 680"",""quantity"":1},{""product"":""Candle Orbit 1034"",""quantity"":2},{""product"":""Candle Bloom 1054"",""quantity"":1}]",4983.36,18.69,-37.802213,144.999693,15,4254.55,Spring,True,0.95,"the vela echo 151 has settled into my daily routine nicely. i use it for family messages, navigation, music while walking, and the occasional photo, and each task starts quickly without fuss. the display is bright enough for maps outdoors, and text stays easy to follow when i am moving between appointments. calls have been consistently clear on both ends, which matters more to me than having elaborate extras. battery life is strong through a full day of directions, chats, and browsing, with sensible charging rather than constant attention. i appreciated how quickly the initial setup connected my accounts and contacts, and the slim shape feels comfortable in a pocket. navigation can take a moment to refresh after leaving a building, but it catches up promptly. after 48 days, vela echo 151 feels like a capable, friendly companion for ordinary communication and travel, with an enjoyable balance of speed, clarity, and convenience.",True
CORD000095,CUS00281,2019-01-17,Thompson,"[{""product"":""Candle Edge 680"",""quantity"":1},{""product"":""Vela Halo 659"",""quantity"":1},{""product"":""Candle Orbit 656"",""quantity"":1},{""product"":""Vela Halo 569"",""quantity"":1}]",4927.26,16.9,-37.883187,144.878926,20,3958.71,Summer,False,9.8629,"i bought vela nova 465 for one household outlet, but the scheduled control has been unreliable. some routines run late, while others fail without an obvious warning, so i still check the outlet manually. the setup process was awkward and reconnecting after a network interruption took repeated attempts. manual switching works, although that is a weak substitute for automation. after living with these problems, i cannot recommend it for anyone who needs dependable daily schedules.",False
CORD000096,CUS00460,2019-07-30,Nickolson,"[{""product"":""Candle Flux 990"",""quantity"":1},{""product"":""Candle Orbit 1034"",""quantity"":1},{""product"":""Candle Bloom 1000"",""quantity"":1},{""product"":""Candle Bloom 262"",""quantity"":1},{""product"":""Candle Edge 680"",""quantity"":1}]",7861.88,25.44,-37.844299,144.966122,15,6708.04,Winter,True,2.874,"the vela nova 321 has been a welcome change from my previous phone for work calls and calendar management. calls are clear in ordinary environments, notifications arrive without obvious delays, and moving between appointments, messages, and notes feels less interrupted. my older phone could handle these tasks, but it often made routine organisation feel cramped and slow. the vela nova 321 gives those everyday activities enough room to remain manageable throughout a busy day. i compared it with using a smaller handset that was easier to hold but less comfortable for reviewing a full day of meetings. the display on the vela nova 321 makes schedules and messages easier to scan, while the device still fits into my normal pocket or bag. calendar changes, reminders, and work conversations have remained dependable over many weeks. it also handles navigation when i am travelling between meetings, so i do not need to carry a second device for simple directions. the larger format is not ideal for everyone, and i occasionally need both hands when typing quickly. battery life is sufficient for my routine rather than exceptional if i spend a long time on calls and navigation together. those are fair trade-offs for the organisation and communication improvements. i have found the vela nova 321 more balanced than my previous phone, and it has become a reliable part of my working day without demanding constant attention.",True
CORD000097,CUS00106,2019-02-01,Bakers,"[{""product"":""Candle Bloom 1054"",""quantity"":2},{""product"":""Candle Flux 990"",""quantity"":1},{""product"":""Candle Orbit 1034"",""quantity"":1}]",3576.07,13.64,-37.867068,145.051714,25,2695.69,Summer,False,8.0545,"the candle quest 822 has settled into my work bag because it handles both field forms and client presentations without making either task feel awkward. i initially used it for short site visits, expecting to fill in a few details and leave it at that. over the following weeks it became useful for reviewing notes, showing material to clients, and checking information while away from my desk. the screen is comfortable for reading through a form, and the response when moving between fields is consistent enough that i do not lose my train of thought. during presentations, i can pass it across a table without the whole meeting stopping while i search for something. i have also learned that a little preparation helps; i prefer to organise the relevant documents before leaving rather than sort through everything during an appointment. that is a habit i would keep with any tablet, not a serious fault with this one. the body has survived being carried alongside notebooks and chargers, and it still feels presentable when i take it into a client setting. battery use has suited my normal days, including a few visits followed by office work. what stands out is the balance between practical input and straightforward display. the candle quest 822 has reduced the amount of paper i carry and made my presentations more flexible. it is not a substitute for every desktop task, but for forms, notes, and client conversations it has proved dependable and genuinely useful.",True
CORD000098,CUS00298,2019-03-26,Thompson,"[{""product"":""Candle Quest 354"",""quantity"":3},{""product"":""Candle Bloom 262"",""quantity"":1},{""product"":""Vela Halo 569"",""quantity"":2},{""product"":""Vela Halo 659"",""quantity"":1}]",2889.5,13.52,-37.743446,144.910152,5,2758.55,Autumn,False,12.1035,"vela core 453 has worked well in our shared viewing space. films and television shows are easy to start, and the display gives everyone in the room a comfortable view without needing to gather around a small screen. we have used it for quiet evenings as well as longer weekend viewing, and the controls have remained responsive throughout. the interface is simple enough that visitors can use it without a lengthy explanation, which matters in a room shared by several people. sound and picture have been consistent for our ordinary viewing, although i sometimes adjust the volume when moving between different programmes. the device does take a little visual space, so placement needed some thought before we settled on the right surface. those details aside, vela core 453 has made shared films and television more relaxed, and it has become a dependable part of our home entertainment setup.",True
CORD000099,CUS00196,2019-08-23,Bakers,"[{""product"":""Vela Halo 659"",""quantity"":2},{""product"":""Candle Edge 680"",""quantity"":1},{""product"":""Candle Orbit 1034"",""quantity"":3}]",4526.58,24.67,-37.794291,145.005503,20,3645.93,Winter,True,1.9657,"vela wave 589 has been on my desk for three weeks, connecting a phone, a small computer, and another device through one compact adapter. compared with carrying several separate connection pieces, it makes the desk less cluttered and is easier to move between work areas. the size is convenient when i travel, and i can keep the adapter beside my everyday devices without giving it much space. in routine use, the connections have been mostly straightforward. devices are recognised after being attached, and the adapter does what i expect for ordinary file access and charging arrangements. the comparison with a larger desktop hub is more mixed. that hub offered a wider selection of connections and felt more stable on the desk, whereas vela wave 589 is easier to pack but gives me less room to work when several cables are attached. the compact shape creates some small inconveniences. cables can crowd one another, particularly when plugs have thicker housings, and the adapter moves if i pull a cable from the side. i have not had a serious failure, but i now place it carefully rather than leaving it loose. it is also more useful when i already know which devices i will connect; it does not remove the need to plan a busy setup. after twenty-one days, vela wave 589 is a practical middle option. it is more portable and less cluttered than my separate adapters, but less comfortable than a full-sized hub for a permanent desk. the basic function is present without much drama, while the physical layout limits heavier use. i would choose it for travel or a light workstation and compare alternatives for many simultaneous devices.",True
CORD000100,CUS00331,2019-03-02,Bakers,"[{""product"":""Candle Edge 680"",""quantity"":1},{""product"":""Vela Halo 569"",""quantity"":1},{""product"":""Candle Flux 1098"",""quantity"":1}]",3196.73,25.92,-37.825751,145.06426,20,2583.3,Autumn,True,6.3114,"i bought the vela spark 531 for travel planning and media, expecting it to replace an older phone without much trouble. compared with that older device, the screen is harder to read outdoors and the battery drops uncomfortably fast when maps, mobile data, and video are used together. a route can be followed, but switching between the map and a booking page often leaves one of them reloading, which makes a simple change frustrating. the 5g connection is inconsistent in places where my previous phone remained usable, and the phone sometimes takes too long to reconnect after leaving coverage. that is a serious problem when checking travel information on the move. media use is also a poor comparison. video playback is watchable, yet the sound is thin and the casing becomes unpleasantly warm after a longer session. storage management feels awkward because large downloads quickly leave little room for photographs and offline maps. the camera produces acceptable snapshots in daylight, but indoor images look dull and lack detail. calls themselves are possible, although the microphone picked up distracting background noise in a busy terminal. the slim shape is easy to carry, but it feels fragile and the buttons are difficult to find without looking. i have not had a reason to test the warranty, and the phone has not delivered the dependable travel experience i wanted. compared with what i already owned, the vela spark 531 adds 5g branding without removing the same old inconveniences, so i regret choosing it and cannot recommend it for regular travel.",False
CORD000101,CUS00176,2019-11-15,Thompson,"[{""product"":""Candle Bloom 262"",""quantity"":1},{""product"":""Vela Halo 569"",""quantity"":1}]",1267.36,8.02,-37.806548,144.944703,15,1085.28,Spring,False,0.7121,"vela nova 339 has reduced the number of separate adapters i carry when connecting several devices. it fits neatly beside my laptop and has recognized my equipment consistently during short work sessions. the ports are close together, so larger plugs can feel crowded, but ordinary connectors are fine. it is a useful little accessory that keeps my setup tidy.",True
CORD000102,CUS00378,2019-10-10,Nickolson,"[{""product"":""Candle Bloom 262"",""quantity"":3},{""product"":""Vela Halo 659"",""quantity"":2},{""product"":""Candle Orbit 1034"",""quantity"":1}]",4466.15,7.76,-37.821358,144.971506,15,3803.99,Spring,False,0.352,"candle flux 342 has fitted neatly into the gap between a paper sketchbook and a full computer. i have used it for drawing, rough layouts and lightweight creative work, and i prefer it to my previous arrangement when i want to capture an idea without preparing a larger workspace. the pen input feels responsive for lines, annotations and colour notes, while the screen gives me enough room to see the whole page and still inspect smaller details. i can carry the tablet to another room and continue without gathering a collection of loose sheets. compared with paper, the main advantage is being able to revise, organise and revisit earlier work. compared with a laptop, the direct drawing experience feels more immediate and less formal. i have made quick diagrams during discussions, developed rough concepts at a café, and kept reference images beside a sketch. the tablet is not intended for the heaviest creative production, and i would still move to a more powerful setup for complex projects. the pen also takes a little time to feel natural because the surface is smoother than paper, but my control improved through regular use. the device has remained comfortable to hold for moderate sessions, although i prefer resting it on a table for longer drawing. its restrained size makes it easy to store, and the interface has not forced me into a complicated routine. i occasionally wish the working area were larger, especially when a drawing includes many small elements. even so, candle flux 342 has made casual creative work more accessible and less messy. i would choose it over a notebook when editing matters, and over a laptop when the act of drawing directly is the priority.",True
CORD000103,CUS00076,2019-06-28,Thompson,"[{""product"":""Candle Edge 680"",""quantity"":1},{""product"":""Candle Quest 498"",""quantity"":1},{""product"":""Vela Halo 659"",""quantity"":1},{""product"":""Candle Bloom 1000"",""quantity"":1}]",5640.28,15.16,-37.852794,144.900108,15,4809.4,Winter,False,6.0755,"vela wave 571 has become the phone i rely on for work calls, calendar checks, and keeping track of a changing schedule. calls have remained clear in the places where i normally work, and the calendar is quick to reach when plans change between meetings. i can move from a call to a message or reminder without the device feeling sluggish, which matters when several tasks compete for attention. the size works well in one hand, although the display feels a little narrow when i am reviewing a long agenda. battery performance has suited my ordinary workday, including periods of frequent calling and messaging. the finish has also survived being carried with keys and notebooks without obvious damage. vela wave 571 is not overloaded with distractions, and that focused balance has made it a reliable part of my working day.",True
CORD000104,CUS00478,2019-11-09,Bakers,"[{""product"":""Candle Orbit 1034"",""quantity"":1},{""product"":""Vela Halo 569"",""quantity"":3}]",1029.19,9.67,-37.808138,145.029038,5,987.4,Spring,False,2.977,"candle arc 870 has been a stronger fit for my creative projects and media editing than the general-purpose laptop i used previously. my work involves organising images, trimming video, adjusting layouts, and keeping reference material open beside the project. the older machine could handle these tasks, but it became sluggish when several applications were active. candle arc 870 keeps the workflow moving with fewer pauses, which makes the creative process more enjoyable. the screen gives me enough room to see the project and its controls without constantly collapsing panels. colours look consistent for the everyday editing i do, and the keyboard supports long sessions without feeling cramped. i have moved the laptop between a desk and a table depending on the project, and its build has tolerated that routine. it is not feather-light, but i prefer its solid feel to a very thin machine that seems less suitable for regular handling. compared with my old laptop, exporting or opening larger working files takes less patience. i still avoid running every demanding application at once, and the fan becomes noticeable during heavier work. that is an understandable trade-off for a portable computer doing sustained editing. the battery is sufficient for shorter creative sessions, but i normally work near an outlet when processing a large project. the speakers are ordinary, and people seeking a dedicated studio machine may need something more specialised. for my combination of editing, planning, and portable creative work, candle arc 870 is a clear improvement. it gives me a smoother workflow without forcing me to abandon the convenience of a laptop, and it has remained dependable through established use.",True
CORD000105,CUS00437,2019-12-18,Bakers,"[{""product"":""Candle Orbit 656"",""quantity"":1},{""product"":""Vela Halo 569"",""quantity"":1},{""product"":""Candle Bloom 1000"",""quantity"":1},{""product"":""Candle Quest 354"",""quantity"":1}]",4629.77,14.65,-37.879194,145.058693,0,4644.42,Summer,False,9.5003,"i wanted vela ridge 1067 mainly for walking and commute notifications, not for a complicated training programme. during the first week i wore it on short walks, then on the longer route to work. the display was easy to check with a quick glance, and the movement reminders encouraged me to stand up during stretches of desk work without interrupting what i was doing. i liked that the device provided information quietly instead of turning every notification into an event. my routine became more consistent after i began using it on the commute. vela ridge 1067 showed incoming messages clearly enough for me to decide whether a reply could wait, and the vibration was noticeable without being startling. on a rainy morning i kept the walk brisk and later checked the activity summary, which gave me a useful picture of how much i had moved. i also wore it while running errands and found the light weight less distracting than i expected. the band has remained comfortable through ordinary daily wear. there are boundaries to what i ask from it. i still reach for my phone when i need to read a long message, and the small display is not suited to detailed interaction. the first few days involved adjusting the notification choices because i had enabled more alerts than i wanted. once i reduced them, vela ridge 1067 became much calmer. the battery has covered my usual routine, although i now charge it on a regular evening so i do not forget. after forty-eight days, vela ridge 1067 has delivered exactly the kind of support i wanted. it makes walking progress visible, keeps commute notifications manageable, and encourages movement without becoming another demanding screen. the limited display is reasonable for its size, and the overall experience has been thoroughly positive.",False
CORD000106,CUS00170,2019/07/05,Thompson,"[{""product"":""Candle Flux 990"",""quantity"":2},{""product"":""Candle Edge 680"",""quantity"":2},{""product"":""Candle Flux 1098"",""quantity"":1},{""product"":""Candle Bloom 1054"",""quantity"":1}]",9937.79,12.43,-37.814978,144.91471,0,9950.22,Winter,False,2.8541,"i spent several weeks using candle quest 156 for long desktop gaming sessions and compared it with the older gaming hardware already at my desk. the new setup handled ordinary play without forcing me to stop and troubleshoot, and the controls remained responsive through extended evenings. the main improvement was consistency during normal use rather than a dramatic change in every game. it still depends on the rest of the computer, so the experience was not identical across all titles or settings. candle quest 156 was comfortable enough for long sessions, although its size and cable arrangement made the desk feel more crowded. the surface remained manageable during ordinary play, while heavier use produced noticeable warmth and fan noise. that noise was less distracting with game audio running, but it was obvious in quiet menus. compared with a smaller setup, the larger hardware felt less convenient to move and organise. compared with the older equipment, it gave me fewer interruptions and a more consistent response. the build felt suitable for stationary use and survived the usual adjustments without anything becoming loose. i liked having controls within reach, though some buttons were close enough that an accidental press was possible when moving quickly. setup was not difficult, but the arrangement rewarded spending time on cable placement and ventilation. candle quest 156 also made the desk less flexible for other activities, which is worth considering for anyone who shares a workspace. my view is mixed but favourable for its intended purpose. candle quest 156 is more capable than basic desktop gaming equipment and more stable than the older setup i replaced, but it is not quiet, compact, or universally transformative. i would choose it for regular stationary play, while occasional players or people with limited desk space should compare a simpler arrangement.",True
CORD000107,CUS00410,2019-12-19,THOMPSON WH,"[{""product"":""Vela Halo 569"",""quantity"":1},{""product"":""Candle Quest 354"",""quantity"":1},{""product"":""Candle Edge 680"",""quantity"":2}]",5054.67,10.28,-37.820382,144.911377,15,4306.75,Summer,False,3.2503,"the candle quest 372 has accompanied me on visits where i need to complete field forms and show short presentations. its size makes it easier to pass around than a laptop, and the screen remains readable when several people are looking at it. form entry is straightforward, with enough room for notes and signatures, while ordinary files open without much waiting. outdoor brightness is less convincing, and reflections can make a presentation awkward unless i find shade. the speakers are fine for a small group but not for a noisy venue. it has made mobile work more convenient without being perfect in every setting. i would describe it as capable for practical visits rather than a specialised presentation tool.",True
CORD000108,CUS00351,2019-09-04,Thompson,"[{""product"":""Vela Halo 569"",""quantity"":1},{""product"":""Candle Quest 354"",""quantity"":2},{""product"":""Candle Bloom 1054"",""quantity"":1},{""product"":""Candle Edge 680"",""quantity"":2}]",5944.55,13.77,-37.871153,144.88324,0,5921.07,Spring,False,8.5849,"our family has spent enough time with the candle arc 1032 to see where it fits. shared browsing is smooth for ordinary pages, and the tablet starts quickly enough for a child to continue a lesson or for an adult to look up something in the kitchen. the screen size makes reading more pleasant than using a phone, while the weight is still manageable for carrying between rooms. i like that different people can pick it up without a long explanation, and the battery has covered several short learning sessions before needing attention. the mixed part is multitasking: moving between a lesson, a browser page, and a video call can feel awkward, with occasional pauses before the next view appears. the speakers are adequate for speech but not particularly rich, and the front camera is fine for basic calls rather than polished meetings. it is a practical shared tablet, though demanding users may want more headroom.",True
CORD000109,CUS00258,2019-09-07,Bakers,"[{""product"":""Candle Orbit 1034"",""quantity"":1},{""product"":""Candle Edge 680"",""quantity"":1},{""product"":""Vela Halo 569"",""quantity"":2}]",3131.5,10.48,-37.808989,145.002652,15,2672.26,Spring,False,0.6614,"vela echo 943 has been disappointing for presentations and photo viewing. images appear, but the screen looks washed out from the side and small text becomes difficult to read across a room. wireless casting drops during longer presentations, forcing repeated reconnects at awkward moments. the frame feels light and the stand shifts when the display is touched. photo viewing is possible at close range, yet the poor visibility and unreliable connection make this device frustrating.",False
CORD000110,CUS00376,2019-12-20,Nickolson,"[{""product"":""Candle Quest 354"",""quantity"":1},{""product"":""Candle Orbit 656"",""quantity"":1},{""product"":""Candle Orbit 1034"",""quantity"":2},{""product"":""Candle Bloom 262"",""quantity"":1}]",4946.95,13.49,-37.883413,145.004779,5,4713.09,Summer,False,7.8431,"candle edge 608 has improved the wireless coverage in the room where i work from home. before using it, the connection in that area was less consistent than elsewhere, but now calls, research, and ordinary browsing continue smoothly through the working day. other people in the house can use the network at the same time without making my connection feel fragile. the installation process was clear enough, although i had to choose a location carefully to get the best spread through the house. once positioned, the equipment blended into the background and needed very little attention. i like being able to work without moving closer to the main connection whenever a call begins. the casing is plain and the setup screen contains more choices than i expected, yet candle edge 608 has provided stable coverage and made my home-office routine noticeably more comfortable.",True
CORD000111,CUS00341,2019-12-16,Thompson,"[{""product"":""Candle Bloom 1054"",""quantity"":1},{""product"":""Candle Orbit 1034"",""quantity"":2}]",1613.69,11.57,-37.796826,144.892553,0,1625.26,Summer,False,5.1034,"vela echo 223 has worked well as the main display in our family room because it handles shared streaming without making every user learn a different routine. before this, we used an older screen that was perfectly serviceable but slow to navigate and awkward when people wanted to change what they were watching. the newer display feels more responsive during those everyday moments, which has reduced a surprising amount of household friction. the picture suits family media: dialogue is easy to follow, colours look lively, and the screen remains visible from the seating positions we normally use. we have watched films, short programmes, and general streaming content, and the experience has stayed consistent. the built-in audio is fine for regular viewing, although a larger room would benefit from separate sound equipment. the display also has a fairly simple appearance rather than trying to become the visual centre of the room, which i prefer. compared with our old screen, vela echo 223 is easier for different family members to use independently. compared with more elaborate entertainment systems i have seen, it offers fewer reasons to adjust settings endlessly. that is a strength in a shared room. children can find familiar content, adults can change inputs without a long explanation, and nobody has to solve a technical puzzle before watching something. it is not a replacement for a dedicated cinema arrangement, but it is a pleasant and sensible household display. after repeated use, its greatest success is that everyone reaches for it naturally.",True
CORD000112,CUS00394,2019-08-28,Thompson,"[{""product"":""Candle Orbit 1034"",""quantity"":1},{""product"":""Candle Flux 990"",""quantity"":2}]",4770.82,18.35,-37.741586,144.880614,0,4789.17,Winter,False,9.8282,"candle bloom 784 has been playing music in our shared room while we cook, read and spend time together. pairing different phones is simple, and the connection has stayed steady when someone moves around the room. voices in podcasts are clear, while music has enough warmth for ordinary listening without overwhelming conversation. the controls are easy to reach, and the unit can be moved to a shelf when the table is needed. it produces enough volume for the room, although the sound becomes less detailed at the highest setting. for daily background music that is not a serious concern. the casing feels sturdy and has survived being moved several times without marks. candle bloom 784 has made shared listening more enjoyable and gives us a dependable audio option that fits naturally into the room.",True
CORD000113,CUS00083,2019-08-24,Nickolson,"[{""product"":""Candle Bloom 1054"",""quantity"":1},{""product"":""Vela Halo 569"",""quantity"":1}]",598.94,17.32,-37.888622,144.927663,10,556.37,Winter,False,8.6114,"i have used candle quest 894 for music, podcasts, and quiet background listening at home, and it has settled into my routine without much fuss. the wireless connection has remained dependable while i move between rooms, and the sound stays pleasant during several hours at a time. voices are distinct enough for spoken content, while music has enough detail to keep it enjoyable. the controls took a little practice because their placement was not immediately obvious, but i soon learned them. the fit remains comfortable over a long evening, although i sometimes wish the outer finish felt less prone to collecting fingerprints. after fifteen days of regular ownership, candle quest 894 feels thoughtfully made, consistent, and well suited to relaxed home listening.",True
CORD000114,CUS00451,2019-08-28,Bakers,"[{""product"":""Vela Halo 569"",""quantity"":2}]",298.18,27.18,-37.840996,145.03522,5,310.45,Winter,True,4.9211,"candle orbit 1088 has made guest-network management much more orderly in my home. i can provide visitors with a separate connection without mixing their devices into the main arrangement, and removing access later is straightforward. the management screen groups the connected equipment clearly, which helps me understand what is active without guessing from unfamiliar labels. setting up a guest connection was not difficult, and the changes i make in the control panel appear quickly. i have used it when friends visit and when several temporary devices need access for a short period. the unit has remained stable during ordinary browsing and streaming. some of the deeper settings take time to interpret, but the basic controls are clear enough for routine management. candle orbit 1088 gives me useful visibility without requiring constant technical attention. separating visitors from household devices has made sharing the connection more comfortable, and keeping the list tidy is now much easier. it is a sensible networking tool for anyone who wants practical control over a busy home network.",True
CORD000115,CUS00289,2019-08-11,Nickolson,"[{""product"":""Candle Bloom 1054"",""quantity"":1},{""product"":""Candle Edge 680"",""quantity"":1}]",2701.25,15.78,-37.832044,144.986239,0,2717.03,Winter,False,2.094,"the vela atlas 161 was purchased for mobile photography and messaging, but both uses have been affected by unreliable performance. messages send eventually, yet the application sometimes freezes while attaching a picture and leaves the draft missing when reopened. the camera takes ordinary daylight pictures, but indoor images are noisy and the shutter response is so slow that moving subjects become blurred. switching from the camera back to messages can take several seconds, which is frustrating when trying to share a photo quickly. battery drain is poor during camera use, and the phone becomes noticeably warm after a short session. the touch response near the edge of the display is inconsistent, making it difficult to press small controls. i have cleared storage and restarted the phone, without resolving the delays. the vela atlas 161 handles simple calls, but its camera and messaging problems make it a poor choice for everyday communication.",False
CORD000116,CUS00288,2019-01-15,Thompson,"[{""product"":""Candle Quest 498"",""quantity"":1},{""product"":""Candle Edge 680"",""quantity"":1},{""product"":""Candle Bloom 1000"",""quantity"":1},{""product"":""Vela Halo 659"",""quantity"":1}]",5640.28,9.76,-37.82237,144.921292,20,4521.98,Summer,False,2.5079,"vela echo 727 gives me a quick summary after exercise sessions without making the routine feel complicated. the band stays in place during ordinary movement, and the companion view makes it easy to review activity afterward. i like that the information is presented briefly instead of overwhelming me with screens. it does not replace detailed equipment, but for everyday sessions and a simple record of progress it has been encouraging and convenient.",True
CORD000117,CUS00433,2019-05-11,Bakers,"[{""product"":""Candle Bloom 262"",""quantity"":1},{""product"":""Candle Bloom 1054"",""quantity"":2},{""product"":""Candle Bloom 1000"",""quantity"":1}]",3833.81,15.76,-37.874433,145.015329,5,3657.88,Autumn,False,7.3792,"vela halo 407 was supposed to give me a daily record of activity and sleep, so i compared its reports with another wearable used on the same days. the results from vela halo 407 are too patchy to support that purpose. walking is usually detected, but shorter movements are sometimes ignored and a day can show an implausibly low total. sleep tracking is worse. it has recorded only part of a night, combined separate periods, or shown no result after the device was worn until morning. the app presents the information in neat screens, but neat presentation does not repair missing records. scrolling through a week is slow, and the reason for an incomplete entry is never clear. the wearable also shifts while sleeping, leaving the strap uncomfortable and making me aware of it at night. another device i tried is less attractive, but it has produced a more consistent history and required less checking. vela halo 407 creates a false sense of detail because the charts look precise even when the underlying entries are unreliable. charging is another nuisance. the battery falls quickly when several tracking features are enabled, and the reminder arrives too late to prevent a gap. basic step counting does operate on ordinary days, but that narrow success cannot outweigh the missing sleep records and inconsistent activity totals. i bought vela halo 407 to notice patterns over time, not to guess which days can be trusted. the device is frustrating, awkward to wear overnight, and poor for dependable tracking. i would avoid it.",False
CORD000118,CUS00188,2019-08-05,Thompson,"[{""product"":""Candle Quest 498"",""quantity"":3},{""product"":""Candle Flux 990"",""quantity"":2},{""product"":""Vela Halo 569"",""quantity"":1}]",8262.98,15.08,-37.801505,144.88059,20,6625.46,Winter,False,5.9709,"vela spark 513 has settled into our home more successfully than the small speaker and phone combination we used before. its display gives the device a more useful presence, especially when choosing spoken programmes or checking what is playing. i can see the current item at a glance instead of reaching for another screen, and the arrangement feels pleasant when several people are listening together. music playback is enjoyable at ordinary room volume. voices in podcasts and audiobooks sound distinct, while songs have enough body for cooking, tidying, or relaxing in the evening. compared with the older speaker, the sound feels less thin and the controls are easier to understand. i have also found the display helpful when changing between different types of content, because the information is visible without interrupting what is playing. the comparison became especially clear during a weekend when we moved the unit between the living room and dining area. it was simple to place, and nobody needed a long explanation before using it. the interface is less distracting than a phone, and the device works well as a shared point for music requests. it has also been useful for short spoken-content sessions while preparing meals, where a glance at the screen is more convenient than handling a phone with wet hands. there are limits. it is not the sort of system i would choose for a large gathering or for carefully arranged music listening, and the screen is mainly informative rather than a substitute for a full tablet. still, those limits are reasonable for its role. vela spark 513 combines playback with a visible, approachable interface, and it has made everyday listening smoother than my previous setup. after extended use, i prefer it whenever the household wants simple music or spoken content without passing one small device around.",True
CORD000119,CUS00112,2019-07-01,Nickolson,"[{""product"":""Candle Flux 990"",""quantity"":1},{""product"":""Candle Bloom 1000"",""quantity"":1},{""product"":""Candle Quest 498"",""quantity"":1}]",5218.62,13.39,-37.850638,144.990101,15,4449.22,Winter,False,3.994,"candle arc 852 has become my preferred device for reading articles and marking up documents. handwritten notes feel natural, and i can return to an annotated page without losing my place. the screen is slightly cramped when i view two documents together, yet single-page work is comfortable. after 47 days, it has made study sessions more focused and productive.",True
CORD000120,CUS00242,2019-05-15,Bakers,"[{""product"":""Candle Orbit 656"",""quantity"":2},{""product"":""Candle Bloom 1000"",""quantity"":1},{""product"":""Candle Quest 498"",""quantity"":1}]",7648.29,13.29,-37.772111,144.996434,15,6514.34,Autumn,False,4.2139,"vela atlas 863 was disappointing for music and spoken-content playback. audio paused without warning, and commands were often missed unless i repeated them several times. the display also became awkward to use from across the room, with menus taking too long to respond. basic playback eventually started, but the interruptions made listening unreliable. i regret buying it and cannot recommend this smart display.",False
CORD000121,CUS00152,2019-05-26,Bakers,"[{""product"":""Candle Quest 498"",""quantity"":1},{""product"":""Candle Bloom 262"",""quantity"":1}]",2426.6,12.4,-37.855722,145.048683,25,1832.35,Autumn,False,6.9201,"the candle quest 984 has been playing music in our shared room for about six weeks, and it compares favourably with the small speaker i used before. it fills the space without requiring anyone to sit directly beside it, which suits our habit of moving between the table, sofa, and kitchen. the sound is pleasant for everyday playlists, podcasts, and background music, and voices remain understandable when we switch away from songs. what makes candle quest 984 more useful than my old speaker is the way it fits into group listening. i can connect it without moving furniture, and another person can take over the music without turning the whole routine into a technical task. we have used it during quiet work, casual meals, and weekend cleaning. it is not a dramatic room-filling system, but it gives the shared space a fuller feel than a phone or tiny desktop speaker. i compared it with a larger audio unit at a friend’s home. the larger product has more force at the lowest end and suits someone who wants music to dominate a room. candle quest 984 is more restrained, which is better for our shared use because conversation can continue. at very high volume, the sound loses some detail, so i keep it at a moderate level. that is also where the unit sounds most balanced. the body has been moved between shelves several times without becoming loose or awkward to handle. controls are easy to find, although the buttons are less distinct when the room is dark. i have not needed support, and daily playback has remained steady. people seeking concert-level impact may want something larger, but for shared-room music the candle quest 984 offers a convenient balance of clear voices, manageable size, and uncomplicated use.",True
CORD000122,CUS00396,2019-05-25,Bakers,"[{""product"":""Candle Quest 354"",""quantity"":1},{""product"":""Candle Flux 1098"",""quantity"":1},{""product"":""Candle Orbit 1034"",""quantity"":2},{""product"":""Vela Halo 569"",""quantity"":1},{""product"":""Candle Bloom 1054"",""quantity"":1}]",2961.8,12.63,-37.858063,145.050439,15,2530.16,Autumn,False,7.2162,"candle orbit 908 improved my home-office wireless coverage compared with the older unit positioned near the main connection. before the change, the office signal weakened whenever i moved farther from that room, and video meetings were less consistent from the back part of the house. i compared it with using the old unit and with relying on a phone connection in the weaker area. candle orbit 908 offered the most practical solution because it kept my regular devices on the household network while reaching the places where i actually work. setting it up involved choosing a better position and reconnecting devices one at a time. the process took longer than plugging in the previous unit, but the instructions made the sequence understandable. i tested it from the office, a nearby hallway, and the room where i sometimes take meetings. coverage felt more even across those locations, and moving with a laptop no longer required me to search for the strongest spot. streaming and ordinary browsing also stayed usable while another person was working elsewhere, which made the improvement noticeable to the whole household. the unit is not especially small, and i did not need every available setting. i left the advanced choices alone after the basic network was working. compared with the previous unit and the phone workaround, candle orbit 908 gives a more capable foundation for a home office. it has made my working routine less interrupted, and the two-year warranty is a reassuring addition for equipment that remains in use every day.",True
CORD000123,CUS00426,2019-01-25,Bakers,"[{""product"":""Vela Halo 659"",""quantity"":1},{""product"":""Candle Bloom 262"",""quantity"":2},{""product"":""Candle Bloom 1054"",""quantity"":2}]",3400.95,11.42,-37.791624,145.045674,10,3072.28,Summer,False,4.88,"candle arc 258 replaced a networking arrangement that left parts of our home office unreliable, especially when more than one person was working at the same time. i have been using it for nineteen days, and the main change is the steadier experience across the rooms where we actually work. video meetings, document access, and routine browsing now feel less dependent on finding the exact right position. compared with the previous setup, i spend far less time moving devices around or waiting for a connection to settle. the improvement is not just about reaching a distant corner. candle arc 258 has made the home office feel more predictable when several devices are active. i can move from my desk to another room without treating the transition as a test, and other household members can work online while i am using the connection for calls or research. the setup instructions were clear enough for me to follow without turning the process into an afternoon project. management options are also presented in a way that is understandable for normal household use. i still needed to place the unit thoughtfully, and the appearance is more functional than decorative. the connection can never be better than the service coming into the home, so i do not view it as a solution to every network problem. within its intended role, candle arc 258 compares very favorably with what i had before. it has reduced interruptions, made shared work easier, and given the home office the reliable coverage i was hoping to achieve.",True
CORD000124,CUS00481,2019-03-11,Bakers,"[{""product"":""Candle Bloom 1054"",""quantity"":1},{""product"":""Vela Halo 569"",""quantity"":2},{""product"":""Candle Flux 990"",""quantity"":1},{""product"":""Candle Quest 498"",""quantity"":2}]",5459.14,12.79,-37.745926,145.019147,0,5471.93,Autumn,False,7.4278,"vela wave 751 has handled my daily communication and navigation needs with very little drama. i use it for calls, messages, maps, and quick searches while moving around town, and those tasks open promptly and remain easy to follow. navigation has been particularly useful when plans change, since i can check a route without stopping to find another device. the phone feels comfortable in my hand and the screen is readable during ordinary indoor and outdoor use. messages and calls have remained dependable throughout my ownership, including while travelling between familiar areas. i occasionally wish the display were easier to see in very strong sunlight, but that has not prevented me from using it. battery performance has been sufficient for a typical day, with heavier navigation naturally requiring more attention. vela wave 751 has become a reliable daily companion, balancing communication and navigation without adding unnecessary complication.",True
CORD000125,CUS00094,2019-07-30,Bakers,"[{""product"":""Candle Quest 498"",""quantity"":1},{""product"":""Candle Bloom 1054"",""quantity"":1},{""product"":""Vela Halo 569"",""quantity"":3}]",2205.45,13.92,-37.771721,145.015479,5,2109.1,Winter,False,4.6129,"i have carried the candle orbit 890 for work documents, travel notes, and presentations in different rooms. its low weight is the strongest feature, and it fits easily into a small work bag without making the day feel heavier. documents open promptly and ordinary multitasking remains responsive. the keyboard is suitable for short writing, but the shallow keys are tiring during longer reports. the display looks sharp indoors, while reflections make it harder to share material beside a window. battery life is adequate for a morning of lighter work, though presenting with higher brightness leaves less reserve than i would prefer. the hinge opens smoothly, but the lid flexes slightly when i adjust it on a crowded table. video meetings are understandable, although the speakers are quiet in a larger room. the candle orbit 890 is a sensible portable work laptop, with enough capability for routine presentations but several compromises in endurance, typing, and visibility.",True
CORD000126,CUS00014,2019-03-12,Thompson,"[{""product"":""Candle Bloom 1054"",""quantity"":1},{""product"":""Vela Halo 569"",""quantity"":1},{""product"":""Vela Halo 659"",""quantity"":1}]",863.65,11.93,-37.85985,144.906996,10,789.21,Autumn,False,6.3169,"candle quest 498 improved the connection in the rooms furthest from my main router. setup was straightforward, and devices now remain connected while i move between the study and living area. video calls and ordinary streaming have been noticeably steadier, with fewer interruptions during busy evenings. the strongest performance is still near the primary unit, but that is expected in a home network. it has solved the coverage gap i bought it for and has made the household connection more convenient.",True
CORD000127,CUS00456,2019-09-22,Thompson,"[{""product"":""Candle Bloom 1000"",""quantity"":3},{""product"":""Candle Bloom 1054"",""quantity"":1},{""product"":""Vela Halo 569"",""quantity"":1},{""product"":""Candle Quest 498"",""quantity"":1}]",7354.79,9.38,-37.835149,144.940277,10,6628.69,Spring,False,2.5694,"the candle orbit 944 has been used at home for evening listening, podcasts, and a few longer music sessions. its sound is pleasant enough for ordinary background listening, and voices remain easy to follow when i am cooking or reading nearby. the controls are simple, with no lengthy routine before starting playback. i also appreciated being able to move around the room without the cable getting in the way, which made it more convenient than the wired headphones i had been using. the comparison is less favourable when i listen carefully. the candle orbit 944 handles spoken material well, but some music sounds thinner than it does through my older wired pair. bass is present without being overwhelming, while busy sections can lose a little separation. that may not matter during casual listening, but it becomes clear when i switch between the two devices. the wireless connection held during normal use, although it took an extra moment to reconnect after i left the room and returned. for long sessions, the fit is acceptable rather than exceptional. the ear pads did not cause discomfort during a film, but after several hours i became aware of pressure around the sides. the controls are easy to find by touch, though i sometimes changed the volume when adjusting the position. battery use covered my usual evenings, but i did not feel comfortable starting a long session without checking the remaining charge. that uncertainty is a small disadvantage compared with a wired option. the candle orbit 944 is a balanced home audio choice for podcasts, casual music, and television. it gives up some detail and immediate reconnection compared with a wired pair, while adding freedom of movement and a cleaner setup. i would keep it for relaxed listening, but someone focused on sound separation or all-day comfort may find its compromises more significant.",True
CORD000128,CUS00255,2019-03-23,Bakers,"[{""product"":""Candle Flux 1098"",""quantity"":1},{""product"":""Candle Flux 990"",""quantity"":1},{""product"":""Candle Quest 354"",""quantity"":1}]",3293.47,26.49,-37.758767,145.042244,15,2825.94,Autumn,False,7.0369,"candle lumen 1012 has been a frustrating device for watching videos and joining family calls. the screen sometimes stops responding near the edges, which makes scrolling awkward and causes missed controls. video playback pauses unexpectedly even when other devices on the same connection are working, and the sound becomes weak unless the volume is pushed almost to its limit. during calls, the microphone produces a hollow, distant voice that makes conversation difficult. i also found the setup process confusing because several permissions appeared before i could reach the main screen. the casing collects fingerprints and feels less solid than expected. it can display a film and open a call, but those basic functions do not outweigh the unreliable playback, poor audio, and irritating controls. candle lumen 1012 has been a regretful purchase.",False
CORD000129,CUS00468,2019-08-20,Bakers,"[{""product"":""Candle Orbit 656"",""quantity"":2},{""product"":""Vela Halo 659"",""quantity"":1}]",4788.83,29.7,-37.754647,145.051281,0,4818.53,Winter,False,7.8829,"candle flux 828 has been supporting video meetings and media streaming in my home. compared with the older network arrangement, joining a call is generally smoother and ordinary streaming does not require as much waiting before it begins. during one-to-one meetings, speech and picture have stayed together more consistently, and family members can use the connection for separate browsing without immediately creating a problem. the controls are reasonably clear once set up, and i appreciate not having to restart the equipment for every small interruption. for routine use, it has made the household connection feel less fragile. the comparison is less favourable when several demanding activities happen together. a meeting can become uneven while another person is streaming, and the change is noticeable before the connection fully recovers. compared with a simpler arrangement used only for browsing, candle flux 828 has more to manage and takes longer to diagnose when something feels wrong. placement also matters more than i expected; moving it slightly changed the experience in one room. the basic connection remains available, but the performance is not equally calm at every busy period. i have learned to avoid starting large transfers during important calls. candle flux 828 is a practical middle choice for meetings and media in a modest household. it is a clear improvement over my previous setup for ordinary use, yet shared demand reveals limits that are not visible during testing. i am satisfied with the steadier routine, while anyone expecting uninterrupted performance under heavy use should compare alternatives carefully.",True
CORD000130,CUS00035,2019-06-25,Bakers,"[{""product"":""Vela Halo 569"",""quantity"":1},{""product"":""Candle Quest 498"",""quantity"":1},{""product"":""Candle Quest 354"",""quantity"":1},{""product"":""Candle Orbit 656"",""quantity"":1},{""product"":""Candle Bloom 262"",""quantity"":1}]",5240.53,23.83,-37.801457,144.997687,10,4740.31,Winter,True,0.9737,"i installed the vela pulse 1045 to manage the blinds and curtains without walking from room to room several times each day. after an initial period of adjusting the routine, it has become a quiet convenience. in the morning, the curtains open as part of the household rhythm, and in the evening the blinds close while we are preparing dinner or settling down for the night. the most useful part has been the consistency of the routines. i can still operate the blinds manually when needed, but the scheduled actions reduce the small decisions that used to be easy to forget. i have created different settings for the main living area and bedroom, which suits the way those rooms are used. the controls are understandable once the basic arrangement is established, although deciding the best timing took a few attempts because daylight changes across the season. the hardware is unobtrusive and has not made the windows look untidy. i have watched the blinds move several times to check that the action is gentle and complete, and so far the mechanism has worked as expected. very heavy curtains require more attention to how they are fitted, so careful installation matters. that is a practical consideration rather than a flaw in the routine itself. after more than a month, the vela pulse 1045 has made mornings and evenings smoother. it is not a dramatic household transformation, but the repeated little actions add up, especially when my hands are full or i am already in another room. the flexible scheduling, quiet operation, and ability to retain manual control have left me pleased with this addition to the home.",True
CORD000131,CUS00406,2019-11-29,Bakers,"[{""product"":""Candle Bloom 1000"",""quantity"":2},{""product"":""Candle Orbit 656"",""quantity"":1},{""product"":""Candle Flux 990"",""quantity"":1},{""product"":""Candle Quest 354"",""quantity"":1},{""product"":""Candle Orbit 1034"",""quantity"":1}]",8972.89,9.36,-37.791671,144.977819,5,8533.61,Spring,False,2.5481,"the candle lumen 544 has made long listening sessions at home noticeably easier than my previous wireless audio setup. i have used it during reading, cooking, and several evenings of uninterrupted music, and the sound remains pleasant at ordinary room volume. voices are distinct, instruments do not blur together, and i can move around the house without repeatedly reaching for the controls. the connection has stayed steady throughout the fifteen days i have owned it. compared with my older unit, the candle lumen 544 needs less attention once playback begins. pairing took little effort, and returning to a familiar device has been consistent rather than frustrating. i particularly notice the difference during longer sessions because the controls are simple enough to use without interrupting whatever i am doing. the housing feels solid, although the buttons are close together and i occasionally press the wrong one when the room is dark. i also tried using it in a shared room while someone else was reading nearby. the audio remained clear at a moderate level, and reducing the volume did not make speech disappear. it is not the most powerful choice for filling a large space, but that is not how i use it. for ordinary home listening, it gives a smoother experience than the equipment it replaced. the twelve-month warranty is a useful extra safeguard, and i would choose the candle lumen 544 again for relaxed, extended listening.",True
CORD000132,CUS00330,2019-04-29,Thompson,"[{""product"":""Candle Flux 1098"",""quantity"":1},{""product"":""Candle Quest 354"",""quantity"":1}]",1199.02,12.47,-37.772132,144.885928,5,1151.54,Autumn,False,7.0132,"vela pulse 217 has become part of my walking and commuting routine because it puts notification checks in a more convenient place than my phone pocket. i can notice incoming reminders or messages without stopping to search through a bag, and that small change makes busy journeys feel less interrupted. compared with checking the phone repeatedly, the wearable encourages me to keep moving and deal with non-urgent items at a sensible pause. the fit has been comfortable enough for regular walks, and i have not found the device distracting once i adjusted to wearing it. notifications are most helpful when i am carrying things or moving through a crowded station. the display is easier to consult than a phone in those situations, although a phone remains better for reading longer messages or responding in detail. that is an honest difference between this compact format and a larger device rather than a serious weakness. i have tried relying only on phone alerts, but they are easier to miss when the phone is tucked away. vela pulse 217 gives me a useful middle option: enough information to decide whether something needs attention, without turning every journey into a phone session. its purpose is narrower than a full-featured wearable, yet that simplicity suits my routine. after several weeks of ownership, i see it as a practical companion for walking and commuting, and i would choose it over carrying the phone in my hand.",True
CORD000133,CUS00116,2019-11-13,Thompson,"[{""product"":""Candle Orbit 1034"",""quantity"":1},{""product"":""Candle Edge 680"",""quantity"":1}]",2833.32,12.32,-37.7534,144.951659,25,2137.31,Spring,False,6.6032,"candle shift 898 has improved the connection in the rooms where our usual signal had been weakest. placement was uncomplicated, and the indicator made it easy to find a sensible position between the main connection and the area that needed coverage. once installed, phones, a laptop, and a television moved between rooms with fewer interruptions than before. i appreciated not having to change the way the household uses the network. the management screen is understandable, and checking the status after setup took only a moment. there was a brief pause while the system settled after the first restart, but subsequent use has been steady. the unit is compact enough to fit without crowding a shelf or outlet. after several weeks, candle shift 898 has delivered the broader coverage i wanted and has made shared online activities more consistent. it is a solid improvement for a multi-room home.",True
CORD000134,CUS00423,2019-12-15,Thompson,"[{""product"":""Candle Orbit 656"",""quantity"":2},{""product"":""Candle Bloom 1054"",""quantity"":1},{""product"":""Vela Halo 569"",""quantity"":1},{""product"":""Candle Bloom 262"",""quantity"":1},{""product"":""Candle Orbit 1034"",""quantity"":1}]",6823.25,13.67,-37.740175,144.956831,5,6495.76,Summer,False,8.1069,"we have used the vela spark 1053 for shared film and television viewing, and the large display gives everyone a comfortable view from the sofa. menus respond promptly and the picture remains pleasing in ordinary indoor light. sound is adequate, though dialogue can feel thin without separate speakers, and the reflective surface catches lamps. it is not a perfect cinema setup, but it has made casual family viewing simple and enjoyable over time.",True
CORD000135,CUS00108,2019-03-23,Nickolson,"[{""product"":""Candle Orbit 1034"",""quantity"":1},{""product"":""Candle Edge 680"",""quantity"":1},{""product"":""Vela Halo 569"",""quantity"":1}]",2982.41,11.04,-37.865208,144.970287,15,2546.09,Autumn,False,5.1835,"candle shift 358 has strengthened wireless coverage around my home office. calls remain stable, devices connect promptly, and the rooms that previously had occasional weak service are now much more usable. setup was manageable and did not require much troubleshooting. the settings are a little dense, but once configured the network has been reliable.",True
CORD000136,CUS00258,2019-02-12,Bakers,"[{""product"":""Candle Orbit 656"",""quantity"":1},{""product"":""Vela Halo 569"",""quantity"":1},{""product"":""Candle Flux 1098"",""quantity"":1},{""product"":""Candle Bloom 262"",""quantity"":2}]",5443.93,18.46,-37.808989,145.002652,15,4645.8,Summer,True,0.6614,"i installed the candle bloom 568 to compare it with the network equipment already serving our household. the difference was clearest when several people were online at once. with the candle bloom 568 handling phones, a television, laptops, and smaller connected devices, the connection felt more even than before. browsing, calls, and streaming could happen together without the repeated interruptions that had made busy evenings frustrating. i did not need to keep checking which device was consuming all the attention. the setup was less complicated than i expected. i followed the instructions, placed the unit in a central position, and gradually connected the household devices rather than attempting everything at once. the indicator information was understandable, which helped when i was checking coverage from another room. my previous equipment still performed adequately when only one or two devices were active, so the candle bloom 568 is not a dramatic change for quiet periods. its value appears when the home is busy, and that is when i notice it most. after using it for twenty-eight days, the candle bloom 568 has made shared connectivity less of a conversation in our home. there are still weak spots if i move too far from the central area, and placement matters more than the quick setup might suggest. even so, compared with the older arrangement, this network feels more stable and less demanding to manage. it has been a worthwhile improvement for a household with several devices online together.",True
CORD000137,CUS00327,2019-12-19,Thompson,"[{""product"":""Candle Bloom 262"",""quantity"":1},{""product"":""Vela Halo 659"",""quantity"":1}]",1382.98,8.66,-37.804523,144.944167,10,1253.34,Summer,False,0.9414,"the vela pulse 703 has suited our shared film and television viewing better than expected. the picture remains clear from the usual seating positions, and the menus are simple enough that different people can start a programme without asking for help. motion looks smooth during ordinary scenes, and the display has enough brightness for daytime viewing. switching between services and input sources has also been straightforward during family evenings. the built-in speakers lack depth for films, so we sometimes use separate audio, and reflections appear when the curtains are open. those limitations are easy to work around in our room. the display has been dependable through regular use and has made shared viewing less complicated. the vela pulse 703 offers a pleasant picture and a practical experience for everyday family entertainment.",True
CORD000138,CUS00205,2019-11-08,Bakers,"[{""product"":""Candle Orbit 1034"",""quantity"":1},{""product"":""Candle Bloom 1054"",""quantity"":1}]",1031.77,16.49,-37.8842,145.032868,10,945.08,Spring,False,8.8883,"i used the vela spark 243 for presentations and photo viewing and compared it with a plain monitor that had been in the spare room. the smart display looks less bulky, but that advantage disappears when setting up a presentation. files do not always appear in the order expected, and moving between a presentation and a photo folder is slow. the older monitor required an extra device, yet it showed slides without the pauses and menus that interrupt a meeting. with the vela spark 243, i have had to check the screen before presenting because a selected file can take too long to open. photo viewing is similarly uneven. images load clearly enough at normal size, but scrolling through a large group produces delays, and the display occasionally returns to the previous image after a pause. reflections make the screen difficult to read from the side, which is a problem when several people are gathered around it. the stand feels secure on a desk, though its limited adjustment makes the viewing angle awkward. a short presentation can be completed, and the basic display remains active, but completing a task is not the same as making it smooth. compared with the older monitor, this device adds smart features while introducing more points of failure. the controls are frustrating, the transitions are unreliable, and photo sessions feel unnecessarily slow. after forty-two days, i regret buying the vela spark 243 for meetings and cannot recommend it as a dependable presentation display.",False
CORD000139,CUS00404,2019-05-01,Thompson,"[{""product"":""Candle Flux 990"",""quantity"":1},{""product"":""Vela Halo 569"",""quantity"":1},{""product"":""Candle Quest 354"",""quantity"":1},{""product"":""Candle Orbit 656"",""quantity"":2}]",7170.44,13.83,-37.743661,144.899151,10,6467.23,Autumn,False,8.7534,"candle edge 734 has been used for background music in a shared room where different people come and go. pairing was quick, and the connection has remained stable while the source device moves around the house. music fills a small to medium room clearly, and spoken tracks remain understandable at moderate volume. the sound becomes less balanced when pushed louder, with the lower tones drawing attention away from detail. controls are simple, although reaching the unit is preferable to changing every setting from a distance. it has worked well for ordinary household listening and has not demanded much maintenance. the speaker is a sensible shared-room choice, provided expectations remain around casual playback rather than room-filling performance.",True
CORD000140,CUS00491,2019-12-24,Bakers,"[{""product"":""Candle Flux 990"",""quantity"":1}]",2094.45,10.58,-37.777146,144.990192,5,2000.31,Summer,False,3.6795,"candle bloom 1036 has worked well for portable gaming during trips and quiet breaks away from home. i previously carried a larger setup that offered a more comfortable long session but was inconvenient to pack, so i wanted something easier to take along. this device occupies much less space in my bag and can be brought out without arranging a whole desk. that convenience has meant i actually use it while travelling instead of leaving my gaming equipment at home. compared with the larger system, candle bloom 1036 feels more suitable for short and medium sessions. the controls are responsive enough for the games i play, and i have not struggled to understand the basic interface. the screen is practical for portable use, although i would still choose the larger setup for a long evening because the bigger display feels less tiring. that is a fair trade-off for a device intended to travel, and it has not reduced my enjoyment during the situations where i bought it. i have used it in a hotel room, on a train journey, and while waiting between activities. in each case, starting a game was quicker than unpacking my old equipment. the lighter design is especially helpful when carrying other belongings, and the controls remain comfortable for the length of session i normally have on the move. longer play can make the device feel warm, but i have not experienced a shutdown or a failure to continue playing. the comparison is really about portability against the advantages of a fixed setup. candle bloom 1036 does not replace a larger screen or a full home arrangement, yet it is much more practical for travel. it has survived being packed and unpacked repeatedly without becoming loose or awkward to operate. for anyone wanting gaming access away from home, i find it a dependable compromise and a worthwhile addition rather than a replacement for every other option.",True
CORD000141,CUS00172,2019-11-15,Nickolson,"[{""product"":""Vela Halo 659"",""quantity"":1}]",264.71,12.5,-37.873078,145.006004,0,277.21,Spring,False,6.8518,"candle quest 120 has served well for photo adjustments, short videos, and other creative projects. applications open promptly, and switching between an editor, reference images, and music remains responsive during a normal session. the keyboard is pleasant for longer notes, while the screen gives my work a crisp, useful view. fan noise becomes noticeable during heavier exports, but it has been a dependable laptop for my established workflow.",True
CORD000142,CUS00114,2019-02-04,Thompson,"[{""product"":""Candle Quest 354"",""quantity"":1},{""product"":""Candle Bloom 1054"",""quantity"":1},{""product"":""Candle Orbit 656"",""quantity"":2}]",5376.75,22.72,-37.842273,144.923437,5,5130.63,Summer,True,3.8912,"candle bloom 1000 was purchased for portable document work and video meetings, then compared with another lightweight laptop used in the same places. the first impression is that it is easy to carry, but the reduced weight does not compensate for the problems during a working day. the keyboard feels shallow and noisy, with a cramped layout that causes frequent typing mistakes. the trackpad sometimes ignores a short movement and then jumps, making document selection awkward. when several files are open, switching between them produces pauses and occasional frozen windows. those interruptions are frustrating during meetings because notes fall behind while the system catches up. video calls exposed further weaknesses. the camera image becomes grainy indoors, and the microphone captures nearby sounds more strongly than my voice. other participants asked me to repeat points even when i was sitting close to the screen. compared with the other laptop, candle bloom 1000 also loses battery charge quickly during a meeting combined with document editing. the percentage indicator drops unevenly, so remaining time is difficult to judge. the display is readable at a desk, but reflections make it hard to work near a bright window. basic documents can be opened and edited, yet the poor keyboard, hesitant multitasking, weak meeting audio, and unreliable battery estimate make this model disappointing. after 32 days, i carry a charger and keep backup notes because the computer cannot be trusted for a full mobile session. i regret choosing it for regular work and would avoid it for frequent video meetings.",False
CORD000143,CUS00076,2019-03-12,Thompson,"[{""product"":""Candle Flux 1098"",""quantity"":2},{""product"":""Vela Halo 569"",""quantity"":2}]",1890.66,22.74,-37.852794,144.900108,10,1724.33,Autumn,True,6.0755,"vela wave 571 has become the phone i rely on for work calls, calendar checks, and keeping track of a changing schedule. calls have remained clear in the places where i normally work, and the calendar is quick to reach when plans change between meetings. i can move from a call to a message or reminder without the device feeling sluggish, which matters when several tasks compete for attention. the size works well in one hand, although the display feels a little narrow when i am reviewing a long agenda. battery performance has suited my ordinary workday, including periods of frequent calling and messaging. the finish has also survived being carried with keys and notebooks without obvious damage. vela wave 571 is not overloaded with distractions, and that focused balance has made it a reliable part of my working day.",True
CORD000144,CUS00008,2019-01-28,Bakers,"[{""product"":""Vela Halo 569"",""quantity"":1}]",149.09,9.91,-37.790464,144.976542,20,129.18,Summer,True,2.7228,"i compared vela echo 763 with the separate speaker and phone routine i had been using for music and spoken content. the smart display keeps playback in one place and makes it quicker to start a recording, pause it, or return to something i was listening to earlier. i have used it during breakfast, while cooking, and in the evening, and the screen is helpful when i want to identify a programme or see what is queued. spoken content is where i notice the greatest improvement. voices are easy to follow at ordinary room volume, and i do not need to keep my phone nearby just to make a small adjustment. music works well as background sound, while the display gives the room a more useful centre than the old speaker alone. compared with the previous routine, vela echo 763 also feels more approachable when someone else in the household wants to start playback without asking for help. the screen is not large enough for serious video watching, and the sound does not have the depth i would look for from dedicated music equipment. those limits fit the role i gave it. i wanted convenient music and spoken-content playback, not a full entertainment system. vela echo 763 has made everyday listening easier to share and less dependent on a separate phone. the controls took a short period of familiarity, but the overall experience has been positive and dependable for the room where it is installed.",True
CORD000145,CUS00251,2019-01-01,Bakers,"[{""product"":""Vela Halo 659"",""quantity"":1},{""product"":""Vela Halo 569"",""quantity"":3},{""product"":""Candle Bloom 1000"",""quantity"":1},{""product"":""Candle Bloom 1054"",""quantity"":1},{""product"":""Candle Quest 354"",""quantity"":1}]",3380.45,10.37,-37.78154,145.009114,20,2714.73,Summer,False,3.3911,"vela core 723 has become a dependable screen for family media streaming. the picture is pleasant from our usual seating positions, and moving between programmes is simple for both adults and children. it has remained responsive during ordinary browsing and has not interrupted our longer viewing sessions. the remote buttons are somewhat close together, which causes occasional mispresses, but everyone has adapted. it has been a welcome addition to our evenings.",True
CORD000146,CUS00129,2019-11-11,Bakers,"[{""product"":""Candle Edge 680"",""quantity"":1},{""product"":""Candle Flux 990"",""quantity"":1},{""product"":""Candle Quest 354"",""quantity"":1}]",4748.63,14.54,-37.7542,144.999717,10,4288.31,Autumn,False,6.2167,"i used vela nova 429 beside an older tray and a simple fabric pouch to organise charging cables around my desk. the comparison was disappointing because the small accessory takes up more attention than either alternative. placing a cable into the holder is straightforward when the cable is already loose, but removing one-handed is awkward when i am in a hurry. several cables slide out of position when another cable is pulled away. the material feels light and the base shifts across a smooth desk. it remains in place on a rougher surface, yet that is not where i normally need it. the openings are narrow enough that thicker charging leads bend sharply, while thinner leads can slip through and disappear behind the desk. i spent time adjusting the arrangement and still found cables tangled around the side. compared with the pouch, the holder exposes the cables, but exposure is not useful when the cables are difficult to retrieve. after regular use, the area looked less orderly than it had with the tray. the accessory does not require complex installation, and it performs the narrow function of holding a cable for a moment, but that limited result is overshadowed by unstable placement and poor access. vela nova 429 may suit a very specific cable size and fixed position. for a mixed household collection, the simple alternatives are less frustrating. i regret replacing the older organiser and would avoid this one.",False
CORD000147,CUS00149,2019-10-02,Thompson,"[{""product"":""Candle Bloom 1054"",""quantity"":1},{""product"":""Candle Flux 990"",""quantity"":1},{""product"":""Candle Orbit 1034"",""quantity"":2}]",3708.14,22.68,-37.762646,144.910878,5,3545.41,Spring,True,6.4077,"vela halo 533 has been a good fit for casual gaming in our living room. the display gives everyone enough space to follow what is happening, and the picture remains enjoyable when people sit to the side rather than directly in front. i have used it with several short sessions, and switching from a game to television afterwards has been simple. the controls are clearly arranged, so family members who do not play often can still adjust the volume or change the input without asking for help. motion remains pleasant during ordinary games, and the sound is clear enough for dialogue and basic effects. players wanting a highly specialised gaming display may want more advanced options, but those were not important for our relaxed use. the screen takes a little time to wake fully, and the remote is easier to use when pointed carefully. vela halo 533 has made impromptu evening games more inviting and now gets used for both play and general viewing.",True
CORD000148,CUS00229,2019-05-23,Bakers,"[{""product"":""Candle Flux 990"",""quantity"":1}]",2094.45,8.29,-37.802252,144.979127,10,1893.29,Autumn,False,1.6563,"vela wave 769 has accompanied me on several trips, and it has kept my small mobile accessories together without taking up much room. the case opens smoothly, the internal space is arranged sensibly, and my cables, charger, and spare items stay in their places while the bag is being moved. its shape slips neatly into a larger travel bag, while the outer material gives the contents a useful layer of protection from ordinary knocks and rubbing. i particularly like being able to find a cable quickly instead of emptying everything onto a hotel desk. the zip has continued to move cleanly, and the seams still look tidy after regular handling. the case is not roomy enough for bulky equipment, so i would check the dimensions against your own kit before buying. for compact essentials, however, vela wave 769 feels thoughtfully made and has reduced the small irritation of travelling with loose accessories. it is a practical companion that i am glad to have.",True
CORD000149,CUS00201,2019-04-14,Thompson,"[{""product"":""Candle Quest 354"",""quantity"":1}]",402.78,14.53,-37.772866,144.90427,5,397.17,Autumn,False,5.8082,"candle vista 272 was intended for field forms and client presentations, but it has been a poor tool for both. forms sometimes take too long to load, and returning to an unfinished entry can clear part of what was already typed. that creates an awkward need to recheck every field before moving on. during presentations, the display occasionally pauses when changing material, leaving an uncomfortable silence while the audience waits. the touchscreen registers ordinary taps, although the keyboard becomes cramped when entering longer notes. carrying the tablet between appointments is also tiring because the body feels heavier than expected. i have used candle vista 272 across several work sessions and found the same delays rather than a one-off problem. it can show a document and accept a short form, but those basic actions are not sufficient for dependable field use. the tablet is sluggish, frustrating, and unreliable when accuracy matters.",False
CORD000150,CUS00410,23/04/2019,Thompson,"[{""product"":""Candle Orbit 656"",""quantity"":2},{""product"":""Candle Edge 680"",""quantity"":1},{""product"":""Vela Halo 659"",""quantity"":1}]",7040.23,9.54,-37.820382,144.911377,0,7049.77,Autumn,False,3.2503,"the candle quest 372 has accompanied me on visits where i need to complete field forms and show short presentations. its size makes it easier to pass around than a laptop, and the screen remains readable when several people are looking at it. form entry is straightforward, with enough room for notes and signatures, while ordinary files open without much waiting. outdoor brightness is less convincing, and reflections can make a presentation awkward unless i find shade. the speakers are fine for a small group but not for a noisy venue. it has made mobile work more convenient without being perfect in every setting. i would describe it as capable for practical visits rather than a specialised presentation tool.",True
CORD000151,CUS00302,2019-10-16,Bakers,"[{""product"":""Candle Edge 680"",""quantity"":2},{""product"":""Candle Bloom 1054"",""quantity"":1},{""product"":""Candle Quest 354"",""quantity"":1}]",5355.43,12.38,-37.829643,145.022875,10,4832.27,Spring,False,3.2662,"i used candle bloom 550 for document work and video meetings over several weeks, comparing it with a small laptop already used for the same tasks. the lighter design is noticeable when carrying it between rooms, but that is the main advantage i found. opening documents, switching between windows, and joining meetings regularly felt sluggish, especially after several applications had been open for a while. video calls exposed more problems. the camera image was serviceable in bright light, yet the microphone picked up room noise and voices sometimes sounded distant. the fan became distracting during longer calls, and the lower part of the laptop grew warm while i was typing. a meeting could be completed, but the interruptions and uneven response made routine work frustrating. the keyboard also felt cramped compared with the other laptop, with awkward key spacing that slowed ordinary writing. candle bloom 550 handled basic document editing and did not fail to start, but those facts do not offset the daily irritation. battery use was inconsistent, and moving between a charger and a meeting often produced a warning before i expected one. the included warranty may help if a fault develops, although the current issues feel like poor day-to-day design rather than a single defect. against the older machine, this model is lighter but less responsive, less comfortable, and less dependable. i regret replacing a workable laptop with it.",False
CORD000152,CUS00375,2019-05-12,Nickolson,"[{""product"":""Candle Orbit 1034"",""quantity"":1},{""product"":""Candle Quest 354"",""quantity"":1}]",984.7,23.8,37.885145,144.960802,0,1008.5,Autumn,True,7.4398,"candle flux 414 has been part of my focused desk routine for twenty days, mainly for music while reading and writing. the wireless connection has stayed consistent near my desk, and the sound is balanced enough for background listening without requiring constant adjustment. voices and lighter instruments are easy to follow, while bass-heavy tracks feel less full than they do through my larger home speakers. the ear cups remain comfortable for a couple of hours, though warmth builds up during longer sessions. compared with my older wired headphones, candle flux 414 gives me more freedom to stand up or reach a shelf without interrupting the music. the wired pair still produces a broader sound and never needs charging, so it remains preferable when i am settled for serious listening. flux 414 is more convenient for daily work, but the controls are small and i sometimes press the wrong one when changing volume. pairing was straightforward after the first attempt, although moving between devices is not completely seamless. the exterior feels ordinary rather than luxurious, and the hinges deserve gentle handling. battery performance has suited my weekday use, but a long weekend away would require planning. leakage is modest at normal volume, yet people nearby can hear more than i expected in a quiet room. candle’s warranty is reassuring, although support has not been needed. overall, candle flux 414 offers a sensible balance of comfort and convenience, with sound quality and controls that keep it from being a clear upgrade for dedicated listening.",True
CORD000153,CUS00095,2019-05-20,Thompson,"[{""product"":""Vela Halo 659"",""quantity"":1},{""product"":""Candle Quest 354"",""quantity"":1},{""product"":""Vela Halo 569"",""quantity"":1},{""product"":""Candle Bloom 1000"",""quantity"":1}]",2632.42,21.17,-37.821091,144.902119,10,2390.35,Autumn,True,4.0579,"vela halo 767 has been useful for walking reminders and checking notifications during my commute. the display is readable at a glance, and alerts arrive without requiring me to take out my phone. it is light enough for all-day wear and the strap has remained comfortable. charging takes a little more fiddling than expected, but it is not frequent. for basic everyday prompts, it has performed reliably.",True
CORD000154,CUS00155,2019-04-19,Nickolson,"[{""product"":""Candle Bloom 1054"",""quantity"":1},{""product"":""Candle Edge 680"",""quantity"":2},{""product"":""Candle Bloom 262"",""quantity"":1},{""product"":""Vela Halo 569"",""quantity"":1}]",6220.01,18.21,-37.819512,144.97241,15,5305.22,Autumn,True,0.271,"vela core 201 replaced a phone that had become frustrating for ordinary navigation and communication. i was not looking for an elaborate camera or a device aimed at mobile gaming; i wanted something that would handle messages, calls, maps, and daily browsing without demanding constant attention. in that role it has been a strong step forward. the screen remains readable while i am checking directions, and the phone responds promptly to the small tasks i perform throughout the day. navigation has been particularly convenient. i use it while walking, on public transport, and when finding unfamiliar places, and i have not had the repeated pauses that affected my previous phone. calls and messages have also been uncomplicated. the body is comfortable enough for one-handed checking, although the smooth finish makes a case sensible if, like me, you tend to put the phone down on different surfaces. battery life has matched my routine rather than exceeding it dramatically, so heavy users may still want to carry a charger. compared with the older handset, vela core 201 feels less temperamental and more responsive. compared with a premium phone, it may not offer the same specialised extras, but those were not important to my use. i appreciate that it covers the practical middle ground without making simple communication feel like a technical project. after using it for several weeks, the main difference is the absence of small annoyances: maps open when needed, messages send without fuss, and the device generally stays out of the way.",True
CORD000155,CUS00432,2019-12-12,Thompson,"[{""product"":""Candle Quest 498"",""quantity"":1},{""product"":""Candle Quest 354"",""quantity"":2},{""product"":""Candle Bloom 262"",""quantity"":1}]",3232.16,12.84,-37.751052,144.957739,5,3083.39,Summer,False,6.9158,"the candle edge 842 has been part of my sketching routine for around six weeks. compared with drawing on a phone, the larger surface gives my hand more room and makes rough layouts easier to judge. i have used it for diagrams, handwritten notes and lightweight creative work rather than finished professional projects. the screen is comfortable for viewing a page at a time, and the device is easier to carry than my laptop when i want to work away from the desk. the first few sessions involved adjustment. the drawing response felt natural after i changed how i rested my hand, but the default arrangement did not suit every application i tried. the candle edge 842 handles simple sketches and colour studies without trouble, while more layered work requires patience when moving between tools. compared with paper, it offers quicker correction and simpler storage; compared with a full desktop setup, it provides less room for panels and detailed control. neither comparison is entirely one-sided. i also used it for reviewing documents and adding brief annotations. that was more convenient than switching to a separate notebook, although the on-screen keyboard is not my preferred way to write a long explanation. the battery has covered my normal sessions, and the body is light enough for a café table without feeling fragile. at times the display becomes crowded when i combine a reference image with several editing controls. the candle edge 842 is therefore a capable middle option for casual drawing and portable creative work. it saves time for sketches and notes, but artists needing an expansive, specialised workspace may find the compromises significant.",True
CORD000156,CUS00331,2019-05-19,Bakers,"[{""product"":""Candle Flux 990"",""quantity"":1},{""product"":""Candle Flux 1098"",""quantity"":1},{""product"":""Vela Halo 659"",""quantity"":1},{""product"":""Candle Bloom 1000"",""quantity"":2}]",6787.08,25.92,-37.825751,145.06426,20,5455.58,Autumn,True,6.3114,"i bought the vela spark 531 for travel planning and media, expecting it to replace an older phone without much trouble. compared with that older device, the screen is harder to read outdoors and the battery drops uncomfortably fast when maps, mobile data, and video are used together. a route can be followed, but switching between the map and a booking page often leaves one of them reloading, which makes a simple change frustrating. the 5g connection is inconsistent in places where my previous phone remained usable, and the phone sometimes takes too long to reconnect after leaving coverage. that is a serious problem when checking travel information on the move. media use is also a poor comparison. video playback is watchable, yet the sound is thin and the casing becomes unpleasantly warm after a longer session. storage management feels awkward because large downloads quickly leave little room for photographs and offline maps. the camera produces acceptable snapshots in daylight, but indoor images look dull and lack detail. calls themselves are possible, although the microphone picked up distracting background noise in a busy terminal. the slim shape is easy to carry, but it feels fragile and the buttons are difficult to find without looking. i have not had a reason to test the warranty, and the phone has not delivered the dependable travel experience i wanted. compared with what i already owned, the vela spark 531 adds 5g branding without removing the same old inconveniences, so i regret choosing it and cannot recommend it for regular travel.",False
CORD000157,CUS00391,2019-01-12,Nickolson,"[{""product"":""Candle Edge 680"",""quantity"":1},{""product"":""Candle Flux 1098"",""quantity"":1}]",3047.64,8.58,-37.817137,144.960379,0,3056.22,Summer,False,0.8218,"candle shift 196 has worked well for my game streaming and media capture sessions. the setup was clear enough to get a first recording running quickly, and the controls remain understandable when i am focused on the game rather than the equipment. captured footage has been consistent during ordinary sessions, and switching between gameplay and other media has not caused repeated interruptions. i appreciate being able to review clips soon after recording without a complicated process. longer sessions make the unit warmer and the fan more noticeable, but that has not prevented me from using it for an evening. the design also fits neatly beside my other equipment instead of adding unnecessary clutter. candle shift 196 is not a perfect solution for every advanced production need, yet it has made casual streaming and capture straightforward and enjoyable.",True
CORD000158,CUS00414,2019-12-30,Nickolson,"[{""product"":""Candle Edge 680"",""quantity"":1},{""product"":""Candle Orbit 1034"",""quantity"":1},{""product"":""Candle Flux 990"",""quantity"":1},{""product"":""Candle Bloom 1054"",""quantity"":1}]",5377.62,10.2,-37.790336,144.969325,10,4850.06,Summer,False,3.1423,"i added vela nova 105 to control the lighting in a room that changes purpose during the day. in the morning it is a work area, later it becomes a place to relax, and in the evening i prefer softer light without getting up repeatedly. the app has made those transitions pleasantly simple. i can adjust the room from the chair, and household members who were initially sceptical learned the basic controls after only a few uses. the installation took a little patience because i checked the existing connection before fitting everything in place. once connected, the lighting responded promptly to ordinary commands. i have used the app when entering the room with full hands, when dimming the lights during a film, and when restoring a brighter setting before working. the most useful part has been the ability to make small changes without disturbing someone who is already settled. after a restart of our home network, vela nova 105 reconnected without requiring me to begin the whole process again. the app is not perfect. some screens take a moment to load, and i would prefer finer control over certain transitions. the physical lighting itself remains the main attraction, and it has continued to operate consistently through daily use. vela nova 105 has made one room easier to share because the atmosphere can change quickly for different activities. it is a modest piece of home automation, but the convenience has become part of our normal routine, and i am glad i installed it.",True
CORD000159,CUS00277,2019-05-29,Thompson,"[{""product"":""Candle Orbit 1034"",""quantity"":1},{""product"":""Candle Orbit 656"",""quantity"":1},{""product"":""Vela Halo 659"",""quantity"":1}]",3108.69,9.91,-37.781734,144.93083,15,2652.3,Autumn,False,3.7244,"vela halo 209 has given me a better position for my phone during desk work and calls. the angle can be changed without dismantling the mount, and the base remains stable when i tap the screen. i have moved it between a standing and seated arrangement several times, with no looseness developing. the adjustment range is not unlimited, and the holder is best suited to one device size, but it performs its main job very well.",True
CORD000160,CUS00308,2019-12-29,Bakers,"[{""product"":""Candle Bloom 262"",""quantity"":1},{""product"":""Vela Halo 659"",""quantity"":1},{""product"":""Vela Halo 569"",""quantity"":1},{""product"":""Candle Quest 498"",""quantity"":1}]",2840.4,12.34,-37.841646,145.053294,25,2142.64,Summer,True,6.1961,"vela nova 123 has become the screen my family uses most often for evening streaming. the picture is pleasant from different seats, and menus respond quickly enough that nobody is left waiting while choosing a programme. we have used it for films, television, and occasional short videos, with sound that fills our room without needing to be pushed to an uncomfortable level. setup was simple, including joining the household network and arranging the applications we use most. the remote is fairly compact, though a few buttons are close together and take some familiarity. after more than a month, playback has remained stable and the display has not shown any distracting faults. it also wakes promptly when someone wants to watch something casually. vela nova 123 is not a cinema replacement, but it gives us an enjoyable shared viewing experience and has earned its place in the living room.",True
CORD000161,CUS00414,2019-12-07,Nickolson,"[{""product"":""Candle Orbit 1034"",""quantity"":1}]",581.92,10.2,-37.790336,144.969325,10,533.93,Summer,False,3.1423,"i added vela nova 105 to control the lighting in a room that changes purpose during the day. in the morning it is a work area, later it becomes a place to relax, and in the evening i prefer softer light without getting up repeatedly. the app has made those transitions pleasantly simple. i can adjust the room from the chair, and household members who were initially sceptical learned the basic controls after only a few uses. the installation took a little patience because i checked the existing connection before fitting everything in place. once connected, the lighting responded promptly to ordinary commands. i have used the app when entering the room with full hands, when dimming the lights during a film, and when restoring a brighter setting before working. the most useful part has been the ability to make small changes without disturbing someone who is already settled. after a restart of our home network, vela nova 105 reconnected without requiring me to begin the whole process again. the app is not perfect. some screens take a moment to load, and i would prefer finer control over certain transitions. the physical lighting itself remains the main attraction, and it has continued to operate consistently through daily use. vela nova 105 has made one room easier to share because the atmosphere can change quickly for different activities. it is a modest piece of home automation, but the convenience has become part of our normal routine, and i am glad i installed it.",True
CORD000162,CUS00351,2019-06-18,Thompson,"[{""product"":""Candle Bloom 1000"",""quantity"":1},{""product"":""Candle Edge 680"",""quantity"":1},{""product"":""Candle Bloom 262"",""quantity"":1}]",5185.51,17.3,-37.871153,144.88324,15,4424.98,Winter,False,8.5849,"our family has spent enough time with the candle arc 1032 to see where it fits. shared browsing is smooth for ordinary pages, and the tablet starts quickly enough for a child to continue a lesson or for an adult to look up something in the kitchen. the screen size makes reading more pleasant than using a phone, while the weight is still manageable for carrying between rooms. i like that different people can pick it up without a long explanation, and the battery has covered several short learning sessions before needing attention. the mixed part is multitasking: moving between a lesson, a browser page, and a video call can feel awkward, with occasional pauses before the next view appears. the speakers are adequate for speech but not particularly rich, and the front camera is fine for basic calls rather than polished meetings. it is a practical shared tablet, though demanding users may want more headroom.",True
CORD000163,CUS00102,2019-06-11,Bakers,"[{""product"":""Vela Halo 569"",""quantity"":1},{""product"":""Candle Edge 680"",""quantity"":1},{""product"":""Candle Orbit 1034"",""quantity"":1},{""product"":""Candle Bloom 1000"",""quantity"":1}]",4798.25,12.92,-37.803145,145.033424,20,3851.52,Winter,False,3.4407,"candle bloom 280 has been shared between two people for administration, email, research, and ordinary home-office work. our previous laptop handled those tasks, but it felt slow whenever several browser pages and documents were open. this model has made that routine less interrupted. switching between a form, a spreadsheet, and reference pages feels more fluid, and i have not had to close work simply to make room for the next task. the keyboard was comfortable from the first long session, and the screen is suitable for reading without making every document feel cramped. my partner and i have different preferences for brightness and arrangement, yet both of us adjusted quickly. compared with the older laptop, candle bloom 280 also feels easier to carry from a desk to the kitchen table. it is light enough for that movement while still feeling solid when opened. the hinge has not developed any looseness during our use. i have used it for household forms, online research, note taking, and video meetings. calls have been clear, and the laptop has remained responsive while i keep notes nearby. battery performance has suited our normal working periods, although long sessions away from a power source still require planning. it is not intended for demanding creative software or intensive games, and i have not judged it on those tasks. for a shared home-office computer, candle bloom 280 is a noticeable improvement over our old machine: quicker in everyday work, comfortable to handle, and dependable enough that neither of us minds using it.",False
CORD000164,CUS00291,2019-02-16,Thompson,"[{""product"":""Candle Orbit 1034"",""quantity"":1},{""product"":""Vela Halo 659"",""quantity"":1}]",846.63,14.3,-37.878272,144.886908,15,733.94,Summer,False,9.0062,"vela wave 391 has handled family calls, messages, maps, and casual apps for the last twenty days. calls have been clear in the places where i normally use them, and the interface is familiar enough that different members of the household learned it quickly. switching between messages and a light app is smooth, although several active apps make the response less immediate. the size fits comfortably in one hand, but the display feels a little crowded when reading long conversations or editing a calendar entry. compared with the previous phone in our home, vela wave 391 opens everyday apps more promptly and keeps a signal reliably during ordinary travel. the older phone had a slightly more natural camera result in indoor light, while wave 391 produces images that are perfectly usable for family moments but not especially detailed. battery performance has been sufficient for a normal day, though heavy video use reduces the remaining charge quickly. that pattern is manageable, yet it means i still carry a charger on longer outings. the calendar and contact functions suit work and family coordination, but some settings are tucked away and take time to find. the exterior has survived being passed between users without visible trouble, although the smooth surface feels slippery without a case. vela’s warranty adds reassurance. i would call vela wave 391 a fair all-purpose phone: more responsive than our older one, adequate for communication and casual use, but not a standout camera or large-screen device.",True
CORD000165,CUS00004,2019-06-13,Nickolson,"[{""product"":""Candle Orbit 1034"",""quantity"":2},{""product"":""Vela Halo 659"",""quantity"":1}]",1428.55,16.6,-37.882767,145.004288,5,1373.72,Summer,False,7.7601,"candle vista 974 has been useful for video calls and online classes. the microphone keeps my voice clear enough for other participants, while incoming speech remains understandable during longer sessions. pairing was uncomplicated, and the connection has held steady at my desk. the ear pieces feel slightly warm after extended use, but shorter meetings are comfortable. it has reduced the distractions of remote communication and has performed consistently since i began using it.",True
CORD000166,CUS00089,2019-02-07,Thompson,"[{""product"":""Candle Orbit 1034"",""quantity"":2},{""product"":""Candle Edge 680"",""quantity"":1},{""product"":""Candle Flux 990"",""quantity"":3},{""product"":""Candle Flux 1098"",""quantity"":1}]",10494.83,10.64,-37.782635,144.967111,10,9455.99,Summer,False,3.7759,"candle flux 162 has been useful in the spaces between my larger devices. i bought it for portable media and video calls, and it now travels from the sofa to the kitchen table depending on what i am doing. watching a program feels more personal than using the television, while the screen is still large enough for another person to see when we sit together. the tablet starts quickly and the basic controls became familiar after a few sessions. i tested it with films, short clips and several video calls. holding it for a while is manageable, though i prefer resting it against a stand for longer viewing because the body eventually feels substantial in one hand. the camera angle works best when the tablet is supported on a table. in that position, i can take part in a call while keeping notes nearby, which has been convenient for informal meetings and family conversations. the audio is adequate for ordinary viewing, and i sometimes connect headphones when others are reading nearby. the surface attracts fingerprints after frequent touching, so i wipe it down more often than i expected. those are ordinary tablet compromises, and neither has reduced how often i use it. its portable size has also made it handy when someone else is using the main screen. candle flux 162 has earned a permanent place in my household because it adapts to different routines. it supports relaxed media use and practical calls without feeling specialised or difficult. the need for a stand during extended viewing is a minor limitation, but its flexibility has made the purchase worthwhile.",True
CORD000167,CUS00259,2019-12-21,Thompson,"[{""product"":""Candle Orbit 1034"",""quantity"":1},{""product"":""Candle Quest 354"",""quantity"":1},{""product"":""Candle Orbit 656"",""quantity"":1}]",3246.76,9.69,-37.833293,144.938445,0,3256.45,Summer,False,2.4147,"vela echo 151 has handled my daily calls, messages, and navigation without making those routine tasks feel burdensome. calls connect promptly, and the screen remains readable when i am checking a route or responding to a message while out. navigation has been steady during walks and drives, and the directions are easy to follow at a glance. the phone is comfortable to hold for short conversations and fits neatly in my everyday bag. i have noticed that the surface attracts fingerprints quickly, especially after using the map, so it needs an occasional wipe. that is a cosmetic nuisance rather than a functional concern. after regular ownership, vela echo 151 has remained responsive and trustworthy for communication and getting around town.",True
CORD000168,CUS00017,04/04/2019,Bakers,"[{""product"":""Candle Orbit 1034"",""quantity"":1},{""product"":""Candle Orbit 656"",""quantity"":2}]",5106.04,7.97,-37.798816,144.995808,5,4858.71,Autumn,False,1.2442,"candle orbit 260 has supported my reading, research, note taking, and ordinary document work over an extended period. it is light enough to carry between classes and home, and the keyboard suits longer typing better than many compact laptops i have tried. several research tabs and a document can remain open together without making routine work unpleasant. when i add more demanding browser tasks, response slows and the fan becomes noticeable, so i keep expectations focused on study rather than specialist production. the screen is comfortable for text, although i sometimes want more space when comparing several sources. video meetings have been usable, with the camera and microphone covering basic needs. battery life varies with brightness and workload. candle orbit 260 is a balanced study laptop: convenient and capable for research, with performance and screen-space limitations that become clear during heavier multitasking.",True
CORD000169,CUS00204,2019-10-04,Thompson,"[{""product"":""Candle Quest 354"",""quantity"":1},{""product"":""Candle Orbit 1034"",""quantity"":2}]",1566.62,9.44,-37.827717,144.923549,5,1497.73,Spring,False,2.6583,"vela atlas 737 has become a practical part of my workday because it lets me see calendar alerts and quick messages without reaching for my phone each time. compared with checking the old phone constantly, the small glance at my wrist is less disruptive during meetings, errands, and periods of concentrated work. i can decide whether something needs immediate attention before pulling out the larger device. that simple change has made notifications feel more manageable rather than more demanding. the wearable is comfortable enough for the usual day, and the display is readable when i raise my wrist. vela atlas 737 does not replace a phone for writing a proper reply, which i expected, but it gives me the information needed to decide what happens next. short messages are particularly well suited to it. calendar reminders have also been useful for transitions between tasks, especially when i am moving away from my desk. the alerts are not completely invisible, so i still adjust them when i want a quiet period. after several weeks, the routine feels more natural than it did with my previous wearable. the controls respond consistently, and i have not experienced the repeated pairing interruptions that made the earlier device frustrating. battery coverage has suited my normal schedule, although i keep the charging habit in mind before a longer day. the design is understated enough for work, and the strap has not caused discomfort during ordinary wear. compared with a basic notification band, vela atlas 737 gives a more useful view of the day without becoming a miniature phone. it has a narrow purpose, but it fulfils that purpose well. i would choose it again for calendar awareness and quick message checks, with the understanding that detailed conversations still belong on the phone.",True
CORD000170,CUS00011,2019-08-19,Bakers,"[{""product"":""Candle Orbit 1034"",""quantity"":1},{""product"":""Candle Edge 680"",""quantity"":1}]",2833.32,16.86,-37.779946,144.999389,20,2283.52,Summer,False,3.3613,"i compared candle bloom 406 with the gaming hardware already on my desk because i wanted something suitable for long desktop sessions. the first impression was not promising: the controls feel stiff and the layout takes time to learn. in a short session that is merely awkward, but after several hours it becomes tiring. i have to shift my hand repeatedly to reach secondary controls, while the older device keeps the common functions closer together. performance is inconsistent during demanding games. input sometimes arrives late after a busy scene, and a control has failed to register often enough to affect play. the device does not stop working completely, so basic commands remain possible, but that is a poor standard for hardware used in precise situations. i have checked connections and changed settings without finding a lasting explanation. compared with the other unit, candle bloom 406 feels less predictable exactly when responsiveness matters most. the construction adds to the frustration. the casing moves slightly on the desk, the cable catches against the edge, and the surface shows marks quickly. heat builds around the area where my hand rests, which makes long use unpleasant. i kept trying different positions because i wanted to give the device a fair comparison, but none removed the central problems. candle bloom 406 is functional in the narrowest sense, yet its delayed input, awkward reach, and uncomfortable build make it a weak choice for serious sessions. i regret buying it and cannot recommend it.",False
CORD000171,CUS00463,2019-05-07,Nickolson,"[{""product"":""Vela Halo 569"",""quantity"":1},{""product"":""Vela Halo 659"",""quantity"":1},{""product"":""Candle Flux 1098"",""quantity"":1},{""product"":""Candle Quest 498"",""quantity"":2},{""product"":""Candle Bloom 262"",""quantity"":1}]",4944.97,8.28,-37.804399,144.96421,0,4953.25,Autumn,False,1.6468,"vela ridge 995 followed my blind and curtain schedules on most days, saving me a few manual adjustments. the first routine was clear to create, and the movement matched the selected times. editing an existing schedule was less intuitive, especially when i wanted a temporary exception. it provides useful basic automation, but the controls do not adapt smoothly when household routines change.",True
CORD000172,CUS00485,2019-09-28,Thompson,"[{""product"":""Candle Flux 1098"",""quantity"":1}]",796.24,24.05,-37.809905,144.915219,10,726.17,Spring,False,2.8148,"i have used the vela wave 139 for several weeks to connect my phone, tablet, and headphones from one compact adapter. setup took little effort, and the ports stayed connected while i moved between a desk and the kitchen. its small shape leaves room beside other cables, and it has not become warm during ordinary use. i do wish the short lead gave more flexibility behind my monitor, but the adapter has made switching devices less cluttered and has worked consistently for my routine.",True
CORD000173,CUS00216,2019-12-29,Thompson,"[{""product"":""Vela Halo 569"",""quantity"":1},{""product"":""Vela Halo 659"",""quantity"":1},{""product"":""Candle Edge 680"",""quantity"":1}]",2665.2,21.14,-37.781901,144.914177,25,2020.04,Summer,True,4.4789,"candle edge 770 has handled my creative projects and media editing with an encouraging level of ease. i have used it for organising photographs, preparing short videos, and refining documents, and the interface stays responsive during the ordinary transitions between those tasks. the screen gives me enough room to work without making the laptop awkward to carry, while the keyboard remains comfortable for longer writing sessions. it is also quiet during lighter work, which matters when i am editing in a shared room. more demanding projects can make the fan noticeable, and i would still use a larger workstation for a major production, but that is outside the role i bought it for. after several weeks, the hinge and finish still feel solid despite frequent movement around the house. candle edge 770 has become a capable, dependable tool for mobile creative work.",True
CORD000174,CUS00423,2019-12-25,Thompson,"[{""product"":""Candle Orbit 1034"",""quantity"":1},{""product"":""Candle Bloom 262"",""quantity"":1},{""product"":""Candle Edge 680"",""quantity"":1}]",3951.59,13.67,-37.740175,144.956831,0,4008.51,Summer,False,8.1069,"we have used the vela spark 1053 for shared film and television viewing, and the large display gives everyone a comfortable view from the sofa. menus respond promptly and the picture remains pleasing in ordinary indoor light. sound is adequate, though dialogue can feel thin without separate speakers, and the reflective surface catches lamps. it is not a perfect cinema setup, but it has made casual family viewing simple and enjoyable over time.",True
CORD000175,CUS00048,2019-12-28,Bakers,"[{""product"":""Candle Quest 498"",""quantity"":2}]",2616.66,14.06,-37.884767,145.022875,15,2238.22,Winter,False,8.6612,"the vela wave 877 has been a helpful way to review my exercise sessions without carrying my phone during every activity. after a walk or workout, the summary is easy to read and gives me a useful overview of how the session went. the device sits securely on my wrist and has remained comfortable through movement and ordinary daily wear. starting a session takes little effort, and the display is readable when i glance down briefly. battery life has been sufficient for several days, which means i do not need to charge it after every outing. it is not a replacement for specialised training equipment, and the compact screen cannot show much detail at once. for general exercise tracking, however, the vela wave 877 is convenient, comfortable, and encouraging to use.",True
CORD000176,CUS00132,2019-02-20,Bakers,"[{""product"":""Candle Edge 680"",""quantity"":2},{""product"":""Vela Halo 569"",""quantity"":1},{""product"":""Candle Orbit 1034"",""quantity"":1},{""product"":""Candle Orbit 656"",""quantity"":1},{""product"":""Vela Halo 659"",""quantity"":2}]",8025.29,12.76,-37.770898,145.054683,25,6031.73,Summer,False,6.7965,"the vela halo 875 was installed to help me understand the temperature and humidity in an indoor room that can feel different from the rest of the house. i placed it where i spend most evenings and watched the readings over the first few days instead of relying only on guesswork. that simple record was useful. i began noticing how cooking, closed windows, and a full room changed the atmosphere, and i could make small adjustments with more confidence. the device has fitted into my routine without demanding much attention. i check it in the morning, glance at it when returning home, and look again before settling down for the night. the information is presented plainly enough for quick checks, and the unit has continued reporting while the room changed from quiet to busy. i sometimes wish the display were easier to read from across the room, since i need to move closer for a quick glance, but that is a modest inconvenience. it has still encouraged me to pay attention to patterns i previously ignored. during the weeks i have owned the vela halo 875, it has made the room feel more understandable and manageable. it does not alter the environment by itself, so the benefit comes from the awareness it provides, but that has been enough to improve my decisions about ventilation and comfort. i appreciate having an unobtrusive record rather than a vague impression. for indoor temperature and humidity monitoring, it has been a useful addition and one i expect to keep checking.",True
CORD000177,CUS00047,2019-09-03,Bakers,"[{""product"":""Candle Flux 990"",""quantity"":1},{""product"":""Vela Halo 569"",""quantity"":1},{""product"":""Candle Orbit 1034"",""quantity"":1},{""product"":""Candle Flux 1098"",""quantity"":1}]",3621.7,12.59,-37.747957,144.983926,15,3091.03,Spring,False,6.9696,"i compared the vela ridge 581 with the phone i previously used for maps, travel planning, and media during journeys. the older handset could perform those tasks, but it became awkward when i needed navigation, messages, and a downloaded program in the same stretch of time. after thirty-eight days, the vela ridge 581 has made travel preparation and waiting periods more relaxed. i can check routes, update plans, and return to media without the repeated delays that had become familiar. the comparison is strongest when moving between places. the vela ridge 581 is comfortable to consult for directions, and the screen gives travel information enough space to read without constantly enlarging it. i have also used it for casual viewing during longer waits, where the previous phone tended to drain my attention through slow loading and frequent interruptions. the larger screen i use at home is still preferable for full films, and very detailed planning is easier on a computer, but those are natural limits for a phone. what makes this model valuable is the way the separate tasks fit together. the former device was adequate when used patiently, while the vela ridge 581 feels ready for the irregular demands of travel. it has reduced the number of moments when i need to stop, restart, or find another device. for route checking, family updates, and occasional media on the move, this phone is a more capable and reassuring companion.",True
CORD000178,CUS00261,2019-02-13,Bakers,"[{""product"":""Candle Edge 680"",""quantity"":1},{""product"":""Candle Bloom 1000"",""quantity"":3},{""product"":""Vela Halo 659"",""quantity"":3}]",8493.05,9.97,-37.832742,145.009384,10,7653.72,Summer,False,2.8182,"the vela atlas 809 was intended to solve a simple desk problem: i wanted a device held at a more useful angle without placing it flat among papers and cables. assembly was quick, and i spent more time deciding where to position it than figuring out how it worked. the adjustable joints allowed me to raise and turn the mounted device until the screen sat in a comfortable place for reading and calls. i used it beside my main workspace for messages, reference material, and occasional video conversations. being able to change the angle during the day was helpful when the light moved across the room. the base stayed settled during ordinary use, and i did not have to keep one hand on the device while tapping the screen with the other. i have learned not to force the adjustment when it reaches its natural stopping point, but that is a reasonable habit with a movable mount. the vela atlas 809 also made the desk easier to tidy. papers can pass underneath it, and the device is no longer constantly sliding between other objects. a visiting family member adjusted it without asking for instructions, which is a good sign for everyday usability. it is not a heavy-duty stand for every possible device or workspace, and anyone expecting a rigid permanent installation may want something different. for adjustable positioning at my desk, it has been practical, unobtrusive, and satisfying to use. after fifteen days, i consider it a worthwhile little purchase.",True
CORD000179,CUS00310,2019-08-15,Nickolson,"[{""product"":""Vela Halo 659"",""quantity"":2},{""product"":""Candle Orbit 1034"",""quantity"":1},{""product"":""Vela Halo 569"",""quantity"":1},{""product"":""Candle Orbit 656"",""quantity"":1}]",3522.49,16.7,-37.886551,144.944021,5,3500.32,Winter,False,7.8818,"vela nova 339 has made it easier to connect several devices without carrying a collection of separate adapters. it is small enough for a pocket or work bag, and changing between connected items has been straightforward. the connections have remained stable during ordinary use at my desk and while travelling. the close spacing can be awkward with unusually wide plugs, but the adapter is still practical and has simplified my setup.",True
CORD000180,CUS00023,2019-01-14,Thompson,"[{""product"":""Candle Flux 990"",""quantity"":3},{""product"":""Candle Quest 498"",""quantity"":2}]",8900.01,20.82,-37.819388,144.936693,0,8920.83,Summer,True,1.1782,"candle vista 434 was disappointing for shared-room music playback. track changes paused, selecting another song took too long, and repeated commands were needed when people were talking nearby. i often waited to confirm whether anything had happened before trying again. it can play a selected track eventually, but the slow controls and broken flow make ordinary listening awkward and frustrating.",False
CORD000181,CUS00203,2019-11-06,Nickolson,"[{""product"":""Vela Halo 659"",""quantity"":1},{""product"":""Candle Flux 1098"",""quantity"":1},{""product"":""Candle Quest 354"",""quantity"":2},{""product"":""Candle Bloom 262"",""quantity"":1}]",2984.78,13.16,-37.88311,145.00315,10,2699.46,Spring,False,7.7566,"candle quest 660 suits my study and research routine better than the older laptop i had been carrying. i spend much of the day reading articles, taking notes, and moving between reference pages, and the keyboard remains comfortable when a short session turns into several hours. the display gives me enough room to keep a source and my notes visible together, whereas the previous machine made that arrangement feel cramped and required more constant switching. i have compared the two laptops while researching, drafting notes, and organising files. candle quest 660 feels more responsive when several browser pages are open, and returning to a document after checking a reference is less disruptive. the weight also matters because i move between a desk, a library table, and a quieter room. it is not difficult to carry, and the solid construction gives me confidence when placing it in a bag. for ordinary study work, the experience is calm rather than demanding attention from the hardware. this remains an ultrabook, so it is not the machine i would choose for intensive specialised software or large creative projects. the compact design also leaves less room for some ports and accessories than a larger laptop. those limits match its purpose. compared with my old computer, candle quest 660 offers a more comfortable reading and writing surface, smoother research sessions, and a better balance for everyday study.",True
CORD000182,CUS00002,2019-07-20,Bakers,"[{""product"":""Vela Halo 569"",""quantity"":1}]",149.09,27.19,-37.853585,145.005518,15,153.92,Winter,True,4.9303,"i have used candle vista 1046 for nineteen days while streaming games and recording media, comparing it with a simpler setup that required more manual changes. the newer arrangement feels more flexible during a live session. i can move from playing to checking the stream and then reviewing a captured clip without repeatedly stopping to rearrange the desk. controls are placed sensibly, and the response has stayed consistent through ordinary evening sessions. compared with the basic equipment, it is easier to keep an eye on what is being recorded while still concentrating on the game. i have also found the layout useful when sharing a short recording with friends, since the steps from capture to review are straightforward. there is a learning period: the number of available controls is greater than on a simple gaming unit, and i spent the first few sessions remembering which adjustment affected each part of the setup. once that became familiar, the extra flexibility proved worthwhile. the hardware takes up a noticeable amount of desk space, and the surface needs occasional cleaning after long use. those points may matter to someone with a very small gaming area. candle vista 1046 has nevertheless made streaming and media capture more organised for me. it has not produced unexplained interruptions, and the twenty-four-month warranty provides useful confidence for a device that is handled regularly. compared with my previous arrangement, it supports more activities without becoming unmanageable. for a player who wants occasional recording, the cost and space may be unnecessary, but for repeated streaming it has been a strong and satisfying upgrade.",True
CORD000183,CUS00275,2019-11-27,Thompson,"[{""product"":""Vela Halo 659"",""quantity"":1},{""product"":""Candle Bloom 1054"",""quantity"":2},{""product"":""Candle Quest 354"",""quantity"":1},{""product"":""Candle Orbit 1034"",""quantity"":3}]",3312.95,9.72,-37.82918,144.919446,10,2991.37,Spring,False,3.0424,"vela halo 173 has served as our family streaming screen and makes shared viewing easy to start. the picture is bright enough for the room, menus are understandable, and the remote feels comfortable for regular use. a few applications take time to open, and dialogue can sound thin without adjusting the volume. it is a pleasant, practical display for everyday programmes, though the slower moments keep it from feeling especially refined.",True
CORD000184,CUS00204,2019-03-13,Thompson,"[{""product"":""Candle Quest 498"",""quantity"":1},{""product"":""Candle Quest 354"",""quantity"":1},{""product"":""Candle Bloom 1000"",""quantity"":1},{""product"":""Candle Bloom 1054"",""quantity"":1}]",3976.8,20.07,-37.827717,144.923549,0,3996.87,Autumn,True,2.6583,"vela atlas 737 has become a practical part of my workday because it lets me see calendar alerts and quick messages without reaching for my phone each time. compared with checking the old phone constantly, the small glance at my wrist is less disruptive during meetings, errands, and periods of concentrated work. i can decide whether something needs immediate attention before pulling out the larger device. that simple change has made notifications feel more manageable rather than more demanding. the wearable is comfortable enough for the usual day, and the display is readable when i raise my wrist. vela atlas 737 does not replace a phone for writing a proper reply, which i expected, but it gives me the information needed to decide what happens next. short messages are particularly well suited to it. calendar reminders have also been useful for transitions between tasks, especially when i am moving away from my desk. the alerts are not completely invisible, so i still adjust them when i want a quiet period. after several weeks, the routine feels more natural than it did with my previous wearable. the controls respond consistently, and i have not experienced the repeated pairing interruptions that made the earlier device frustrating. battery coverage has suited my normal schedule, although i keep the charging habit in mind before a longer day. the design is understated enough for work, and the strap has not caused discomfort during ordinary wear. compared with a basic notification band, vela atlas 737 gives a more useful view of the day without becoming a miniature phone. it has a narrow purpose, but it fulfils that purpose well. i would choose it again for calendar awareness and quick message checks, with the understanding that detailed conversations still belong on the phone.",True
CORD000185,CUS00135,2019-11-25,Bakers,"[{""product"":""Candle Edge 680"",""quantity"":1},{""product"":""Candle Orbit 1034"",""quantity"":1},{""product"":""Candle Bloom 1000"",""quantity"":3},{""product"":""Vela Halo 659"",""quantity"":2},{""product"":""Candle Flux 990"",""quantity"":1}]",10904.71,12.06,-37.757727,145.021155,0,10916.77,Spring,False,6.2426,"vela spark 531 has worked well for planning trips and filling quiet moments with media. maps load promptly, saved information is easy to find, and the screen gives enough room to compare routes or read travel details without constant zooming. on journeys i have used it for messages, photos, music, and short videos, with the phone remaining responsive as i move between tasks. the shape is comfortable to hold, and the controls are familiar enough that i can use them while carrying a bag. the camera performs best in reasonable light, so i do not expect it to replace dedicated equipment. battery use rises when i rely heavily on maps and media, which is unsurprising but worth planning around. after a month, vela spark 531 has made travel preparation more organized and everyday media use more enjoyable.",True
CORD000186,CUS00127,2019-09-03,Bakers,"[{""product"":""Candle Bloom 1054"",""quantity"":1},{""product"":""Vela Halo 659"",""quantity"":2},{""product"":""Candle Flux 990"",""quantity"":1}]",3073.72,23.1,-37.752598,145.027742,20,2482.08,Spring,True,6.9927,"after several weeks with candle orbit 746, i have a fairly balanced view. i use it to capture console sessions and occasional desk demonstrations, and the basic setup was straightforward once i had chosen the right input and audio sources. recordings are generally clean, and the unit fits neatly beside my monitor without taking over the workspace. it has handled longer sessions without needing attention, which is reassuring when i am focused on a game. the controls are usable, although changing settings while recording is more awkward than expected, and the status indicators are not especially informative from across the room. i also noticed that switching between sources sometimes required a second attempt. none of this prevented normal use, but it added small interruptions. candle orbit 746 is a serviceable choice for someone who wants dependable media capture and can tolerate a slightly fiddly workflow.",True
CORD000187,CUS00435,2019-04-22,Thompson,"[{""product"":""Candle Orbit 656"",""quantity"":2},{""product"":""Candle Quest 498"",""quantity"":2}]",7140.78,14.3,-37.861036,144.933318,10,6441,Spring,False,5.5116,"vela pulse 541 was purchased for family communication and casual applications, so i needed calls, messages, and ordinary app use to remain dependable. the phone could make a call and send a message, but the experience around those functions was frustrating. applications took too long to open, and switching from a message to another task often left the screen waiting. i noticed the delays most when trying to answer family messages quickly or check information while speaking on the phone. the connection also behaved inconsistently indoors, with calls becoming unclear in places where other devices had no trouble. restarting the phone helped briefly, but the same weakness returned after more use. the screen responded to touch, although some taps were missed near the edges and typing became awkward when i was in a hurry. battery life was difficult to predict because light use could still leave me searching for a charger before the evening ended. i reduced background activity and removed several applications, but this did not remove the sluggish response. casual games and video clips could run, yet loading pauses made them more irritating than relaxing. family members became reluctant to depend on it because messages were not always handled promptly and calls could break up. vela pulse 541 covers the narrow basics of a smartphone, but its poor speed, uneven calls, and weak battery behaviour make it an unreliable choice. i regret using it as a shared communication phone.",False
CORD000188,CUS00459,2019-07-27,THOMPSON WH,"[{""product"":""Candle Flux 990"",""quantity"":1},{""product"":""Candle Quest 354"",""quantity"":1},{""product"":""Candle Orbit 656"",""quantity"":2},{""product"":""Candle Edge 680"",""quantity"":1}]",9272.75,16.38,-37.754037,144.904812,15,7898.22,Winter,False,7.5034,"i used candle flux 468 for a month to connect several shared household devices, including phones, a television and a laptop. compared with the older network unit it replaced, coverage is more even across the house. the room at the far end no longer drops out whenever another person starts streaming, and ordinary browsing remains responsive while another device is active. setup was straightforward enough, although the instructions left me checking the indicator lights more than once before i understood which state meant the network was ready. the main difference from my previous arrangement is consistency rather than speed. i have not measured performance, but video playback and calls generally continue without interruption. adding a new phone was uncomplicated, while reconnecting one older device took several attempts. the unit also gives off a small amount of warmth and occupies more shelf space than the compact equipment i had before. neither issue prevents normal use, though both affected where i placed it. after several weeks, the connection has stayed available without daily attention. that is an improvement over the previous setup, but the experience is not completely effortless because the status information is limited and troubleshooting is not especially clear. candle flux 468 suits a household that wants steadier shared access and does not need elaborate controls. for my use it is a balanced replacement: noticeably more dependable than the old unit in busy periods, but not so polished that i would describe every part of the experience as excellent.",True
CORD000189,CUS00260,2019-04-01,Bakers,"[{""product"":""Candle Flux 1098"",""quantity"":1}]",796.24,11.88,-37.768817,145.043819,15,688.68,Autumn,False,6.2606,"candle shift 232 has been useful for family browsing, reading exercises, and short learning sessions at the kitchen table. the screen is comfortable for ordinary text, and switching between simple activities is generally smooth. several browser tabs make it hesitate, and the speakers are quiet enough that younger users sometimes need to move closer. it is practical for light shared use, though heavier browsing exposes its limitations.",True
CORD000190,CUS00114,2019-06-16,Thompson,"[{""product"":""Candle Orbit 1034"",""quantity"":1},{""product"":""Vela Halo 659"",""quantity"":1},{""product"":""Candle Orbit 656"",""quantity"":1}]",3108.69,17.31,-37.842273,144.923437,15,2659.7,Winter,False,3.8912,"candle bloom 1000 was purchased for portable document work and video meetings, then compared with another lightweight laptop used in the same places. the first impression is that it is easy to carry, but the reduced weight does not compensate for the problems during a working day. the keyboard feels shallow and noisy, with a cramped layout that causes frequent typing mistakes. the trackpad sometimes ignores a short movement and then jumps, making document selection awkward. when several files are open, switching between them produces pauses and occasional frozen windows. those interruptions are frustrating during meetings because notes fall behind while the system catches up. video calls exposed further weaknesses. the camera image becomes grainy indoors, and the microphone captures nearby sounds more strongly than my voice. other participants asked me to repeat points even when i was sitting close to the screen. compared with the other laptop, candle bloom 1000 also loses battery charge quickly during a meeting combined with document editing. the percentage indicator drops unevenly, so remaining time is difficult to judge. the display is readable at a desk, but reflections make it hard to work near a bright window. basic documents can be opened and edited, yet the poor keyboard, hesitant multitasking, weak meeting audio, and unreliable battery estimate make this model disappointing. after 32 days, i carry a charger and keep backup notes because the computer cannot be trusted for a full mobile session. i regret choosing it for regular work and would avoid it for frequent video meetings.",False
CORD000191,CUS00203,2019-02-10,Nickolson,"[{""product"":""Candle Quest 498"",""quantity"":2},{""product"":""Candle Quest 354"",""quantity"":2},{""product"":""Candle Orbit 1034"",""quantity"":1}]",4004.14,13.43,-37.88311,145.00315,5,3817.36,Summer,False,7.7566,"candle quest 660 suits my study and research routine better than the older laptop i had been carrying. i spend much of the day reading articles, taking notes, and moving between reference pages, and the keyboard remains comfortable when a short session turns into several hours. the display gives me enough room to keep a source and my notes visible together, whereas the previous machine made that arrangement feel cramped and required more constant switching. i have compared the two laptops while researching, drafting notes, and organising files. candle quest 660 feels more responsive when several browser pages are open, and returning to a document after checking a reference is less disruptive. the weight also matters because i move between a desk, a library table, and a quieter room. it is not difficult to carry, and the solid construction gives me confidence when placing it in a bag. for ordinary study work, the experience is calm rather than demanding attention from the hardware. this remains an ultrabook, so it is not the machine i would choose for intensive specialised software or large creative projects. the compact design also leaves less room for some ports and accessories than a larger laptop. those limits match its purpose. compared with my old computer, candle quest 660 offers a more comfortable reading and writing surface, smoother research sessions, and a better balance for everyday study.",True
CORD000192,CUS00289,2019-08-04,Nickolson,"[{""product"":""Candle Quest 354"",""quantity"":1},{""product"":""Candle Bloom 1000"",""quantity"":1},{""product"":""Candle Bloom 262"",""quantity"":1}]",3336.89,28.78,-37.832044,144.986239,0,3365.67,Winter,True,2.094,"the vela atlas 161 was purchased for mobile photography and messaging, but both uses have been affected by unreliable performance. messages send eventually, yet the application sometimes freezes while attaching a picture and leaves the draft missing when reopened. the camera takes ordinary daylight pictures, but indoor images are noisy and the shutter response is so slow that moving subjects become blurred. switching from the camera back to messages can take several seconds, which is frustrating when trying to share a photo quickly. battery drain is poor during camera use, and the phone becomes noticeably warm after a short session. the touch response near the edge of the display is inconsistent, making it difficult to press small controls. i have cleared storage and restarted the phone, without resolving the delays. the vela atlas 161 handles simple calls, but its camera and messaging problems make it a poor choice for everyday communication.",False
CORD000193,CUS00364,2019-08-16,Thompson,"[{""product"":""Candle Bloom 1054"",""quantity"":1},{""product"":""Vela Halo 659"",""quantity"":1},{""product"":""Candle Edge 680"",""quantity"":1}]",2965.96,15.54,-37.781012,144.884659,0,2981.5,Winter,False,6.5165,"candle bloom 640 has supported travel work and presentations for several weeks. it is easy to carry, starts promptly, and handles documents, browsing, and slides without complaint. the keyboard is compact enough to affect long typing sessions, while the screen becomes difficult to judge near strong windows. battery use is reasonable for normal office tasks but falls faster during presentations. it is a practical mobile laptop with predictable limitations in comfort and viewing.",True
CORD000194,CUS00047,2019-11-29,Bakers,"[{""product"":""Candle Orbit 1034"",""quantity"":1},{""product"":""Candle Flux 1098"",""quantity"":3},{""product"":""Candle Orbit 656"",""quantity"":1},{""product"":""Candle Quest 498"",""quantity"":1},{""product"":""Candle Bloom 262"",""quantity"":1}]",7659.3,23.09,-37.747957,144.983926,0,7682.39,Spring,True,6.9696,"i compared the vela ridge 581 with the phone i previously used for maps, travel planning, and media during journeys. the older handset could perform those tasks, but it became awkward when i needed navigation, messages, and a downloaded program in the same stretch of time. after thirty-eight days, the vela ridge 581 has made travel preparation and waiting periods more relaxed. i can check routes, update plans, and return to media without the repeated delays that had become familiar. the comparison is strongest when moving between places. the vela ridge 581 is comfortable to consult for directions, and the screen gives travel information enough space to read without constantly enlarging it. i have also used it for casual viewing during longer waits, where the previous phone tended to drain my attention through slow loading and frequent interruptions. the larger screen i use at home is still preferable for full films, and very detailed planning is easier on a computer, but those are natural limits for a phone. what makes this model valuable is the way the separate tasks fit together. the former device was adequate when used patiently, while the vela ridge 581 feels ready for the irregular demands of travel. it has reduced the number of moments when i need to stop, restart, or find another device. for route checking, family updates, and occasional media on the move, this phone is a more capable and reassuring companion.",True
CORD000195,CUS00009,2019-06-27,Bakers,"[{""product"":""Candle Flux 1098"",""quantity"":2},{""product"":""Candle Quest 354"",""quantity"":1},{""product"":""Vela Halo 659"",""quantity"":2}]",2524.68,13.23,-37.776991,145.006368,25,1906.74,Winter,False,3.7982,"vela pulse 865 has made scheduled control of a household outlet more convenient than the manual timer i used previously. i use it for a lamp and occasionally for another small appliance, setting a routine so the outlet changes state at a predictable part of the day. the schedule is easy to understand once created, and i like being able to adjust it without reaching behind furniture. compared with the old timer, the controls are less fiddly and the arrangement looks tidier. the practical benefit is most noticeable when my routine changes. i can temporarily alter the schedule, check whether the outlet is active, and restore the usual pattern later. the device itself is unobtrusive, and its operation has been consistent during the weeks i have owned it. i have not used it for equipment that needs specialist handling, and i would follow the stated limits rather than treating it as a universal switch. for an ordinary household lamp, it has been a useful addition. i did spend a little time deciding where the outlet and device should sit, since a crowded socket can make access awkward. that is a small inconvenience compared with manually switching the lamp every evening or resetting the old timer after interruptions. vela pulse 865 also gives me more flexibility than a basic mechanical schedule, while remaining simple enough for other people in the house to understand. it is not an elaborate home system, but for reliable scheduled control of a single outlet, it has been a satisfying upgrade.",True
CORD000196,CUS00114,2019-07-18,Thompson,"[{""product"":""Candle Quest 498"",""quantity"":1},{""product"":""Vela Halo 659"",""quantity"":1},{""product"":""Candle Orbit 1034"",""quantity"":1}]",2154.96,17.31,-37.842273,144.923437,15,1849.03,Winter,False,3.8912,"candle bloom 1000 was purchased for portable document work and video meetings, then compared with another lightweight laptop used in the same places. the first impression is that it is easy to carry, but the reduced weight does not compensate for the problems during a working day. the keyboard feels shallow and noisy, with a cramped layout that causes frequent typing mistakes. the trackpad sometimes ignores a short movement and then jumps, making document selection awkward. when several files are open, switching between them produces pauses and occasional frozen windows. those interruptions are frustrating during meetings because notes fall behind while the system catches up. video calls exposed further weaknesses. the camera image becomes grainy indoors, and the microphone captures nearby sounds more strongly than my voice. other participants asked me to repeat points even when i was sitting close to the screen. compared with the other laptop, candle bloom 1000 also loses battery charge quickly during a meeting combined with document editing. the percentage indicator drops unevenly, so remaining time is difficult to judge. the display is readable at a desk, but reflections make it hard to work near a bright window. basic documents can be opened and edited, yet the poor keyboard, hesitant multitasking, weak meeting audio, and unreliable battery estimate make this model disappointing. after 32 days, i carry a charger and keep backup notes because the computer cannot be trusted for a full mobile session. i regret choosing it for regular work and would avoid it for frequent video meetings.",False
CORD000197,CUS00295,2019-10-29,Thompson,"[{""product"":""Candle Bloom 1000"",""quantity"":1},{""product"":""Vela Halo 659"",""quantity"":1}]",2080.55,12.37,-37.768434,144.895876,5,1988.89,Spring,False,6.6659,"candle edge 302 has become my preferred device for reading, highlighting passages, and adding handwritten notes. pages load smoothly, the text is comfortable for extended sessions, and the writing response feels natural for short comments. it is light enough for the sofa but feels steadier on a table. the outer surface marks easily, although a quick wipe solves that. overall, it supports quiet study without unnecessary distraction.",True
CORD000198,CUS00429,2019-02-15,Bakers,"[{""product"":""Vela Halo 569"",""quantity"":1},{""product"":""Candle Bloom 262"",""quantity"":3},{""product"":""Candle Edge 680"",""quantity"":1},{""product"":""Candle Bloom 1054"",""quantity"":1},{""product"":""Candle Bloom 1000"",""quantity"":1}]",8020.99,12.64,-37.750564,145.001766,10,7231.53,Summer,False,6.6334,"i have used vela pulse 559 beside my desk for charging and viewing, and the positioning has been genuinely convenient. its base occupies little room while the arm allows several practical angles. moving a device from portrait to landscape takes only a moment. the finish shows fingerprints and the hinge needs a firm hand, but the mount has improved how i use my workspace.",True
CORD000199,CUS00097,2019-01-03,Nickolson,"[{""product"":""Candle Bloom 262"",""quantity"":1},{""product"":""Candle Bloom 1054"",""quantity"":1},{""product"":""Candle Quest 498"",""quantity"":1}]",2876.45,9.13,-37.824153,144.986539,10,2597.93,Summer,False,1.6151,"the candle orbit 998 has helped bring wireless coverage to a back room that was previously unreliable. after trying two positions, i found one that gave the desk a steadier connection for browsing and video calls. the unit is unobtrusive, and the setup process was understandable once i followed the sequence carefully. the improvement is not identical throughout the house. devices moving between rooms sometimes pause briefly while changing coverage, and the farthest area still performs less well than the main room. i also needed to check the indicator when deciding whether a new position was actually better. it has been a useful addition for ordinary home working, but it should not be treated as a guarantee of equal speed everywhere. the candle orbit 998 suits patient owners who can experiment with placement and accept some variation between rooms.",True
CORD000200,CUS00465,2019-04-26,Nickolson,"[{""product"":""Candle Orbit 656"",""quantity"":1},{""product"":""Candle Bloom 1000"",""quantity"":2},{""product"":""Candle Edge 680"",""quantity"":1},{""product"":""Candle Quest 498"",""quantity"":2}]",10761.8,8.08,-37.82601,144.95686,0,10769.88,Autumn,False,1.3865,"candle lumen 904 has worked well for my regular commute and spoken-content listening. it connects quickly in the morning, and the wireless signal has stayed stable while i walk through busy stations and change vehicles. voices in podcasts and audiobooks sound distinct, which matters more to me than heavy bass, and music still has enough warmth for the journey home. the controls are small but responsive once i learned their arrangement. i appreciate being able to pause without taking out my phone, especially when entering a shop or crossing a road. long sessions remain comfortable, though the fit is not completely invisible after several hours. charging has become a simple part of my routine because the battery lasts through several trips. candle lumen 904 has given me an easy, enjoyable way to keep up with audio while travelling.",True
CORD000201,CUS00007,2019-05-03,Nickolson,"[{""product"":""Candle Flux 990"",""quantity"":1},{""product"":""Vela Halo 569"",""quantity"":1},{""product"":""Candle Bloom 262"",""quantity"":1},{""product"":""Vela Halo 659"",""quantity"":1},{""product"":""Candle Bloom 1054"",""quantity"":1}]",4076.37,12.29,-37.877583,144.949662,15,3477.2,Autumn,False,6.7877,"candle quest 1020 has supported my creative projects, including organising media, editing images, and working through longer video tasks. i expected heavier work to take more patience than ordinary browsing, and that has been the case, but the laptop remains responsive enough for the way i use it. moving between an editor, reference material, and a folder of source files is smooth, and the display gives me enough space to inspect details without feeling cramped. the keyboard is comfortable for writing project notes, while the trackpad makes short edits easy to manage. during extended rendering the body becomes warm and the fan is noticeable, yet it has not interrupted a session or caused a shutdown. i also value being able to carry the work between rooms without setting up a separate workstation. candle quest 1020 is not a substitute for specialised desktop equipment, but it gives me a strong balance of portability and creative capability. after repeated projects, i am satisfied with its performance and glad i chose it.",True
CORD000202,CUS00050,2019-02-09,Thompson,"[{""product"":""Candle Flux 990"",""quantity"":1},{""product"":""Candle Orbit 656"",""quantity"":1}]",4356.51,19.72,-37.808027,144.919768,15,3722.75,Summer,True,2.4534,"vela nova 897 has helped me keep ordinary habits visible without making them feel like a project. the reminders arrive at useful moments, and the time display is quick to read when i am cooking, commuting, or moving around the house. i was able to configure the main routine without referring to the instructions for long. the device sits lightly on my wrist and has not become distracting during work or sleep. i enjoy the gentle prompt to stand, pause, or complete a small task because it gives structure to otherwise forgettable parts of the day. the display can be a little less convenient to read in strong outdoor light, but indoors it is consistently clear. after a month of daily wear, the strap remains secure and the casing looks fresh. vela nova 897 is a simple, useful companion that encourages steady routines without demanding constant attention.",True
CORD000203,CUS00304,2019-04-30,Nickolson,"[{""product"":""Candle Bloom 1000"",""quantity"":1},{""product"":""Vela Halo 569"",""quantity"":1}]",1964.93,14.45,-37.868823,144.956379,0,1979.38,Autumn,False,5.7036,"vela core 183 was compared with a small television already in the living room for casual gaming. the older screen had fewer smart features, but its picture appeared immediately and its controls were predictable. vela core 183 takes longer to reach a usable screen, and returning from an application often leaves a blank image for several seconds. those delays are irritating when the device is meant for relaxed evening play. the picture is visible, although dark scenes look muddy and bright areas lose detail. motion occasionally appears blurred, especially when the game changes quickly. the built-in speakers produce sound, but dialogue is weak and effects become harsh when the volume is raised. connecting a controller was not consistently smooth; sometimes it was recognised after a restart, while another attempt required repeating the pairing process. the older television did not offer the same on-screen options, but it avoided these repeated interruptions. family use made the weaknesses more obvious. different people changed settings and then struggled to return them, because menus are crowded and the labels are not always clear. streaming also paused twice during ordinary use even though the household connection was unchanged. support supplied general reset instructions and did not explain the recurring blank screen. vela core 183 can show a game, but the lag, poor sound, and frustrating controls outweigh its added features. for casual living-room gaming, i find the older television less troublesome. i cannot recommend this display.",False
CORD000204,CUS00006,2019-01-13,Thompson,"[{""product"":""Candle Orbit 656"",""quantity"":1},{""product"":""Vela Halo 569"",""quantity"":1},{""product"":""Candle Bloom 1000"",""quantity"":2}]",6042.83,16.22,-37.746203,144.891044,0,6059.05,Summer,False,8.881,"candle lumen 1066 was bought for casual games in a shared room, but it has been disappointing in ordinary use. loading a game takes long pauses, and returning from sleep sometimes leaves a blank screen. the fan becomes loud enough to disturb conversation, while the controller connection drops when another person is using nearby wireless devices. the display is visible indoors, yet the colours look dull and small text is difficult to read. a game can eventually start, but that basic function does not excuse the freezing and noisy operation. i have restarted it repeatedly and lost progress more than once. what should have been a simple shared activity has become awkward and frustrating. i cannot recommend candle lumen 1066.",False
CORD000205,CUS00409,2019-03-14,Thompson,"[{""product"":""Vela Halo 569"",""quantity"":1},{""product"":""Candle Orbit 1034"",""quantity"":1}]",731.01,13.89,-37.739392,144.908446,0,744.9,Autumn,False,8.8273,"vela echo 655 has given me a simpler way to manage the lights in my home. for nineteen days i have used the app to switch the room lighting on, turn it off, and set a few routines for times when i am usually busy. the response has been prompt during normal use, and the controls are arranged clearly enough that other people in the household learned them without much explanation. i especially like being able to change the lighting while already settled on the sofa instead of getting up repeatedly. the first connection took longer than expected because i had to check the placement and permissions, but once that was finished the daily operation became very smooth. i would welcome more fine-grained choices for unusual schedules, although the existing options cover my regular needs. vela echo 655 is a small convenience with a noticeable effect: the room feels easier to manage, and i have stopped thinking of lighting as another chore.",True
CORD000206,CUS00273,2019-11-18,Thompson,"[{""product"":""Candle Quest 498"",""quantity"":1},{""product"":""Candle Flux 990"",""quantity"":1}]",3402.78,11.39,-37.859562,144.93444,5,3244.03,Spring,False,5.3305,"candle flux 666 has worked well for casual games in our shared room, where several people may want to join without a lengthy setup. starting a game is straightforward, and the controls have been approachable enough for younger and older players to take turns. the display remains responsive during the titles we use, and sound can be kept at a reasonable level when someone else is reading nearby. we have also enjoyed the short sessions that fit around meals and homework. more demanding games can make the unit run warmer, and serious players may want more advanced features, but that is not what we bought it for. candle flux 666 has brought repeated evenings of easy entertainment to the household and has held up well to frequent sharing.",True
CORD000207,CUS00337,2019-06-12,Thompson,"[{""product"":""Candle Flux 1098"",""quantity"":1},{""product"":""Candle Edge 680"",""quantity"":2},{""product"":""Vela Halo 569"",""quantity"":1}]",5448.13,21.38,-37.885982,144.91287,10,4924.7,Winter,False,8.6871,"vela core 543 has been disappointing for presentations and photo viewing. images are displayed, but moving from one photo to the next often involves a noticeable pause, which makes a shared viewing session awkward. the screen also becomes difficult to see from the side, so people around a table do not get the same view. during presentations, the display has gone dark after sitting idle and taken several touches to wake. i tried lowering the number of photos and changing the room position, but the slow response remained. the device can show a single image, yet that basic operation does not meet the needs of a presentation. the controls feel poorly arranged, and quick adjustments are difficult while speaking. vela core 543 has made ordinary photo sharing frustrating and is not a dependable smart display.",False
CORD000208,CUS00086,2019-07-10,Bakers,"[{""product"":""Candle Flux 1098"",""quantity"":1},{""product"":""Candle Orbit 656"",""quantity"":1},{""product"":""Candle Orbit 1034"",""quantity"":1},{""product"":""Candle Flux 990"",""quantity"":1},{""product"":""Vela Halo 659"",""quantity"":2}]",6264.09,16.45,-37.743039,144.978854,0,6280.54,Winter,False,7.5832,"candle bloom 946 has simplified game streaming and media capture for our shared setup. the image stays clear during casual play, audio is captured without obvious gaps, and starting a recording takes little effort. i appreciate being able to leave it running while friends take turns. it occupies more desk space than expected, but the steady results make it a useful piece of gaming hardware.",True
CORD000209,CUS00318,2019-11-07,Bakers,"[{""product"":""Candle Quest 498"",""quantity"":1},{""product"":""Candle Bloom 1000"",""quantity"":1},{""product"":""Vela Halo 569"",""quantity"":1}]",3273.26,19.9,37.799914,145.021884,15,2802.17,Spring,True,2.5961,"vela pulse 649 has made hands-free phone use much more convenient in my shared workspace. it keeps the device raised and visible while i read messages, follow a call, or glance at a reference without holding the phone throughout the task. the base stays steady on the desk, and the viewing angle works well when i am seated nearby. i have moved it occasionally to make room for paperwork, and it has been easy to reposition without scraping the surface. the support is not intended for rough handling, so i would not treat it as a travel stand, but it has remained secure during normal desk use. i also like that the phone can be picked up quickly when needed. vela pulse 649 has reduced clutter around my keyboard and made short hands-free tasks feel more orderly. it is a simple accessory, but it performs its intended role consistently.",True
CORD000210,CUS00262,2019-08-14,Bakers,"[{""product"":""Candle Orbit 1034"",""quantity"":1},{""product"":""Candle Flux 990"",""quantity"":1},{""product"":""Candle Bloom 1054"",""quantity"":2}]",3576.07,15.83,-37.851668,145.052876,10,3234.29,Winter,False,6.863,"vela atlas 521 has made my work calls and calendar routine easier to manage. calls connect promptly, appointments are visible without much searching, and notifications arrive consistently through the day. the phone is comfortable to carry and quick enough for switching between messages and calendar entries. i occasionally wish the screen were larger for detailed schedules, but its dependable everyday performance has left me pleased.",True
CORD000211,CUS00464,2019-11-17,Thompson,"[{""product"":""Candle Bloom 1054"",""quantity"":1},{""product"":""Vela Halo 659"",""quantity"":2}]",979.27,9.84,-37.837613,144.928699,10,891.18,Spring,False,3.2084,"candle orbit 260 has handled reading, research, note taking and ordinary writing tasks without becoming a source of distraction. i often move between reference material and a document, and the laptop remains responsive enough for that pattern of work. the keyboard supports long periods of typing, while the screen is comfortable for articles and notes in different lighting. its shape makes it practical to carry between the library, desk and kitchen table when i want a change of setting. the fan can become noticeable during heavier activity, and i would prefer a little more room around the ports, but these are manageable limitations. candle orbit 260 has proved dependable, capable and pleasant for study.",True
CORD000212,CUS00008,2019-04-07,Bakers,"[{""product"":""Candle Bloom 1054"",""quantity"":1},{""product"":""Candle Flux 1098"",""quantity"":1},{""product"":""Candle Edge 680"",""quantity"":1},{""product"":""Candle Orbit 656"",""quantity"":2},{""product"":""Candle Flux 990"",""quantity"":1}]",10116.06,9.12,-37.790464,144.976542,15,8607.77,Autumn,False,2.7228,"i compared vela echo 763 with the separate speaker and phone routine i had been using for music and spoken content. the smart display keeps playback in one place and makes it quicker to start a recording, pause it, or return to something i was listening to earlier. i have used it during breakfast, while cooking, and in the evening, and the screen is helpful when i want to identify a programme or see what is queued. spoken content is where i notice the greatest improvement. voices are easy to follow at ordinary room volume, and i do not need to keep my phone nearby just to make a small adjustment. music works well as background sound, while the display gives the room a more useful centre than the old speaker alone. compared with the previous routine, vela echo 763 also feels more approachable when someone else in the household wants to start playback without asking for help. the screen is not large enough for serious video watching, and the sound does not have the depth i would look for from dedicated music equipment. those limits fit the role i gave it. i wanted convenient music and spoken-content playback, not a full entertainment system. vela echo 763 has made everyday listening easier to share and less dependent on a separate phone. the controls took a short period of familiarity, but the overall experience has been positive and dependable for the room where it is installed.",True
CORD000213,CUS00270,2019-06-04,Bakers,"[{""product"":""Candle Edge 680"",""quantity"":1},{""product"":""Candle Bloom 1054"",""quantity"":1},{""product"":""Vela Halo 659"",""quantity"":1},{""product"":""Candle Bloom 262"",""quantity"":1}]",4084.23,19.1,-37.801215,145.062622,10,3694.91,Winter,False,6.0005,"i compared candle lumen 490 with my previous travel laptop during several presentation trips. the candle machine is lighter to carry than the older model, but that advantage disappeared once i began working on it. the keyboard feels cramped, the touchpad often interpreted an intended click incorrectly, and the hinge resisted being opened on a narrow table. preparing slides in a hotel room became an awkward series of corrections rather than a smooth routine. presentation use exposed further weaknesses. the display was adequate for showing basic slides, yet it became difficult to view from an angle, and switching between the presentation and a document caused noticeable pauses. battery performance also varied sharply between light editing and video playback. my older laptop was heavier, but it behaved more consistently under the same travel workload. candle lumen 490 seems designed around portability while ignoring the practical strain of repeated setup and packing. after a few weeks, the palm rest showed marks from ordinary carrying, and the fan became distracting during longer sessions. the ports are placed close together, so a charger and adapter can block one another. customer support walked me through power settings, but the changes did not remove the delays. the laptop can display a presentation, which is a limited neutral fact, but it is frustrating for travel-based work. compared with the previous machine, candle lumen 490 is a disappointing compromise, and i regret choosing it.",False
CORD000214,CUS00342,2019-09-07,Bakers,"[{""product"":""Candle Flux 990"",""quantity"":2},{""product"":""Candle Quest 354"",""quantity"":1},{""product"":""Candle Bloom 1000"",""quantity"":1},{""product"":""Candle Edge 680"",""quantity"":2},{""product"":""Vela Halo 659"",""quantity"":1}]",11175.03,8.66,-37.796362,144.990078,5,10624.94,Spring,False,1.5822,"i bought candle lumen 112 mainly for videos and occasional video calls. the display is pleasant for films, and the speakers are adequate at normal volume. during calls, the picture is acceptable but the microphone sometimes sounds distant. it is light enough to carry between rooms, although the battery drops faster when streaming for several hours. this tablet covers basic media use without drama, but the uneven call experience prevents a stronger recommendation.",True
CORD000215,CUS00166,2019-03-18,Nickolson,"[{""product"":""Candle Quest 498"",""quantity"":1},{""product"":""Candle Bloom 1054"",""quantity"":2},{""product"":""Candle Orbit 656"",""quantity"":1}]",4470.09,7.92,-37.828859,144.966244,10,4031,Autumn,False,1.1777,"the candle arc 582 is used by several people in my household for browsing, reading, and family learning activities. its larger screen makes shared questions easier to investigate than passing a phone around, and the touch controls respond predictably for ordinary pages. my child can use it for educational exercises while i sit nearby, then i can switch to a recipe or article without moving to another room. the body is light enough to carry, although i prefer setting it on a stand for longer sessions. sharing it has exposed some limitations. different users leave tabs and applications open, so returning to my own work sometimes involves tidying the screen first. the keyboard that appears for longer writing takes up much of the display, and i would not choose the tablet for composing a substantial document. a few websites also behave differently from their desktop versions, which means the tablet is better for browsing than for every kind of task. battery use is moderate, but video and interactive lessons reduce the remaining charge noticeably. after forty-one days, the candle arc 582 has become a useful household screen without replacing a laptop. it works well for shared browsing, reading, and short learning sessions, and the clear touch response makes it approachable for different ages. the limited space for typing and the effort of managing several users keep the experience balanced. i am glad to have it for quick family activities, but anyone expecting a complete work computer may find its boundaries frustrating.",True
CORD000216,CUS00324,2019-10-02,Bakers,"[{""product"":""Candle Quest 354"",""quantity"":1},{""product"":""Vela Halo 659"",""quantity"":1},{""product"":""Candle Flux 1098"",""quantity"":2},{""product"":""Candle Flux 990"",""quantity"":1}]",4354.42,10.83,-37.804718,144.984075,15,3712.09,Spring,False,1.1424,"i installed candle edge 248 to extend coverage between rooms, but the extra range has been unreliable. a phone may connect in the far room while a laptop drops repeatedly from the same area. the signal changes without anyone moving the unit, so i cannot predict which room will remain connected. pairing took several attempts and the instructions left important steps unclear. after a power interruption, the extender sometimes returned with a different status and required another setup. streaming pauses whenever the connection shifts, and video calls become choppy even when the indicator claims the link is active. moving the unit closer helps one room while leaving another with poor coverage. the network operates near the main unit, but the reason for buying candle edge 248 was dependable reach between rooms. its unstable handoff and repeated resets make ordinary use frustrating. i spent too much time troubleshooting and cannot recommend this extender.",False
CORD000217,CUS00055,2019-09-16,Thompson,"[{""product"":""Vela Halo 659"",""quantity"":1},{""product"":""Vela Halo 569"",""quantity"":2},{""product"":""Candle Orbit 1034"",""quantity"":1},{""product"":""Candle Quest 498"",""quantity"":1},{""product"":""Candle Flux 1098"",""quantity"":1}]",3249.38,19.63,-37.814624,144.921825,5,3106.54,Spring,True,2.2281,"vela halo 389 has reduced the number of adapters i carry when moving between my desk, meeting room, and home workspace. i can connect several devices through the compact unit, and it has handled my usual combination without becoming temperamental. the cable is flexible enough to position beside a laptop, while the adapter itself stays put rather than sliding across the table. i have used it for work peripherals and occasional media transfers, and the connections have remained consistent. it becomes warm after extended use, so i avoid covering it with papers or placing it in a tight pouch while active. that is a reasonable precaution. vela halo 389 has been convenient, dependable, and much less cluttered than carrying separate accessories.",True
CORD000218,CUS00109,2019-06-28,Nickolson,"[{""product"":""Candle Bloom 262"",""quantity"":2},{""product"":""Candle Flux 990"",""quantity"":1}]",4330.99,16.69,-37.885411,144.93986,25,3264.93,Winter,False,7.8737,"candle quest 444 has handled my evening listening sessions without becoming tiring. the wireless connection stayed steady around the house, and spoken audio remained clear even at modest volume. music has a balanced sound that suits both quiet work and relaxed weekends. the controls took a little practice to remember, although they now feel natural. after regular use, i am pleased with its comfort and consistent performance.",True
CORD000219,CUS00488,2019-04-12,Thompson,"[{""product"":""Candle Orbit 1034"",""quantity"":1},{""product"":""Vela Halo 569"",""quantity"":1},{""product"":""Candle Flux 1098"",""quantity"":1},{""product"":""Candle Edge 680"",""quantity"":1},{""product"":""Candle Quest 498"",""quantity"":1}]",5086.98,13.44,-37.743461,144.913081,10,4591.72,Autumn,False,8.2554,"candle orbit 638 has helped me manage a busy home network with less uncertainty. i created a separate guest connection and can see which household devices are active, which is useful when visitors arrive or something needs checking. the connection itself has remained steady during normal browsing, calls, and streaming across several rooms. the management controls took longer to understand than the basic connection, but the layout became familiar after i used it a few times. i value being able to separate guest access from the devices we use every day. the status information is detailed, although it can feel like more than i need for a quick check. candle orbit 638 has made network organisation clearer and has supported our household without frequent attention. it is a dependable choice for people who want practical device management.",True
CORD000220,CUS00032,2019-03-30,Bakers,"[{""product"":""Candle Quest 498"",""quantity"":1},{""product"":""Vela Halo 569"",""quantity"":1},{""product"":""Candle Orbit 656"",""quantity"":1}]",3719.48,12.06,37.7539,145.015272,0,3731.54,Autumn,False,6.4815,"the candle orbit 818 has been running in our home for several weeks with phones, a tablet, a television, and other shared devices using it throughout the day. initial setup was clear, and i appreciated being able to place it without spending an afternoon adjusting complicated settings. connections have stayed consistent during video calls and streaming, even when several people are online at once. the indicator lights are useful without being distracting, and restarting it after a power interruption was simple. the management options are fairly basic, so anyone wanting advanced control may find them limited. for ordinary household sharing, though, it has provided steady service and removed much of the daily network worry.",True
CORD000221,CUS00432,2019-08-04,Thompson,"[{""product"":""Candle Orbit 656"",""quantity"":1},{""product"":""Candle Flux 990"",""quantity"":1},{""product"":""Candle Bloom 1054"",""quantity"":2},{""product"":""Vela Halo 659"",""quantity"":1}]",5520.92,28.88,-37.751052,144.957739,20,4445.62,Winter,True,6.9158,"the candle edge 842 has been part of my sketching routine for around six weeks. compared with drawing on a phone, the larger surface gives my hand more room and makes rough layouts easier to judge. i have used it for diagrams, handwritten notes and lightweight creative work rather than finished professional projects. the screen is comfortable for viewing a page at a time, and the device is easier to carry than my laptop when i want to work away from the desk. the first few sessions involved adjustment. the drawing response felt natural after i changed how i rested my hand, but the default arrangement did not suit every application i tried. the candle edge 842 handles simple sketches and colour studies without trouble, while more layered work requires patience when moving between tools. compared with paper, it offers quicker correction and simpler storage; compared with a full desktop setup, it provides less room for panels and detailed control. neither comparison is entirely one-sided. i also used it for reviewing documents and adding brief annotations. that was more convenient than switching to a separate notebook, although the on-screen keyboard is not my preferred way to write a long explanation. the battery has covered my normal sessions, and the body is light enough for a café table without feeling fragile. at times the display becomes crowded when i combine a reference image with several editing controls. the candle edge 842 is therefore a capable middle option for casual drawing and portable creative work. it saves time for sketches and notes, but artists needing an expansive, specialised workspace may find the compromises significant.",True
CORD000222,CUS00025,2019-05-29,Thompson,"[{""product"":""Candle Flux 1098"",""quantity"":1},{""product"":""Candle Bloom 262"",""quantity"":1},{""product"":""Candle Edge 680"",""quantity"":1},{""product"":""Vela Halo 659"",""quantity"":1}]",4430.62,10.88,-37.770969,144.967458,10,3998.44,Autumn,False,4.9713,"the vela halo 1091 has worked well as an everyday family phone, especially for messages, calls, navigation, and casual applications. compared with my previous phone, it feels less cramped during ordinary use and is easier to hand to another family member when we need to check a route or share information. calls have been clear in the places where i normally use them, and switching between communication and simple apps has been smooth. the phone has also coped well with a day that includes maps, messages, photos, and brief browsing without making the routine feel complicated. what i value most is the balance. it is not a device that demands constant adjustment, and the main functions are arranged in a way that quickly became familiar. family conversations are easier because i can respond promptly while still keeping navigation open when travelling. the screen is comfortable for reading messages, and the casing has remained presentable despite being carried around every day. compared with my former phone, i notice fewer small annoyances rather than one dramatic change. the camera is adequate for casual snapshots but does not replace a dedicated camera when lighting is difficult. that is a fair limitation for my use. after several weeks, the vela halo 1091 feels dependable and pleasant to use. it gives the household the communication and navigation tools we need without adding unnecessary friction.",True
CORD000223,CUS00480,2019-08-02,Bakers,"[{""product"":""Candle Orbit 656"",""quantity"":2},{""product"":""Candle Quest 498"",""quantity"":2},{""product"":""Candle Quest 354"",""quantity"":2}]",7946.34,15.57,-37.753062,145.014718,0,7961.91,Winter,False,6.5583,"the candle arc 546 became the centre of my small streaming setup, and the change was immediately noticeable. i use it for game sessions, commentary, and occasional media capture rather than treating it as a general living-room computer. once i had arranged the cables and signed into the services i use, the whole setup felt straightforward and stayed consistent through repeated sessions. during the first few evenings i tested short recordings, then moved on to longer streams with a camera and microphone connected at the same time. the candle arc 546 handled the capture work without the stuttering interruptions i had encountered with an older arrangement. my voice remained in step with the picture, and i could monitor the stream while playing without constantly watching for signs that something had stopped. that made it easier to concentrate on the game and talk naturally instead of narrating every technical adjustment. the case is not especially small, so i keep it permanently on a desk rather than moving it around. that is fine for my use, and the solid weight actually helps keep the setup from shifting when i reach for the controls. the fan becomes audible during a demanding session, but it has not become an irritating distraction once the game audio is running. captured files have been easy to locate, and simple trimming afterward has not caused trouble. i did spend time getting the audio levels balanced, since the default mix left my microphone quieter than expected. after that initial tuning, the results were much more even. the included warranty is another welcome safeguard for hardware that gets regular use. the candle arc 546 is not a silent or miniature device, yet it performs the central job well and gives my streams a stable foundation. for someone who wants dependable game streaming and media capture without a pile of separate boxes, it has been a rewarding purchase.",True
CORD000224,CUS00232,2019-02-09,Thompson,"[{""product"":""Candle Edge 680"",""quantity"":1},{""product"":""Candle Flux 990"",""quantity"":2}]",6440.3,19.91,-37.788596,144.953383,10,5816.18,Summer,True,2.7341,"i have used vela ridge 905 for several weeks to manage the lamps in a shared living room, and my impression is mixed. the initial setup was fairly straightforward: i connected the unit, assigned the room, and created separate routines for morning and evening. once configured, switching the lights from the app is responsive enough for ordinary use, and the scheduled changes usually happen when expected. being able to adjust the room without getting up is convenient when i am already settled at my desk or watching something. compared with using the wall switches, the app offers more flexibility, especially when i want several lights to change together. the routine editor is also more capable than i expected, although some settings are tucked away and take a little searching. a guest who had not used it before needed an explanation, so i would not describe the controls as completely obvious. the app occasionally takes a moment to refresh the current state, which makes me check twice before pressing a second command. after longer ownership, the main limitation has been consistency between devices. one lamp sometimes remains unchanged until i repeat the command, particularly after the phone has been idle. this has not stopped me using the system, but it prevents it from feeling entirely dependable. the hardware itself has remained in place without trouble, and the warranty gives some reassurance. compared with a basic timer, vela ridge 905 provides more control; compared with a simple switch, it introduces another layer to manage. it is a capable middle ground, though i would prefer faster status updates and more predictable response.",True
CORD000225,CUS00032,2019-10-21,Bakers,"[{""product"":""Candle Orbit 656"",""quantity"":1},{""product"":""Candle Flux 1098"",""quantity"":2},{""product"":""Candle Quest 354"",""quantity"":1},{""product"":""Candle Bloom 1054"",""quantity"":1}]",4707.17,22.73,-37.7539,145.015272,5,4494.54,Spring,True,6.4815,"the candle orbit 818 has been running in our home for several weeks with phones, a tablet, a television, and other shared devices using it throughout the day. initial setup was clear, and i appreciated being able to place it without spending an afternoon adjusting complicated settings. connections have stayed consistent during video calls and streaming, even when several people are online at once. the indicator lights are useful without being distracting, and restarting it after a power interruption was simple. the management options are fairly basic, so anyone wanting advanced control may find them limited. for ordinary household sharing, though, it has provided steady service and removed much of the daily network worry.",True
CORD000226,CUS00002,2019-04-26,Bakers,"[{""product"":""Candle Orbit 1034"",""quantity"":1},{""product"":""Candle Quest 354"",""quantity"":2},{""product"":""Candle Orbit 656"",""quantity"":2}]",5911.6,10.85,-37.853585,145.005518,0,5922.45,Autumn,False,4.9303,"i have used candle vista 1046 for nineteen days while streaming games and recording media, comparing it with a simpler setup that required more manual changes. the newer arrangement feels more flexible during a live session. i can move from playing to checking the stream and then reviewing a captured clip without repeatedly stopping to rearrange the desk. controls are placed sensibly, and the response has stayed consistent through ordinary evening sessions. compared with the basic equipment, it is easier to keep an eye on what is being recorded while still concentrating on the game. i have also found the layout useful when sharing a short recording with friends, since the steps from capture to review are straightforward. there is a learning period: the number of available controls is greater than on a simple gaming unit, and i spent the first few sessions remembering which adjustment affected each part of the setup. once that became familiar, the extra flexibility proved worthwhile. the hardware takes up a noticeable amount of desk space, and the surface needs occasional cleaning after long use. those points may matter to someone with a very small gaming area. candle vista 1046 has nevertheless made streaming and media capture more organised for me. it has not produced unexplained interruptions, and the twenty-four-month warranty provides useful confidence for a device that is handled regularly. compared with my previous arrangement, it supports more activities without becoming unmanageable. for a player who wants occasional recording, the cost and space may be unnecessary, but for repeated streaming it has been a strong and satisfying upgrade.",True
CORD000227,CUS00123,2019-01-05,THOMPSON WH,"[{""product"":""Vela Halo 659"",""quantity"":1}]",264.71,13.63,-37.768119,144.929378,15,238.63,Summer,False,5.1924,"vela core 615 was supposed to control a household power outlet on a schedule, but the timing has been too unreliable for routine use. creating the first schedule was confusing because the application moved between several screens without clearly showing whether the setting had been saved. on different evenings, the outlet switched late, failed to switch, or changed state only after i opened the application. manual control usually responds, although even that action occasionally takes several seconds. the device also lost its network connection after a brief interruption and required a reset before the schedule could be entered again. i cannot leave it to manage a lamp because the uncertainty defeats the purpose of automation. the outlet can be turned on through the application, but that limited function is not enough to justify the frustrating scheduling problems. after a month, vela core 615 has added another task to my routine. its weak timing and poor connection make it an unreliable smart-home device i would avoid.",False
CORD000228,CUS00089,2019-08-28,Thompson,"[{""product"":""Vela Halo 569"",""quantity"":1},{""product"":""Candle Orbit 1034"",""quantity"":1}]",731.01,13.21,-37.782635,144.967111,5,707.67,Winter,False,3.7759,"candle flux 162 has been useful in the spaces between my larger devices. i bought it for portable media and video calls, and it now travels from the sofa to the kitchen table depending on what i am doing. watching a program feels more personal than using the television, while the screen is still large enough for another person to see when we sit together. the tablet starts quickly and the basic controls became familiar after a few sessions. i tested it with films, short clips and several video calls. holding it for a while is manageable, though i prefer resting it against a stand for longer viewing because the body eventually feels substantial in one hand. the camera angle works best when the tablet is supported on a table. in that position, i can take part in a call while keeping notes nearby, which has been convenient for informal meetings and family conversations. the audio is adequate for ordinary viewing, and i sometimes connect headphones when others are reading nearby. the surface attracts fingerprints after frequent touching, so i wipe it down more often than i expected. those are ordinary tablet compromises, and neither has reduced how often i use it. its portable size has also made it handy when someone else is using the main screen. candle flux 162 has earned a permanent place in my household because it adapts to different routines. it supports relaxed media use and practical calls without feeling specialised or difficult. the need for a stand during extended viewing is a minor limitation, but its flexibility has made the purchase worthwhile.",True
CORD000229,CUS00486,2019-05-22,Bakers,"[{""product"":""Vela Halo 569"",""quantity"":1},{""product"":""Candle Bloom 1054"",""quantity"":1},{""product"":""Candle Flux 1098"",""quantity"":1},{""product"":""Candle Flux 990"",""quantity"":1}]",3489.63,11.45,-37.842136,145.045854,20,2803.15,Autumn,False,5.7044,"i use vela spark 765 to schedule a household outlet for a lamp and a small charging routine. creating an on and off schedule was straightforward, and the outlet has followed it on most days without intervention. manual control from the app is also available when plans change. the main inconvenience is that the app can take a moment to display the current state, which makes me check twice before leaving the room. editing a schedule is less intuitive than creating one, and the labels are easy to overlook. the unit fits the outlet without blocking nearby space, though a crowded power board would be a different matter. it has remained stable through ordinary use. this is a useful basic automation device, but the software experience is only adequate and the delayed status display prevents complete confidence.",True
CORD000230,CUS00177,2019-03-15,Thompson,"[{""product"":""Candle Orbit 656"",""quantity"":1}]",2262.06,13.92,-37.855333,144.928234,0,2275.98,Autumn,False,5.0237,"i used vela echo 151 for daily messages, calls, and navigation, expecting a straightforward phone for routine travel. the interface becomes sluggish after several applications have been open, and returning to a message can take long enough to lose my place. the screen is readable indoors, but outdoor glare makes maps awkward to follow. touches near the edges are also missed often enough to cause repeated attempts. navigation has been the most frustrating part. location updates pause in unfamiliar areas, and the route can take too long to refresh after a turn. calls connect, yet audio occasionally becomes broken and the other person reports a delayed voice. battery charge falls quickly when navigation and mobile data are used together. vela echo 151 performs basic calling and can display a map, but the delays, weak outdoor visibility, and uncertain location updates make it unsuitable for dependable daily use. i would avoid relying on it while travelling.",False
CORD000231,CUS00479,2019-09-16,Bakers,"[{""product"":""Candle Bloom 262"",""quantity"":2},{""product"":""Candle Edge 680"",""quantity"":1},{""product"":""Candle Flux 990"",""quantity"":2},{""product"":""Candle Orbit 656"",""quantity"":1}]",10938.9,13.44,-37.874832,145.03821,10,9858.45,Spring,False,9.3875,"candle flux 108 has made my home-office connection much less troublesome. after the initial setup, the signal reached the study and the nearby living area without the repeated dropouts i had before. video meetings stay steady while another device is streaming, and reconnecting after a restart is quick. the controls are laid out clearly enough for ordinary changes, although the advanced options took some searching. it has worked quietly for weeks and handles several devices at once without fuss. for home-office wireless coverage, this has been a reliable and worthwhile addition.",True
CORD000232,CUS00444,2019-10-21,Bakers,"[{""product"":""Candle Quest 498"",""quantity"":1},{""product"":""Candle Bloom 262"",""quantity"":3}]",4663.14,10.64,-37.843367,145.01986,0,4673.78,Spring,False,4.2951,"before using vela atlas 305, i relied on ordinary wall switches and occasionally left lights on because i was already comfortable in another room. the comparison is not dramatic in a technical sense, but app-controlled lighting has become genuinely convenient. i can adjust the room before walking in, turn lights off after settling into bed, and change the setting without crossing a dark room. the household adapted quickly because the physical switches still make sense to anyone who does not want to use the app. i have used vela atlas 305 in the main living area and near a desk where the lighting needs change throughout the day. compared with the old routine, it gives me more control over small moments: softer light while reading, brighter light when cleaning, and a quick change when someone starts a video call. the app responds promptly in normal use, and the controls are simple enough that other people in the home learned them without much instruction. it has also made it easier to check whether a light was left on. the benefit depends on keeping the app and network connection available, and i still use the wall switch when i want the fastest possible action. the interface could offer more visual guidance for new users. even with that small learning curve, vela atlas 305 is more adaptable than fixed switching. it has turned lighting from a forgettable background task into something i can adjust to the room and the activity.",True
CORD000233,CUS00363,2019-11-17,Bakers,"[{""product"":""Vela Halo 569"",""quantity"":3},{""product"":""Candle Bloom 1000"",""quantity"":1},{""product"":""Candle Quest 354"",""quantity"":2},{""product"":""Vela Halo 659"",""quantity"":1}]",3333.38,12.49,-37.869535,145.014483,0,3345.87,Spring,False,6.8329,"the vela atlas 143 has been a welcome improvement over the small screen i previously used for showing presentations and photos. the larger display makes shared viewing more comfortable, especially when several people are gathered around it. text in a presentation is easier to follow from a little distance, and photographs have more presence than they did on my older display. i have used it for informal presentations at home as well as for browsing albums with family, and both activities feel more communal. what distinguishes the vela atlas 143 for me is the balance between a useful viewing area and a simple everyday role. i can set it up for a presentation without turning the room into a complicated media station. when it is not being used for work, it serves well for looking through photos and revisiting travel memories. compared with a basic monitor, it feels more suited to shared viewing, while compared with a very large entertainment screen, it is less imposing in an ordinary room. the display is best appreciated from a reasonable position, and small text still benefits from a closer look. i also find that preparing a polished presentation takes the same care as it would on any screen. those are ordinary expectations rather than serious faults. after repeated use, the vela atlas 143 has made presentations easier to share and photographs more enjoyable to revisit. it is a thoughtful choice for someone who wants one screen to support both practical viewing and relaxed home entertainment.",True
CORD000234,CUS00313,2019-12-16,Bakers,"[{""product"":""Candle Orbit 656"",""quantity"":1}]",2262.06,10.84,-37.84033,145.020992,5,2159.8,Summer,False,4.0615,"vela nova 159 has made my desk arrangement more flexible, especially when i switch between a phone and a small tablet. the adjustable mount holds the device at a useful viewing angle, and i can reposition it without clearing space or leaning over the desk. this has helped during calls, reference reading, and following instructions while working with both hands. the joints feel firm during ordinary use, and the base has stayed in place on my desk. adjusting it with one hand can be a little awkward when the arm is extended, and the mount occupies more surface area than i expected. those minor inconveniences have not outweighed the everyday benefit. vela nova 159 is a practical accessory that has made my shared workspace calmer and easier to arrange.",True
CORD000235,CUS00320,2019-07-19,Bakers,"[{""product"":""Candle Quest 354"",""quantity"":1},{""product"":""Candle Orbit 656"",""quantity"":2},{""product"":""Candle Edge 680"",""quantity"":1},{""product"":""Candle Quest 498"",""quantity"":1}]",8486.63,11.08,37.810473,145.009658,5,8073.38,Winter,False,1.2684,"candle quest 642 has been a rewarding companion for drawing and light creative work. i use it for rough illustrations, colour experiments, and arranging ideas before moving finished work elsewhere. the writing surface feels natural enough for short sessions, and the tablet responds promptly when i sketch quickly or zoom into details. it is also pleasant for viewing reference images beside a project. after several weeks, the battery routine has fitted easily around my use, although longer creative sessions still require planning a recharge. this is not a replacement for a full production setup, especially when a project becomes complicated, but that is outside its intended role. for casual drawing, notes, and lightweight creative experiments, candle quest 642 has made starting a new idea feel inviting.",True
CORD000236,CUS00379,2019-03-25,Bakers,"[{""product"":""Candle Orbit 656"",""quantity"":2},{""product"":""Vela Halo 659"",""quantity"":1}]",4788.83,13.29,-37.743615,145.032186,20,3844.35,Autumn,False,8.0642,"candle lumen 868 has kept our shared household devices connected consistently over the past 29 days. setup was clear, and once placed it handled phones, a television, and other ordinary devices without repeated attention. coverage has been dependable around the rooms we use most. the indicator lights are brighter than necessary at night, but they can be ignored. it has made the home network feel stable and uncomplicated.",True
CORD000237,CUS00417,2019-01-24,Thompson,"[{""product"":""Candle Bloom 1054"",""quantity"":2},{""product"":""Candle Orbit 1034"",""quantity"":1},{""product"":""Candle Orbit 656"",""quantity"":1}]",3743.68,11.17,-37.78375,144.910863,15,3193.3,Summer,True,4.5236,"candle lumen 112 has worked well as a portable screen for media and video calls. i carry it between rooms and sometimes take it along when i want something larger than a phone without bringing a laptop. streaming has remained smooth, and the picture is enjoyable for films and casual viewing. the front camera keeps me visible during calls, while the microphone has been clear enough for ordinary conversations. it is light enough to hold for a while, though my hands prefer a stand during longer programmes. the speakers are fine for a quiet room but do not fill a larger space with much force. candle lumen 112 has still become a useful household device because it switches easily between entertainment and staying in touch.",True
CORD000238,CUS00410,2019-02-05,Thompson,"[{""product"":""Vela Halo 659"",""quantity"":1},{""product"":""Candle Flux 990"",""quantity"":2}]",4453.61,10.28,-37.820382,144.911377,10,4018.53,Summer,False,5.7503,"the candle quest 372 has accompanied me on visits where i need to complete field forms and show short presentations. its size makes it easier to pass around than a laptop, and the screen remains readable when several people are looking at it. form entry is straightforward, with enough room for notes and signatures, while ordinary files open without much waiting. outdoor brightness is less convincing, and reflections can make a presentation awkward unless i find shade. the speakers are fine for a small group but not for a noisy venue. it has made mobile work more convenient without being perfect in every setting. i would describe it as capable for practical visits rather than a specialised presentation tool.",True
CORD000239,CUS00157,2019-11-19,Thompson,"[{""product"":""Candle Bloom 1054"",""quantity"":1},{""product"":""Vela Halo 569"",""quantity"":2},{""product"":""Candle Bloom 1000"",""quantity"":1},{""product"":""Candle Edge 680"",""quantity"":1}]",4815.27,9.36,-37.835392,144.943335,0,4824.63,Spring,False,2.5474,"candle edge 626 has worked for competitive play and voice chat during regular evening sessions. inputs register consistently, and the controls were easy to learn. the fit becomes less comfortable as the session continues, and voice levels need occasional adjustment. it is suitable for casual competitive use, but the comfort and audio balance keep it from feeling like a complete solution.",True
CORD000240,CUS00080,2019-12-27,Bakers,"[{""product"":""Candle Bloom 1054"",""quantity"":1},{""product"":""Vela Halo 569"",""quantity"":2},{""product"":""Candle Bloom 1000"",""quantity"":2},{""product"":""Candle Quest 498"",""quantity"":1}]",5688.04,10.26,-37.828825,145.023229,15,4845.09,Summer,False,3.2297,"the vela atlas 467 has been particularly useful on my walk to work. commute notifications arrive without requiring me to take out my phone, and the small display is readable at a glance. i have found the strap comfortable through changing weather, although the screen is not ideal for reading anything lengthy. battery use has been steady, and the device has not dropped a notification during my usual route. it is a simple wearable that has made my mornings more convenient.",True
CORD000241,CUS00472,2019-09-17,Thompson,"[{""product"":""Vela Halo 659"",""quantity"":1},{""product"":""Candle Orbit 1034"",""quantity"":1}]",846.63,11.19,-37.830194,144.893928,10,773.16,Spring,False,5.058,"candle edge 284 has made shared-room music playback more pleasant than the small speaker i was using before. i wanted something that could fill ordinary household moments without requiring constant adjustment, and this unit has fitted that role well. compared with my old speaker, the sound carries more evenly across the room, so people sitting away from the centre can still follow the music. pairing was simple, and different members of the household have been able to use it without a long explanation. we play background music while cooking, cleaning, or having friends over, and the connection has stayed dependable during those ordinary activities. the volume is enough for our room, though anyone wanting a very forceful party system would probably choose a larger product. for our purpose, the balanced presentation is more valuable than sheer loudness. the controls are easy to locate, and the speaker can be moved from one shelf to another without making the setup feel like an event. my previous unit was smaller and convenient to carry, but its sound became thin when several people were talking. candle edge 284 keeps music present without becoming harsh or demanding attention. i have used it for several weeks and have not needed to troubleshoot the connection after the initial pairing. there is no need to use every available feature to enjoy it; the basic playback function is already satisfying. compared with my earlier speaker, candle edge 284 gives our shared room a fuller and more dependable music experience, which is exactly the improvement i was hoping for.",True
CORD000242,CUS00339,"Sep 30, 2019",Bakers,"[{""product"":""Candle Edge 680"",""quantity"":1},{""product"":""Candle Quest 354"",""quantity"":2},{""product"":""Vela Halo 569"",""quantity"":1}]",3206.05,8.49,-37.822109,144.993642,15,2733.63,Spring,False,1.3541,"vela spark 423 has made family media streaming reasonably easy to share. the display is pleasant for ordinary viewing, and the main navigation is familiar. switching between services can take longer than expected, especially when more than one person is choosing content. the delays interrupt the flow but do not prevent use. it is a workable family screen, although the software experience is less smooth than the hardware suggests.",True
CORD000243,CUS00019,2019-06-10,Thompson,"[{""product"":""Candle Flux 990"",""quantity"":1}]",2094.45,15.69,-37.852974,144.890502,20,1691.25,Winter,False,6.6904,"candle shift 880 has worked well as the shared laptop in our home office. we use it for administration, forms, email, video meetings, and occasional document work, so i wanted something less cumbersome than an old full-size machine without moving into a fragile travel computer. the flux family ultrabook is easy to carry between rooms, and its restrained appearance suits a desk that is used by more than one person. compared with our previous laptop, it wakes promptly and feels less strained when several ordinary applications are open together. i have moved between a video call, a browser, and household records without the stuttering that made the older computer frustrating. the keyboard is comfortable for routine typing, and the screen is sufficiently clear for the work we do. a larger work computer would provide more room for complex documents, but the candle shift 880 is more convenient when the desk is shared or needs to be cleared. setup for different users was straightforward, although the limited physical space means i would not treat it as a replacement for a specialist workstation. after 39 days, the hinge and keyboard still feel firm, and the machine has handled repeated opening and closing without complaint. its value comes from balance: portable enough for home use, capable enough for administration, and simple enough that other household members can pick it up without instructions.",True
CORD000244,CUS00151,2019-09-04,Nickolson,"[{""product"":""Candle Quest 498"",""quantity"":1},{""product"":""Candle Bloom 1000"",""quantity"":2}]",4940.01,8.32,-37.827254,144.976104,15,4207.33,Spring,False,1.1218,"the vela pulse 955 has made my lighting routine pleasantly simple. i installed it in the main room and now use the app to switch the lights before settling down, without walking back to the wall control. commands usually take effect promptly, and creating a softer evening setting takes only a few taps. after several weeks, the connection has remained steady in my daily use. the app layout is mostly clear, although the first setup took a little patience. for convenient room lighting, this has been a worthwhile addition.",True
CORD000245,CUS00175,2019-08-27,Thompson,"[{""product"":""Vela Halo 569"",""quantity"":1},{""product"":""Vela Halo 659"",""quantity"":3},{""product"":""Candle Orbit 1034"",""quantity"":1}]",1525.14,11.89,-37.797347,144.930894,5,1460.77,Winter,False,2.2189,"after two weeks with candle lumen 148, the connection between rooms has been much steadier. setup was straightforward, and the unit joined my existing network without awkward troubleshooting. devices in the back room now stay connected during normal browsing and streaming, which was the main reason i bought it. the casing feels basic, but it sits neatly on a shelf and has not become warm. i have not tested it with a very large household, so i cannot judge its limits there. for extending coverage across a modest home, it has been reliable and worthwhile.",True
CORD000246,CUS00322,2019-01-04,Bakers,"[{""product"":""Vela Halo 659"",""quantity"":1},{""product"":""Candle Flux 990"",""quantity"":2},{""product"":""Vela Halo 569"",""quantity"":1},{""product"":""Candle Orbit 1034"",""quantity"":1}]",5184.62,10.64,-37.839849,145.015446,0,5195.26,Summer,False,3.7645,"after living with this extender for nineteen days, i am genuinely pleased with how much more usable our home network feels. setup was straightforward: the instructions were clear, the unit found a suitable position between rooms, and the connection settled quickly. the candle bloom 298 has made the far bedroom and study more dependable for browsing, calls, and streaming. i appreciate not having to move the main router or run a cable through the hallway. devices reconnect without fuss as i move between rooms, and coverage reaches places that previously felt forgotten. the indicator helps when choosing a position, although it is a little bright at night. the casing stays unobtrusive on a shelf, and the included warranty adds welcome confidence. this is not a replacement for a stronger central network in every home, and performance still depends on placement, but it solved the coverage gap i bought it for. the candle bloom 298 is a practical, reliable extension for anyone wanting clearer coverage between rooms. i am satisfied and would recommend it.",True
CORD000247,CUS00374,2019-08-19,Thompson,"[{""product"":""Candle Quest 354"",""quantity"":1},{""product"":""Vela Halo 569"",""quantity"":1},{""product"":""Candle Bloom 262"",""quantity"":1},{""product"":""Candle Edge 680"",""quantity"":1}]",3921.54,30.75,-37.740755,144.897302,15,3364.06,Winter,True,9.1149,"vela wave 301 has been a steady companion for calls, messages, and directions during my daily routine. compared with my previous phone, it feels less cluttered to use because the main communication tools are easy to reach and the screen gives maps enough space to follow a route. i have used it while walking through unfamiliar areas and while switching between messages and navigation, and it has handled those changes without distracting delays. the navigation experience is the strongest comparison point. vela wave 301 locks onto routes promptly in the places i normally travel, and the display remains readable when i pause outdoors to check the next turn. for messages, the keyboard is responsive and the screen is large enough for reviewing longer replies. it is not especially compact, so people who prefer a very small handset may find it more noticeable in a pocket. i consider that a manageable trade-off for the visibility it provides. the phone has remained reliable through several weeks of charging, commuting, and ordinary photo taking. battery capacity has been enough for my usual day, though extended navigation naturally uses more power. i have not tested it as a specialist gaming or photography device, and that is not why i chose it. for daily communication, route planning, and general mobile use, vela wave 301 offers a straightforward experience that compares favourably with the older phone it replaced.",True
CORD000248,CUS00481,2019-05-02,Bakers,"[{""product"":""Candle Orbit 656"",""quantity"":1},{""product"":""Candle Flux 990"",""quantity"":3},{""product"":""Vela Halo 659"",""quantity"":2},{""product"":""Candle Bloom 262"",""quantity"":1},{""product"":""Candle Quest 498"",""quantity"":1}]",11501.43,12.79,-37.745926,145.019147,10,10364.08,Autumn,False,7.4278,"vela wave 751 has handled my daily communication and navigation needs with very little drama. i use it for calls, messages, maps, and quick searches while moving around town, and those tasks open promptly and remain easy to follow. navigation has been particularly useful when plans change, since i can check a route without stopping to find another device. the phone feels comfortable in my hand and the screen is readable during ordinary indoor and outdoor use. messages and calls have remained dependable throughout my ownership, including while travelling between familiar areas. i occasionally wish the display were easier to see in very strong sunlight, but that has not prevented me from using it. battery performance has been sufficient for a typical day, with heavier navigation naturally requiring more attention. vela wave 751 has become a reliable daily companion, balancing communication and navigation without adding unnecessary complication.",True
CORD000249,CUS00081,2019-09-09,Thompson,"[{""product"":""Candle Orbit 656"",""quantity"":2},{""product"":""Vela Halo 659"",""quantity"":1},{""product"":""Candle Bloom 1054"",""quantity"":1},{""product"":""Candle Flux 990"",""quantity"":1}]",7333.13,10,-37.785047,144.929849,0,7343.13,Spring,False,3.4243,"i have used candle lumen 1084 for shared-room music playback long enough to compare it with both a small portable speaker and an older wired unit. its main strength is convenience. music starts without a complicated routine, the sound carries across a normal room, and the compact shape fits on a shelf without attracting much attention. voices and everyday songs come through clearly enough for background listening, and family members can use it without asking me to manage every change. the comparison becomes less favourable with music that depends on separation or deep low tones. candle lumen 1084 can sound a little flat when several instruments are playing together, while the older wired speaker gives the performance more space. at higher volume, the result is still listenable but less balanced, and i sometimes turn it down rather than keep adjusting the controls. the buttons are easy to find, although their labels are not very clear from across the room. for established ownership, i value the uncomplicated routine more than exceptional sound. candle lumen 1084 is a pleasant choice for shared listening, podcasts, and casual background music, but it does not replace a stronger audio system. it is more convenient than my old wired speaker and less expressive than it. that makes the product genuinely mixed: practical and unobtrusive, with sound quality that depends heavily on what is being played.",True
CORD000250,CUS00491,2019-08-17,Bakers,"[{""product"":""Candle Orbit 656"",""quantity"":1},{""product"":""Candle Orbit 1034"",""quantity"":1},{""product"":""Candle Quest 354"",""quantity"":2}]",3649.54,26.13,-37.777146,144.990192,20,2945.76,Winter,True,3.6795,"candle bloom 1036 has worked well for portable gaming during trips and quiet breaks away from home. i previously carried a larger setup that offered a more comfortable long session but was inconvenient to pack, so i wanted something easier to take along. this device occupies much less space in my bag and can be brought out without arranging a whole desk. that convenience has meant i actually use it while travelling instead of leaving my gaming equipment at home. compared with the larger system, candle bloom 1036 feels more suitable for short and medium sessions. the controls are responsive enough for the games i play, and i have not struggled to understand the basic interface. the screen is practical for portable use, although i would still choose the larger setup for a long evening because the bigger display feels less tiring. that is a fair trade-off for a device intended to travel, and it has not reduced my enjoyment during the situations where i bought it. i have used it in a hotel room, on a train journey, and while waiting between activities. in each case, starting a game was quicker than unpacking my old equipment. the lighter design is especially helpful when carrying other belongings, and the controls remain comfortable for the length of session i normally have on the move. longer play can make the device feel warm, but i have not experienced a shutdown or a failure to continue playing. the comparison is really about portability against the advantages of a fixed setup. candle bloom 1036 does not replace a larger screen or a full home arrangement, yet it is much more practical for travel. it has survived being packed and unpacked repeatedly without becoming loose or awkward to operate. for anyone wanting gaming access away from home, i find it a dependable compromise and a worthwhile addition rather than a replacement for every other option.",True
CORD000251,CUS00147,2019-11-17,Bakers,"[{""product"":""Vela Halo 569"",""quantity"":1}]",149.09,9.93,-37.780294,144.990729,15,136.66,Spring,False,7.0763,"i bought the vela spark 891 for the family because our old phone had become awkward for everyone to share. during the first few days i moved contacts, set up the family messaging groups, and installed the casual apps we use in the evenings. the process was straightforward, and the phone settled into daily life without demanding much attention. calls have been easy to hear around the house, messages arrive promptly, and switching between a chat, a weather check, and a simple game feels responsive enough for what we do. after using it for a few weeks, i have come to appreciate the balance between a modern 5g connection and an uncomplicated everyday experience. my teenager uses it for music and casual games, while i mostly read messages, check maps, and make calls. the screen remains readable from different angles at the kitchen table, and the handset has not felt tiring during longer conversations. it also handled a busy afternoon of sharing photos and joining several family conversations without turning the routine into a struggle. there are small compromises. the outer finish picks up fingerprints quickly, and the built-in speaker is merely serviceable when several people are listening together. neither issue affects private calls or normal app use, and the phone has remained dependable through ordinary family handling. i have not needed support, but knowing the vela spark 891 comes with a 24-month warranty adds reassurance. it feels like a sensible family phone that gives us the communication tools we need without unnecessary fuss, and i am pleased with the purchase.",True
CORD000252,CUS00287,2019-06-21,Nickolson,"[{""product"":""Candle Quest 498"",""quantity"":1},{""product"":""Candle Flux 990"",""quantity"":1},{""product"":""Candle Bloom 1054"",""quantity"":1}]",3852.63,16.54,-37.880996,145.007285,10,3483.91,Winter,False,7.6891,"the vela echo 979 found a place on my desk after i grew tired of fishing through a drawer for the right charging lead. i use several cables during the week, and this mobile accessory has made the small area beside my laptop much less chaotic. during the first evening i grouped the leads by length and purpose, then started using the spaces consistently. the difference is modest but noticeable: i can pick up the cable i need without pulling three others onto the floor, and the ends remain within reach when i unplug a device. what i like most is that the organiser does not demand a new routine every time i use it. i leave it beside the power strip, return each cable after charging, and the arrangement stays tidy. when i moved it to another part of the room for a week, it was just as easy to understand where everything belonged. the material has a firm feel and has handled repeated rearranging without looking tired. it does not make cables disappear, and a particularly thick lead occupies more room than a slim one, but those are sensible limitations rather than surprises. after thirty-seven days, the vela echo 979 has saved me a surprising amount of minor frustration. i no longer start a call by searching under notebooks, and i can see when a cable has been left connected before i tidy the desk. it also makes the charging area look more deliberate when someone visits, which is a small benefit i did not expect from such a simple product. the design is restrained, with no complicated mechanism to learn and no need for an app. i compared it with simply using a box, and the box was cheaper in effort but worse in access because everything ended up piled together. this organiser is not exciting, but it is practical, sturdy, and genuinely helpful in daily use. i am happy to keep it on the desk and would recommend it to anyone whose charging cables are always wandering.",True
CORD000253,CUS00376,2019-12-29,Nickolson,"[{""product"":""Candle Bloom 262"",""quantity"":1},{""product"":""Vela Halo 569"",""quantity"":1},{""product"":""Candle Flux 1098"",""quantity"":2},{""product"":""Vela Halo 659"",""quantity"":1},{""product"":""Candle Bloom 1054"",""quantity"":1}]",3574.4,23.49,-37.883413,145.004779,15,3061.73,Summer,True,7.8431,"candle edge 608 has improved the wireless coverage in the room where i work from home. before using it, the connection in that area was less consistent than elsewhere, but now calls, research, and ordinary browsing continue smoothly through the working day. other people in the house can use the network at the same time without making my connection feel fragile. the installation process was clear enough, although i had to choose a location carefully to get the best spread through the house. once positioned, the equipment blended into the background and needed very little attention. i like being able to work without moving closer to the main connection whenever a call begins. the casing is plain and the setup screen contains more choices than i expected, yet candle edge 608 has provided stable coverage and made my home-office routine noticeably more comfortable.",True
CORD000254,CUS00137,2019-04-10,Nickolson,"[{""product"":""Candle Flux 1098"",""quantity"":1},{""product"":""Candle Quest 498"",""quantity"":1},{""product"":""Candle Bloom 1054"",""quantity"":1},{""product"":""Candle Orbit 656"",""quantity"":1},{""product"":""Candle Edge 680"",""quantity"":1}]",7067.88,21.74,-37.86156,144.964913,5,6736.23,Autumn,True,4.7948,"i installed the vela halo 515 to manage a household power outlet and have now used its scheduled controls for roughly a month. the main routine works as intended: i can set an outlet schedule, leave it running, and let the connected device follow that pattern without manual switching. the controls are mostly clear, and checking whether a schedule is active is not difficult after a little familiarity. it has been handy for reducing small daily tasks, especially when the outlet is used at a regular time. the less satisfactory part is changing a routine. editing several settings in succession feels slower than it should, and the response is not always immediate when i alter the schedule from my phone. i have occasionally checked twice because the updated state was not obvious. the device itself has continued to operate without an unexpected interruption, so the basic automation has been stable. i would not call the vela halo 515 effortless, but it offers a practical way to schedule one household outlet. its usefulness depends on having a fixed routine, while frequent changes make the experience less comfortable.",True
CORD000255,CUS00374,2019-09-17,Thompson,"[{""product"":""Vela Halo 569"",""quantity"":1},{""product"":""Vela Halo 659"",""quantity"":1}]",413.8,24.65,-37.740755,144.897302,20,355.69,Spring,True,9.1149,"vela wave 301 has been a steady companion for calls, messages, and directions during my daily routine. compared with my previous phone, it feels less cluttered to use because the main communication tools are easy to reach and the screen gives maps enough space to follow a route. i have used it while walking through unfamiliar areas and while switching between messages and navigation, and it has handled those changes without distracting delays. the navigation experience is the strongest comparison point. vela wave 301 locks onto routes promptly in the places i normally travel, and the display remains readable when i pause outdoors to check the next turn. for messages, the keyboard is responsive and the screen is large enough for reviewing longer replies. it is not especially compact, so people who prefer a very small handset may find it more noticeable in a pocket. i consider that a manageable trade-off for the visibility it provides. the phone has remained reliable through several weeks of charging, commuting, and ordinary photo taking. battery capacity has been enough for my usual day, though extended navigation naturally uses more power. i have not tested it as a specialist gaming or photography device, and that is not why i chose it. for daily communication, route planning, and general mobile use, vela wave 301 offers a straightforward experience that compares favourably with the older phone it replaced.",True
CORD000256,CUS00068,2019-04-20,Thompson,"[{""product"":""Vela Halo 659"",""quantity"":1},{""product"":""Candle Edge 680"",""quantity"":1},{""product"":""Candle Flux 1098"",""quantity"":1},{""product"":""Candle Quest 354"",""quantity"":1}]",3715.13,15.1,-37.888397,144.87775,15,3172.96,Autumn,False,10.3895,"i have worn the vela spark 477 through regular exercise sessions for several weeks. it gives me a quick summary afterward, so i can see how a session went without much fuss, and the companion display is straightforward to read. the band itself is light enough for movement, though i notice it during longer sessions and the controls take a little practice. it has become a useful record of my routine, but i would not call it especially polished.",True
CORD000257,CUS00498,2019-07-17,Bakers,"[{""product"":""Candle Orbit 1034"",""quantity"":1},{""product"":""Vela Halo 659"",""quantity"":1},{""product"":""Candle Edge 680"",""quantity"":1}]",3098.03,27.13,-37.807879,145.050477,20,2505.55,Winter,True,4.859,"i bought the candle shift 484 for music playback in a shared room, where sound needs to work for more than one listener. it fills the space without requiring an uncomfortable volume, and vocals remain distinct when people are talking nearby. pairing was quick, and reconnecting after the speaker has been idle has been dependable. i have moved it from a desk to a kitchen shelf several times; its size is manageable and the controls remain accessible. the lower tones are not especially deep, so someone seeking a powerful party speaker may want more, but ordinary playlists sound balanced and inviting. battery use has suited short evening sessions and weekend background music. the candle shift 484 has become an easy household choice because anyone can start playback without much explanation.",True
CORD000258,CUS00477,2019-10-09,Bakers,"[{""product"":""Candle Bloom 1000"",""quantity"":1}]",1815.84,11.54,-37.760403,145.00092,15,1555,Spring,False,5.5371,"i bought vela nova 429 because charging leads had begun collecting in a drawer and on the edge of my desk. the accessory is compact, so placing it beside the socket did not require rearranging anything. i could separate the cables i use every day and keep the less frequently used ones behind them. that simple change made the area look calmer, although the organiser holds fewer thicker leads than i first expected. during the first week, i tried it with phone, tablet, and headphone cables. slimmer cables stayed in their channels without much movement, while a heavier lead occasionally pulled free when i lifted the device from the desk. the material has enough firmness to keep its shape, and the base does not slide much on the surface. it is not a complicated item, but the usefulness depends on placing it where the cables naturally arrive. when i moved it to a lower shelf, reaching the connectors became awkward and the tidy effect was reduced. after 41 days, the channels have not stretched and the finish still looks clean. vela nova 429 has solved the specific problem of loose everyday cables, though it has not replaced a larger storage box for spare accessories. i appreciate that it needs no setup and takes very little room. my view is mixed in a practical way: it is a neat solution for a small group of light cables, but the limited capacity and weaker grip on thick ones should be considered before buying. for my desk, it remains useful enough to keep.",True
CORD000259,CUS00380,2019-08-20,Thompson,"[{""product"":""Candle Orbit 1034"",""quantity"":2},{""product"":""Vela Halo 569"",""quantity"":1},{""product"":""Candle Orbit 656"",""quantity"":1},{""product"":""Candle Bloom 1054"",""quantity"":1},{""product"":""Vela Halo 659"",""quantity"":1}]",4289.55,15.72,-37.830574,144.951346,0,4305.27,Winter,False,2.0256,"candle shift 214 has interrupted nearly every focused work session. audio begins, but the wireless connection drops when i move around the desk and pairing again takes several attempts. at other times the volume changes without warning, which is distracting during quiet tasks. its basic playback works, yet the unreliable connection is frustrating and leaves me regretting the purchase.",False
CORD000260,CUS00043,2019-05-11,Bakers,"[{""product"":""Candle Bloom 1054"",""quantity"":2},{""product"":""Candle Quest 354"",""quantity"":2},{""product"":""Vela Halo 659"",""quantity"":2}]",2234.68,7.54,-37.816225,144.994204,0,2242.22,Autumn,False,0.6985,"i have used vela atlas 251 as my everyday phone for several weeks, taking it through commuting, errands, navigation, and ordinary conversations. the transition from my previous device was uncomplicated, and the layout became familiar quickly. calls are clear, messages arrive promptly, and the screen is comfortable for checking maps while walking between appointments. it feels like a practical phone rather than something that needs constant attention. navigation has been the part i use most. i have relied on vela atlas 251 in unfamiliar areas, during public transport changes, and while looking for meeting locations. the display is easy to read at a glance, and the phone responds promptly when i switch between a map, a message, and a calendar reminder. i have also used the camera for quick reference pictures and documents. the results are suitable for everyday records, although i would use a dedicated camera for anything more demanding. battery performance has supported my routine well. a full day involving calls, messages, navigation, and some media usually leaves enough charge for the evening. heavy map use does reduce that margin, so i carry a charger on unusually long days. the phone has remained comfortable to hold, and the surface has resisted the small marks that come from being placed on desks and in pockets. vela atlas 251 has been reassuringly consistent. it handles communication without fuss, keeps navigation available when i need it, and gives me a pleasant screen for reading and occasional media. the limitations are ordinary for a phone in this class, but none has interfered with my daily use. i am happy with how well it has supported the practical movement of my week.",True
CORD000261,CUS00463,2019-03-11,Nickolson,"[{""product"":""Vela Halo 659"",""quantity"":1},{""product"":""Candle Bloom 1054"",""quantity"":2}]",1164.41,8.28,-37.804399,144.96421,10,1056.25,Autumn,False,1.6468,"vela ridge 995 followed my blind and curtain schedules on most days, saving me a few manual adjustments. the first routine was clear to create, and the movement matched the selected times. editing an existing schedule was less intuitive, especially when i wanted a temporary exception. it provides useful basic automation, but the controls do not adapt smoothly when household routines change.",True
CORD000262,CUS00257,2019-02-11,Bakers,"[{""product"":""Candle Edge 680"",""quantity"":1},{""product"":""Candle Bloom 262"",""quantity"":1},{""product"":""Candle Orbit 1034"",""quantity"":1}]",3951.59,11.97,-37.789171,145.054233,0,3963.56,Summer,False,8.1776,"i installed the vela echo 835 to keep an eye on activity around doors and windows when i am in another part of the home. during the first few weeks, it gave me a reassuring way to notice movement without repeatedly checking each room. the alerts are useful when i am expecting someone or want to know whether a door was opened, and the basic operation has remained easy to understand. it has added a little awareness to my routine without requiring constant attention. it has also taught me not to treat every alert as an emergency. normal household activity can produce a notification, and i have had to learn which sounds or movements are ordinary for my home. on one occasion an alert arrived after i had already noticed the activity myself, so the timing is not always perfect. changing the position required some thought as well, since an inconvenient placement can make the information less helpful. these are not serious failures, but they mean i still use common sense rather than depending on the device alone. the vela echo 835 provides a useful extra layer of awareness, especially when i am busy elsewhere in the house. i like the straightforward alerts and the sense of routine they provide. at the same time, their meaning depends on context, and occasional timing variation limits my confidence. it is a sensible home automation aid for everyday monitoring, though not a substitute for personal attention.",True
CORD000263,CUS00341,2019-10-15,Thompson,"[{""product"":""Candle Quest 354"",""quantity"":1},{""product"":""Vela Halo 569"",""quantity"":2},{""product"":""Candle Bloom 1000"",""quantity"":2},{""product"":""Candle Edge 680"",""quantity"":1}]",6584.04,11.23,-37.796826,144.892553,0,6595.27,Spring,False,5.1034,"vela echo 223 has worked well as the main display in our family room because it handles shared streaming without making every user learn a different routine. before this, we used an older screen that was perfectly serviceable but slow to navigate and awkward when people wanted to change what they were watching. the newer display feels more responsive during those everyday moments, which has reduced a surprising amount of household friction. the picture suits family media: dialogue is easy to follow, colours look lively, and the screen remains visible from the seating positions we normally use. we have watched films, short programmes, and general streaming content, and the experience has stayed consistent. the built-in audio is fine for regular viewing, although a larger room would benefit from separate sound equipment. the display also has a fairly simple appearance rather than trying to become the visual centre of the room, which i prefer. compared with our old screen, vela echo 223 is easier for different family members to use independently. compared with more elaborate entertainment systems i have seen, it offers fewer reasons to adjust settings endlessly. that is a strength in a shared room. children can find familiar content, adults can change inputs without a long explanation, and nobody has to solve a technical puzzle before watching something. it is not a replacement for a dedicated cinema arrangement, but it is a pleasant and sensible household display. after repeated use, its greatest success is that everyone reaches for it naturally.",True
CORD000264,CUS00062,2019-02-09,Nickolson,"[{""product"":""Candle Flux 990"",""quantity"":2}]",4188.9,12.78,-37.879588,144.97826,15,3573.34,Summer,False,6.8251,"candle quest 192 has been a better match for drawing and lightweight creative work than the tablet i owned before. i use it for rough sketches, annotations, and arranging ideas, rather than demanding professional production. the surface gives me enough room to work without feeling cumbersome, and moving between a sketching app and reference material is less awkward than it was on the older tablet. that smoother flow has made it easier to use the device spontaneously instead of waiting until i have a larger workstation available. the controls respond consistently during ordinary strokes, and the display remains comfortable for longer periods of planning. i also like being able to carry it from a desk to a chair without preparing a separate setup. my previous tablet was not unusable, but it often slowed down when i changed between creative tools, and its smaller working area made detailed notes feel cramped. candle quest 192 handles those everyday tasks with less interruption. there are boundaries to the comparison. very elaborate projects take longer to organise, and the built-in sound is merely serviceable when i use the tablet for media. the charging connection is also positioned in a way that can be inconvenient while drawing. neither issue has affected my main use. after continued ownership, candle quest 192 feels like a practical creative companion rather than a replacement for a full computer. for sketches, planning, and modest editing, it offers a more fluid experience than the tablet it replaced.",True
CORD000265,CUS00249,2019-11-08,Bakers,"[{""product"":""Candle Bloom 1000"",""quantity"":1},{""product"":""Vela Halo 659"",""quantity"":1}]",2080.55,12.96,-37.76897,145.062777,15,1781.43,Spring,False,7.486,"we wanted a tablet for family learning and shared browsing rather than a device that belonged to one person, and the candle lumen 832 has worked well in that role. the setup was clear enough for me to complete while the children were already asking to use it. i arranged the basic accounts and then let each person choose a few activities, which made the tablet feel like a shared household tool from the beginning. it has since been used for reading, school-related browsing, looking up recipes, and watching short instructional material. the screen is comfortable for sitting together at the table, and the size makes it easy to pass from one person to another. the candle lumen 832 responds promptly during the ordinary tasks we use most, and switching between a learning activity and a family search has not been troublesome. i have also appreciated being able to carry it from the kitchen to the living room without making space for a full computer. the speakers are adequate for quiet indoor use, though we use headphones when several activities are happening at once. i would also welcome a slightly simpler way to organise the home screen as everyone adds different things, but that is a small complaint. what matters is that the tablet has encouraged more shared browsing instead of leaving everyone on separate devices. after several weeks, candle lumen 832 feels dependable, approachable, and genuinely useful for our family. it has supported learning without making the experience feel formal, and it has become a device we are pleased to reach for.",True
CORD000266,CUS00112,2019-03-04,Nickolson,"[{""product"":""Candle Quest 354"",""quantity"":1},{""product"":""Candle Flux 990"",""quantity"":1},{""product"":""Vela Halo 569"",""quantity"":1},{""product"":""Candle Bloom 1054"",""quantity"":2}]",3546.02,10.12,-37.850638,144.990101,5,3378.84,Autumn,False,3.994,"candle arc 852 has become my preferred device for reading articles and marking up documents. handwritten notes feel natural, and i can return to an annotated page without losing my place. the screen is slightly cramped when i view two documents together, yet single-page work is comfortable. after 47 days, it has made study sessions more focused and productive.",True
CORD000267,CUS00270,2019-08-10,Bakers,"[{""product"":""Vela Halo 569"",""quantity"":1},{""product"":""Candle Orbit 656"",""quantity"":1}]",2411.15,19.1,-37.801215,145.062622,0,2430.25,Winter,False,6.0005,"i compared candle lumen 490 with my previous travel laptop during several presentation trips. the candle machine is lighter to carry than the older model, but that advantage disappeared once i began working on it. the keyboard feels cramped, the touchpad often interpreted an intended click incorrectly, and the hinge resisted being opened on a narrow table. preparing slides in a hotel room became an awkward series of corrections rather than a smooth routine. presentation use exposed further weaknesses. the display was adequate for showing basic slides, yet it became difficult to view from an angle, and switching between the presentation and a document caused noticeable pauses. battery performance also varied sharply between light editing and video playback. my older laptop was heavier, but it behaved more consistently under the same travel workload. candle lumen 490 seems designed around portability while ignoring the practical strain of repeated setup and packing. after a few weeks, the palm rest showed marks from ordinary carrying, and the fan became distracting during longer sessions. the ports are placed close together, so a charger and adapter can block one another. customer support walked me through power settings, but the changes did not remove the delays. the laptop can display a presentation, which is a limited neutral fact, but it is frustrating for travel-based work. compared with the previous machine, candle lumen 490 is a disappointing compromise, and i regret choosing it.",False
CORD000268,CUS00191,2019-01-13,Bakers,"[{""product"":""Candle Quest 498"",""quantity"":2}]",2616.66,11.53,-37.849114,145.024262,10,2366.52,Summer,False,5.0419,"vela halo 803 has worked well for shared film and television viewing in our living room. the picture remains clear from different seats, and subtitles are easy to follow without leaning forward. i have found the menus logical enough for visitors and family members to start their own programmes without a long explanation. playback usually begins quickly, and pausing or changing content feels responsive. the built-in speakers handle dialogue clearly, though we use separate audio when watching something where atmosphere matters. the screen reflects some daylight from the nearby window, but drawing the curtains solves that during afternoon viewing. it has remained stable across many evening sessions and has not required repeated restarts. the remote contains more buttons than i use, yet the main controls are easy to recognise. vela halo 803 has made ordinary family viewing relaxed and convenient, with only the occasional loading delay taking the edge off an otherwise enjoyable experience.",True
CORD000269,CUS00237,2019-01-29,Bakers,"[{""product"":""Candle Flux 990"",""quantity"":1},{""product"":""Candle Orbit 656"",""quantity"":1},{""product"":""Candle Orbit 1034"",""quantity"":1}]",4938.43,9.79,-37.787599,144.988329,0,4948.22,Summer,False,2.5632,"candle flux 1026 has worked well for competitive gaming and voice communication. controls feel responsive in busy matches, and team conversations remain clear enough for quick decisions. i tested it during several extended sessions and found no interruptions that affected play. the volume controls take some time to balance, especially when switching games, but the settings can be left alone afterward. it has made my sessions more focused and enjoyable.",True
CORD000270,CUS00085,2019-02-12,Thompson,"[{""product"":""Candle Orbit 1034"",""quantity"":1},{""product"":""Vela Halo 659"",""quantity"":1},{""product"":""Candle Quest 498"",""quantity"":1},{""product"":""Candle Edge 680"",""quantity"":1}]",4406.36,9.13,-37.798172,144.945208,5,4195.17,Summer,False,1.6207,"vela atlas 251 has been a welcome change from the older phone i used for calls, messages, and navigation. daily communication feels less interrupted, and moving between a map, a message, and a call is straightforward. i use navigation while walking and travelling across town, and the connection has remained steady enough that i have not been left repeatedly waiting for a route to load. compared with my previous phone, it feels more responsive in the ordinary tasks that matter most to me. the screen is comfortable for reading messages and checking directions, while the size still fits into the pocket i normally use. calls have been clear in the places where i use them, and the controls are familiar enough that i did not need a long adjustment period. i have also appreciated being able to keep several communication tasks open without the awkward pauses that became common on my old device. the battery has covered my normal day, though heavy navigation and extended use reduce that margin. it is not flawless. the phone feels a little slippery without a case, and the camera controls took some time to learn. some settings are tucked away more deeply than i would prefer. those are minor frustrations beside the steady everyday performance. vela atlas 251 is a clear improvement over my former phone for communication and navigation, and after four weeks i am comfortable relying on it as my main device.",True
CORD000271,CUS00139,2019-12-13,Thompson,"[{""product"":""Candle Edge 680"",""quantity"":1},{""product"":""Vela Halo 659"",""quantity"":2}]",2780.82,9.62,-37.808187,144.921274,5,2651.4,Summer,False,2.3203,"the candle shift 844 has been part of my evening routine for music, podcasts, and occasional radio listening. the sound is pleasant at moderate volume, with voices remaining easy to follow and music having enough presence for a room. pairing was quick, and reconnecting after a break usually happens without extra steps. the wireless range is less consistent through walls than i expected, so i keep the source device nearby when moving around the house. at higher volume the sound becomes somewhat sharp, and the controls are small enough that i sometimes press the wrong one. battery use has been reasonable for several long sessions, though the indicator gives limited warning before charging is needed. i enjoy the simplicity of the candle shift 844 for settled listening, but its connection behaviour and compact controls make it less suitable for moving from room to room.",True
CORD000272,CUS00047,2019-12-10,Bakers,"[{""product"":""Vela Halo 569"",""quantity"":1},{""product"":""Vela Halo 659"",""quantity"":1},{""product"":""Candle Flux 1098"",""quantity"":1},{""product"":""Candle Bloom 1054"",""quantity"":1},{""product"":""Candle Quest 354"",""quantity"":2}]",2465.45,12.88,-37.747957,144.983926,10,2231.78,Summer,False,6.9696,"i compared the vela ridge 581 with the phone i previously used for maps, travel planning, and media during journeys. the older handset could perform those tasks, but it became awkward when i needed navigation, messages, and a downloaded program in the same stretch of time. after thirty-eight days, the vela ridge 581 has made travel preparation and waiting periods more relaxed. i can check routes, update plans, and return to media without the repeated delays that had become familiar. the comparison is strongest when moving between places. the vela ridge 581 is comfortable to consult for directions, and the screen gives travel information enough space to read without constantly enlarging it. i have also used it for casual viewing during longer waits, where the previous phone tended to drain my attention through slow loading and frequent interruptions. the larger screen i use at home is still preferable for full films, and very detailed planning is easier on a computer, but those are natural limits for a phone. what makes this model valuable is the way the separate tasks fit together. the former device was adequate when used patiently, while the vela ridge 581 feels ready for the irregular demands of travel. it has reduced the number of moments when i need to stop, restart, or find another device. for route checking, family updates, and occasional media on the move, this phone is a more capable and reassuring companion.",True
CORD000273,CUS00001,2019-06-11,Thompson,"[{""product"":""Candle Bloom 1000"",""quantity"":1},{""product"":""Candle Quest 498"",""quantity"":2},{""product"":""Candle Flux 1098"",""quantity"":1},{""product"":""Candle Bloom 262"",""quantity"":1}]",6384.26,18.65,-37.803735,144.885771,20,5096.26,Winter,False,5.4761,"i used vela atlas 593 for small presentations and family photo viewing over several weeks. compared with the monitor i replaced, the display setup takes too much effort. connecting a presentation source is not consistently recognised on the first attempt, so i have had to disconnect and reconnect before an image appears. that delay is embarrassing when people are already waiting, and it makes the device unsuitable for anything that needs a predictable start. photo viewing is also disappointing. images look acceptable from directly in front, but colours shift noticeably when someone sits to the side. the built-in controls are buried behind several screens, and the remote often requires repeated presses before a menu responds. slideshow transitions pause at irregular points, leaving a blank screen for long enough to suggest that the unit has stopped. the basic picture function operates, but the overall handling feels unfinished and awkward. i compared vela atlas 593 with an older television connected to the same sources. the older setup begins more quickly, offers fewer confusing menus, and lets several people see the picture without a severe change in colour. this product occupies less space, but that is a weak consolation for unreliable presentation switching and frustrating photo sessions. the supplied warranty may help if the faults become permanent; it does not remove the recurring inconvenience. i cannot recommend it for shared viewing or presentations.",False
CORD000274,CUS00410,2019-08-14,Thompson,"[{""product"":""Candle Flux 990"",""quantity"":1},{""product"":""Candle Flux 1098"",""quantity"":1},{""product"":""Candle Orbit 1034"",""quantity"":1}]",3472.61,25.76,-37.820382,144.911377,15,3068.98,Winter,True,3.2503,"the candle quest 372 has accompanied me on visits where i need to complete field forms and show short presentations. its size makes it easier to pass around than a laptop, and the screen remains readable when several people are looking at it. form entry is straightforward, with enough room for notes and signatures, while ordinary files open without much waiting. outdoor brightness is less convincing, and reflections can make a presentation awkward unless i find shade. the speakers are fine for a small group but not for a noisy venue. it has made mobile work more convenient without being perfect in every setting. i would describe it as capable for practical visits rather than a specialised presentation tool.",True
CORD000275,CUS00230,2019-12-21,Bakers,"[{""product"":""Candle Bloom 1054"",""quantity"":1}]",449.85,8.87,-37.809586,144.981047,0,458.72,Summer,False,1.247,"candle lumen 112 has spent the past month moving between the kitchen table, sofa, and a small desk where i take video calls. its portable size suits that routine, and i can pick it up when i want to watch something without planning around a fixed screen. initial setup was straightforward, although i had to repeat a couple of settings before everything matched the way i use it. for media, the tablet has been dependable enough for ordinary viewing. i have watched programmes, read articles, and used it for short clips without major interruptions. the display is serviceable in most indoor lighting, but reflections become distracting near a bright window. sound is acceptable for speech, though i usually choose headphones for anything where atmosphere matters. these are manageable compromises, but they keep the experience from feeling especially polished. video calls have been more variable. the camera handles simple family conversations, and the microphone picks up voices from a reasonable distance. in a busier room, however, background noise becomes noticeable and i sometimes need to repeat myself. the tablet remains usable for informal calls, yet i would hesitate to make it my only device for important meetings. its portability is the feature i rely on most. after thirty days, candle lumen 112 feels like a competent household tablet rather than an essential one. it handles portable media and casual calls with little drama, while glare, audio quality, and noisy conversations expose its limits. i am content to keep it, but my expectations are deliberately modest.",False
CORD000276,CUS00137,2019-10-10,Nickolson,"[{""product"":""Vela Halo 569"",""quantity"":1},{""product"":""Candle Edge 680"",""quantity"":1},{""product"":""Candle Orbit 656"",""quantity"":2}]",6924.61,11,-37.86156,144.964913,20,5550.69,Spring,False,4.7948,"i installed the vela halo 515 to manage a household power outlet and have now used its scheduled controls for roughly a month. the main routine works as intended: i can set an outlet schedule, leave it running, and let the connected device follow that pattern without manual switching. the controls are mostly clear, and checking whether a schedule is active is not difficult after a little familiarity. it has been handy for reducing small daily tasks, especially when the outlet is used at a regular time. the less satisfactory part is changing a routine. editing several settings in succession feels slower than it should, and the response is not always immediate when i alter the schedule from my phone. i have occasionally checked twice because the updated state was not obvious. the device itself has continued to operate without an unexpected interruption, so the basic automation has been stable. i would not call the vela halo 515 effortless, but it offers a practical way to schedule one household outlet. its usefulness depends on having a fixed routine, while frequent changes make the experience less comfortable.",True
CORD000277,CUS00230,2019-01-10,Bakers,"[{""product"":""Candle Flux 990"",""quantity"":1},{""product"":""Candle Orbit 656"",""quantity"":1},{""product"":""Candle Flux 1098"",""quantity"":1},{""product"":""Vela Halo 659"",""quantity"":2}]",5682.17,18.87,-37.809586,144.981047,15,4848.71,Winter,True,1.247,"candle lumen 112 has spent the past month moving between the kitchen table, sofa, and a small desk where i take video calls. its portable size suits that routine, and i can pick it up when i want to watch something without planning around a fixed screen. initial setup was straightforward, although i had to repeat a couple of settings before everything matched the way i use it. for media, the tablet has been dependable enough for ordinary viewing. i have watched programmes, read articles, and used it for short clips without major interruptions. the display is serviceable in most indoor lighting, but reflections become distracting near a bright window. sound is acceptable for speech, though i usually choose headphones for anything where atmosphere matters. these are manageable compromises, but they keep the experience from feeling especially polished. video calls have been more variable. the camera handles simple family conversations, and the microphone picks up voices from a reasonable distance. in a busier room, however, background noise becomes noticeable and i sometimes need to repeat myself. the tablet remains usable for informal calls, yet i would hesitate to make it my only device for important meetings. its portability is the feature i rely on most. after thirty days, candle lumen 112 feels like a competent household tablet rather than an essential one. it handles portable media and casual calls with little drama, while glare, audio quality, and noisy conversations expose its limits. i am content to keep it, but my expectations are deliberately modest.",True
CORD000278,CUS00456,2019-06-24,Thompson,"[{""product"":""Vela Halo 659"",""quantity"":2},{""product"":""Candle Quest 354"",""quantity"":2}]",1334.98,12.18,-37.835149,144.940277,0,1347.16,Winter,False,2.5694,"the candle orbit 944 has been used at home for evening listening, podcasts, and a few longer music sessions. its sound is pleasant enough for ordinary background listening, and voices remain easy to follow when i am cooking or reading nearby. the controls are simple, with no lengthy routine before starting playback. i also appreciated being able to move around the room without the cable getting in the way, which made it more convenient than the wired headphones i had been using. the comparison is less favourable when i listen carefully. the candle orbit 944 handles spoken material well, but some music sounds thinner than it does through my older wired pair. bass is present without being overwhelming, while busy sections can lose a little separation. that may not matter during casual listening, but it becomes clear when i switch between the two devices. the wireless connection held during normal use, although it took an extra moment to reconnect after i left the room and returned. for long sessions, the fit is acceptable rather than exceptional. the ear pads did not cause discomfort during a film, but after several hours i became aware of pressure around the sides. the controls are easy to find by touch, though i sometimes changed the volume when adjusting the position. battery use covered my usual evenings, but i did not feel comfortable starting a long session without checking the remaining charge. that uncertainty is a small disadvantage compared with a wired option. the candle orbit 944 is a balanced home audio choice for podcasts, casual music, and television. it gives up some detail and immediate reconnection compared with a wired pair, while adding freedom of movement and a cleaner setup. i would keep it for relaxed listening, but someone focused on sound separation or all-day comfort may find its compromises more significant.",True
CORD000279,CUS00494,2019-07-27,Bakers,"[{""product"":""Candle Orbit 656"",""quantity"":1},{""product"":""Candle Edge 680"",""quantity"":2}]",6764.86,17.83,-37.809924,145.046459,0,6782.69,Winter,False,4.5003,"we bought vela core 723 for family media streaming and placed it beside an older display for comparison. both could open the usual services, but the older screen was far less troublesome. vela core 723 took too long to wake from standby, and the menus sometimes stalled after a selection. during evening viewing, the picture looked acceptable from directly in front, yet became washed out from the side of the room. that made family viewing awkward because nobody wanted to sit in one narrow position. the sound exposed another weakness. voices were often buried beneath music or effects, and adjusting the volume became a repeated chore. the older display handled the same programmes with fewer changes and less frustration. vela core 723 also lost its connection during several streaming sessions, leaving a blank screen while the rest of the household waited. restarting the unit restored playback, but the interruption made it difficult to use for shared viewing. the remote felt cluttered, with buttons that were easy to press accidentally. over time, these issues became more irritating rather than less. i checked the cables, restarted the device, and changed the network position, but the problems returned. a support response suggested routine resets without explaining why the display repeatedly froze. the warranty offers a possible repair route, although packing and sending a large screen would be inconvenient. vela core 723 performs basic streaming, but the slow menus, weak viewing angles, uneven sound, and connection failures compare poorly with our older display. it is a disappointing centrepiece for family entertainment, and i cannot recommend replacing a functioning screen with it.",False
CORD000280,CUS00299,2019-11-18,Thompson,"[{""product"":""Candle Bloom 262"",""quantity"":1},{""product"":""Candle Orbit 1034"",""quantity"":1},{""product"":""Candle Flux 990"",""quantity"":1},{""product"":""Vela Halo 659"",""quantity"":1}]",4059.35,13,-37.759618,144.893709,5,3869.38,Spring,False,7.536,"vela ridge 293 has served well in our spare room for presentations, family photos, and occasional viewing. text on slides remains sharp enough for a small group, and the brightness helps when the room is not fully dark. moving through photo folders feels responsive, so showing a sequence of pictures does not become an awkward pause between images. i have used it for work practice as well as relaxed evenings, and the display gives both situations a polished appearance. the controls are sensibly arranged, with settings that can be adjusted without reading a long manual. colours are not perfectly natural in every picture until i make a small adjustment, but the change is simple and the result is pleasing. over time it has remained dependable and has not developed any distracting behaviour. vela ridge 293 is a versatile screen for presentations and personal photos, and i am happy with the role it has taken in the room.",True
CORD000281,CUS00080,2019-08-30,Bakers,"[{""product"":""Vela Halo 569"",""quantity"":1},{""product"":""Candle Orbit 1034"",""quantity"":1},{""product"":""Candle Flux 1098"",""quantity"":1}]",1527.25,12.75,-37.828825,145.023229,0,1540,Winter,False,3.2297,"the vela atlas 467 has been particularly useful on my walk to work. commute notifications arrive without requiring me to take out my phone, and the small display is readable at a glance. i have found the strap comfortable through changing weather, although the screen is not ideal for reading anything lengthy. battery use has been steady, and the device has not dropped a notification during my usual route. it is a simple wearable that has made my mornings more convenient.",True
CORD000282,CUS00224,2019-01-12,Thompson,"[{""product"":""Candle Flux 1098"",""quantity"":1},{""product"":""Candle Bloom 262"",""quantity"":1}]",1914.51,9.88,-37.789249,144.939922,20,1541.49,Summer,False,2.6793,"i bought the candle vista 434 for music that could be heard around a shared room, and it has performed well over continued daily use. pairing took little effort, and the connection has stayed steady while i moved between the kitchen and nearby living area. voices in podcasts are distinct, and music has enough body for ordinary listening without becoming harsh at a moderate level. family members can start playback without needing to study complicated controls, which matters more here than having endless features. the casing has also held up to being moved from shelf to shelf. at the highest volume the sound loses some refinement, and the controls are small when the room is dim, but those points rarely affect our routine. i like that the candle vista 434 starts quickly and does not interrupt listening with unnecessary complications. for shared-room playback, it has been a pleasing and practical purchase.",True
CORD000283,CUS00433,2019-08-09,Bakers,"[{""product"":""Candle Flux 990"",""quantity"":2},{""product"":""Candle Orbit 1034"",""quantity"":1},{""product"":""Vela Halo 659"",""quantity"":2},{""product"":""Candle Bloom 1054"",""quantity"":1}]",5750.09,20.27,-37.874433,145.015329,10,5195.35,Winter,False,7.3792,"vela halo 407 was supposed to give me a daily record of activity and sleep, so i compared its reports with another wearable used on the same days. the results from vela halo 407 are too patchy to support that purpose. walking is usually detected, but shorter movements are sometimes ignored and a day can show an implausibly low total. sleep tracking is worse. it has recorded only part of a night, combined separate periods, or shown no result after the device was worn until morning. the app presents the information in neat screens, but neat presentation does not repair missing records. scrolling through a week is slow, and the reason for an incomplete entry is never clear. the wearable also shifts while sleeping, leaving the strap uncomfortable and making me aware of it at night. another device i tried is less attractive, but it has produced a more consistent history and required less checking. vela halo 407 creates a false sense of detail because the charts look precise even when the underlying entries are unreliable. charging is another nuisance. the battery falls quickly when several tracking features are enabled, and the reminder arrives too late to prevent a gap. basic step counting does operate on ordinary days, but that narrow success cannot outweigh the missing sleep records and inconsistent activity totals. i bought vela halo 407 to notice patterns over time, not to guess which days can be trusted. the device is frustrating, awkward to wear overnight, and poor for dependable tracking. i would avoid it.",False
CORD000284,CUS00126,2019-11-24,Nickolson,"[{""product"":""Candle Flux 990"",""quantity"":1},{""product"":""Vela Halo 659"",""quantity"":1},{""product"":""Candle Bloom 1054"",""quantity"":2}]",3258.86,10.02,-37.847095,144.953957,0,3268.88,Spring,False,3.4523,"vela halo 1019 replaced the soft pouch i had been using to carry a phone, charging lead, and a few small accessories during travel. the new case protects the contents more effectively and keeps them from sliding around in my bag. i have taken it on several commutes and longer trips, and the shape has stayed firm even when packed among other items. it is a small improvement, but it has made finding my accessories much faster. compared with the old pouch, vela halo 1019 offers better separation and a more orderly interior. the pouch was flexible, which sounded convenient, but everything collected at the bottom and the cable became bent around other objects. this case keeps the phone and smaller items in their own areas. i can open it and see what i brought instead of checking by touch. that has been especially useful at transport stops when i need a cable quickly. the exterior has handled ordinary travel well. it does not feel delicate, and the fastening has remained secure in a crowded backpack. i also appreciate the balance between protection and size. a harder, larger case would provide more space but would be awkward to carry, while this one fits into the pocket i already use. the interior is suitable for compact accessories, though a bulky charger makes the case feel crowded. my only hesitation is that the space must be packed thoughtfully. if i add too many loose items, the case becomes less tidy and the fastening takes more effort. that is a packing limitation rather than a problem with its purpose. vela halo 1019 is neater, more protective, and easier to handle than my old pouch. for travel storage of a phone and small accessories, i prefer it and would gladly use it again.",True
CORD000285,CUS00102,2019-03-25,Bakers,"[{""product"":""Candle Flux 1098"",""quantity"":1},{""product"":""Candle Orbit 1034"",""quantity"":2},{""product"":""Vela Halo 569"",""quantity"":1},{""product"":""Candle Bloom 262"",""quantity"":1},{""product"":""Candle Orbit 656"",""quantity"":1}]",5489.5,20.68,-37.803145,145.033424,20,4412.28,Autumn,True,3.4407,"candle bloom 280 has been shared between two people for administration, email, research, and ordinary home-office work. our previous laptop handled those tasks, but it felt slow whenever several browser pages and documents were open. this model has made that routine less interrupted. switching between a form, a spreadsheet, and reference pages feels more fluid, and i have not had to close work simply to make room for the next task. the keyboard was comfortable from the first long session, and the screen is suitable for reading without making every document feel cramped. my partner and i have different preferences for brightness and arrangement, yet both of us adjusted quickly. compared with the older laptop, candle bloom 280 also feels easier to carry from a desk to the kitchen table. it is light enough for that movement while still feeling solid when opened. the hinge has not developed any looseness during our use. i have used it for household forms, online research, note taking, and video meetings. calls have been clear, and the laptop has remained responsive while i keep notes nearby. battery performance has suited our normal working periods, although long sessions away from a power source still require planning. it is not intended for demanding creative software or intensive games, and i have not judged it on those tasks. for a shared home-office computer, candle bloom 280 is a noticeable improvement over our old machine: quicker in everyday work, comfortable to handle, and dependable enough that neither of us minds using it.",True
CORD000286,CUS00080,2019-09-16,Bakers,"[{""product"":""Candle Orbit 1034"",""quantity"":1},{""product"":""Candle Orbit 656"",""quantity"":1},{""product"":""Candle Edge 680"",""quantity"":1},{""product"":""Vela Halo 569"",""quantity"":2},{""product"":""Vela Halo 659"",""quantity"":1}]",5658.27,9.86,-37.828825,145.023229,0,5668.13,Spring,False,3.2297,"the vela atlas 467 has been particularly useful on my walk to work. commute notifications arrive without requiring me to take out my phone, and the small display is readable at a glance. i have found the strap comfortable through changing weather, although the screen is not ideal for reading anything lengthy. battery use has been steady, and the device has not dropped a notification during my usual route. it is a simple wearable that has made my mornings more convenient.",True
CORD000287,CUS00103,2019-04-23,Thompson,"[{""product"":""Candle Flux 990"",""quantity"":1},{""product"":""Vela Halo 659"",""quantity"":1},{""product"":""Candle Bloom 1000"",""quantity"":1}]",4175,11.82,-37.8655,144.925049,0,4186.82,Autumn,False,6.1842,"before using candle flux 378, our home-office and streaming equipment depended on a network arrangement that worked well in one room and became uncertain farther away. this unit has made coverage more even across the areas where we actually work and watch media. video meetings now remain more settled when another person is streaming, and i spend less time moving equipment or asking someone to pause their activity. the improvement is not simply about speed. it is the reduction in interruptions and awkward positioning. my work area is not beside the main connection point, yet calls have remained usable and ordinary file activity does not seem to disturb them as often as before. in the evening, streaming from another room has also been less prone to sudden pauses than with the earlier arrangement. compared with the previous network hardware, candle flux 378 was easier to place and less demanding to monitor. i still had to spend time choosing a suitable position, and the farthest corner of the house is not transformed into perfect coverage. thick walls continue to make a difference, so expectations should remain realistic. within the main work and media areas, however, the result has been consistently positive. the device has been running for weeks without needing constant attention. candle provides a 24-month warranty, which is helpful for something supporting both work and home use. it is not a dramatic gadget to show off, but it has removed a recurring source of frustration. compared with what i had before, candle flux 378 offers a calmer and more dependable connected routine.",True
CORD000288,CUS00004,2019-02-01,Nickolson,"[{""product"":""Candle Flux 1098"",""quantity"":2},{""product"":""Candle Quest 354"",""quantity"":1}]",1995.26,13.43,-37.882767,145.004288,5,1908.93,Summer,False,7.7601,"candle flux 126 has performed better for competitive play than the headset i used previously. my older model was serviceable for casual sessions, but positional sounds were harder to separate and voice communication became unclear whenever several people spoke. candle flux 126 gives me a more spacious sense of where sounds are coming from, and teammates have reported that my voice is easier to understand. those differences have made coordinated matches less tiring and less dependent on repeating instructions. the microphone arm is easy to move out of the way, and the controls are close enough to reach without leaving a game. the headset stays in place during active sessions and the cushioning remains comfortable for a few hours. compared with my old headset, it does press a little more around the sides, so i take short breaks during especially long evenings. the cable arrangement is also not as tidy as i would like, though it has not interfered with play at my desk. i noticed the improvement most clearly when returning to the older model for a night. voice chat sounded flatter and i had to ask for information again more often. candle flux 126 is not a guarantee of better results, and player skill still matters far more than equipment, but the clearer communication and more distinct audio are valuable. for someone who plays competitively and uses voice chat regularly, it is a confident upgrade from a basic headset.",True
CORD000289,CUS00107,2019-01-16,Bakers,"[{""product"":""Candle Orbit 1034"",""quantity"":3},{""product"":""Candle Orbit 656"",""quantity"":1}]",4007.82,8.01,-37.809973,144.994994,20,3214.27,Summer,False,0.0211,"candle quest 1038 gave me more control over guest access and connected devices than the basic network equipment i had before. i wanted visitors to have a separate connection and needed a clearer way to see which devices were active. compared with the old arrangement, the management tools make those tasks less mysterious. i can set up guest access without changing the details used by the household, and checking the device list has become part of an occasional tidy-up rather than a frustrating search. the network has handled ordinary phones, laptops, streaming devices, and household equipment without introducing noticeable disruption. candle quest 1038 has also made it easier to remove an old device when it is no longer in use. the settings take some attention the first time because there are more choices than on a simple router, but the extra control is worthwhile once the layout becomes familiar. i appreciate being able to keep visitors separate while still providing them with a usable connection. my previous unit was quicker to ignore because it offered little to adjust, yet that simplicity became a problem when the household grew. candle quest 1038 is a better match for a home with regular guests and many connected devices. it does not eliminate every networking question, but it gives me understandable tools and a clearer overview. for guest-network handling and device management, it is a substantial improvement over the equipment i replaced.",True
CORD000290,CUS00034,2019-07-23,Thompson,"[{""product"":""Candle Orbit 656"",""quantity"":1},{""product"":""Candle Edge 680"",""quantity"":1},{""product"":""Candle Bloom 262"",""quantity"":1},{""product"":""Candle Quest 498"",""quantity"":2}]",8248.39,16.12,-37.754163,144.911876,15,7027.25,Winter,False,7.2037,"vela spark 585 has given us a clearer view of activity around the doors and windows. the alerts arrive promptly during ordinary opening and closing, and the notifications are specific enough for me to understand which area needs attention. i installed it as a simple household check rather than a complicated security project, and that is where it has worked best. the setup required careful placement, but the instructions helped me choose sensible positions. since then, the system has stayed connected and has not filled my phone with unnecessary messages during normal days. i like being able to check activity when i am away from the room, especially when family members are moving through the house. the adhesive arrangement could be more forgiving if i changed my mind about placement. still, vela spark 585 has been reassuring, practical, and easy to include in our routine.",True
CORD000291,CUS00208,2019-04-06,Thompson,"[{""product"":""Candle Orbit 1034"",""quantity"":1},{""product"":""Candle Quest 354"",""quantity"":1},{""product"":""Candle Quest 498"",""quantity"":1},{""product"":""Vela Halo 659"",""quantity"":1}]",2557.74,9.15,-37.807531,144.916445,20,2055.34,Autumn,False,2.7504,"i bought candle edge 698 because the network was acceptable in the main room but weak at the far end of the house. before choosing it, i compared moving the existing equipment, adding a second arrangement, and using a device intended to extend coverage. the new setup has been the least troublesome option so far. devices in the distant room now remain connected during ordinary browsing and calls instead of repeatedly dropping out. placement made a bigger difference than i expected. i tried a couple of positions, checked the connection in the rooms between them, and eventually found a location that gave a more even result. once positioned, the setup was straightforward enough for the household. i have used the extended coverage for video calls, music, browsing, and shared devices, and the connection has been more dependable than it was with the original arrangement. this is not magic coverage for every corner. thick walls and distance still matter, and the device needs to be placed where it can receive a usable connection rather than hidden at the very edge of the problem area. i also had to reconnect some equipment after changing the arrangement. the extra hardware occupies a socket and adds another item to monitor, although it has not required daily attention. compared with living with the dead spots, candle edge 698 has been a worthwhile improvement. it has reduced interruptions and made the rooms at the back of the house more practical for work and entertainment. anyone with a very large or unusual layout should plan the position carefully, but for extending coverage between ordinary rooms, it has performed well. the twenty-four-month warranty adds useful confidence.",True
CORD000292,CUS00471,2019-07-04,Bakers,"[{""product"":""Candle Flux 990"",""quantity"":1},{""product"":""Vela Halo 659"",""quantity"":2}]",2623.87,12.56,-37.783369,144.988696,10,2465.54,Winter,False,3.016,"candle vista 920 has handled my creative projects and media editing with a reassuring level of consistency. i have used it for organizing source material, making edits, and reviewing finished work while away from my main desk. the screen gives me enough room to inspect details, and ordinary multitasking has remained responsive during longer sessions. it is portable enough for travel without feeling fragile, though the charger adds noticeable weight to a smaller bag. fans can become audible when i am working harder, but that has not interrupted concentration or affected the work itself. candle vista 920 has made it possible to continue projects in different places without a complicated setup. it is a practical laptop for creative tasks with a manageable compromise in portability.",True
CORD000293,CUS00353,2019-03-17,Bakers,"[{""product"":""Candle Bloom 262"",""quantity"":1},{""product"":""Candle Edge 680"",""quantity"":2},{""product"":""Vela Halo 659"",""quantity"":3},{""product"":""Candle Orbit 656"",""quantity"":1}]",8677.26,10.02,-37.775372,144.990798,0,8687.28,Autumn,False,3.8697,"vela atlas 611 has been a reliable phone for mobile photography and messaging. daylight photos look natural, and sharing them in conversations is quick enough for family updates. the screen is comfortable for reviewing pictures, while the body remains manageable during one-handed replies. indoor shots need a steadier hand, but that is a minor limitation. for ordinary snapshots and communication, it has been a satisfying companion.",True
CORD000294,CUS00301,2019-07-11,Bakers,"[{""product"":""Vela Halo 569"",""quantity"":1},{""product"":""Candle Bloom 1054"",""quantity"":2},{""product"":""Candle Quest 354"",""quantity"":1}]",1451.57,15.99,-37.792702,145.010386,5,1394.98,Winter,False,2.3389,"candle shift 178 was installed for video meetings and media streaming, but the wireless connection caused repeated disruptions. nearby devices connected during setup, yet the signal weakened in the room where meetings were held, producing frozen faces and broken speech. streaming in another room also paused whenever a call was active. the management application was slow to update, so it was difficult to tell whether a setting had actually changed. restarting the unit restored service for a short period, but dropouts returned without an obvious trigger. the casing stayed cool and the status light remained on, although neither provided useful reassurance when the network failed. candle shift 178 handles light browsing, but its poor coverage and unreliable performance make it unsuitable for calls or shared media.",False
CORD000295,CUS00335,2019-12-24,Thompson,"[{""product"":""Vela Halo 569"",""quantity"":1},{""product"":""Candle Flux 990"",""quantity"":2},{""product"":""Candle Orbit 1034"",""quantity"":2},{""product"":""Candle Orbit 656"",""quantity"":1}]",7763.89,16.3,-37.746881,144.88743,0,7780.19,Summer,False,8.9996,"i bought the vela halo 875 to replace a basic room gauge and expected a less awkward way to watch indoor temperature and humidity. after 33 days of ownership, the comparison is disappointing. the halo 875 does display both readings, but the figures are slow to settle after moving it between rooms and often differ noticeably from the older gauge sitting beside it. that makes the main purpose frustrating rather than reassuring. setup was not difficult in theory, yet the instructions leave too many small questions unanswered. the screen is readable from directly in front, but its narrow viewing angle becomes a problem on a shelf or desk. i have to stand close and at the right height to check it, while the older gauge can be glanced at from across the room. the casing also feels more delicate than expected, and the display gathers reflections near a window. these are not fatal defects, but they make routine checks awkward and tiring. during ordinary use, the device records changes eventually, though the response is inconsistent when cooking, showering, or opening a window. humidity can remain at the earlier level long after the room has changed, then shift abruptly. temperature readings are less troublesome, but still not steady enough for comparison from one room to another. i wanted a dependable picture of indoor conditions and instead spent time wondering whether a change was real or merely delayed. the 12-month warranty provides some cover, but it does not solve the daily inconvenience or the uncertainty around the readings. compared with a plain gauge, the vela halo 875 looks more substantial while offering a more frustrating ownership experience. its basic display operates, yet the sluggish response, restricted viewing angle, and questionable consistency outweigh that limited function. i regret replacing the simpler gauge and cannot recommend the vela halo 875 for anyone seeking straightforward indoor monitoring.",False
CORD000296,CUS00236,2019-12-07,Bakers,"[{""product"":""Candle Quest 498"",""quantity"":1},{""product"":""Vela Halo 659"",""quantity"":1}]",1573.04,12.84,-37.748256,145.004234,10,1428.58,Summer,False,6.9106,"vela pulse 811 replaced a phone that was acceptable for messages but disappointing whenever i wanted to capture a moment quickly. the newer phone has made mobile photography more enjoyable. in ordinary indoor light and during walks, images have enough detail and colour for sharing without immediately needing extensive editing. the camera opens promptly, and moving from taking a picture to sending a message feels less interrupted than it did on my previous device. messaging has benefited as well. conversations remain easy to follow, attachments are straightforward to handle, and the phone has coped with switching between chats, the camera, and other daily tasks. i have used it while travelling around town, at family gatherings, and during quick work exchanges. across those situations, the combination of responsive controls and a readable screen has felt dependable. compared with the older phone, it creates fewer small annoyances. i would not describe it as a substitute for dedicated photographic equipment. fine detail can soften in difficult light, and the body is not especially small. battery use also becomes more noticeable when the camera and messaging are active for a long period. those limitations are manageable in context. vela pulse 811 is a strong everyday phone because it improves the two things i use most: capturing images and keeping conversations moving. after living with it for several weeks, i prefer it clearly to my former handset.",True
CORD000297,CUS00413,2019-12-14,Bakers,"[{""product"":""Candle Orbit 656"",""quantity"":1},{""product"":""Candle Bloom 1054"",""quantity"":1},{""product"":""Candle Orbit 1034"",""quantity"":1}]",3293.83,11.88,-37.765178,145.022951,15,2811.64,Summer,False,5.547,"candle quest 948 has improved the wireless coverage between the rooms in our home. the previous weak spots were most noticeable near the back study and upstairs hallway, while this unit gives those areas a much steadier connection for browsing, calls and streaming. installation was manageable because the instructions used familiar language and the status information was easy to read. once placed, it blended into the room without taking up much space. i have moved around the house with a phone and laptop and experienced fewer interruptions than before, especially when carrying on a video call. the result is not identical in every corner, and thick walls still affect performance, but the improvement is obvious in the areas that mattered most. candle quest 948 has been stable over weeks of use and has removed a recurring source of annoyance. it is a practical, reassuring addition to our network.",True
CORD000298,CUS00104,2019-09-29,Bakers,"[{""product"":""Candle Flux 990"",""quantity"":2},{""product"":""Candle Flux 1098"",""quantity"":1},{""product"":""Vela Halo 659"",""quantity"":1},{""product"":""Candle Bloom 1054"",""quantity"":1}]",5699.7,12.17,-37.813801,145.02867,10,5141.9,Spring,False,2.9677,"i used candle arc 942 for sketching and lightweight creative work, comparing it with a basic drawing tablet that had served me before. the display showed the canvas, but the drawing response felt disconnected from the stylus. lines appeared slightly after the movement, and quick strokes sometimes ended with a gap or a blunt mark. that delay was frustrating during outlines and made the process feel awkward rather than natural. the screen surface did not help. my hand dragged across it, especially during longer sessions, and the glass collected fingerprints quickly. a matte surface on my older tablet was less reflective and gave more control, even though it was not as attractive. candle arc 942 also made the cursor difficult to place precisely near the edges. i spent time correcting marks that had landed beside the intended point, which slowed simple sketches and made detailed work tiring. file handling and general use were another source of trouble. opening a large drawing caused the interface to pause, and switching between a reference image and the canvas sometimes returned me to the wrong position. the device did not always remember the last zoom level, so repeated adjustments became part of every session. its compact format was convenient to carry, but the narrow working area felt restrictive once a sketch involved several layers or broad strokes. the tablet was functional for viewing a finished image, yet that is not the same as supporting creative work. candle arc 942 can display an image and accept a stylus, but those basic functions do not make it a satisfactory drawing tool. compared with the older tablet, the delayed strokes, slippery surface, imprecise edges, slow file handling, and cramped workspace created too many obstacles. i spent more time correcting the tablet than developing ideas, and i cannot recommend candle arc 942 for regular drawing.",False
CORD000299,CUS00206,2019-04-24,Bakers,"[{""product"":""Candle Quest 498"",""quantity"":1},{""product"":""Candle Orbit 656"",""quantity"":1}]",3570.39,22.39,-37.859814,145.006851,5,3414.26,Autumn,True,5.6327,"i bought candle shift 322 for field forms and client presentations, after using a smaller tablet that felt cramped and a laptop that was awkward to carry between meetings. after two weeks of regular use, this sits in a useful middle ground. it is light enough to take to a site visit, yet the screen gives forms and presentation pages enough room to read without constant zooming. the response while moving between fields is smooth, and i have not had the delays that made my previous device look unprofessional in front of clients. for forms, the main advantage is the balance between portability and working space. i can hold it in one hand while checking information and use the other to enter notes. when i need to show a proposal, turning the display toward someone across a table feels much more natural than passing around a phone. text remains readable from an angle, and the surface has not collected distracting marks during ordinary use. it also wakes quickly, which matters when a conversation moves from discussion to a visual example. compared with my old laptop, candle shift 322 is less tiring for short visits and quicker for simple updates. compared with the compact tablet i tried before, it feels more capable for longer forms because there is less scrolling and fewer accidental taps. it is not a replacement for a full computer when i need extensive editing, and the supplied charging lead could be longer for a desk setup. those are minor trade-offs. the construction feels dependable, the 24-month warranty adds reassurance, and the device has made routine field work more comfortable. for a productivity tablet focused on forms and presentations, it is a very worthwhile choice.",True
CORD000300,CUS00473,2019-06-07,Bakers,"[{""product"":""Vela Halo 659"",""quantity"":1},{""product"":""Candle Edge 680"",""quantity"":2},{""product"":""Vela Halo 569"",""quantity"":1},{""product"":""Candle Bloom 262"",""quantity"":1}]",6034.87,12.98,-37.786211,144.968974,0,6047.85,Winter,False,3.5096,"i compared candle shift 664 with the older wireless audio set i had been using during concentrated desk work. the new pair gives me a more comfortable and consistent listening experience, especially when i am working through several hours of reading or writing. music sounds balanced, spoken audio remains clear, and i can keep the volume at a moderate level without feeling that detail has disappeared. the difference is not dramatic in every song, but it is noticeable across a full afternoon. pairing was quick, and reconnecting later has been dependable. i can move away from the desk for a short break without immediately losing the audio, then return and continue without starting over. the controls are easy to find by touch, which is useful when i do not want to look away from a document. candle shift 664 is light enough that i forget about it during routine work, and the fit has remained comfortable after repeated use. calls are also clear enough for brief conversations, though this is primarily a music and focused-work device. compared with my previous set, the main improvement is the lack of small interruptions. i spend less time adjusting the position, checking the connection, or wondering whether a quiet passage is being lost. the charging case is not especially compact, and the physical buttons need a firm press, but those are minor concessions. the 12-month warranty adds confidence. candle shift 664 has become an enjoyable part of my desk routine because it offers steady wireless listening without demanding much attention.",True
CORD000301,CUS00141,2019-06-14,Bakers,"[{""product"":""Candle Bloom 262"",""quantity"":1}]",1118.27,13.8,-37.771603,145.010506,0,1132.07,Winter,False,4.4751,"i compared candle orbit 242 with the older tablet i had been using for sketches and occasional creative tasks. the newer device feels more responsive when drawing, and the surface gives enough room for loose illustrations without making the whole setup difficult to carry. i have used it for handwritten ideas, simple diagrams, and lightweight image work, and the experience has been comfortable from the first few sessions. the screen is bright and makes colours easy to distinguish in ordinary room light. candle orbit 242 also works well when i move between creative work and practical tasks. i can review reference material, make a quick correction, and return to a drawing without the awkward pauses that were common on my previous tablet. the body is easy to hold on a desk or lap, and the controls do not dominate the process. someone producing highly detailed professional artwork may want a larger specialised display with more dedicated controls, but that is beyond the purpose of this tablet. for light creative work, its simplicity is an advantage. the casing feels solid, and the screen has remained clean and responsive after regular use. compared with the older tablet, candle orbit 242 gives me a more fluid way to sketch and organise ideas while staying portable. it is not an all-purpose replacement for a full computer, yet it has become the device i reach for when i want to draw, annotate, or explore an idea quickly. that is a very successful fit for my routine.",True
CORD000302,CUS00234,2019-07-07,Bakers,"[{""product"":""Candle Quest 354"",""quantity"":2},{""product"":""Candle Flux 990"",""quantity"":1},{""product"":""Candle Bloom 1054"",""quantity"":1}]",3349.86,18.21,-37.742785,145.064883,5,3200.58,Winter,False,9.6606,"vela atlas 197 has become useful for habit reminders and everyday timekeeping because it stays visible without requiring me to take out my phone. i use reminders for breaks, errands, and regular tasks, and the vibration is noticeable without being harsh. the time display is clear at a glance, while the strap has remained comfortable during long working days. setup and syncing were uncomplicated, and the device has continued to show information even when my phone is not immediately beside me. the reminder controls could offer more flexibility for repeated schedules, but the available options cover my normal routine. battery life has been adequate for several days before charging. vela atlas 197 is a focused wearable rather than an all-purpose gadget, and that simplicity has made it easy to keep using.",True
CORD000303,CUS00197,2019-10-24,Bakers,"[{""product"":""Candle Flux 990"",""quantity"":1},{""product"":""Candle Quest 354"",""quantity"":1}]",2497.23,9.21,-37.820324,145.018486,25,1882.13,Spring,False,2.3434,"i bought vela ridge 815 to manage a household outlet on a regular schedule, and it has performed that task consistently. the initial connection took a few attempts because i had to place it close to the router, but the setup became clear after that. i now use a routine for a lamp in the evening, and the outlet switches at the expected times without me remembering to do it manually. manual control is also convenient when plans change. the unit remains unobtrusive on the wall and has not become warm during ordinary operation. i have checked the schedule several times after a power interruption and found that it continued behaving as expected. the controls are not especially sophisticated, but the simple purpose is handled well. vela ridge 815 has removed a small daily chore and feels like a worthwhile addition to my home.",True
CORD000304,CUS00174,2019-01-21,Bakers,"[{""product"":""Candle Orbit 1034"",""quantity"":1},{""product"":""Candle Quest 498"",""quantity"":1},{""product"":""Vela Halo 569"",""quantity"":1},{""product"":""Candle Edge 680"",""quantity"":1}]",4290.74,25.34,-37.869,145.039587,5,4101.54,Summer,True,7.63,"vela wave 949 was placed in a shared workspace for hands-free device support, but it has been awkward and unreliable. the base slides across the desk when the screen is tapped, and the holder does not grip every device evenly. adjusting the viewing angle requires loosening the joint, yet the joint often slips back under the device weight. colleagues have knocked it over during ordinary desk use because the footprint is too narrow. the exposed edges also scratch easily, making the accessory look worn after limited handling. it holds a device if nobody touches the desk, but that is not enough for calls, reading, or shared work. the unstable base and weak adjustment mechanism make vela wave 949 frustrating and difficult to recommend.",False
CORD000305,CUS00080,2019-11-22,Bakers,"[{""product"":""Vela Halo 569"",""quantity"":1},{""product"":""Candle Orbit 1034"",""quantity"":2},{""product"":""Vela Halo 659"",""quantity"":1},{""product"":""Candle Bloom 1054"",""quantity"":1}]",2027.49,9.86,-37.828825,145.023229,15,1733.23,Spring,False,3.2297,"the vela atlas 467 has been particularly useful on my walk to work. commute notifications arrive without requiring me to take out my phone, and the small display is readable at a glance. i have found the strap comfortable through changing weather, although the screen is not ideal for reading anything lengthy. battery use has been steady, and the device has not dropped a notification during my usual route. it is a simple wearable that has made my mornings more convenient.",True
CORD000306,CUS00048,2019-04-06,Bakers,"[{""product"":""Candle Flux 1098"",""quantity"":1},{""product"":""Vela Halo 659"",""quantity"":1},{""product"":""Candle Bloom 1054"",""quantity"":1}]",1510.8,13.76,-37.884767,145.022875,0,1524.56,Autumn,False,8.6612,"the vela wave 877 has been a helpful way to review my exercise sessions without carrying my phone during every activity. after a walk or workout, the summary is easy to read and gives me a useful overview of how the session went. the device sits securely on my wrist and has remained comfortable through movement and ordinary daily wear. starting a session takes little effort, and the display is readable when i glance down briefly. battery life has been sufficient for several days, which means i do not need to charge it after every outing. it is not a replacement for specialised training equipment, and the compact screen cannot show much detail at once. for general exercise tracking, however, the vela wave 877 is convenient, comfortable, and encouraging to use.",True
CORD000307,CUS00221,2019-05-18,Bakers,"[{""product"":""Candle Quest 498"",""quantity"":3},{""product"":""Candle Orbit 1034"",""quantity"":1},{""product"":""Candle Orbit 656"",""quantity"":1},{""product"":""Vela Halo 659"",""quantity"":1}]",7117.18,21.28,-37.773869,145.009274,10,6351.59,Autumn,True,4.2024,"candle bloom 1018 has made our shared household connection easier to manage than the older networking unit. before changing over, devices would sometimes need to be reconnected after someone moved between rooms, and working out which setting to check was frustrating. this unit has given us a steadier everyday arrangement for laptops, phones, a television, and other shared devices. the improvement is less about a dramatic single feature and more about removing small interruptions from the day. i compared the setup process with the spare unit kept for occasional use. the older one can still connect a few devices, but its controls are less intuitive and its status information is harder to interpret. candle bloom 1018 was simpler to place into the household routine. once it was configured, family members could use their devices without repeatedly asking me to restart or adjust something. that matters in a home where several people are online at different times. the unit is not especially decorative, and the indicator lights are more noticeable in a dark room than i expected. i also needed to spend time choosing a sensible location because the household layout has several walls between rooms. those are ordinary installation considerations rather than serious faults. compared with the previous network device, candle bloom 1018 has delivered a calmer, more dependable connection for the collection of devices we actually use.",True
CORD000308,CUS00337,2019-01-12,Thompson,"[{""product"":""Candle Orbit 1034"",""quantity"":1},{""product"":""Candle Orbit 656"",""quantity"":1}]",2843.98,14.08,-37.885982,144.91287,20,2289.26,Summer,False,8.6871,"vela wave 427 gives me a convenient summary after an exercise session. i can review the result quickly and see the useful information without navigating through an overloaded interface. it has remained comfortable during movement and unobtrusive when worn through the day. the summary choices are somewhat limited, but the device has been consistent and has encouraged me to pay more attention to my regular activity.",True
CORD000309,CUS00152,2019-10-18,Bakers,"[{""product"":""Candle Orbit 1034"",""quantity"":1}]",581.92,12.55,-37.855722,145.048683,10,536.28,Spring,False,6.9201,"the candle quest 984 has been playing music in our shared room for about six weeks, and it compares favourably with the small speaker i used before. it fills the space without requiring anyone to sit directly beside it, which suits our habit of moving between the table, sofa, and kitchen. the sound is pleasant for everyday playlists, podcasts, and background music, and voices remain understandable when we switch away from songs. what makes candle quest 984 more useful than my old speaker is the way it fits into group listening. i can connect it without moving furniture, and another person can take over the music without turning the whole routine into a technical task. we have used it during quiet work, casual meals, and weekend cleaning. it is not a dramatic room-filling system, but it gives the shared space a fuller feel than a phone or tiny desktop speaker. i compared it with a larger audio unit at a friend’s home. the larger product has more force at the lowest end and suits someone who wants music to dominate a room. candle quest 984 is more restrained, which is better for our shared use because conversation can continue. at very high volume, the sound loses some detail, so i keep it at a moderate level. that is also where the unit sounds most balanced. the body has been moved between shelves several times without becoming loose or awkward to handle. controls are easy to find, although the buttons are less distinct when the room is dark. i have not needed support, and daily playback has remained steady. people seeking concert-level impact may want something larger, but for shared-room music the candle quest 984 offers a convenient balance of clear voices, manageable size, and uncomplicated use.",True
CORD000310,CUS00252,2019-12-12,Nickolson,"[{""product"":""Candle Quest 354"",""quantity"":1},{""product"":""Vela Halo 569"",""quantity"":1},{""product"":""Candle Quest 498"",""quantity"":1},{""product"":""Candle Orbit 1034"",""quantity"":1}]",2442.12,12.39,-37.873961,144.983169,0,2454.51,Summer,False,6.2715,"vela atlas 485 has given me a convenient way to notice door and window activity without checking each area manually. the alerts arrive promptly enough for ordinary household awareness, and the app presents them in a way that is easy to understand later. i placed the sensors in the areas i care about most, then adjusted the notifications so normal movement would not become distracting. that setup took some thought, but once the routine was established the system became unobtrusive. the sensors are small and have stayed neatly in position during regular use. i treat the alerts as useful information rather than a replacement for sensible attention, which seems the right approach for any home device. vela atlas 485 has added reassurance and visibility to my daily routine. it is a practical system for keeping track of activity around doors and windows.",True
CORD000311,CUS00332,2019-11-15,Bakers,"[{""product"":""Candle Edge 680"",""quantity"":1},{""product"":""Candle Flux 990"",""quantity"":1},{""product"":""Candle Orbit 1034"",""quantity"":2},{""product"":""Vela Halo 569"",""quantity"":2},{""product"":""Candle Flux 1098"",""quantity"":1}]",6604.11,13.51,-37.746506,145.043459,15,5627,Spring,False,8.2344,"i installed vela ridge 1085 to keep track of door and window activity, and after 47 days it has proved more useful than the informal checks we relied on before. the older routine meant remembering to inspect several openings before leaving. with vela ridge 1085 in place, an alert gives me a prompt when activity occurs, which is particularly helpful when another family member is moving around the house. the information arrives in a way that is easy to understand without turning the system into a constant distraction. the initial placement required some thought because i wanted the sensors to suit both the main entrance and the windows used most often. once positioned, they stayed unobtrusive and did not interfere with normal opening and closing. i compared the system with a simple note on the door asking people to check everything. that approach depended entirely on memory, while the alerts provide a more dependable reminder. i have also found them useful when i am in another room and want to know why a door has moved. over the ownership period, the notifications have remained consistent and the controls have been straightforward to adjust. i can change the arrangement when our household routine changes without starting from the beginning. the 12-month warranty offers some welcome confidence. the system reports activity rather than explaining the reason for it, so it still requires ordinary judgement, but that is appropriate for this kind of home automation. vela ridge 1085 has added a calm layer of awareness and is a clear improvement over manual checking. i am happy with the purchase and would use it again for everyday door and window alerts.",True
CORD000312,CUS00070,2019-05-14,Nickolson,"[{""product"":""Candle Edge 680"",""quantity"":1},{""product"":""Candle Quest 354"",""quantity"":1},{""product"":""Vela Halo 569"",""quantity"":2},{""product"":""Candle Bloom 1000"",""quantity"":2}]",6584.04,11.84,-37.873051,144.954135,0,6595.88,Autumn,False,6.2047,"vela core 147 has fitted my daily routine because it combines simple reminders with an accessible time display. i use it to prompt small habits during work and to check the time when my phone is out of reach. the reminders are noticeable but not so forceful that they interrupt every conversation, and changing them for different parts of the day has been straightforward. the band remains comfortable during long periods at a desk, and the display is readable with a quick glance. its tracking and notification options are not as extensive as those on a more advanced wearable, but i wanted something uncomplicated rather than a second computer on my wrist. after several weeks, vela core 147 has helped me keep a steadier routine and has avoided becoming another source of screen time.",True
CORD000313,CUS00209,2019-01-31,Thompson,"[{""product"":""Vela Halo 659"",""quantity"":1},{""product"":""Candle Orbit 1034"",""quantity"":2}]",1428.55,12.06,-37.862581,144.927676,15,1226.33,Summer,False,5.8049,"the candle edge 824 became part of my routine during a particularly busy stretch of online classes and video meetings. pairing it for the first time was quick, and i appreciated being able to move between my desk and the kitchen without constantly handling the connection. voices come through with a clean, present quality, so i can follow a lecture or conversation without straining to catch ordinary words. the controls are simple enough that i learned them through use rather than needing to keep checking instructions. over time, i have used it for morning classes, informal calls, recorded lessons, and music while doing household jobs. the fit stays comfortable through a long session, and the controls respond when i pause audio or adjust the level. the microphone has suited regular conversations, with my voice remaining understandable when the room is quiet. in a busier room, i sometimes position myself more carefully, but that feels like a reasonable expectation for this sort of wireless audio device. charging has fitted easily into my routine, and i have not found myself worrying about the battery during a normal day. music has a balanced presentation that works well for background listening and spoken material. it is not the most expansive sound i have heard, especially when i want a dramatic performance, yet it remains enjoyable and consistent for my actual use. the carrying case also makes it convenient to put away between sessions. after owning the candle edge 824 for a while, i value its dependable pairing, comfortable handling, and clear treatment of voices. it has made remote study and calls feel more relaxed.",True
CORD000314,CUS00413,2019-11-10,Bakers,"[{""product"":""Candle Flux 1098"",""quantity"":1},{""product"":""Vela Halo 659"",""quantity"":2},{""product"":""Candle Quest 498"",""quantity"":1}]",2633.99,11.55,-37.765178,145.022951,0,2645.54,Spring,False,5.547,"candle quest 948 has improved the wireless coverage between the rooms in our home. the previous weak spots were most noticeable near the back study and upstairs hallway, while this unit gives those areas a much steadier connection for browsing, calls and streaming. installation was manageable because the instructions used familiar language and the status information was easy to read. once placed, it blended into the room without taking up much space. i have moved around the house with a phone and laptop and experienced fewer interruptions than before, especially when carrying on a video call. the result is not identical in every corner, and thick walls still affect performance, but the improvement is obvious in the areas that mattered most. candle quest 948 has been stable over weeks of use and has removed a recurring source of annoyance. it is a practical, reassuring addition to our network.",True
CORD000315,CUS00437,2019-03-03,Bakers,"[{""product"":""Vela Halo 569"",""quantity"":2},{""product"":""Candle Orbit 1034"",""quantity"":1},{""product"":""Vela Halo 659"",""quantity"":1}]",1144.81,14.41,-37.879194,145.058693,15,987.5,Autumn,False,9.5003,"i wanted vela ridge 1067 mainly for walking and commute notifications, not for a complicated training programme. during the first week i wore it on short walks, then on the longer route to work. the display was easy to check with a quick glance, and the movement reminders encouraged me to stand up during stretches of desk work without interrupting what i was doing. i liked that the device provided information quietly instead of turning every notification into an event. my routine became more consistent after i began using it on the commute. vela ridge 1067 showed incoming messages clearly enough for me to decide whether a reply could wait, and the vibration was noticeable without being startling. on a rainy morning i kept the walk brisk and later checked the activity summary, which gave me a useful picture of how much i had moved. i also wore it while running errands and found the light weight less distracting than i expected. the band has remained comfortable through ordinary daily wear. there are boundaries to what i ask from it. i still reach for my phone when i need to read a long message, and the small display is not suited to detailed interaction. the first few days involved adjusting the notification choices because i had enabled more alerts than i wanted. once i reduced them, vela ridge 1067 became much calmer. the battery has covered my usual routine, although i now charge it on a regular evening so i do not forget. after forty-eight days, vela ridge 1067 has delivered exactly the kind of support i wanted. it makes walking progress visible, keeps commute notifications manageable, and encourages movement without becoming another demanding screen. the limited display is reasonable for its size, and the overall experience has been thoroughly positive.",True
CORD000316,CUS00476,2019-02-03,Bakers,"[{""product"":""Candle Quest 354"",""quantity"":1},{""product"":""Candle Bloom 1054"",""quantity"":2},{""product"":""Candle Orbit 1034"",""quantity"":1},{""product"":""Candle Bloom 262"",""quantity"":1}]",3002.67,25.22,-37.852499,145.060894,0,3027.89,Summer,True,7.4559,"candle orbit 260 was used for study, research, and note taking, but routine academic work has been frustrating. browser pages reload slowly when several sources are open, and the system pauses while switching between notes and documents. searching through a long file can leave the screen unresponsive for several seconds. the keyboard has shallow keys that make extended typing uncomfortable, while the touchpad occasionally interprets a palm as a click. battery loss is also uneven, so i cannot rely on the remaining indicator during a long reading session. video meetings add more trouble because the wireless connection sometimes drops and the microphone needs to be reselected after reconnection. a single document can be written, but research rarely involves only one window. candle orbit 260 turns ordinary study into a sequence of delays and corrections. its poor endurance, awkward input, and unreliable connection leave me disappointed and unable to recommend it.",False
CORD000317,CUS00366,2019-10-07,Bakers,"[{""product"":""Vela Halo 659"",""quantity"":2},{""product"":""Candle Bloom 1000"",""quantity"":1},{""product"":""Candle Flux 990"",""quantity"":2},{""product"":""Candle Bloom 1054"",""quantity"":1}]",6984.01,11.4,-37.842344,145.040296,5,6646.21,Spring,False,5.3482,"vela pulse 451 has handled my daily calls, messages, maps, and occasional media without a serious problem. the interface is familiar, and the screen remains readable during outdoor navigation. location guidance usually updates promptly, though it can hesitate briefly after leaving a building. streaming works well on a strong connection, while heavier use makes the phone warm and reduces the remaining battery more quickly. the camera is suitable for quick snapshots, but i would not choose it for careful photography because detail softens in lower light. the body feels comfortable in one hand, although the smooth finish is easier to drop than i would like. vela pulse 451 is a balanced everyday phone: communication is dependable, navigation is useful, and media is acceptable. its ordinary camera and variable endurance stop it from feeling especially distinctive.",True
CORD000318,CUS00055,2019-05-29,Thompson,"[{""product"":""Candle Orbit 656"",""quantity"":2},{""product"":""Vela Halo 659"",""quantity"":1},{""product"":""Candle Quest 498"",""quantity"":3}]",8713.82,8.74,-37.814624,144.921825,20,6979.8,Autumn,False,2.2281,"vela halo 389 has reduced the number of adapters i carry when moving between my desk, meeting room, and home workspace. i can connect several devices through the compact unit, and it has handled my usual combination without becoming temperamental. the cable is flexible enough to position beside a laptop, while the adapter itself stays put rather than sliding across the table. i have used it for work peripherals and occasional media transfers, and the connections have remained consistent. it becomes warm after extended use, so i avoid covering it with papers or placing it in a tight pouch while active. that is a reasonable precaution. vela halo 389 has been convenient, dependable, and much less cluttered than carrying separate accessories.",True
CORD000319,CUS00468,2019-11-29,Bakers,"[{""product"":""Vela Halo 659"",""quantity"":2},{""product"":""Candle Flux 990"",""quantity"":2}]",4718.32,13.25,-37.754647,145.051281,0,4731.57,Spring,False,7.8829,"candle flux 828 has been supporting video meetings and media streaming in my home. compared with the older network arrangement, joining a call is generally smoother and ordinary streaming does not require as much waiting before it begins. during one-to-one meetings, speech and picture have stayed together more consistently, and family members can use the connection for separate browsing without immediately creating a problem. the controls are reasonably clear once set up, and i appreciate not having to restart the equipment for every small interruption. for routine use, it has made the household connection feel less fragile. the comparison is less favourable when several demanding activities happen together. a meeting can become uneven while another person is streaming, and the change is noticeable before the connection fully recovers. compared with a simpler arrangement used only for browsing, candle flux 828 has more to manage and takes longer to diagnose when something feels wrong. placement also matters more than i expected; moving it slightly changed the experience in one room. the basic connection remains available, but the performance is not equally calm at every busy period. i have learned to avoid starting large transfers during important calls. candle flux 828 is a practical middle choice for meetings and media in a modest household. it is a clear improvement over my previous setup for ordinary use, yet shared demand reveals limits that are not visible during testing. i am satisfied with the steadier routine, while anyone expecting uninterrupted performance under heavy use should compare alternatives carefully.",True
CORD000320,CUS00069,2019-12-15,Thompson,"[{""product"":""Candle Flux 990"",""quantity"":1},{""product"":""Vela Halo 659"",""quantity"":2},{""product"":""Candle Edge 680"",""quantity"":1}]",4875.27,9.39,-37.797848,144.934327,15,4153.37,Summer,False,1.9926,"vela nova 249 has been useful in our shared workspace when someone needs to view a phone while keeping both hands free. the base sits securely on the desk, and the support holds the device at a practical angle for reading messages, following a recipe, or joining a short call. i have moved it between workstations several times, and the adjustment has remained straightforward rather than stiff. it occupies little space beside a keyboard, which matters when several people share the same surface. the holder accommodates the phones we normally use, although a particularly thick case makes the fit tighter. it is not designed for carrying around, so i treat it as a desk accessory rather than a travel item. vela nova 249 has made reference information easier to see and has stopped phones from sliding between papers and cables. its simple construction suits the job, and it has added a small but noticeable improvement to our shared work area.",True
CORD000321,CUS00200,2019-06-19,Thompson,"[{""product"":""Candle Bloom 1000"",""quantity"":3},{""product"":""Candle Quest 354"",""quantity"":1},{""product"":""Candle Bloom 262"",""quantity"":1},{""product"":""Vela Halo 659"",""quantity"":1}]",7233.28,12.32,-37.798003,144.922218,10,6522.27,Winter,False,2.7254,"the vela core 561 has been enjoyable to use for photographs and messaging. outdoor pictures from walks have plenty of detail, and indoor shots of family moments turn out bright enough to share without much editing. the camera opens quickly, and moving from taking a picture to sending it in a message feels simple. i have also appreciated the screen while reviewing photos, since faces and small details are easy to see. messages arrive promptly, apps for ordinary communication open without delay, and the phone remains comfortable to hold during a long chat. in dim rooms the camera can produce softer results, so it is not a replacement for dedicated photography equipment. that limitation has not mattered for my usual snapshots. the vela core 561 gives me a responsive messaging phone and a capable everyday camera in one pleasant package.",True
CORD000322,CUS00389,2019-10-31,Nickolson,"[{""product"":""Candle Bloom 262"",""quantity"":1},{""product"":""Vela Halo 659"",""quantity"":1},{""product"":""Candle Quest 498"",""quantity"":1}]",2691.31,15.59,-37.884597,144.99465,0,2706.9,Spring,False,7.6628,"vela pulse 505 made room lighting more frustrating than expected. the app frequently took too long to connect, and commands sometimes showed as sent without changing the light. when control failed, the only practical option was to restart the unit and try again. the schedule feature also missed an evening change, leaving the room dark until i used the wall switch. manual lighting still works, but unreliable app control and poor feedback make this automation disappointing.",False
CORD000323,CUS00272,2019-08-02,Nickolson,"[{""product"":""Candle Bloom 262"",""quantity"":1},{""product"":""Vela Halo 569"",""quantity"":1},{""product"":""Vela Halo 659"",""quantity"":1},{""product"":""Candle Edge 680"",""quantity"":1}]",3783.47,10.93,-37.812861,144.979609,20,3037.71,Winter,False,1.0896,"i have used candle shift 754 for commuting and spoken-content listening for about a month. the wireless connection usually starts quickly, and voices remain distinct on trains and buses. podcasts are easy to follow because the speech does not get buried under a heavy sound profile. battery life has been adequate for several journeys, although i have needed to charge it sooner than expected after longer listening sessions. the controls are usable once memorised, but the buttons feel awkward when i am wearing gloves. it sits securely during normal travel, though the fit becomes noticeable after extended use. calls work indoors, but the microphone picks up surrounding noise outside. overall, candle shift 754 performs its basic purpose without being especially refined. i would keep it for routine commuting, but buyers wanting richer music playback or stronger call performance should compare alternatives.",True
CORD000324,CUS00400,2019-12-29,Bakers,"[{""product"":""Candle Bloom 1000"",""quantity"":1},{""product"":""Candle Quest 354"",""quantity"":1},{""product"":""Candle Orbit 1034"",""quantity"":2},{""product"":""Candle Quest 498"",""quantity"":1},{""product"":""Vela Halo 569"",""quantity"":1}]",4839.88,22.86,-37.76082,145.043942,25,3652.77,Summer,True,6.9443,"vela atlas 413 has been in our living area for sixteen days, mostly handling music and spoken-content playback while the household gets on with other things. i chose it because i wanted something that could fill the room without requiring me to sit directly beside it. during breakfast i use it for music, and later in the day it is useful for listening to programmes while cooking or sorting laundry. that has made the room feel more welcoming without turning playback into a formal activity. the display is convenient when i want to check what is playing, but i do not have to keep looking at it. i have moved it between a shelf and a side table while settling on a spot, and the unit has stayed secure and presentable. spoken content remains understandable during ordinary household noise, and music has been pleasant for background listening. different people in the house have used it at different times, so it has been reassuring that the basic controls do not feel mysterious after a few days away from them. i have found that louder listening is less suitable when people are talking nearby, so i keep the volume moderate in our shared space. that is a normal consideration for any room-based speaker rather than a serious flaw. vela atlas 413 has become part of our evening pattern in a very natural way. it provides the kind of dependable background entertainment i wanted, and i am glad we chose it for the living area.",True
CORD000325,CUS00044,2019-05-17,Bakers,"[{""product"":""Vela Halo 569"",""quantity"":1},{""product"":""Candle Quest 498"",""quantity"":2}]",2765.75,8.87,-37.804498,145.021673,0,2774.62,Autumn,False,2.402,"vela nova 375 has helped me understand the changes in temperature and humidity inside my home instead of relying on how the room feels for a few minutes. i placed it in the area where i spend the most time and watched the readings through different parts of the day. the information was easy to interpret, and i soon noticed that the room became noticeably different after cooking or leaving windows closed overnight. that awareness has changed a few ordinary habits. i now open the room earlier when it feels stuffy and pay more attention to conditions before settling down to work. vela nova 375 has also been useful when comparing the living room with a quieter back room, where the air feels different even when the temperature seems similar. i am not using it for scientific work, but the repeated observations have given me a much more practical sense of the indoor environment. placement makes a difference. readings near a window or cooking area change quickly, so i had to choose a position that represented the room rather than a single local draft. the display is also less visible from across the room than i first expected, which means i usually walk over to check it. those are minor inconveniences, and they encouraged me to think about what i actually wanted to monitor. after forty-seven days, vela nova 375 has become a quiet but useful part of the house. it provides understandable temperature and humidity information, has prompted sensible ventilation habits, and does not demand constant attention. it cannot explain why a room changes, but it gives me a helpful starting point for making the space more comfortable.",True
CORD000326,CUS00471,2019-03-16,Bakers,"[{""product"":""Vela Halo 659"",""quantity"":1},{""product"":""Candle Quest 354"",""quantity"":1},{""product"":""Candle Orbit 1034"",""quantity"":1}]",1249.41,9.35,-37.783369,144.988696,15,1071.35,Autumn,False,3.016,"candle vista 920 has handled my creative projects and media editing with a reassuring level of consistency. i have used it for organizing source material, making edits, and reviewing finished work while away from my main desk. the screen gives me enough room to inspect details, and ordinary multitasking has remained responsive during longer sessions. it is portable enough for travel without feeling fragile, though the charger adds noticeable weight to a smaller bag. fans can become audible when i am working harder, but that has not interrupted concentration or affected the work itself. candle vista 920 has made it possible to continue projects in different places without a complicated setup. it is a practical laptop for creative tasks with a manageable compromise in portability.",True
CORD000327,CUS00006,2019-11-11,Thompson,"[{""product"":""Candle Quest 498"",""quantity"":2},{""product"":""Candle Orbit 1034"",""quantity"":2},{""product"":""Candle Edge 680"",""quantity"":1}]",6031.9,16.48,-37.746203,144.891044,10,5445.19,Spring,False,8.881,"candle lumen 1066 was bought for casual games in a shared room, but it has been disappointing in ordinary use. loading a game takes long pauses, and returning from sleep sometimes leaves a blank screen. the fan becomes loud enough to disturb conversation, while the controller connection drops when another person is using nearby wireless devices. the display is visible indoors, yet the colours look dull and small text is difficult to read. a game can eventually start, but that basic function does not excuse the freezing and noisy operation. i have restarted it repeatedly and lost progress more than once. what should have been a simple shared activity has become awkward and frustrating. i cannot recommend candle lumen 1066.",True
CORD000328,CUS00031,2019-06-10,Nickolson,"[{""product"":""Candle Bloom 262"",""quantity"":1}]",1118.27,16.88,-37.886661,145.002254,10,1023.32,Winter,False,8.0949,"i have used candle arc 942 for drawing at the kitchen table and for small creative jobs that do not justify opening my larger computer. the first few sketches were mainly about learning the surface and finding a grip that felt natural. after that short adjustment, drawing became fluid enough for rough ideas, coloured notes, and simple layouts. the tablet responds promptly to strokes, and i can zoom in when working on a small section without losing track of the whole image. most of my sessions last between twenty minutes and an hour. during that time the tablet remains comfortable to hold against a cushion or rest flat on the table. i like being able to pick it up when an idea appears, add a few lines, and put it away without preparing a full workspace. it has also been handy for reviewing an image while travelling around the house. the supplied pen is pleasant for ordinary sketching, although i would prefer a slightly more secure place to store it because it can disappear among papers. candle arc 942 has encouraged me to draw more often simply because it is available. i have used it for planning a small room arrangement, marking changes on a picture, and making quick visual reminders for a project. it is not a replacement for every tool in a full creative studio, and the smaller working area takes some getting used to when a drawing becomes detailed. for lightweight creative work, however, it feels responsive and approachable. the battery has carried me through my usual sessions, and the tablet has become a genuinely useful part of my creative routine.",True
CORD000329,CUS00413,2019-07-14,Bakers,"[{""product"":""Candle Edge 680"",""quantity"":1},{""product"":""Candle Bloom 1000"",""quantity"":2},{""product"":""Candle Flux 1098"",""quantity"":2},{""product"":""Candle Bloom 262"",""quantity"":1},{""product"":""Candle Quest 354"",""quantity"":2}]",9399.39,14.71,-37.765178,145.022951,0,9414.1,Winter,False,5.547,"candle quest 948 has improved the wireless coverage between the rooms in our home. the previous weak spots were most noticeable near the back study and upstairs hallway, while this unit gives those areas a much steadier connection for browsing, calls and streaming. installation was manageable because the instructions used familiar language and the status information was easy to read. once placed, it blended into the room without taking up much space. i have moved around the house with a phone and laptop and experienced fewer interruptions than before, especially when carrying on a video call. the result is not identical in every corner, and thick walls still affect performance, but the improvement is obvious in the areas that mattered most. candle quest 948 has been stable over weeks of use and has removed a recurring source of annoyance. it is a practical, reassuring addition to our network.",True
CORD000330,CUS00138,2019-12-23,Nickolson,"[{""product"":""Candle Bloom 1000"",""quantity"":1}]",1815.84,12.69,-37.878158,144.981013,15,1556.15,Summer,False,6.6991,"i moved to vela wave 571 because i wanted one phone for work calls, messages, and calendar management. during the first week i transferred my usual contacts and appointments, then tested it through a normal sequence of calls and reminders. the process was straightforward, and the phone quickly became part of my workday. calls have been clear in the places where i usually take them, and calendar alerts arrive when expected without making the whole experience feel complicated. after using it for several weeks, i have found the screen comfortable for reading schedules and checking meeting details. the interface responds quickly to ordinary taps, and moving between a call, a message, and the calendar is generally smooth. vela wave 571 also handles navigation between appointments without fuss, which matters when i am moving around unfamiliar areas. the camera is perfectly adequate for quick reference pictures, although it is not the feature i use most. battery life has covered a busy day of calls and planning, with charging usually happening overnight. on especially active days i have needed a top-up before evening, but that has not disrupted my routine. the phone feels well assembled and fits easily in one hand, though the surface is slippery enough that i prefer a case. vela's warranty adds reassurance, and the overall experience has been positive. vela wave 571 keeps my communication and schedule together in a way that feels dependable rather than demanding.",True
CORD000331,CUS00200,2019-10-26,Thompson,"[{""product"":""Candle Flux 990"",""quantity"":1},{""product"":""Candle Flux 1098"",""quantity"":1}]",2890.69,19.99,-37.798003,144.922218,20,2332.54,Spring,True,2.7254,"the vela core 561 has been enjoyable to use for photographs and messaging. outdoor pictures from walks have plenty of detail, and indoor shots of family moments turn out bright enough to share without much editing. the camera opens quickly, and moving from taking a picture to sending it in a message feels simple. i have also appreciated the screen while reviewing photos, since faces and small details are easy to see. messages arrive promptly, apps for ordinary communication open without delay, and the phone remains comfortable to hold during a long chat. in dim rooms the camera can produce softer results, so it is not a replacement for dedicated photography equipment. that limitation has not mattered for my usual snapshots. the vela core 561 gives me a responsive messaging phone and a capable everyday camera in one pleasant package.",True
CORD000332,CUS00400,2019-08-02,Bakers,"[{""product"":""Candle Orbit 656"",""quantity"":1},{""product"":""Candle Bloom 1054"",""quantity"":1}]",2711.91,15.9,37.76082,145.043942,10,2456.62,Winter,False,6.9443,"vela atlas 413 has been in our living area for sixteen days, mostly handling music and spoken-content playback while the household gets on with other things. i chose it because i wanted something that could fill the room without requiring me to sit directly beside it. during breakfast i use it for music, and later in the day it is useful for listening to programmes while cooking or sorting laundry. that has made the room feel more welcoming without turning playback into a formal activity. the display is convenient when i want to check what is playing, but i do not have to keep looking at it. i have moved it between a shelf and a side table while settling on a spot, and the unit has stayed secure and presentable. spoken content remains understandable during ordinary household noise, and music has been pleasant for background listening. different people in the house have used it at different times, so it has been reassuring that the basic controls do not feel mysterious after a few days away from them. i have found that louder listening is less suitable when people are talking nearby, so i keep the volume moderate in our shared space. that is a normal consideration for any room-based speaker rather than a serious flaw. vela atlas 413 has become part of our evening pattern in a very natural way. it provides the kind of dependable background entertainment i wanted, and i am glad we chose it for the living area.",True
CORD000333,CUS00191,2019-12-04,Bakers,"[{""product"":""Candle Edge 680"",""quantity"":1},{""product"":""Candle Orbit 656"",""quantity"":2}]",6775.52,11.53,-37.849114,145.024262,25,5093.17,Summer,False,6.2919,"candle arc 150 has become the laptop i use for portable document work and video meetings around the house. it is light enough to move from a desk to the kitchen table, and the keyboard supports longer typing without making my hands feel cramped. documents open quickly, while switching to a meeting does not leave me waiting through repeated pauses. the camera gives a usable image and the microphone has kept my voice understandable in ordinary rooms. the display is a little reflective near a bright window, so i sometimes change position before starting a call. apart from that minor inconvenience, the laptop has been consistent through several weeks of work. candle arc 150 offers a comfortable balance of portability and everyday capability, and it has made moving between work spaces pleasantly straightforward.",True
CORD000334,CUS00033,2019-10-08,Thompson,"[{""product"":""Candle Bloom 1000"",""quantity"":2},{""product"":""Candle Orbit 656"",""quantity"":1},{""product"":""Candle Orbit 1034"",""quantity"":1}]",6475.66,20.31,-37.786245,144.96045,10,5848.4,Spring,True,3.1651,"candle shift 718 has handled the mixture of devices in our household better than the older arrangement it replaced. phones, a television, a laptop, and smaller connected equipment can be active at the same time without the frequent pauses that used to interrupt evening use. installation was straightforward once i followed the instructions carefully, and the status indicators make it possible to tell when something needs attention. the unit has remained quiet and cool on its shelf during extended use. i have not explored every advanced setting, because the basic arrangement has been sufficient, and the interface may take time for someone who wants deeper control. in normal daily use, however, the connection has stayed dependable. candle shift 718 has made a crowded home network feel calmer and more predictable.",True
CORD000335,CUS00011,2019-04-25,Bakers,"[{""product"":""Candle Bloom 1000"",""quantity"":1},{""product"":""Candle Bloom 262"",""quantity"":2},{""product"":""Candle Quest 498"",""quantity"":1}]",5360.71,12.62,-37.779946,144.999389,15,4569.22,Autumn,False,3.3613,"i compared candle bloom 406 with the gaming hardware already on my desk because i wanted something suitable for long desktop sessions. the first impression was not promising: the controls feel stiff and the layout takes time to learn. in a short session that is merely awkward, but after several hours it becomes tiring. i have to shift my hand repeatedly to reach secondary controls, while the older device keeps the common functions closer together. performance is inconsistent during demanding games. input sometimes arrives late after a busy scene, and a control has failed to register often enough to affect play. the device does not stop working completely, so basic commands remain possible, but that is a poor standard for hardware used in precise situations. i have checked connections and changed settings without finding a lasting explanation. compared with the other unit, candle bloom 406 feels less predictable exactly when responsiveness matters most. the construction adds to the frustration. the casing moves slightly on the desk, the cable catches against the edge, and the surface shows marks quickly. heat builds around the area where my hand rests, which makes long use unpleasant. i kept trying different positions because i wanted to give the device a fair comparison, but none removed the central problems. candle bloom 406 is functional in the narrowest sense, yet its delayed input, awkward reach, and uncomfortable build make it a weak choice for serious sessions. i regret buying it and cannot recommend it.",False
CORD000336,CUS00388,2019-04-16,Bakers,"[{""product"":""Candle Bloom 1054"",""quantity"":1},{""product"":""Vela Halo 569"",""quantity"":1},{""product"":""Candle Flux 990"",""quantity"":1}]",2693.39,8.6,-37.821741,145.013234,10,2432.65,Autumn,False,2.0509,"vela core 939 has simplified my desk by letting several devices share one compact adapter. i use it with a laptop, phone and storage accessories, and connections have remained steady during ordinary work. it is light enough to carry between rooms, while the casing feels solid when plugged and unplugged regularly. the ports are close together, so larger connectors can crowd each other. even so, it is a useful space-saving accessory for everyday setups.",True
CORD000337,CUS00169,2019-06-10,Bakers,"[{""product"":""Vela Halo 569"",""quantity"":1}]",149.09,15.76,-37.749729,144.983901,10,149.94,Winter,False,6.775,"candle arc 996 has fitted neatly into my game streaming setup. it handles gameplay and media capture together without making the process feel complicated, and the controls are arranged sensibly for repeated use. i have streamed shorter sessions and recorded clips afterward, with the results staying consistent enough for sharing. the connection remained stable while i monitored the stream from another device, which reduced the need to keep checking cables and settings. it does take some time to become familiar with all the available controls, particularly when changing between game and capture modes. once that small learning period passed, the workflow became much more natural. candle arc 996 has made recording moments from games easier and more enjoyable. it is a capable addition for casual creators.",True
CORD000338,CUS00091,2019-04-08,Bakers,"[{""product"":""Vela Halo 569"",""quantity"":1},{""product"":""Candle Orbit 1034"",""quantity"":1}]",731.01,9.3,-37.785321,144.982897,0,740.31,Autumn,False,2.95,"vela pulse 757 has given me an uncomplicated record of daily activity and sleep. progress is quick to check, overnight information is easy to follow, and the band is light enough that i usually forget i am wearing it. the screen is small for detailed reading, so i use the phone for deeper review. for basic tracking, it has been useful, comfortable, and encouraging.",True
CORD000339,CUS00112,2019-12-16,Nickolson,"[{""product"":""Vela Halo 569"",""quantity"":1},{""product"":""Candle Bloom 1054"",""quantity"":1},{""product"":""Candle Orbit 1034"",""quantity"":1},{""product"":""Candle Bloom 262"",""quantity"":2}]",3417.4,10.8,-37.850638,144.990101,5,3257.33,Summer,False,3.994,"candle arc 852 has become my preferred device for reading articles and marking up documents. handwritten notes feel natural, and i can return to an annotated page without losing my place. the screen is slightly cramped when i view two documents together, yet single-page work is comfortable. after 47 days, it has made study sessions more focused and productive.",True
CORD000340,CUS00491,2019-11-03,Bakers,"[{""product"":""Vela Halo 659"",""quantity"":1},{""product"":""Candle Edge 680"",""quantity"":3},{""product"":""Candle Flux 990"",""quantity"":2},{""product"":""Candle Bloom 1054"",""quantity"":1}]",11657.66,10.19,-37.777146,144.990192,10,10502.08,Spring,False,3.6795,"candle bloom 1036 has worked well for portable gaming during trips and quiet breaks away from home. i previously carried a larger setup that offered a more comfortable long session but was inconvenient to pack, so i wanted something easier to take along. this device occupies much less space in my bag and can be brought out without arranging a whole desk. that convenience has meant i actually use it while travelling instead of leaving my gaming equipment at home. compared with the larger system, candle bloom 1036 feels more suitable for short and medium sessions. the controls are responsive enough for the games i play, and i have not struggled to understand the basic interface. the screen is practical for portable use, although i would still choose the larger setup for a long evening because the bigger display feels less tiring. that is a fair trade-off for a device intended to travel, and it has not reduced my enjoyment during the situations where i bought it. i have used it in a hotel room, on a train journey, and while waiting between activities. in each case, starting a game was quicker than unpacking my old equipment. the lighter design is especially helpful when carrying other belongings, and the controls remain comfortable for the length of session i normally have on the move. longer play can make the device feel warm, but i have not experienced a shutdown or a failure to continue playing. the comparison is really about portability against the advantages of a fixed setup. candle bloom 1036 does not replace a larger screen or a full home arrangement, yet it is much more practical for travel. it has survived being packed and unpacked repeatedly without becoming loose or awkward to operate. for anyone wanting gaming access away from home, i find it a dependable compromise and a worthwhile addition rather than a replacement for every other option.",True
CORD000341,CUS00172,2019-07-05,Nickolsen,"[{""product"":""Candle Orbit 1034"",""quantity"":1},{""product"":""Candle Orbit 656"",""quantity"":2},{""product"":""Candle Quest 498"",""quantity"":1}]",6414.37,28.82,-37.873078,145.006004,5,6122.47,Winter,True,6.8518,"candle quest 120 has served well for photo adjustments, short videos, and other creative projects. applications open promptly, and switching between an editor, reference images, and music remains responsive during a normal session. the keyboard is pleasant for longer notes, while the screen gives my work a crisp, useful view. fan noise becomes noticeable during heavier exports, but it has been a dependable laptop for my established workflow.",True
CORD000342,CUS00127,2019-12-13,Bakers,"[{""product"":""Candle Orbit 656"",""quantity"":1},{""product"":""Candle Bloom 1054"",""quantity"":1},{""product"":""Vela Halo 659"",""quantity"":1},{""product"":""Candle Orbit 1034"",""quantity"":1}]",3558.54,12.89,-37.752598,145.027742,15,3037.65,Summer,False,6.9927,"after several weeks with candle orbit 746, i have a fairly balanced view. i use it to capture console sessions and occasional desk demonstrations, and the basic setup was straightforward once i had chosen the right input and audio sources. recordings are generally clean, and the unit fits neatly beside my monitor without taking over the workspace. it has handled longer sessions without needing attention, which is reassuring when i am focused on a game. the controls are usable, although changing settings while recording is more awkward than expected, and the status indicators are not especially informative from across the room. i also noticed that switching between sources sometimes required a second attempt. none of this prevented normal use, but it added small interruptions. candle orbit 746 is a serviceable choice for someone who wants dependable media capture and can tolerate a slightly fiddly workflow.",True
CORD000343,CUS00391,2019-09-04,Nickolson,"[{""product"":""Vela Halo 569"",""quantity"":2},{""product"":""Candle Orbit 1034"",""quantity"":1},{""product"":""Candle Bloom 262"",""quantity"":1},{""product"":""Candle Edge 680"",""quantity"":1}]",4249.77,8.1,-37.817137,144.960379,10,3832.89,Spring,False,0.8218,"vela halo 263 works well for music and spoken-content playback in our living area. the display makes basic controls visible, while the sound remains clear at a comfortable room level. text can be hard to read from the far side, but listening does not suffer from that limitation. it has become a pleasant way to start music without reaching for another device.",True
CORD000344,CUS00376,2019-06-29,Nickolson,"[{""product"":""Vela Halo 569"",""quantity"":1},{""product"":""Candle Quest 354"",""quantity"":2},{""product"":""Candle Quest 498"",""quantity"":1},{""product"":""Candle Bloom 1000"",""quantity"":2}]",5894.66,53.42,-37.883413,145.004779,5,5629.6,Winter,True,7.8431,"candle edge 608 has improved the wireless coverage in the room where i work from home. before using it, the connection in that area was less consistent than elsewhere, but now calls, research, and ordinary browsing continue smoothly through the working day. other people in the house can use the network at the same time without making my connection feel fragile. the installation process was clear enough, although i had to choose a location carefully to get the best spread through the house. once positioned, the equipment blended into the background and needed very little attention. i like being able to work without moving closer to the main connection whenever a call begins. the casing is plain and the setup screen contains more choices than i expected, yet candle edge 608 has provided stable coverage and made my home-office routine noticeably more comfortable.",True
CORD000345,CUS00144,2019-12-25,Thompson,"[{""product"":""Candle Orbit 1034"",""quantity"":1},{""product"":""Candle Bloom 1000"",""quantity"":1},{""product"":""Candle Bloom 1054"",""quantity"":1}]",2847.61,13.31,-37.87158,144.90339,10,2576.16,Summer,False,7.5905,"the vela nova 573 has fitted nicely into our family media routine. streaming shows starts quickly, navigation is straightforward and the picture remains enjoyable from different seats in the room. we have used it for films, short programmes and music videos, and switching between family members' choices has been painless. the display is bright enough during the day and pleasant in the evening without requiring constant adjustment. its controls are simple, which means younger viewers can find familiar content while adults are nearby. the built-in sound works for ordinary viewing, although louder movie nights benefit from separate audio equipment. i also found the screen useful for showing photographs when relatives visited. after regular use, the vela nova 573 feels like a friendly, capable display that makes shared viewing easy to start and easy to enjoy.",True
CORD000346,CUS00465,2019-08-19,Nickolson,"[{""product"":""Candle Orbit 1034"",""quantity"":2},{""product"":""Vela Halo 659"",""quantity"":1},{""product"":""Candle Flux 1098"",""quantity"":1},{""product"":""Candle Edge 680"",""quantity"":1}]",4476.19,11.18,-37.82601,144.95686,5,4263.56,Winter,False,1.3865,"candle lumen 904 has worked well for my regular commute and spoken-content listening. it connects quickly in the morning, and the wireless signal has stayed stable while i walk through busy stations and change vehicles. voices in podcasts and audiobooks sound distinct, which matters more to me than heavy bass, and music still has enough warmth for the journey home. the controls are small but responsive once i learned their arrangement. i appreciate being able to pause without taking out my phone, especially when entering a shop or crossing a road. long sessions remain comfortable, though the fit is not completely invisible after several hours. charging has become a simple part of my routine because the battery lasts through several trips. candle lumen 904 has given me an easy, enjoyable way to keep up with audio while travelling.",True
CORD000347,CUS00489,2019-11-16,Baker's,"[{""product"":""Vela Halo 569"",""quantity"":1},{""product"":""Candle Flux 1098"",""quantity"":1},{""product"":""Candle Edge 680"",""quantity"":2}]",5448.13,20.98,-37.773452,144.990794,0,5469.11,Spring,True,4.0822,"vela wave 553 has served our household well for films and television programmes. the picture is enjoyable from the seating area, and the screen remains easy to follow when several people are watching together. menus respond promptly during ordinary browsing, and switching between services has been straightforward for everyone in the house. i have also appreciated the simple controls when pausing something from across the room. the built-in sound is sufficient for everyday viewing, although we use separate speakers when we want a fuller cinema-like experience. reflections are visible in bright daylight, which affects placement more than performance. after sustained use, vela wave 553 has remained a pleasant centre for shared entertainment and has avoided the small frustrations that often make household technology unpopular.",True
CORD000348,CUS00142,2019-10-20,Bakers,"[{""product"":""Vela Halo 569"",""quantity"":1},{""product"":""Vela Halo 659"",""quantity"":1},{""product"":""Candle Bloom 1054"",""quantity"":3}]",1763.35,23.74,-37.770447,145.001888,0,1787.09,Spring,True,4.4364,"vela pulse 937 was intended to keep calendar alerts and quick message checks visible without taking my phone out during work. the early setup was more troublesome than expected. pairing failed twice, and the instructions gave little help beyond telling me to retry. after it finally connected, the wearable worked for a short period before losing contact with the phone. reconnecting required opening several screens, which made the supposed convenience feel like extra work. calendar alerts were the main reason i chose it, yet they were inconsistent. some reminders appeared after the event had started, while others did not appear until i checked the phone manually. the vibration was easy to miss in a coat sleeve, and there was no dependable indication that an alert had been delivered. message previews were also limited. longer messages were cut off, and tapping to reveal more text sometimes opened a blank panel. i found myself checking the phone anyway, so the wearable did not remove the interruption it was meant to reduce. the clock remained visible and the strap stayed attached during ordinary movement, but those basic results were not enough. the screen was difficult to read outdoors, and the touch response became less predictable after the battery had been low. after weeks of ownership, vela pulse 937 spent more time in a drawer because its notifications could not be trusted. the repeated connection failures, late reminders, incomplete previews, and awkward display made it a disappointing purchase. i cannot recommend it to anyone who needs timely alerts.",False
CORD000349,CUS00193,2019-03-13,Thompson,"[{""product"":""Candle Bloom 1054"",""quantity"":1},{""product"":""Vela Halo 569"",""quantity"":1}]",598.94,19.86,-37.794185,144.960953,20,499.01,Autumn,False,2.3904,"i used vela nova 771 through a month of calls, calendar changes, messages, and occasional reading between meetings. moving my accounts across was manageable, and the phone handled my usual work applications without demanding much attention. calls were intelligible in quiet rooms, and the calendar was responsive enough for adding appointments while travelling between rooms. the size also suited one-handed reading better than the larger device i had before. those everyday tasks made the phone feel dependable enough for routine communication. the weaknesses appeared gradually rather than all at once. when several work applications were open, returning to an earlier screen sometimes took longer than expected, and i noticed a short pause before some notifications appeared. it was not constant, but it made me check the phone twice when i was waiting for a meeting message. the camera is serviceable for a document or quick family snapshot, though indoor images can look flat and require careful framing. i also found the outer surface more slippery than i wanted, so i became reluctant to use it without a case. that is a minor issue, but it affects how freely i handle it. vela nova 771 has settled into a middle position for me. it covers work calls and calendar management without a major failure, and the compact handling remains pleasant during a busy day. however, the occasional pauses and delayed notifications undermine the sense of polish i expected from a newer phone. i am not replacing it immediately because its core tasks are covered, yet i would compare alternatives more closely before buying another one. it is functional and manageable, but not an especially convincing upgrade.",True
CORD000350,CUS00419,2019-07-23,Nickolson,"[{""product"":""Vela Halo 659"",""quantity"":1},{""product"":""Candle Flux 990"",""quantity"":3}]",6548.06,16.05,-37.880087,144.94712,0,6564.11,Winter,False,7.1156,"candle flux 1062 has been used around the house for watching media, joining video calls, and checking documents away from my desk. its light weight makes it easy to carry, and the screen is comfortable for ordinary viewing when held at a sensible angle. streaming starts quickly, with clear dialogue and enough brightness for indoor use. video calls are more variable: the image is acceptable in good lighting, but the microphone picks up room echo and voices can sound distant. battery life has covered several viewing sessions, although calls and high screen brightness reduce it noticeably. the speakers are sufficient for speech but lack fullness for music and films. candle flux 1062 is a convenient portable tablet for casual media and occasional calls, but the uneven microphone performance and modest speakers mean it works best as a secondary everyday device.",True
CORD000351,CUS00167,2019-12-11,Nickolson,"[{""product"":""Candle Bloom 1000"",""quantity"":1},{""product"":""Vela Halo 659"",""quantity"":1},{""product"":""Candle Orbit 1034"",""quantity"":1}]",2662.47,12.29,-37.870554,144.99306,15,2275.39,Summer,False,6.1353,"i bought the vela core 309 for my adjustable desk because i wanted to move my phone and small tablet between sitting and standing positions without leaving them flat beside the keyboard. after more than two weeks of regular use, it has been a worthwhile upgrade over the simple fixed stand i had before. the older stand kept one device in one place and made me bend my neck to check notifications. with the vela core 309, i can shift the position and angle as my desk changes, so the screen stays in a more useful part of my view. the biggest difference is flexibility. the mount holds its position once adjusted, and i can turn the device toward me when i am reading, then move it aside when i need the work surface. my previous stand was quicker to pick up and relocate, but it also slid around and took up more desk space. this one feels more integrated with the desk, and the adjustable mounting arrangement makes the setup less cluttered. i have used it for messages, reference notes, and video calls, and the positioning has remained consistent rather than slowly drifting. i also compared the vela core 309 with using the bare desk surface. that option costs no setup effort, but it means reaching around a keyboard and repeatedly picking up the device. the mount is better for keeping a screen visible while i work. its construction feels sufficiently solid for normal handling, and the supplied warranty adds some reassurance. installation was straightforward without any confusing stage. there are still small compromises. adjusting the mount takes more deliberate movement than shifting a loose stand, and the occupied mounting area is less convenient if i frequently rearrange the desk. it is designed for positioning rather than carrying around, so i would not choose it as a travel accessory. for a fixed or semi-fixed workstation, though, those limitations are minor. the vela core 309 gives me more usable viewing positions, keeps the desktop clearer, and has performed more consistently than my previous arrangement, so i am pleased with the change.",True
CORD000352,CUS00321,2019-04-22,Thompson,"[{""product"":""Candle Orbit 1034"",""quantity"":1},{""product"":""Candle Bloom 1054"",""quantity"":1},{""product"":""Vela Halo 569"",""quantity"":1},{""product"":""Candle Quest 498"",""quantity"":1},{""product"":""Candle Edge 680"",""quantity"":1}]",4740.59,12.6,-37.748772,144.958774,5,4516.16,Autumn,False,7.1795,"candle flux 108 has been running in my home office for almost a month, and the difference is most noticeable when i move away from the desk. before installing it, video calls in the back room would occasionally lose quality and uploads from a nearby room were inconsistent. i positioned candle flux 108 near the centre of the apartment, connected my usual devices, and then tested the connection from the office, kitchen, and hallway. the coverage has been steady in each place during normal work, including calls, document transfers, and music in the background. i also connected a tablet and phone at the same time without the network becoming difficult to use. setup was not completely instant because i needed to move the unit once to find a better position, but the instructions made the adjustment clear and i did not need technical help. since then i have mostly forgotten it is there, which is a strong result for networking equipment. the casing is compact enough for a crowded shelf, though the indicator light is brighter than i prefer at night. on a few occasions the connection has taken a moment to settle after several devices wake together, but it recovers without restarting everything. candle flux 108 has made my home-office routine calmer and more predictable. it delivers the wireless coverage i needed without demanding regular attention, and that quiet reliability has made it a worthwhile addition.",True
CORD000353,CUS00115,2019-12-06,Thompson,"[{""product"":""Candle Orbit 1034"",""quantity"":3},{""product"":""Vela Halo 659"",""quantity"":1},{""product"":""Candle Bloom 1000"",""quantity"":1}]",3826.31,32.44,-37.803853,144.948669,0,3835,Summer,False,0.9908,"candle edge 626 has been part of my competitive gaming setup for several weeks, especially during evening matches that depend on voice communication. the controls are easy to reach while playing, and spoken conversation remains clear enough for coordinating with teammates. the fit stays comfortable through a longer session, although the pressure is noticeable if i wear it continuously for many hours. sound positioning helps me follow what is happening in a busy game, while ordinary media playback is also enjoyable. the microphone can pick up some background noise when the room is active, so i still mute it between conversations. connecting it to my setup was straightforward, and i have not needed to repeat the process. candle edge 626 has made team communication smoother and has given my gaming sessions a comfortable, dependable audio foundation.",True
CORD000354,CUS00030,2019-08-11,Bakers,"[{""product"":""Candle Orbit 1034"",""quantity"":1},{""product"":""Candle Flux 990"",""quantity"":1},{""product"":""Candle Flux 1098"",""quantity"":1},{""product"":""Candle Bloom 1000"",""quantity"":2},{""product"":""Candle Orbit 656"",""quantity"":1}]",9366.35,15.75,-37.839357,145.062686,15,7977.15,Winter,False,6.7646,"i picked up the vela ridge 779 after getting tired of finding charging cables in a tangled heap beside my desk. it is a modest accessory, but it has made that part of my room noticeably calmer. i keep the organiser near the power outlet, and the cables now stay in separate positions instead of sliding behind furniture or wrapping around one another. setting it up took almost no effort, which suited the simple job i expected it to do. the first improvement was at my workstation. i use more than one device during the day, so i used to spend time sorting through cords before i could connect anything. with the vela ridge 779 in place, each cable can be reached and returned without disturbing the others. the openings hold ordinary charging leads securely while still allowing me to pull out enough length for a phone on the desk. i have not had to force a connector through or bend a cable sharply to make the arrangement work. i also tried it beside the sofa, where loose cables had been especially annoying. moving the organiser was simple, and it stayed in position during normal use. the finish has remained tidy after being handled repeatedly, and dust can be removed with a quick wipe. it is not large enough for every kind of cable or for a bulky power unit, so i still keep those items separately. that limitation is easy to understand given its compact size, and it has not reduced its value for the thin charging leads i use most. after several weeks, the main benefit is the time saved in small moments. i can pick up the correct cable immediately, pack one for an outing without searching, and leave the desk looking orderly at the end of the day. the vela ridge 779 does not do anything complicated, but it performs its organising role consistently and occupies very little space. anyone wanting a practical way to keep everyday charging cables under control should find it a worthwhile little addition.",True
CORD000355,CUS00099,2019-11-07,Bakers,"[{""product"":""Candle Quest 498"",""quantity"":2},{""product"":""Candle Flux 1098"",""quantity"":1},{""product"":""Vela Halo 659"",""quantity"":1},{""product"":""Candle Orbit 656"",""quantity"":2}]",8201.73,9.94,-37.830999,145.022494,25,6161.24,Spring,False,3.3449,"candle shift 826 has improved the communication side of my gaming sessions. i use it for competitive matches where quick instructions matter, and my teammates have reported that my voice comes through clearly without the muffled quality i had before. the fit stays secure while i play, and the controls are close enough to reach without leaving the game. i have also used it for casual chat, where the same clear voice pickup is helpful. the cable and controls take a little organising on a crowded desk, and the sound profile is more focused on communication than on rich music, but that matches its main purpose. after repeated sessions, it has remained comfortable and has not introduced distracting connection problems. candle shift 826 gives me dependable voice communication and lets me concentrate on the match rather than adjusting equipment. it is a practical piece of gaming hardware that has earned a permanent place beside my controller.",True
CORD000356,CUS00042,2019-12-07,Thompson,"[{""product"":""Candle Bloom 1054"",""quantity"":1},{""product"":""Vela Halo 659"",""quantity"":1},{""product"":""Candle Quest 498"",""quantity"":2},{""product"":""Candle Edge 680"",""quantity"":1}]",5582.62,11.35,-37.771143,144.932698,10,5035.71,Summer,False,4.7875,"vela halo 695 has made our blind routines more consistent and less repetitive. i set the opening and closing schedule, watched it operate for a few days, and then made a small timing adjustment. since that change, the routine has worked smoothly, while manual control remains available when needed. installation requires careful positioning, so it rewards patience at the start. once fitted, it has been a useful and pleasant improvement to the room.",True
CORD000357,CUS00114,2019-09-01,Thompson,"[{""product"":""Vela Halo 569"",""quantity"":1},{""product"":""Candle Orbit 1034"",""quantity"":1},{""product"":""Candle Flux 990"",""quantity"":1}]",2825.46,12.84,-37.842273,144.923437,0,2838.3,Spring,False,3.8912,"candle bloom 1000 was purchased for portable document work and video meetings, then compared with another lightweight laptop used in the same places. the first impression is that it is easy to carry, but the reduced weight does not compensate for the problems during a working day. the keyboard feels shallow and noisy, with a cramped layout that causes frequent typing mistakes. the trackpad sometimes ignores a short movement and then jumps, making document selection awkward. when several files are open, switching between them produces pauses and occasional frozen windows. those interruptions are frustrating during meetings because notes fall behind while the system catches up. video calls exposed further weaknesses. the camera image becomes grainy indoors, and the microphone captures nearby sounds more strongly than my voice. other participants asked me to repeat points even when i was sitting close to the screen. compared with the other laptop, candle bloom 1000 also loses battery charge quickly during a meeting combined with document editing. the percentage indicator drops unevenly, so remaining time is difficult to judge. the display is readable at a desk, but reflections make it hard to work near a bright window. basic documents can be opened and edited, yet the poor keyboard, hesitant multitasking, weak meeting audio, and unreliable battery estimate make this model disappointing. after 32 days, i carry a charger and keep backup notes because the computer cannot be trusted for a full mobile session. i regret choosing it for regular work and would avoid it for frequent video meetings.",False
CORD000358,CUS00476,2019-08-04,Bakers,"[{""product"":""Candle Orbit 1034"",""quantity"":1},{""product"":""Candle Flux 990"",""quantity"":1},{""product"":""Candle Flux 1098"",""quantity"":1},{""product"":""Vela Halo 569"",""quantity"":1}]",3621.7,20.34,-37.852499,145.060894,15,3098.78,Winter,False,7.4559,"candle orbit 260 was used for study, research, and note taking, but routine academic work has been frustrating. browser pages reload slowly when several sources are open, and the system pauses while switching between notes and documents. searching through a long file can leave the screen unresponsive for several seconds. the keyboard has shallow keys that make extended typing uncomfortable, while the touchpad occasionally interprets a palm as a click. battery loss is also uneven, so i cannot rely on the remaining indicator during a long reading session. video meetings add more trouble because the wireless connection sometimes drops and the microphone needs to be reselected after reconnection. a single document can be written, but research rarely involves only one window. candle orbit 260 turns ordinary study into a sequence of delays and corrections. its poor endurance, awkward input, and unreliable connection leave me disappointed and unable to recommend it.",False
CORD000359,CUS00301,2019-03-04,Bakers,"[{""product"":""Vela Halo 569"",""quantity"":2},{""product"":""Vela Halo 659"",""quantity"":1},{""product"":""Candle Bloom 1054"",""quantity"":1},{""product"":""Candle Orbit 1034"",""quantity"":2},{""product"":""Candle Flux 1098"",""quantity"":2}]",3769.06,11.82,-37.792702,145.010386,0,3780.88,Autumn,False,2.3389,"candle shift 178 was installed for video meetings and media streaming, but the wireless connection caused repeated disruptions. nearby devices connected during setup, yet the signal weakened in the room where meetings were held, producing frozen faces and broken speech. streaming in another room also paused whenever a call was active. the management application was slow to update, so it was difficult to tell whether a setting had actually changed. restarting the unit restored service for a short period, but dropouts returned without an obvious trigger. the casing stayed cool and the status light remained on, although neither provided useful reassurance when the network failed. candle shift 178 handles light browsing, but its poor coverage and unreliable performance make it unsuitable for calls or shared media.",False
CORD000360,CUS00270,2019-06-02,Bakers,"[{""product"":""Candle Orbit 1034"",""quantity"":1},{""product"":""Candle Bloom 1054"",""quantity"":1},{""product"":""Candle Bloom 262"",""quantity"":1},{""product"":""Candle Quest 498"",""quantity"":2}]",4766.7,19.1,-37.801215,145.062622,15,4070.79,Winter,False,6.0005,"i compared candle lumen 490 with my previous travel laptop during several presentation trips. the candle machine is lighter to carry than the older model, but that advantage disappeared once i began working on it. the keyboard feels cramped, the touchpad often interpreted an intended click incorrectly, and the hinge resisted being opened on a narrow table. preparing slides in a hotel room became an awkward series of corrections rather than a smooth routine. presentation use exposed further weaknesses. the display was adequate for showing basic slides, yet it became difficult to view from an angle, and switching between the presentation and a document caused noticeable pauses. battery performance also varied sharply between light editing and video playback. my older laptop was heavier, but it behaved more consistently under the same travel workload. candle lumen 490 seems designed around portability while ignoring the practical strain of repeated setup and packing. after a few weeks, the palm rest showed marks from ordinary carrying, and the fan became distracting during longer sessions. the ports are placed close together, so a charger and adapter can block one another. customer support walked me through power settings, but the changes did not remove the delays. the laptop can display a presentation, which is a limited neutral fact, but it is frustrating for travel-based work. compared with the previous machine, candle lumen 490 is a disappointing compromise, and i regret choosing it.",False
CORD000361,CUS00205,2019-06-12,Bakers,"[{""product"":""Candle Orbit 656"",""quantity"":1},{""product"":""Candle Flux 990"",""quantity"":1},{""product"":""Candle Edge 680"",""quantity"":1}]",6607.91,34.56,-37.8842,145.032868,0,6642.47,Winter,True,8.8883,"i used the vela spark 243 for presentations and photo viewing and compared it with a plain monitor that had been in the spare room. the smart display looks less bulky, but that advantage disappears when setting up a presentation. files do not always appear in the order expected, and moving between a presentation and a photo folder is slow. the older monitor required an extra device, yet it showed slides without the pauses and menus that interrupt a meeting. with the vela spark 243, i have had to check the screen before presenting because a selected file can take too long to open. photo viewing is similarly uneven. images load clearly enough at normal size, but scrolling through a large group produces delays, and the display occasionally returns to the previous image after a pause. reflections make the screen difficult to read from the side, which is a problem when several people are gathered around it. the stand feels secure on a desk, though its limited adjustment makes the viewing angle awkward. a short presentation can be completed, and the basic display remains active, but completing a task is not the same as making it smooth. compared with the older monitor, this device adds smart features while introducing more points of failure. the controls are frustrating, the transitions are unreliable, and photo sessions feel unnecessarily slow. after forty-two days, i regret buying the vela spark 243 for meetings and cannot recommend it as a dependable presentation display.",False
CORD000362,CUS00367,2019-09-18,Bakers,"[{""product"":""Candle Quest 498"",""quantity"":1},{""product"":""Candle Edge 680"",""quantity"":2}]",5811.13,11.85,-37.836553,145.054171,15,4951.31,Spring,False,5.9598,"vela spark 567 has been useful on walks and during my commute because messages appear without forcing me to take out my phone. the display is readable indoors, and the vibration is noticeable without being startling. i have also found the timekeeping straightforward, with controls that do not take much learning. walking summaries are a reasonable overview, but i would not treat them as precise records; some shorter trips were represented differently from what i expected. the strap remains comfortable for ordinary wear, though it feels warm after a long afternoon. charging is simple, but the battery indicator changes rather quickly near the end. it covers notifications and basic activity awareness well, while the health features remain fairly limited.",True
CORD000363,CUS00495,2019-08-07,Bakers,"[{""product"":""Candle Quest 498"",""quantity"":1},{""product"":""Candle Orbit 656"",""quantity"":1},{""product"":""Candle Flux 990"",""quantity"":1},{""product"":""Vela Halo 659"",""quantity"":1}]",5929.55,17.08,-37.78518,145.021908,20,4760.72,Winter,False,3.6205,"candle orbit 422 was used for field forms and client presentations, and i compared it with an older tablet that is slower but less erratic. the screen displayed forms clearly enough indoors, yet entering information outside was difficult because reflections obscured several fields. the touch response also varied near the edges, causing missed taps and occasional duplicate entries. with client information in front of me, those mistakes created awkward pauses and forced repeated checks. during presentations, the device became more troublesome. a document opened normally one time and stalled the next, while rotating the tablet sometimes left the page sideways until i locked and unlocked the screen. candle orbit 422 could show a presentation once it had loaded, but the delay before opening files made the process feel uncertain. compared with the older tablet, it offered no convincing advantage in a meeting and caused more attention to be spent on the device. field conditions exposed the construction as well. the casing picked up marks quickly, and the charging connection felt loose when the tablet was used on a vehicle seat. battery use fell sharply when the screen remained bright, making a charger necessary for a full day away from a desk. the built-in speakers were thin during a small client discussion, so i had to hold the tablet closer for everyone to hear. these are not isolated inconveniences: they affected forms, presentations, transport, and charging. candle orbit 422 manages basic tablet functions, but its poor outdoor visibility, hesitant touch response, stalled files, weak audio, and fragile-feeling connection make it a disappointing work device.",False
CORD000364,CUS00182,2019-12-18,Thompson,"[{""product"":""Candle Bloom 1000"",""quantity"":2},{""product"":""Candle Orbit 1034"",""quantity"":1},{""product"":""Candle Bloom 1054"",""quantity"":1}]",4663.45,11.38,-37.800714,144.963689,10,4208.48,Summer,False,1.9749,"i used the vela halo 263 for spoken content in the kitchen and music while doing household tasks. it can start playback, and the basic speaker output is present, but the controls are less responsive than those on my older display. commands were sometimes ignored, then carried out together after a delay. that made it difficult to stop a programme at the right point or lower the volume quickly. my previous unit had a plainer screen, yet it reacted in a more predictable way. the display caused several problems during ordinary use. text was small from across the room, and reflections made it hard to read while the kitchen lights were on. i often had to walk over to confirm whether the requested programme had started. music could continue in the background, but changing tracks through the screen involved awkward taps and occasional pauses. the device therefore added attention and interruption to tasks that should have required very little effort. i also noticed inconsistent playback after the vela halo 263 had been idle. a spoken programme resumed at the wrong position, while another time the device returned to the beginning. the audio did not cut out completely, but the repeated searching was frustrating. my older display retained its position more reliably even though it offered fewer visual controls. extra features are of little value when the main playback routine cannot be trusted. the casing remains intact, and the speaker is audible in a quiet room. those narrow points do not change the poor comparison with my former device. the vela halo 263 has delayed controls, a reflective display, and unreliable resume behavior. it is particularly awkward for kitchen use, where i cannot stand beside the screen throughout a programme. the product functions at a basic level but creates too much irritation. i regret replacing my older unit and cannot recommend this display.",False
CORD000365,CUS00191,2019-06-11,Bakers,"[{""product"":""Vela Halo 659"",""quantity"":1},{""product"":""Candle Bloom 1000"",""quantity"":1},{""product"":""Candle Flux 990"",""quantity"":1},{""product"":""Vela Halo 569"",""quantity"":2}]",4473.18,27.29,-37.849114,145.024262,0,4500.47,Winter,True,5.0419,"candle arc 150 has become the laptop i use for portable document work and video meetings around the house. it is light enough to move from a desk to the kitchen table, and the keyboard supports longer typing without making my hands feel cramped. documents open quickly, while switching to a meeting does not leave me waiting through repeated pauses. the camera gives a usable image and the microphone has kept my voice understandable in ordinary rooms. the display is a little reflective near a bright window, so i sometimes change position before starting a call. apart from that minor inconvenience, the laptop has been consistent through several weeks of work. candle arc 150 offers a comfortable balance of portability and everyday capability, and it has made moving between work spaces pleasantly straightforward.",True
CORD000366,CUS00076,11/05/2019,Thompson,"[{""product"":""Candle Flux 1098"",""quantity"":1}]",796.24,11.74,-37.852794,144.900108,0,807.98,Autumn,False,6.0755,"vela wave 571 has become the phone i rely on for work calls, calendar checks, and keeping track of a changing schedule. calls have remained clear in the places where i normally work, and the calendar is quick to reach when plans change between meetings. i can move from a call to a message or reminder without the device feeling sluggish, which matters when several tasks compete for attention. the size works well in one hand, although the display feels a little narrow when i am reviewing a long agenda. battery performance has suited my ordinary workday, including periods of frequent calling and messaging. the finish has also survived being carried with keys and notebooks without obvious damage. vela wave 571 is not overloaded with distractions, and that focused balance has made it a reliable part of my working day.",True
CORD000367,CUS00087,2019-11-15,Thompson,"[{""product"":""Candle Quest 354"",""quantity"":1},{""product"":""Candle Flux 1098"",""quantity"":1},{""product"":""Vela Halo 659"",""quantity"":1},{""product"":""Candle Bloom 1000"",""quantity"":2},{""product"":""Candle Edge 680"",""quantity"":1}]",7346.81,12.56,-37.85059,144.884388,5,6992.03,Spring,False,6.934,"vela pulse 937 has been helpful for checking calendar alerts and short messages without reaching for my phone. notifications appear promptly during my workday, and i can decide whether something needs immediate attention before interrupting what i am doing. the display is clear indoors, and the band feels light enough to wear from morning through evening. setting up recurring reminders took a little exploration, but the arrangement has remained consistent once configured. i have also used it while walking, where a brief glance is more practical than handling a phone. longer messages still require the handset, and the small screen is not intended for detailed replies. battery use has fitted comfortably into my normal routine. vela pulse 937 has not transformed my day, but it has reduced unnecessary phone checking and provided a simple, dependable layer of awareness.",True
CORD000368,CUS00126,2019-01-12,Nickolson,"[{""product"":""Candle Orbit 656"",""quantity"":1},{""product"":""Candle Quest 498"",""quantity"":1},{""product"":""Candle Bloom 1054"",""quantity"":2},{""product"":""Candle Bloom 262"",""quantity"":1}]",5588.36,10.42,-37.847095,144.953957,15,4760.53,Summer,False,3.4523,"vela halo 1019 replaced the soft pouch i had been using to carry a phone, charging lead, and a few small accessories during travel. the new case protects the contents more effectively and keeps them from sliding around in my bag. i have taken it on several commutes and longer trips, and the shape has stayed firm even when packed among other items. it is a small improvement, but it has made finding my accessories much faster. compared with the old pouch, vela halo 1019 offers better separation and a more orderly interior. the pouch was flexible, which sounded convenient, but everything collected at the bottom and the cable became bent around other objects. this case keeps the phone and smaller items in their own areas. i can open it and see what i brought instead of checking by touch. that has been especially useful at transport stops when i need a cable quickly. the exterior has handled ordinary travel well. it does not feel delicate, and the fastening has remained secure in a crowded backpack. i also appreciate the balance between protection and size. a harder, larger case would provide more space but would be awkward to carry, while this one fits into the pocket i already use. the interior is suitable for compact accessories, though a bulky charger makes the case feel crowded. my only hesitation is that the space must be packed thoughtfully. if i add too many loose items, the case becomes less tidy and the fastening takes more effort. that is a packing limitation rather than a problem with its purpose. vela halo 1019 is neater, more protective, and easier to handle than my old pouch. for travel storage of a phone and small accessories, i prefer it and would gladly use it again.",True
CORD000369,CUS00313,2019-12-05,Baker's,"[{""product"":""Candle Bloom 1000"",""quantity"":1},{""product"":""Candle Bloom 1054"",""quantity"":1},{""product"":""Candle Quest 354"",""quantity"":2},{""product"":""Vela Halo 659"",""quantity"":2}]",3600.67,10.84,-37.84033,145.020992,25,2711.34,Summer,False,4.0615,"vela nova 159 has made my desk arrangement more flexible, especially when i switch between a phone and a small tablet. the adjustable mount holds the device at a useful viewing angle, and i can reposition it without clearing space or leaning over the desk. this has helped during calls, reference reading, and following instructions while working with both hands. the joints feel firm during ordinary use, and the base has stayed in place on my desk. adjusting it with one hand can be a little awkward when the arm is extended, and the mount occupies more surface area than i expected. those minor inconveniences have not outweighed the everyday benefit. vela nova 159 is a practical accessory that has made my shared workspace calmer and easier to arrange.",True
CORD000370,CUS00481,2019-04-16,Bakers,"[{""product"":""Candle Edge 680"",""quantity"":3},{""product"":""Vela Halo 569"",""quantity"":2}]",7052.38,12.79,-37.745926,145.019147,20,5654.69,Autumn,False,7.4278,"vela wave 751 has handled my daily communication and navigation needs with very little drama. i use it for calls, messages, maps, and quick searches while moving around town, and those tasks open promptly and remain easy to follow. navigation has been particularly useful when plans change, since i can check a route without stopping to find another device. the phone feels comfortable in my hand and the screen is readable during ordinary indoor and outdoor use. messages and calls have remained dependable throughout my ownership, including while travelling between familiar areas. i occasionally wish the display were easier to see in very strong sunlight, but that has not prevented me from using it. battery performance has been sufficient for a typical day, with heavier navigation naturally requiring more attention. vela wave 751 has become a reliable daily companion, balancing communication and navigation without adding unnecessary complication.",True
CORD000371,CUS00105,2019-05-10,Thompson,"[{""product"":""Candle Orbit 656"",""quantity"":1},{""product"":""Candle Orbit 1034"",""quantity"":2}]",3425.9,13.99,-37.870226,144.87565,0,3439.89,Autumn,False,8.9602,"candle quest 876 has been dependable for competitive games where quick controls and voice communication matter. inputs register without distracting delay, and teammates can hear me clearly during ordinary matches. the equipment remains comfortable through longer sessions and has not developed loose parts. the adjustment mechanism could offer a little more range, but performance has remained strong for my gaming setup.",True
CORD000372,CUS00301,2019-07-19,Bakers,"[{""product"":""Candle Quest 354"",""quantity"":1},{""product"":""Candle Edge 680"",""quantity"":1},{""product"":""Candle Bloom 1054"",""quantity"":1}]",3104.03,23.24,-37.792702,145.010386,0,3120.02,Winter,False,2.3389,"candle shift 178 was installed for video meetings and media streaming, but the wireless connection caused repeated disruptions. nearby devices connected during setup, yet the signal weakened in the room where meetings were held, producing frozen faces and broken speech. streaming in another room also paused whenever a call was active. the management application was slow to update, so it was difficult to tell whether a setting had actually changed. restarting the unit restored service for a short period, but dropouts returned without an obvious trigger. the casing stayed cool and the status light remained on, although neither provided useful reassurance when the network failed. candle shift 178 handles light browsing, but its poor coverage and unreliable performance make it unsuitable for calls or shared media.",False
CORD000373,CUS00224,2019-04-14,Thompson,"[{""product"":""Candle Edge 680"",""quantity"":1},{""product"":""Candle Orbit 656"",""quantity"":2},{""product"":""Candle Flux 990"",""quantity"":1}]",8869.97,12.09,-37.789249,144.939922,20,7108.07,Autumn,False,2.6793,"vela spark 333 was used for casual living-room gaming and compared with a television already connected to the same console. the large display is suitable for a group to see, but the image and controls introduced several distractions. motion looked uneven during quick scenes, with brief judder that was absent on the comparison screen. dark areas also lost detail, making characters and obstacles hard to distinguish. the picture settings offered several modes, yet changing them did not remove the problem and sometimes made colours look harsh. input from the console reached the screen, although there was a noticeable delay during faster games. that lag was less obvious in turn-based play but became frustrating whenever timing mattered. sound from the built-in speakers was thin, and dialogue was frequently covered by effects unless the volume was raised to an unpleasant level. the display did not always wake when the console sent a signal, so i had to use the remote before play could begin. switching from a game to another input occasionally produced a blank screen for several seconds. the older television has a smaller panel, but its motion remains steadier and its input changes are less troublesome. vela spark 333 can show a game and the basic controls respond, yet poor dark-scene detail, judder, input delay, weak audio, and slow waking undermine the intended casual use. in a shared living room, other people noticed the uneven sound and repeated blank frames. i found the product disappointing after extended ownership and would not recommend it for regular gaming, even if its size appears attractive at first.",False
CORD000374,CUS00286,2019-04-22,Bakers,"[{""product"":""Vela Halo 569"",""quantity"":1},{""product"":""Candle Bloom 1000"",""quantity"":1},{""product"":""Candle Bloom 1054"",""quantity"":1},{""product"":""Candle Orbit 656"",""quantity"":1}]",4676.84,10.89,-37.768245,144.97463,25,3518.52,Autumn,False,4.983,"vela halo 605 has controlled the lights in one room for about a month. compared with reaching for the wall switch each time, changing the room from the app is convenient when i am already carrying the phone or want to turn the light off from another part of the home. the controls are clear enough for everyday on and off use, and the chosen setting usually responds without a long wait. shared use is less seamless because another person has to install the app and become familiar with the arrangement. the initial setup took more attention than i expected. i had to check the connection and repeat one step before the room appeared correctly, although subsequent use has been less troublesome. the app is fine for a single room but begins to feel cluttered when i try to organise several lighting actions. there have also been occasional delays after the home network has been busy. the physical light operation remains available, which is reassuring, but it means the app is an additional convenience rather than an essential replacement. compared with ordinary switching, vela halo 605 adds useful remote control and makes routine adjustments easier in some situations. compared with a more mature home automation arrangement, it feels limited in organisation and setup polish. i am keeping it in the room where it is installed, but i would want a simpler process before extending the system throughout the home.",True
CORD000375,CUS00343,2019-02-05,Thompson,"[{""product"":""Candle Quest 498"",""quantity"":1}]",1308.33,14.63,-37.753802,144.936681,15,1126.71,Summer,False,6.6095,"i bought vela pulse 415 to control a household power outlet on a schedule, mainly so a small appliance would switch on and off without daily attention. the outlet could be controlled manually after setup, but creating a dependable routine was much more difficult than expected. the first schedule appeared to save, then failed to trigger at the selected time. i removed it, rebuilt it, and checked the settings repeatedly, yet the result remained unreliable. on some evenings the outlet changed state late, while on others it stayed in the previous state until i opened the app and sent a manual command. that defeated the reason for installing an automated switch. the app also made the process awkward by placing the schedule controls away from the main device screen. i often had to move through several pages before finding whether a routine was active. the displayed state did not always match the physical outlet, so i could not tell whether the appliance was actually receiving power without checking it directly. this became a problem when i was away from home. i would look at the app, see an apparently normal status, and still worry that the outlet had ignored the latest instruction. restarting vela pulse 415 sometimes restored communication, but that was only a temporary answer. a second routine for another time of day produced the same disappointing pattern, with one event occurring and the next one being missed. the manual switch worked for basic on and off control, and the device did not stop responding completely, but scheduled operation was the feature i needed most. support provided reset instructions and asked me to recreate the routine, which repeated steps that had already failed. after twenty-three days of ownership, i had removed the schedules and returned to manual control. vela pulse 415 may function as a remotely operated outlet, but its unreliable automation and confusing status display make it a poor household solution.",False
CORD000376,CUS00361,2019-09-17,Nickolson,"[{""product"":""Vela Halo 569"",""quantity"":1},{""product"":""Candle Edge 680"",""quantity"":1}]",2400.49,10.46,-37.854471,144.961508,20,1930.85,Spring,False,4.0513,"the candle shift 1060 has accompanied me through a busy stretch of study, and its strengths became clearer the longer i used it. i needed an ultrabook for reading papers, taking notes, attending online classes, and moving between the library and home. on the first few days i kept expecting to discover some awkward compromise, but the routine quickly became straightforward. i can open it, continue where i left off, and carry on with research without spending time managing the device. most of my work involves a browser with several research tabs, a document for notes, and a meeting or lecture in the background. the candle shift 1060 handles that combination without making the desk feel crowded. the keyboard is comfortable for extended typing, and the display gives enough room to compare a source with my notes. i often work at a small table or in a quiet corner of the library, so the compact form has been valuable. it fits beside a notebook and leaves space for a cup of coffee without dominating the surface. travel provided a useful test. i carried the laptop between locations in a backpack, used it on a train table, and then connected it to a larger screen at home. the change of setting did not require a special routine. the battery lasted through my usual study block, although i recharge before a particularly long day if i know i will be away from a power point. the charger is one more item to pack, but that is an ordinary trade-off for dependable mobile work rather than a serious complaint. there are boundaries. i would not choose the candle shift 1060 for heavy creative production or demanding games, and the smaller screen can feel tight when i have several windows open at once. i sometimes close tabs simply to keep my attention focused. those limits match the intended role, and the laptop has been well suited to research and note taking. it also wakes quickly enough that i can capture an idea before losing it, which matters more to me than having unnecessary extras. after sustained use, the candle shift 1060 feels like a reliable academic tool. it has supported ordinary deadlines, late reading sessions, and daily travel without becoming a distraction. the combination of portability, comfortable typing, and sensible performance has made my study routine smoother. i am very happy with the purchase and expect it to remain part of my work for a long time.",True
CORD000377,CUS00487,2019-01-27,Nickolson,"[{""product"":""Candle Bloom 1000"",""quantity"":1},{""product"":""Candle Orbit 656"",""quantity"":2},{""product"":""Vela Halo 659"",""quantity"":2}]",6869.38,10.83,-37.850835,144.948314,0,6880.21,Summer,False,4.041,"i bought the candle edge 266 for casual gaming in a shared room, where a large setup would have been inconvenient. after sixteen days, i am pleased with how naturally it fits into that space. setup involved connecting the required cables, checking the display, and signing in, and the process was clear enough that i was ready for a short game the same evening. the unit can be used at the desk and then left neatly to one side when someone else needs the room. my first sessions were short, mostly after work, but i later played for longer periods with a family member nearby. the controls responded consistently, and the picture stayed steady during the games i tried. loading between casual activities did not feel troublesome, and the sound was clear enough for game effects and conversation. i usually keep the volume moderate because the room is shared, so i have not needed anything especially powerful. the physical design has also worked in practice. the body feels secure on the surface where i placed it, and the connections are reachable without turning the whole unit around. i have unplugged it to make room for another activity and connected it again later without unexpected behavior. the included warranty adds confidence for a device that will be handled regularly. there are limits to what i expect from it. someone seeking an elaborate enthusiast setup may want more room for expansion, and the display feels less impressive from an angle than when viewed directly. for casual games in a shared room, though, those points have not interfered with my enjoyment. the candle edge 266 offers responsive play, manageable size, and an uncomplicated routine, making it a welcome part of our common space.",True
CORD000378,CUS00310,2019-12-09,Nickolson,"[{""product"":""Candle Flux 990"",""quantity"":1},{""product"":""Candle Bloom 1054"",""quantity"":1},{""product"":""Candle Orbit 1034"",""quantity"":1}]",3126.22,13.52,-37.886551,144.944021,10,2827.12,Summer,False,7.8818,"vela nova 339 has made it easier to connect several devices without carrying a collection of separate adapters. it is small enough for a pocket or work bag, and changing between connected items has been straightforward. the connections have remained stable during ordinary use at my desk and while travelling. the close spacing can be awkward with unusually wide plugs, but the adapter is still practical and has simplified my setup.",True
CORD000379,CUS00314,2019-02-20,Thompson,"[{""product"":""Candle Quest 354"",""quantity"":1},{""product"":""Candle Bloom 1054"",""quantity"":2},{""product"":""Candle Bloom 1000"",""quantity"":1}]",3118.32,13.04,-37.864021,144.897112,0,3131.36,Summer,False,7.2004,"candle quest 660 has handled my study, research and note-taking routine throughout a busy stretch of coursework. i keep several reading windows open while writing notes, and the laptop remains responsive enough that i can concentrate instead of waiting for each task. the keyboard has a comfortable layout for extended typing, and the screen is suitable for articles and documents. it is light enough to move between the library and home without becoming a burden. the webcam is serviceable rather than impressive, and the screen hinge does not open as far as i sometimes want. those are modest shortcomings for a machine that has remained steady day after day. it wakes quickly, saves work without drama and has not interrupted my concentration with unexplained behaviour. candle quest 660 has become a trustworthy part of my academic routine.",True
CORD000380,CUS00121,2019-03-24,Bakers,"[{""product"":""Candle Bloom 1054"",""quantity"":1},{""product"":""Vela Halo 659"",""quantity"":1},{""product"":""Candle Flux 990"",""quantity"":3}]",6997.91,20.73,-37.779182,145.003213,5,6668.74,Autumn,True,3.4974,"candle vista 146 has suited my game streaming and media capture setup better than i expected from such a compact piece of hardware. it fits neatly beside the rest of my equipment, and the controls are approachable when i need to begin or stop a session. during ordinary play, the response has remained steady, and captured material has been clear enough for the casual projects i share with friends. i appreciate not having to rebuild the arrangement whenever i move the setup between rooms. longer sessions generate some warmth, so i leave space around the unit rather than placing it against other equipment. the interface includes options i do not use, but i learned the main path quickly. this is not aimed at a full professional production workflow, which is beyond my needs. candle vista 146 has made sharing gameplay more convenient and has encouraged me to record sessions i would previously have left unpreserved.",True
CORD000381,CUS00121,2019-02-05,Bakers,"[{""product"":""Candle Bloom 1000"",""quantity"":2}]",3631.68,20.45,-37.779182,145.003213,5,3470.55,Summer,True,3.4974,"candle vista 146 has suited my game streaming and media capture setup better than i expected from such a compact piece of hardware. it fits neatly beside the rest of my equipment, and the controls are approachable when i need to begin or stop a session. during ordinary play, the response has remained steady, and captured material has been clear enough for the casual projects i share with friends. i appreciate not having to rebuild the arrangement whenever i move the setup between rooms. longer sessions generate some warmth, so i leave space around the unit rather than placing it against other equipment. the interface includes options i do not use, but i learned the main path quickly. this is not aimed at a full professional production workflow, which is beyond my needs. candle vista 146 has made sharing gameplay more convenient and has encouraged me to record sessions i would previously have left unpreserved.",True
CORD000382,CUS00473,2019-10-15,Bakers,"[{""product"":""Candle Quest 354"",""quantity"":1},{""product"":""Candle Bloom 1000"",""quantity"":1},{""product"":""Candle Orbit 1034"",""quantity"":2},{""product"":""Candle Bloom 1054"",""quantity"":1},{""product"":""Vela Halo 659"",""quantity"":2}]",4361.73,20.56,-37.786211,144.968974,0,4382.29,Spring,True,3.5096,"i compared candle shift 664 with the older wireless audio set i had been using during concentrated desk work. the new pair gives me a more comfortable and consistent listening experience, especially when i am working through several hours of reading or writing. music sounds balanced, spoken audio remains clear, and i can keep the volume at a moderate level without feeling that detail has disappeared. the difference is not dramatic in every song, but it is noticeable across a full afternoon. pairing was quick, and reconnecting later has been dependable. i can move away from the desk for a short break without immediately losing the audio, then return and continue without starting over. the controls are easy to find by touch, which is useful when i do not want to look away from a document. candle shift 664 is light enough that i forget about it during routine work, and the fit has remained comfortable after repeated use. calls are also clear enough for brief conversations, though this is primarily a music and focused-work device. compared with my previous set, the main improvement is the lack of small interruptions. i spend less time adjusting the position, checking the connection, or wondering whether a quiet passage is being lost. the charging case is not especially compact, and the physical buttons need a firm press, but those are minor concessions. the 12-month warranty adds confidence. candle shift 664 has become an enjoyable part of my desk routine because it offers steady wireless listening without demanding much attention.",True
CORD000383,CUS00023,2019-06-08,Thompson,"[{""product"":""Candle Flux 1098"",""quantity"":1},{""product"":""Candle Flux 990"",""quantity"":1}]",2890.69,15,-37.819388,144.936693,0,2905.69,Winter,False,1.1782,"candle vista 434 was disappointing for shared-room music playback. track changes paused, selecting another song took too long, and repeated commands were needed when people were talking nearby. i often waited to confirm whether anything had happened before trying again. it can play a selected track eventually, but the slow controls and broken flow make ordinary listening awkward and frustrating.",False
CORD000384,CUS00009,2019-02-16,Bakers,"[{""product"":""Candle Flux 990"",""quantity"":2},{""product"":""Candle Quest 498"",""quantity"":1},{""product"":""Candle Quest 354"",""quantity"":1},{""product"":""Vela Halo 659"",""quantity"":1}]",6164.72,10.66,-37.776991,145.006368,5,5867.14,Summer,False,3.7982,"vela pulse 865 has made scheduled control of a household outlet more convenient than the manual timer i used previously. i use it for a lamp and occasionally for another small appliance, setting a routine so the outlet changes state at a predictable part of the day. the schedule is easy to understand once created, and i like being able to adjust it without reaching behind furniture. compared with the old timer, the controls are less fiddly and the arrangement looks tidier. the practical benefit is most noticeable when my routine changes. i can temporarily alter the schedule, check whether the outlet is active, and restore the usual pattern later. the device itself is unobtrusive, and its operation has been consistent during the weeks i have owned it. i have not used it for equipment that needs specialist handling, and i would follow the stated limits rather than treating it as a universal switch. for an ordinary household lamp, it has been a useful addition. i did spend a little time deciding where the outlet and device should sit, since a crowded socket can make access awkward. that is a small inconvenience compared with manually switching the lamp every evening or resetting the old timer after interruptions. vela pulse 865 also gives me more flexibility than a basic mechanical schedule, while remaining simple enough for other people in the house to understand. it is not an elaborate home system, but for reliable scheduled control of a single outlet, it has been a satisfying upgrade.",True
CORD000385,CUS00391,2019-04-26,Nickolson,"[{""product"":""Candle Flux 1098"",""quantity"":1}]",796.24,7.64,-37.817137,144.960379,15,684.44,Autumn,False,0.8218,"vela halo 263 works well for music and spoken-content playback in our living area. the display makes basic controls visible, while the sound remains clear at a comfortable room level. text can be hard to read from the far side, but listening does not suffer from that limitation. it has become a pleasant way to start music without reaching for another device.",True
CORD000386,CUS00405,2019-06-29,Bakers,"[{""product"":""Candle Edge 680"",""quantity"":1}]",2251.4,27.33,-37.769074,145.021249,5,2166.16,Winter,True,5.0924,"the candle edge 518 has handled the mixture of devices in our household better than the older network unit it replaced. we usually have several phones, computers, a television, and other shared devices active at once, and the connection has remained steady during ordinary evenings. i bought it because our previous setup became temperamental whenever everyone was home, so the improvement has been easy to notice rather than something i had to measure. installation was reasonably direct, although i spent time deciding where to place it for the best coverage. since then, family members have been able to browse, stream, and work without the regular interruptions we had accepted as normal. the candle edge 518 does not eliminate every possible problem caused by a service provider or a distant room, but it has made the household network much less demanding to maintain. i also appreciate that the settings are presented in a way i can understand later instead of forcing me to remember obscure steps. a basic router still used by a relative offers a useful comparison. it connects a small number of devices, but it gives less confidence when the household becomes busy. the candle edge 518 feels better suited to shared living, where devices join and leave throughout the day. its appearance is plain and the first setup screen could explain a few choices more clearly, yet the day-to-day result has been strong. for a home with several people and overlapping online activities, it is a reassuring upgrade from a struggling older network.",True
CORD000387,CUS00008,2019-03-06,Bakers,"[{""product"":""Candle Bloom 1000"",""quantity"":1},{""product"":""Candle Bloom 1054"",""quantity"":2},{""product"":""Candle Quest 498"",""quantity"":1}]",4023.87,9.12,-37.790464,144.976542,5,3831.8,Autumn,False,2.7228,"i compared vela echo 763 with the separate speaker and phone routine i had been using for music and spoken content. the smart display keeps playback in one place and makes it quicker to start a recording, pause it, or return to something i was listening to earlier. i have used it during breakfast, while cooking, and in the evening, and the screen is helpful when i want to identify a programme or see what is queued. spoken content is where i notice the greatest improvement. voices are easy to follow at ordinary room volume, and i do not need to keep my phone nearby just to make a small adjustment. music works well as background sound, while the display gives the room a more useful centre than the old speaker alone. compared with the previous routine, vela echo 763 also feels more approachable when someone else in the household wants to start playback without asking for help. the screen is not large enough for serious video watching, and the sound does not have the depth i would look for from dedicated music equipment. those limits fit the role i gave it. i wanted convenient music and spoken-content playback, not a full entertainment system. vela echo 763 has made everyday listening easier to share and less dependent on a separate phone. the controls took a short period of familiarity, but the overall experience has been positive and dependable for the room where it is installed.",True
CORD000388,CUS00127,2019-07-09,Bakers,"[{""product"":""Candle Orbit 1034"",""quantity"":2},{""product"":""Candle Bloom 262"",""quantity"":2},{""product"":""Candle Bloom 1054"",""quantity"":2}]",4300.08,28.94,-37.752598,145.027742,20,3469,Winter,True,6.9927,"after several weeks with candle orbit 746, i have a fairly balanced view. i use it to capture console sessions and occasional desk demonstrations, and the basic setup was straightforward once i had chosen the right input and audio sources. recordings are generally clean, and the unit fits neatly beside my monitor without taking over the workspace. it has handled longer sessions without needing attention, which is reassuring when i am focused on a game. the controls are usable, although changing settings while recording is more awkward than expected, and the status indicators are not especially informative from across the room. i also noticed that switching between sources sometimes required a second attempt. none of this prevented normal use, but it added small interruptions. candle orbit 746 is a serviceable choice for someone who wants dependable media capture and can tolerate a slightly fiddly workflow.",True
CORD000389,CUS00498,2019-01-30,Bakers,"[{""product"":""Candle Flux 1098"",""quantity"":1},{""product"":""Candle Flux 990"",""quantity"":1},{""product"":""Candle Edge 680"",""quantity"":1},{""product"":""Candle Quest 354"",""quantity"":1}]",5544.87,21.4,-37.807879,145.050477,5,5289.03,Summer,True,4.859,"i use candle orbit 422 when visiting clients, completing field forms, and showing work during short presentations. before carrying it out, i spent an afternoon preparing the forms and practising the flow so that i would not be learning the device in front of someone else. that preparation paid off. the screen is large enough for a client to follow, while the tablet itself remains manageable when i am standing or moving between locations. during visits, i can enter information while keeping the conversation moving, then bring up the relevant material without opening a stack of papers. handwritten additions are useful when a form needs a quick note that does not fit neatly into a field. the display remained readable in different indoor settings, and the battery covered the working periods i planned for. on one busy day i wished the charging cable were longer, and the tablet picks up marks on the back easily, but these are small practical details. after several weeks of use, candle orbit 422 has reduced the amount of preparation material i carry and made presentations feel more organised. it is especially helpful when a discussion moves between a form, an image, and a written note. the device has handled repeated travel and regular handling without becoming unreliable. i still keep a paper backup for unusual situations, but this tablet has become the main tool i reach for in the field.",True
CORD000390,CUS00179,2019-05-13,Nickolson,"[{""product"":""Candle Bloom 1000"",""quantity"":1},{""product"":""Candle Bloom 1054"",""quantity"":1},{""product"":""Vela Halo 569"",""quantity"":1},{""product"":""Candle Quest 498"",""quantity"":1}]",3723.11,9.64,-37.847682,144.980989,10,3360.44,Autumn,False,3.3867,"the vela nova 177 has been part of my exercise routine for a month, mainly for checking session summaries and observing daily activity. the summaries are presented in a readable way, and reviewing them after a walk or workout takes little time. the device is light enough that i rarely notice it during ordinary movement, although the strap can feel warm after a longer session. i have seen occasional differences between what i expected from a workout and what the device recorded, particularly when movement is irregular. sleep information is interesting for spotting broad patterns, but i would not treat every detail as precise. charging has fitted into my routine without much trouble. overall, it gives me a convenient overview and encourages me to look back at my activity, but the inconsistent readings limit how much i trust it. it is informative for general awareness rather than exact measurement.",True
CORD000391,CUS00431,2019-03-05,Thompson,"[{""product"":""Candle Edge 680"",""quantity"":1},{""product"":""Candle Bloom 262"",""quantity"":1},{""product"":""Candle Bloom 1000"",""quantity"":1}]",5185.51,14.33,-37.739971,144.892582,0,5199.84,Autumn,False,9.396,"candle orbit 1088 has given me a more orderly way to manage the network used by my household and occasional guests. creating a separate guest connection was straightforward, and i can adjust device access without disturbing the people who are using the main connection. the management controls are laid out sensibly, so i can identify what is connected instead of guessing from a list of unfamiliar entries. i have also used it to review devices after visitors leave, which has made routine housekeeping less tedious. coverage has suited the rooms where we normally work and browse, and the connection has remained steady during ordinary evening use. the administration options take a little reading at first, but they reward that initial attention. candle orbit 1088 has made guest-network and device management clearer, and it now feels like a useful part of my home setup.",True
CORD000392,CUS00470,2019-01-11,Thompson,"[{""product"":""Vela Halo 659"",""quantity"":1},{""product"":""Candle Bloom 262"",""quantity"":1},{""product"":""Candle Quest 354"",""quantity"":1},{""product"":""Candle Orbit 1034"",""quantity"":1},{""product"":""Vela Halo 569"",""quantity"":1}]",2516.77,19.32,-37.800429,144.961871,10,2284.41,Summer,True,1.8827,"candle arc 762 has become my preferred device for watching short videos, joining calls, and reading while travelling around the house. it is lighter to move than a laptop, yet the display is large enough for films and shared video conversations. the front camera keeps me visible in ordinary indoor lighting, and calls have remained steady during my regular use. switching between media and other tasks is uncomplicated, with menus responding promptly rather than interrupting the experience. the speakers are clear for dialogue and lessons, although music sounds more modest than it does through dedicated audio equipment. i have carried it from room to room for several weeks and have not found the build flimsy. battery life supports my usual evening viewing and occasional calls, though extended high-brightness use needs a recharge. candle arc 762 is a versatile, pleasant tablet for portable media and video calls.",True
CORD000393,CUS00445,2019-01-08,Nickolson,"[{""product"":""Vela Halo 659"",""quantity"":1},{""product"":""Candle Quest 354"",""quantity"":2},{""product"":""Vela Halo 569"",""quantity"":1},{""product"":""Candle Orbit 656"",""quantity"":1}]",3481.42,24.59,-37.874791,144.992167,0,3506.01,Summer,True,6.5567,"i wore vela spark 117 while walking and commuting, but the notification system has been too unreliable for practical use. alerts often arrive after i have already reached for the phone, and some messages never appear on the wearable. the screen is difficult to read in daylight, while the vibration is weak enough to miss in a noisy street. the strap shifts during longer walks and catches on clothing when putting on a coat. pairing has also failed after travel, forcing repeated setup at inconvenient times. it can display a notification when the connection happens to hold, but that basic result is not dependable. vela spark 117 is awkward, frustrating, and poorly suited to commuting. the delayed alerts make it disappointing, and i cannot recommend it.",False
CORD000394,CUS00176,2019-10-21,Thompson,"[{""product"":""Candle Orbit 656"",""quantity"":1},{""product"":""Candle Bloom 262"",""quantity"":1},{""product"":""Vela Halo 659"",""quantity"":1},{""product"":""Candle Quest 498"",""quantity"":2}]",6261.7,8.02,-37.806548,144.944703,15,5330.47,Spring,False,0.7121,"vela nova 339 has reduced the number of separate adapters i carry when connecting several devices. it fits neatly beside my laptop and has recognized my equipment consistently during short work sessions. the ports are close together, so larger plugs can feel crowded, but ordinary connectors are fine. it is a useful little accessory that keeps my setup tidy.",True
CORD000395,CUS00088,2019-08-16,Nickolson,"[{""product"":""Candle Bloom 1054"",""quantity"":1},{""product"":""Vela Halo 659"",""quantity"":3},{""product"":""Candle Quest 354"",""quantity"":2}]",2049.54,12.41,-37.842133,144.981976,0,2061.95,Winter,False,2.8357,"candle edge 536 is the first portable gaming device i have used that feels suited to travel rather than merely small enough to carry. i compared it with a compact setup i previously packed for trips, and the difference was visible in the amount of preparation required. candle edge 536 lets me start playing without arranging several separate pieces, while its controls leave enough room for comfortable handling. the older setup was workable, but it felt cramped whenever a session lasted more than a short break. i have carried candle edge 536 between rooms, used it during travel downtime, and played both quick games and longer sessions. the controls respond consistently, and the screen remains readable in ordinary indoor light. the built-in audio is sufficient for casual play, although i prefer headphones in busy places. its body is not feather-light, and the carrying case takes up space in a small bag, but that added size gives the device a more secure feel. i would rather carry a slightly larger unit than repeatedly adjust a fragile arrangement. the battery has suited short trips and several sessions, though demanding games naturally reduce the time between charges. charging is simple, and i have not needed to carry a collection of accessories. candle edge 536 does not offer the same broad workspace as a desktop, and anyone who plays only at home may prefer larger equipment. for travel, however, the comparison favours this device. it combines a comfortable control layout, dependable response, and sensible portability in one piece of hardware. the few compromises are predictable for a portable design, while the convenience of taking a complete gaming experience with me has made candle edge 536 an easy part of my travel bag.",True
CORD000396,CUS00412,2019-07-05,Nickolson,"[{""product"":""Candle Flux 990"",""quantity"":1},{""product"":""Candle Bloom 262"",""quantity"":1}]",3212.72,24.23,-37.807834,144.978883,10,2915.68,Winter,True,1.4505,"i have used candle bloom 352 every day for reading papers, marking passages, and keeping handwritten notes beside my keyboard. compared with a basic reading tablet, it feels much more purposeful for study because the annotation tools are close at hand and the writing surface does not feel like an afterthought. compared with carrying a notebook and a separate screen, it keeps the work in one place without making the session feel cluttered. the first few days were mainly about finding a comfortable pen angle and learning where my saved notes appeared. once that settled, the routine became quick. i can open a document, underline a paragraph, add a margin note, and return to the page without losing my place. the handwriting is not identical to paper, but it is responsive enough for planning, short calculations, and reminders. long reading sessions are also kinder to my desk because i am not constantly swapping between devices. what impressed me most was the balance between focused reading and practical writing. the display is calm, the menus stay out of the way, and the tablet feels light enough to move from my office to the kitchen table. i compared it with using my phone for reference, and the bloom 352 is far less distracting. it also handles a mixed routine better than a plain notebook, since annotations remain attached to the material i was reading. there are small limits. the writing area can feel narrow when i try to sketch a large diagram, and i still prefer paper for rough brainstorming. a few menu labels took a moment to understand. those are minor compromises rather than daily obstacles. after several weeks, candle bloom 352 has become the device i reach for when reading needs active notes, and i would choose it over a simple reader or a loose notebook for that job.",True
CORD000397,CUS00081,2019-10-28,Thompson,"[{""product"":""Vela Halo 569"",""quantity"":2},{""product"":""Candle Bloom 262"",""quantity"":2}]",2534.72,10,-37.785047,144.929849,20,2037.78,Spring,False,3.4243,"i have used candle lumen 1084 for shared-room music playback long enough to compare it with both a small portable speaker and an older wired unit. its main strength is convenience. music starts without a complicated routine, the sound carries across a normal room, and the compact shape fits on a shelf without attracting much attention. voices and everyday songs come through clearly enough for background listening, and family members can use it without asking me to manage every change. the comparison becomes less favourable with music that depends on separation or deep low tones. candle lumen 1084 can sound a little flat when several instruments are playing together, while the older wired speaker gives the performance more space. at higher volume, the result is still listenable but less balanced, and i sometimes turn it down rather than keep adjusting the controls. the buttons are easy to find, although their labels are not very clear from across the room. for established ownership, i value the uncomplicated routine more than exceptional sound. candle lumen 1084 is a pleasant choice for shared listening, podcasts, and casual background music, but it does not replace a stronger audio system. it is more convenient than my old wired speaker and less expressive than it. that makes the product genuinely mixed: practical and unobtrusive, with sound quality that depends heavily on what is being played.",True
CORD000398,CUS00116,2019-05-01,Thompson,"[{""product"":""Candle Bloom 1054"",""quantity"":1},{""product"":""Candle Edge 680"",""quantity"":1},{""product"":""Vela Halo 569"",""quantity"":1}]",2850.34,12.15,-37.7534,144.951659,5,2719.97,Autumn,False,6.6032,"candle shift 898 has improved the connection in the rooms where our usual signal had been weakest. placement was uncomplicated, and the indicator made it easy to find a sensible position between the main connection and the area that needed coverage. once installed, phones, a laptop, and a television moved between rooms with fewer interruptions than before. i appreciated not having to change the way the household uses the network. the management screen is understandable, and checking the status after setup took only a moment. there was a brief pause while the system settled after the first restart, but subsequent use has been steady. the unit is compact enough to fit without crowding a shelf or outlet. after several weeks, candle shift 898 has delivered the broader coverage i wanted and has made shared online activities more consistent. it is a solid improvement for a multi-room home.",True
CORD000399,CUS00213,2019-08-18,Thompson,"[{""product"":""Vela Halo 659"",""quantity"":1},{""product"":""Candle Orbit 656"",""quantity"":1},{""product"":""Candle Quest 498"",""quantity"":1}]",3835.1,18.09,-37.781086,144.909582,10,3469.68,Winter,False,4.8151,"candle arc 798 was meant to extend wireless coverage between rooms, but the connection has remained unreliable throughout my ownership. installation was more awkward than expected, and the indicator gave little warning when the link had failed. devices near the unit sometimes connect while a laptop in the next room loses access. moving the unit a short distance changes the result, which makes the supposed coverage difficult to trust. video calls expose the weakness most clearly. the call may begin normally, then audio breaks into gaps and the picture freezes without a useful explanation. streaming in the same room can also stall when another device joins the network. reconnecting requires repeated restarts, and the process interrupts work rather than solving the underlying problem. a device can detect the network and pass a small amount of traffic, but that basic function is not enough for room-to-room coverage. the warranty offers little comfort when the problem appears during ordinary use. candle arc 798 has created more connection problems than it solved, and i cannot recommend it.",False
CORD000400,CUS00036,2019-01-13,Bakers,"[{""product"":""Candle Orbit 1034"",""quantity"":1},{""product"":""Candle Flux 1098"",""quantity"":2},{""product"":""Candle Bloom 1054"",""quantity"":1},{""product"":""Vela Halo 659"",""quantity"":1}]",2888.96,12.06,-37.786877,145.05436,10,2612.12,Summer,False,5.7964,"the candle arc 348 has helped remove a weak coverage spot between my study and the back rooms. i placed it where the existing signal was still usable, and devices farther away now connect with much less interruption. video calls in the study have stayed steadier, while phones and tablets can move around the house without needing constant manual attention. the setup instructions were clear enough for me to complete the process without outside help. i have also moved the unit once to find a better position, and reconnecting it was uncomplicated. the indicator light is brighter than i would prefer at night, so i covered it rather than changing my room arrangement. performance naturally depends on placement and the surrounding walls, but within my home it has made a noticeable difference. the candle arc 348 is a practical way to extend coverage between rooms without making network management feel complicated.",True
CORD000401,CUS00406,2019-11-25,Bakers,"[{""product"":""Candle Flux 990"",""quantity"":1},{""product"":""Candle Edge 680"",""quantity"":1},{""product"":""Candle Orbit 1034"",""quantity"":1},{""product"":""Vela Halo 659"",""quantity"":2}]",5457.19,9.36,-37.791671,144.977819,20,4375.11,Spring,False,2.5481,"the candle lumen 544 has made long listening sessions at home noticeably easier than my previous wireless audio setup. i have used it during reading, cooking, and several evenings of uninterrupted music, and the sound remains pleasant at ordinary room volume. voices are distinct, instruments do not blur together, and i can move around the house without repeatedly reaching for the controls. the connection has stayed steady throughout the fifteen days i have owned it. compared with my older unit, the candle lumen 544 needs less attention once playback begins. pairing took little effort, and returning to a familiar device has been consistent rather than frustrating. i particularly notice the difference during longer sessions because the controls are simple enough to use without interrupting whatever i am doing. the housing feels solid, although the buttons are close together and i occasionally press the wrong one when the room is dark. i also tried using it in a shared room while someone else was reading nearby. the audio remained clear at a moderate level, and reducing the volume did not make speech disappear. it is not the most powerful choice for filling a large space, but that is not how i use it. for ordinary home listening, it gives a smoother experience than the equipment it replaced. the twelve-month warranty is a useful extra safeguard, and i would choose the candle lumen 544 again for relaxed, extended listening.",True
CORD000402,CUS00309,2019-10-07,Thompson,"[{""product"":""Vela Halo 569"",""quantity"":2},{""product"":""Candle Orbit 1034"",""quantity"":1},{""product"":""Vela Halo 659"",""quantity"":1},{""product"":""Candle Orbit 656"",""quantity"":2},{""product"":""Candle Bloom 1000"",""quantity"":1}]",7484.77,14.61,-37.74454,144.877462,15,6376.66,Spring,False,9.7376,"vela atlas 1025 has become a quiet part of managing our home. i placed it in the living area first, then moved it near the study when i wanted to compare how the rooms felt during the day. the temperature and humidity readings update without much fuss, and the display is readable from across the room. it has helped me notice when the air feels too dry and decide when to open a window or adjust the heater. setup was straightforward, and the unit has continued reporting consistently through ordinary household activity. the readings do not replace a full weather station, and the casing is fairly plain, but that simplicity suits its purpose. vela atlas 1025 gives me practical information without demanding constant attention, and i am pleased with its steady performance.",True
CORD000403,CUS00499,2019-03-03,Thompson,"[{""product"":""Candle Edge 680"",""quantity"":1},{""product"":""Vela Halo 659"",""quantity"":1},{""product"":""Vela Halo 569"",""quantity"":1},{""product"":""Candle Orbit 1034"",""quantity"":1}]",3247.12,9.84,-37.841342,144.926963,0,3256.96,Autumn,False,3.6443,"vela wave 247 has been more useful to me than the ordinary watch and phone combination i used before. my old routine depended on remembering to check the phone, which meant i sometimes missed a calendar prompt while moving between rooms. the wearable puts reminders closer to my attention without requiring me to stop and open another device. it has not changed my schedule, but it has made the schedule easier to follow. compared with a basic watch, vela wave 247 gives me a quick view of upcoming items and simple habit prompts. i use it during work, while preparing meals, and when i am away from my desk. the information is brief enough to understand at a glance, whereas checking the phone often led me into unrelated messages or applications. timekeeping is clear, and message checks are convenient for deciding whether something needs an immediate response. i would not use it for long reading or detailed replies because the small display is naturally limited, but that is a reasonable trade-off for wearing something light and unobtrusive. over time, the reminders have worked best when i keep them selective. sending every possible notification would make the device distracting, while a short list of useful prompts feels balanced. the battery routine and charging have been straightforward, and the wearable has remained comfortable through ordinary days. compared with relying entirely on a phone, vela wave 247 offers a calmer way to notice important moments. its functions are focused rather than elaborate, yet that focus is why it has stayed in my routine instead of becoming another unused gadget.",True
CORD000404,CUS00202,2019-11-02,Bakers,"[{""product"":""Candle Quest 498"",""quantity"":1},{""product"":""Vela Halo 569"",""quantity"":1}]",1457.42,10.67,-37.803714,145.043949,0,1468.09,Spring,False,4.3366,"candle vista 218 has handled the mix of devices in our home without demanding much attention. phones, streaming equipment, and work devices connect consistently, and ordinary browsing remains smooth when several people are online. the initial setup was clear enough to complete in one sitting. i noticed a brief slowdown during a particularly busy evening, but it did not last. it has been a solid network choice for shared household use.",True
CORD000405,CUS00464,2019-10-10,Thompson,"[{""product"":""Candle Orbit 1034"",""quantity"":2},{""product"":""Vela Halo 569"",""quantity"":1},{""product"":""Candle Edge 680"",""quantity"":2},{""product"":""Candle Bloom 1054"",""quantity"":1}]",6265.58,9.84,-37.837613,144.928699,25,4709.02,Spring,False,4.4584,"candle orbit 260 has handled reading, research, note taking and ordinary writing tasks without becoming a source of distraction. i often move between reference material and a document, and the laptop remains responsive enough for that pattern of work. the keyboard supports long periods of typing, while the screen is comfortable for articles and notes in different lighting. its shape makes it practical to carry between the library, desk and kitchen table when i want a change of setting. the fan can become noticeable during heavier activity, and i would prefer a little more room around the ports, but these are manageable limitations. candle orbit 260 has proved dependable, capable and pleasant for study.",True
CORD000406,CUS00035,2019-08-01,Bakers,"[{""product"":""Candle Orbit 1034"",""quantity"":1},{""product"":""Vela Halo 659"",""quantity"":1}]",846.63,10.83,-37.801457,144.997687,20,688.13,Winter,False,0.9737,"i installed the vela pulse 1045 to manage the blinds and curtains without walking from room to room several times each day. after an initial period of adjusting the routine, it has become a quiet convenience. in the morning, the curtains open as part of the household rhythm, and in the evening the blinds close while we are preparing dinner or settling down for the night. the most useful part has been the consistency of the routines. i can still operate the blinds manually when needed, but the scheduled actions reduce the small decisions that used to be easy to forget. i have created different settings for the main living area and bedroom, which suits the way those rooms are used. the controls are understandable once the basic arrangement is established, although deciding the best timing took a few attempts because daylight changes across the season. the hardware is unobtrusive and has not made the windows look untidy. i have watched the blinds move several times to check that the action is gentle and complete, and so far the mechanism has worked as expected. very heavy curtains require more attention to how they are fitted, so careful installation matters. that is a practical consideration rather than a flaw in the routine itself. after more than a month, the vela pulse 1045 has made mornings and evenings smoother. it is not a dramatic household transformation, but the repeated little actions add up, especially when my hands are full or i am already in another room. the flexible scheduling, quiet operation, and ability to retain manual control have left me pleased with this addition to the home.",True
CORD000407,CUS00338,2019-04-15,Bakers,"[{""product"":""Vela Halo 659"",""quantity"":1},{""product"":""Candle Bloom 1000"",""quantity"":2},{""product"":""Candle Quest 354"",""quantity"":1},{""product"":""Candle Bloom 1054"",""quantity"":1},{""product"":""Candle Orbit 1034"",""quantity"":1}]",5330.94,12.33,-37.809813,145.029189,10,4810.18,Autumn,False,2.9832,"i bought the candle vista 308 for a home office, but its wireless coverage has been a persistent problem. the connection reaches the room where it sits, yet it becomes weak only a short distance away and regularly drops when i move between rooms. video meetings suffer from frozen faces and broken speech, while file transfers stop with no useful warning. restarting the unit restores access for a while, but the same failure returns later, which makes the setup unreliable for work. the management screen is awkward to navigate, and several settings appear to save before disappearing when i open the page again. devices reconnect eventually, although the repeated waiting is frustrating. placement changes and cable checks did not solve the issue. the candle vista 308 handles a basic connection when conditions are quiet, but its poor range and unstable sessions make it an aggravating choice for a home office.",False
CORD000408,CUS00397,2019-07-01,Thompson,"[{""product"":""Candle Orbit 1034"",""quantity"":3},{""product"":""Candle Bloom 262"",""quantity"":1},{""product"":""Candle Edge 680"",""quantity"":1},{""product"":""Candle Quest 498"",""quantity"":1}]",6423.76,17.92,-37.874454,144.875422,10,5799.3,Winter,False,9.3152,"vela wave 751 has handled my everyday communication and navigation with ease. calls are clear, messages are quick to manage, and map directions remain responsive when i am travelling around town. the handset feels comfortable in my hand and switching between apps is straightforward. long navigation sessions use more battery, so i plan around that when i am out for the day. overall, it has been a capable, dependable phone that fits my routine well.",True
CORD000409,CUS00367,2019/10/20,Bakers,"[{""product"":""Candle Flux 1098"",""quantity"":1},{""product"":""Candle Quest 498"",""quantity"":1},{""product"":""Candle Orbit 1034"",""quantity"":1}]",2686.49,11.85,-37.836553,145.054171,15,2295.37,Spring,False,5.9598,"vela spark 567 has been useful on walks and during my commute because messages appear without forcing me to take out my phone. the display is readable indoors, and the vibration is noticeable without being startling. i have also found the timekeeping straightforward, with controls that do not take much learning. walking summaries are a reasonable overview, but i would not treat them as precise records; some shorter trips were represented differently from what i expected. the strap remains comfortable for ordinary wear, though it feels warm after a long afternoon. charging is simple, but the battery indicator changes rather quickly near the end. it covers notifications and basic activity awareness well, while the health features remain fairly limited.",True
CORD000410,CUS00383,2019-06-26,Bakers,"[{""product"":""Candle Quest 498"",""quantity"":1},{""product"":""Candle Orbit 656"",""quantity"":2},{""product"":""Candle Edge 680"",""quantity"":3}]",12586.65,14.34,-37.770913,145.025696,15,10712.99,Winter,False,5.1041,"vela nova 411 has served adequately for messages, calls, and mobile photography. everyday communication is straightforward, and the screen remains pleasant for reading. photos taken indoors can look soft, and the phone occasionally hesitates when several applications are open. nothing is unusable, but the uneven response reduces the sense of polish. it is a reasonable daily device with a fairly mixed character.",True
CORD000411,CUS00357,2019-03-01,Bakers,"[{""product"":""Candle Bloom 262"",""quantity"":2},{""product"":""Candle Quest 354"",""quantity"":1},{""product"":""Candle Bloom 1000"",""quantity"":1},{""product"":""Candle Quest 498"",""quantity"":2},{""product"":""Vela Halo 659"",""quantity"":1}]",7336.53,12.85,-37.743314,144.982042,5,6982.55,Autumn,False,7.5048,"vela wave 985 has reduced the amount of checking i do around doors and windows. compared with relying on memory or making a physical round of the house, the alerts give me a more convenient way to notice activity when i am occupied elsewhere. the system is most useful as a prompt for attention, rather than as a replacement for ordinary judgement. i compared vela wave 985 with a simpler manual routine over several weeks. once the sensors were positioned carefully, the notifications arrived in a way that fit our household habits. i can tell when a door has been opened during a busy part of the day, and the window alerts provide useful awareness when everyone is moving between rooms. the controls are understandable for normal changes, and the device has not required daily maintenance. there was some adjustment at the beginning. placement matters, and an alert can become annoying if the sensitivity or routine is not suited to the room. i spent time refining the setup so that ordinary household movement did not create unnecessary interruptions. compared with a more elaborate home system, vela wave 985 is less intimidating and easier to keep focused on one purpose. compared with having no notification at all, it adds worthwhile awareness. the main limitation is that it depends on sensible installation and a charged, connected system. with those basics handled, it has become a quiet but useful part of our home routine.",True
CORD000412,CUS00094,2019-01-09,Bakers,"[{""product"":""Candle Bloom 1054"",""quantity"":1},{""product"":""Vela Halo 659"",""quantity"":1},{""product"":""Candle Edge 680"",""quantity"":1},{""product"":""Candle Bloom 1000"",""quantity"":1}]",4781.8,11.23,-37.771721,145.015479,0,4793.03,Summer,False,4.6129,"candle orbit 350 has handled my documents, email and video meetings across home, office and occasional travel. it is light enough to carry without much thought, and the keyboard is comfortable for drafting reports or taking notes. documents open quickly, and switching between a meeting and reference material is generally smooth. video calls have been usable, but the camera image looks flat in a dim room and the microphone picks up some nearby keyboard noise. the screen is clear indoors, though its limited brightness is noticeable near a sunny window. battery life has covered shorter workdays, while a full day of meetings still calls for the charger. candle orbit 350 is a practical portable work machine with no major failure in my use. its everyday productivity is stronger than its camera and meeting experience.",True
CORD000413,CUS00288,2019-10-21,Thompson,"[{""product"":""Candle Orbit 656"",""quantity"":1},{""product"":""Candle Flux 1098"",""quantity"":1},{""product"":""Candle Bloom 1054"",""quantity"":1}]",3508.15,9.33,-37.82237,144.921292,0,3517.48,Spring,False,2.5079,"the vela core 669 has been useful during train trips and weekends away because it keeps my phone and small accessories together instead of loose in a bag. the interior has enough room for the handset, a cable, and a compact charger without becoming bulky. the outer material has handled being placed beside books and clothing, and the fastening has stayed secure whenever i have carried it. i like the simple layout because i can find the phone quickly rather than emptying a whole pocket. it is not large enough for several substantial accessories, so anyone wanting to store a tablet or multiple chargers should choose something bigger. for my intended travel use, that is a fair trade-off. the vela core 669 has protected the items inside, remained easy to carry, and made packing noticeably more organised.",True
CORD000414,CUS00281,2019-05-23,Thompson,"[{""product"":""Candle Bloom 262"",""quantity"":1},{""product"":""Candle Orbit 656"",""quantity"":2}]",5642.39,17.69,-37.883187,144.878926,5,5377.96,Autumn,False,9.8629,"i bought vela nova 465 for one household outlet, but the scheduled control has been unreliable. some routines run late, while others fail without an obvious warning, so i still check the outlet manually. the setup process was awkward and reconnecting after a network interruption took repeated attempts. manual switching works, although that is a weak substitute for automation. after living with these problems, i cannot recommend it for anyone who needs dependable daily schedules.",False
CORD000415,CUS00100,2019-06-08,Thompson,"[{""product"":""Vela Halo 659"",""quantity"":1},{""product"":""Vela Halo 569"",""quantity"":1},{""product"":""Candle Edge 680"",""quantity"":1}]",2665.2,30.25,-37.872947,144.887038,10,2428.93,Winter,True,8.5268,"i compared candle edge 878 with the older network unit it replaced, using it for video meetings, streaming, and ordinary household browsing. the most noticeable change is consistency. meetings no longer seem to suffer from the brief interruptions that used to make me repeat a sentence, and streaming has remained steady while another person is using the connection. it has not transformed every weak area of the house, but the main rooms now feel much less troublesome. setup involved moving through the connection instructions and placing the unit where it could serve both the work area and the living room. the process was manageable, and the indicator information helped me understand when it was ready. compared with the previous unit, candle edge 878 has required less daily attention. i have not had to restart it as part of my normal routine, which is a small but welcome improvement. during a video meeting, the connection stayed stable while a high-quality programme was playing elsewhere. i also tested it at different times of day, when the household was quieter and when several devices were active. performance was not identical in every corner, and a distant room still has weaker coverage, but the central areas are noticeably more dependable. the controls are clear enough for ordinary changes without making me search through unnecessary settings. candle edge 878 is a stronger match for my home than the older device because it supports work calls and media use with fewer interruptions. its reach is not perfect, yet the improvement in the rooms i use most is substantial. i am satisfied with the result and expect it to remain in service for a long time.",True
CORD000416,CUS00202,2019-10-02,Bakers,"[{""product"":""Candle Bloom 1000"",""quantity"":1},{""product"":""Candle Orbit 1034"",""quantity"":1},{""product"":""Candle Orbit 656"",""quantity"":1},{""product"":""Candle Edge 680"",""quantity"":1}]",6911.22,21.17,-37.803714,145.043949,5,6586.83,Spring,True,4.3366,"candle vista 218 has handled the mix of devices in our home without demanding much attention. phones, streaming equipment, and work devices connect consistently, and ordinary browsing remains smooth when several people are online. the initial setup was clear enough to complete in one sitting. i noticed a brief slowdown during a particularly busy evening, but it did not last. it has been a solid network choice for shared household use.",True
CORD000417,CUS00287,2019-02-21,Nickolson,"[{""product"":""Candle Edge 680"",""quantity"":1},{""product"":""Vela Halo 569"",""quantity"":1},{""product"":""Candle Bloom 1000"",""quantity"":1},{""product"":""Candle Flux 990"",""quantity"":1}]",6310.78,13.38,-37.880996,145.007285,15,5377.54,Summer,False,7.6891,"the vela echo 979 found a place on my desk after i grew tired of fishing through a drawer for the right charging lead. i use several cables during the week, and this mobile accessory has made the small area beside my laptop much less chaotic. during the first evening i grouped the leads by length and purpose, then started using the spaces consistently. the difference is modest but noticeable: i can pick up the cable i need without pulling three others onto the floor, and the ends remain within reach when i unplug a device. what i like most is that the organiser does not demand a new routine every time i use it. i leave it beside the power strip, return each cable after charging, and the arrangement stays tidy. when i moved it to another part of the room for a week, it was just as easy to understand where everything belonged. the material has a firm feel and has handled repeated rearranging without looking tired. it does not make cables disappear, and a particularly thick lead occupies more room than a slim one, but those are sensible limitations rather than surprises. after thirty-seven days, the vela echo 979 has saved me a surprising amount of minor frustration. i no longer start a call by searching under notebooks, and i can see when a cable has been left connected before i tidy the desk. it also makes the charging area look more deliberate when someone visits, which is a small benefit i did not expect from such a simple product. the design is restrained, with no complicated mechanism to learn and no need for an app. i compared it with simply using a box, and the box was cheaper in effort but worse in access because everything ended up piled together. this organiser is not exciting, but it is practical, sturdy, and genuinely helpful in daily use. i am happy to keep it on the desk and would recommend it to anyone whose charging cables are always wandering.",True
CORD000418,CUS00183,2019-07-12,Thompson,"[{""product"":""Candle Bloom 1054"",""quantity"":1},{""product"":""Candle Quest 354"",""quantity"":1},{""product"":""Vela Halo 659"",""quantity"":1}]",1117.34,18.21,-37.856484,144.936908,0,1135.55,Winter,False,4.9526,"i installed vela halo 335 on a frequently used door and placed another sensor near a window, then compared the alerts with a simpler system i had used previously. the first setup seemed manageable, but the daily results were disappointing. the door sensor registered some openings while i was testing it, yet several ordinary movements produced no immediate notification. the older system sent fewer types of messages but was more consistent about the event itself. delay was the main problem. an alert could appear long after the door had been opened, and occasionally it arrived only after i opened the application manually. that makes the feature frustrating for a household that expects timely activity information. window activity was worse because the sensor sometimes failed to register a small movement. i checked the placement, cleaned the mounting area and repeated the test, but the behaviour remained uneven. the application added confusion rather than resolving it. event history was not always updated in the same order as the notifications, and the status could remain unchanged after a known opening. reconnecting the sensor required several attempts. battery information was also vague, leaving no clear warning before a sensor stopped reporting. the basic indicator light worked, but it offered little help when the remote record was missing. vela halo 335 can detect a straightforward opening under ideal conditions, but comparison with the previous system shows that its weaknesses matter more than its feature list. late alerts, missed window activity and unclear status make the product unreliable for routine monitoring. after 32 days, i regret installing it and cannot recommend it for anyone who needs dependable door or window warnings.",False
CORD000419,CUS00190,2019-01-13,Thompson,"[{""product"":""Candle Bloom 1054"",""quantity"":1},{""product"":""Candle Flux 1098"",""quantity"":1},{""product"":""Candle Quest 354"",""quantity"":2}]",2051.65,13.86,-37.756801,144.88325,10,1860.35,Summer,False,8.3697,"vela nova 159 has made my desk arrangement more workable. i use a phone and another small device while writing, and previously they were either lying flat beside the keyboard or balanced against whatever object happened to be nearby. this stand gives both a defined position and makes it easier to adjust the viewing angle. compared with a fixed holder, it is more adaptable when i change from typing to reading, and compared with no stand it keeps the devices visible without taking much of my attention. the base feels steady during normal tapping, and the adjustment points have remained in place rather than slowly collapsing under the device. i have moved the stand between a work surface and a kitchen table, which is more convenient than installing a permanent mount. the raised position also leaves a little more room around the keyboard. vela nova 159 does not transform the desk, but it removes the minor awkwardness of constantly searching for a suitable place to put a phone. there are compromises. very heavy cases make the fit less certain, and the stand is not the right choice when i need a completely flat surface for drawing or gaming. adjusting it while a cable is attached can also require both hands. those are manageable limitations for my use. compared with a rigid holder and improvised stacks of books, vela nova 159 is the more flexible, tidy, and practical solution for positioning devices during ordinary desk work.",True
CORD000420,CUS00486,2019-07-02,Bakers,"[{""product"":""Candle Orbit 1034"",""quantity"":1},{""product"":""Vela Halo 569"",""quantity"":1},{""product"":""Candle Orbit 656"",""quantity"":1},{""product"":""Candle Quest 498"",""quantity"":1}]",4338.65,14.85,-37.842136,145.045854,5,4101.18,Winter,False,5.7044,"i use vela spark 765 to schedule a household outlet for a lamp and a small charging routine. creating an on and off schedule was straightforward, and the outlet has followed it on most days without intervention. manual control from the app is also available when plans change. the main inconvenience is that the app can take a moment to display the current state, which makes me check twice before leaving the room. editing a schedule is less intuitive than creating one, and the labels are easy to overlook. the unit fits the outlet without blocking nearby space, though a crowded power board would be a different matter. it has remained stable through ordinary use. this is a useful basic automation device, but the software experience is only adequate and the delayed status display prevents complete confidence.",True
CORD000421,CUS00095,2019-04-26,Thompson,"[{""product"":""Candle Orbit 1034"",""quantity"":1},{""product"":""Candle Bloom 262"",""quantity"":2}]",2818.46,10.17,-37.821091,144.902119,15,2405.86,Autumn,False,4.0579,"vela halo 767 has been useful for walking reminders and checking notifications during my commute. the display is readable at a glance, and alerts arrive without requiring me to take out my phone. it is light enough for all-day wear and the strap has remained comfortable. charging takes a little more fiddling than expected, but it is not frequent. for basic everyday prompts, it has performed reliably.",True
CORD000422,CUS00321,2019-11-30,Thompson,"[{""product"":""Candle Bloom 262"",""quantity"":3},{""product"":""Vela Halo 659"",""quantity"":1},{""product"":""Vela Halo 569"",""quantity"":1}]",3768.61,12.74,-37.748772,144.958774,20,3027.63,Spring,False,7.1795,"candle flux 108 has been running in my home office for almost a month, and the difference is most noticeable when i move away from the desk. before installing it, video calls in the back room would occasionally lose quality and uploads from a nearby room were inconsistent. i positioned candle flux 108 near the centre of the apartment, connected my usual devices, and then tested the connection from the office, kitchen, and hallway. the coverage has been steady in each place during normal work, including calls, document transfers, and music in the background. i also connected a tablet and phone at the same time without the network becoming difficult to use. setup was not completely instant because i needed to move the unit once to find a better position, but the instructions made the adjustment clear and i did not need technical help. since then i have mostly forgotten it is there, which is a strong result for networking equipment. the casing is compact enough for a crowded shelf, though the indicator light is brighter than i prefer at night. on a few occasions the connection has taken a moment to settle after several devices wake together, but it recovers without restarting everything. candle flux 108 has made my home-office routine calmer and more predictable. it delivers the wireless coverage i needed without demanding regular attention, and that quiet reliability has made it a worthwhile addition.",True
CORD000423,CUS00423,2019-08-19,Thompson,"[{""product"":""Candle Flux 990"",""quantity"":2},{""product"":""Vela Halo 659"",""quantity"":2},{""product"":""Candle Quest 498"",""quantity"":1},{""product"":""Candle Bloom 262"",""quantity"":1}]",7144.92,29.89,-37.740175,144.956831,15,6103.07,Winter,True,8.1069,"we have used the vela spark 1053 for shared film and television viewing, and the large display gives everyone a comfortable view from the sofa. menus respond promptly and the picture remains pleasing in ordinary indoor light. sound is adequate, though dialogue can feel thin without separate speakers, and the reflective surface catches lamps. it is not a perfect cinema setup, but it has made casual family viewing simple and enjoyable over time.",True
CORD000424,CUS00327,2019-11-10,Thompson,"[{""product"":""Candle Bloom 262"",""quantity"":1},{""product"":""Candle Orbit 656"",""quantity"":3},{""product"":""Candle Orbit 1034"",""quantity"":1}]",8486.37,8.19,-37.804523,144.944167,15,7221.6,Spring,False,0.9414,"the vela pulse 703 has suited our shared film and television viewing better than expected. the picture remains clear from the usual seating positions, and the menus are simple enough that different people can start a programme without asking for help. motion looks smooth during ordinary scenes, and the display has enough brightness for daytime viewing. switching between services and input sources has also been straightforward during family evenings. the built-in speakers lack depth for films, so we sometimes use separate audio, and reflections appear when the curtains are open. those limitations are easy to work around in our room. the display has been dependable through regular use and has made shared viewing less complicated. the vela pulse 703 offers a pleasant picture and a practical experience for everyday family entertainment.",True
CORD000425,CUS00176,2019-03-04,Thompson,"[{""product"":""Candle Edge 680"",""quantity"":1},{""product"":""Candle Orbit 1034"",""quantity"":3},{""product"":""Vela Halo 569"",""quantity"":1}]",4146.25,18.56,-37.806548,144.944703,25,3128.25,Autumn,True,0.7121,"vela nova 339 has reduced the number of separate adapters i carry when connecting several devices. it fits neatly beside my laptop and has recognized my equipment consistently during short work sessions. the ports are close together, so larger plugs can feel crowded, but ordinary connectors are fine. it is a useful little accessory that keeps my setup tidy.",True
CORD000426,CUS00302,2019-04-07,Bakers,"[{""product"":""Candle Bloom 262"",""quantity"":3},{""product"":""Vela Halo 569"",""quantity"":1},{""product"":""Candle Orbit 1034"",""quantity"":1}]",4085.82,12.55,-37.829643,145.022875,15,3485.5,Autumn,False,3.2662,"i used candle bloom 550 for document work and video meetings over several weeks, comparing it with a small laptop already used for the same tasks. the lighter design is noticeable when carrying it between rooms, but that is the main advantage i found. opening documents, switching between windows, and joining meetings regularly felt sluggish, especially after several applications had been open for a while. video calls exposed more problems. the camera image was serviceable in bright light, yet the microphone picked up room noise and voices sometimes sounded distant. the fan became distracting during longer calls, and the lower part of the laptop grew warm while i was typing. a meeting could be completed, but the interruptions and uneven response made routine work frustrating. the keyboard also felt cramped compared with the other laptop, with awkward key spacing that slowed ordinary writing. candle bloom 550 handled basic document editing and did not fail to start, but those facts do not offset the daily irritation. battery use was inconsistent, and moving between a charger and a meeting often produced a warning before i expected one. the included warranty may help if a fault develops, although the current issues feel like poor day-to-day design rather than a single defect. against the older machine, this model is lighter but less responsive, less comfortable, and less dependable. i regret replacing a workable laptop with it.",False
CORD000427,CUS00448,2019-08-26,Nickolson,"[{""product"":""Vela Halo 569"",""quantity"":2},{""product"":""Candle Edge 680"",""quantity"":1},{""product"":""Candle Flux 990"",""quantity"":1},{""product"":""Candle Orbit 1034"",""quantity"":1}]",5225.95,25.97,-37.829987,144.956081,10,4714.82,Winter,False,1.7333,"vela wave 643 has been a lovely screen for presentations and photo viewing in our living area. slides are easy to read from across the room, and photographs look bright enough to share with several people at once. i have used it for informal demonstrations, family albums, and occasional browsing, and the controls have remained simple for everyone who tries it. the design is slim enough to sit neatly on existing furniture, while the display is visible from most of the seating positions. images lose a little impact when viewed from a sharp angle, but that rarely matters in our usual arrangement. it starts promptly and has handled repeated use without needing attention. vela wave 643 has made it more enjoyable to show pictures and ideas to a group, combining practical presentation space with an inviting home-entertainment feel.",True
CORD000428,CUS00426,2019-06-08,Bakers,"[{""product"":""Candle Flux 1098"",""quantity"":1},{""product"":""Candle Bloom 1000"",""quantity"":1},{""product"":""Candle Quest 354"",""quantity"":2}]",3417.64,27.15,-37.791624,145.045674,15,2932.14,Winter,True,4.88,"i have used the candle flux 792 for drawing ideas, marking up notes, and making small creative projects. the screen gives a comfortable working area, and the response during ordinary sketching feels natural enough for quick studies. it is light to carry between rooms, while the interface is simple for opening a project and continuing later. the device has also been useful for showing a draft to another person without setting up a larger computer. my reservations appeared when i tried to work for longer periods. the available tools are adequate but not especially deep, and switching between them can interrupt the flow. the surface also shows marks quickly, so i find myself cleaning it more often than expected. larger projects take patience to manage, and the battery falls faster during continuous drawing. the candle flux 792 is a balanced tablet for sketches and lightweight creative work. it feels convenient and approachable, though serious artists may find its workflow restrictive.",True
CORD000429,CUS00204,2019-05-11,Thompson,"[{""product"":""Candle Bloom 262"",""quantity"":1},{""product"":""Candle Orbit 1034"",""quantity"":1}]",1700.19,9.07,-37.827717,144.923549,15,1454.23,Autumn,False,2.6583,"vela atlas 737 has become a practical part of my workday because it lets me see calendar alerts and quick messages without reaching for my phone each time. compared with checking the old phone constantly, the small glance at my wrist is less disruptive during meetings, errands, and periods of concentrated work. i can decide whether something needs immediate attention before pulling out the larger device. that simple change has made notifications feel more manageable rather than more demanding. the wearable is comfortable enough for the usual day, and the display is readable when i raise my wrist. vela atlas 737 does not replace a phone for writing a proper reply, which i expected, but it gives me the information needed to decide what happens next. short messages are particularly well suited to it. calendar reminders have also been useful for transitions between tasks, especially when i am moving away from my desk. the alerts are not completely invisible, so i still adjust them when i want a quiet period. after several weeks, the routine feels more natural than it did with my previous wearable. the controls respond consistently, and i have not experienced the repeated pairing interruptions that made the earlier device frustrating. battery coverage has suited my normal schedule, although i keep the charging habit in mind before a longer day. the design is understated enough for work, and the strap has not caused discomfort during ordinary wear. compared with a basic notification band, vela atlas 737 gives a more useful view of the day without becoming a miniature phone. it has a narrow purpose, but it fulfils that purpose well. i would choose it again for calendar awareness and quick message checks, with the understanding that detailed conversations still belong on the phone.",True
CORD000430,CUS00460,2019-12-09,Nickolson,"[{""product"":""Candle Quest 354"",""quantity"":2},{""product"":""Candle Quest 498"",""quantity"":1},{""product"":""Vela Halo 569"",""quantity"":1},{""product"":""Candle Orbit 656"",""quantity"":1}]",4525.04,20.01,-37.844299,144.966122,5,4318.8,Summer,True,2.874,"the vela nova 321 has been a welcome change from my previous phone for work calls and calendar management. calls are clear in ordinary environments, notifications arrive without obvious delays, and moving between appointments, messages, and notes feels less interrupted. my older phone could handle these tasks, but it often made routine organisation feel cramped and slow. the vela nova 321 gives those everyday activities enough room to remain manageable throughout a busy day. i compared it with using a smaller handset that was easier to hold but less comfortable for reviewing a full day of meetings. the display on the vela nova 321 makes schedules and messages easier to scan, while the device still fits into my normal pocket or bag. calendar changes, reminders, and work conversations have remained dependable over many weeks. it also handles navigation when i am travelling between meetings, so i do not need to carry a second device for simple directions. the larger format is not ideal for everyone, and i occasionally need both hands when typing quickly. battery life is sufficient for my routine rather than exceptional if i spend a long time on calls and navigation together. those are fair trade-offs for the organisation and communication improvements. i have found the vela nova 321 more balanced than my previous phone, and it has become a reliable part of my working day without demanding constant attention.",True
CORD000431,CUS00380,2019-04-25,Thompson,"[{""product"":""Candle Orbit 1034"",""quantity"":1},{""product"":""Candle Quest 354"",""quantity"":1},{""product"":""Candle Orbit 656"",""quantity"":1},{""product"":""Vela Halo 659"",""quantity"":2}]",3776.18,22.58,-37.830574,144.951346,5,3609.95,Autumn,True,2.0256,"candle shift 214 has interrupted nearly every focused work session. audio begins, but the wireless connection drops when i move around the desk and pairing again takes several attempts. at other times the volume changes without warning, which is distracting during quiet tasks. its basic playback works, yet the unreliable connection is frustrating and leaves me regretting the purchase.",False
CORD000432,CUS00256,2019-10-13,Bakers,"[{""product"":""Vela Halo 659"",""quantity"":2},{""product"":""Vela Halo 569"",""quantity"":1}]",678.51,12.77,-37.786991,145.027183,0,691.28,Spring,False,3.798,"candle edge 752 was intended for reading, annotation, and handwritten notes, but the pen response is too inconsistent. strokes appear after the hand has moved, causing letters to join and diagrams to look messy. the screen also registers stray touches near the edge, while document switching is slower than expected. reading a page is possible, yet the delayed writing and awkward controls make this tablet frustrating for serious notes.",False
CORD000433,CUS00231,2019-01-09,Thompson,"[{""product"":""Vela Halo 569"",""quantity"":1},{""product"":""Candle Quest 498"",""quantity"":1},{""product"":""Candle Edge 680"",""quantity"":1},{""product"":""Candle Flux 990"",""quantity"":3},{""product"":""Candle Bloom 1054"",""quantity"":2}]",10891.87,13.93,-37.879636,144.901119,25,8182.83,Summer,False,8.4688,"candle edge 158 has improved the wireless coverage around my home office and made movement between rooms less inconvenient. calls remain stable when i step away from the desk, and documents or messages continue loading in areas where the signal used to feel uncertain. setup was clear enough to complete without outside help, and my existing devices joined the network after only a few attempts. the connection has remained steady during work calls, browsing, and ordinary streaming, even when other household devices are active. the unit itself is plain and the indicator is more visible than necessary, but neither issue affects performance. i have appreciated not having to reposition equipment or reconnect repeatedly during the day. candle edge 158 has been a quiet improvement: it does not demand attention, yet it gives my home office the dependable reach i was missing.",True
CORD000434,CUS00413,2019-08-25,Bakers,"[{""product"":""Candle Quest 498"",""quantity"":1},{""product"":""Candle Edge 680"",""quantity"":1},{""product"":""Candle Bloom 1000"",""quantity"":1}]",5497.32,14.71,-37.765178,145.022951,0,5390.28,Winter,False,5.547,"candle quest 948 has improved the wireless coverage between the rooms in our home. the previous weak spots were most noticeable near the back study and upstairs hallway, while this unit gives those areas a much steadier connection for browsing, calls and streaming. installation was manageable because the instructions used familiar language and the status information was easy to read. once placed, it blended into the room without taking up much space. i have moved around the house with a phone and laptop and experienced fewer interruptions than before, especially when carrying on a video call. the result is not identical in every corner, and thick walls still affect performance, but the improvement is obvious in the areas that mattered most. candle quest 948 has been stable over weeks of use and has removed a recurring source of annoyance. it is a practical, reassuring addition to our network.",True
CORD000435,CUS00022,2019-12-19,Bakers,"[{""product"":""Candle Edge 680"",""quantity"":1}]",2251.4,21.06,-37.7718,145.006688,15,1934.75,Summer,True,4.3649,"candle bloom 586 replaced a fixed gaming setup that was powerful enough but awkward to move. the comparison is most obvious when travelling: this unit slips into a bag and lets me continue casual gaming without arranging a whole desk around it. it is not intended to replace a large stationary setup for every demanding title, yet for portable play it has been a far more practical companion than the equipment i used before. the controls took a short period of adjustment because the layout is tighter than a full-size arrangement. once i became familiar with it, ordinary sessions felt natural, and the response stayed consistent across shorter games and longer evenings. the screen is usable in changing rooms and hotel lighting, although i sometimes want a little more space around busy game interfaces. that is a limitation of the portable format rather than a serious flaw in this model. what i value most is the way candle bloom 586 handles interruptions. i can pause, close it, and resume later without the whole experience feeling like a major setup exercise. the casing has travelled in a crowded backpack and still looks orderly. it is light enough for a train journey, but does not feel so delicate that i am afraid to carry it between rooms. compared with my old desktop, this is quieter and dramatically easier to relocate. compared with a small tablet, it offers controls that suit games much better and does not make every session feel improvised. battery life depends on how intensely i play, so long journeys still call for a charger. for someone who values travel, flexible seating, and uncomplicated gaming, candle bloom 586 has been a strong improvement.",True
CORD000436,CUS00137,2019-05-07,Nickolson,"[{""product"":""Candle Flux 990"",""quantity"":1}]",2094.45,10.74,-37.86156,144.964913,25,1581.58,Autumn,False,4.7948,"i installed the vela halo 515 to manage a household power outlet and have now used its scheduled controls for roughly a month. the main routine works as intended: i can set an outlet schedule, leave it running, and let the connected device follow that pattern without manual switching. the controls are mostly clear, and checking whether a schedule is active is not difficult after a little familiarity. it has been handy for reducing small daily tasks, especially when the outlet is used at a regular time. the less satisfactory part is changing a routine. editing several settings in succession feels slower than it should, and the response is not always immediate when i alter the schedule from my phone. i have occasionally checked twice because the updated state was not obvious. the device itself has continued to operate without an unexpected interruption, so the basic automation has been stable. i would not call the vela halo 515 effortless, but it offers a practical way to schedule one household outlet. its usefulness depends on having a fixed routine, while frequent changes make the experience less comfortable.",True
CORD000437,CUS00238,2019-09-21,Nickolson,"[{""product"":""Candle Flux 1098"",""quantity"":1},{""product"":""Vela Halo 659"",""quantity"":1},{""product"":""Candle Bloom 262"",""quantity"":1}]",2179.22,15.31,-37.881496,144.992506,5,2085.57,Spring,False,7.2789,"candle arc 150 was bought for document work and video meetings away from my main desk, then compared with an older office laptop. the newer machine opens documents, but it feels sluggish when several files and browser pages are present. scrolling through a long report can stutter, and switching between notes and a meeting window sometimes leaves a blank pause. the older laptop is heavier, but its response is less erratic. video meetings exposed more problems. the camera image becomes dull in ordinary indoor light, and the microphone picks up room noise without making speech particularly distinct. i often have to repeat myself, which is frustrating in a work call. returning to a document after the meeting can also take longer than expected. these are not dramatic failures separately, but together they make portable work feel poorly supported. the keyboard is serviceable for short messages, although the keys feel cramped during extended writing. the trackpad occasionally interprets a palm touch as a command, causing unwanted movement through a page. battery loss is another concern: meetings and document editing leave little margin, so carrying the charger is unavoidable. candle arc 150 is able to perform basic office tasks, but the weak camera, awkward input, and sluggish switching compare badly with the older laptop. i cannot recommend it for portable document work or frequent video meetings.",False
CORD000438,CUS00352,2019-12-23,Nickolson,"[{""product"":""Vela Halo 569"",""quantity"":1},{""product"":""Vela Halo 659"",""quantity"":1}]",413.8,8.87,-37.807457,144.969462,15,360.6,Summer,False,1.2385,"vela halo 803 has worked well for shared film and television evenings in our living room. the screen is easy for people seated in different parts of the room to follow, and the controls are simple enough that nobody has to keep asking for help. we have used it for short programmes as well as longer films, with consistent results. the built-in sound is adequate rather than room filling, so louder viewing still benefits from separate speakers. even with that limitation, it has become a dependable centre for family viewing.",True
CORD000439,CUS00493,2019-05-23,Bakers,"[{""product"":""Vela Halo 659"",""quantity"":3},{""product"":""Candle Flux 990"",""quantity"":2},{""product"":""Vela Halo 569"",""quantity"":1},{""product"":""Candle Bloom 1000"",""quantity"":1}]",6947.96,10.94,-37.812578,144.981867,0,6958.9,Autumn,False,1.2087,"vela spark 855 has been a frustrating way to control room lighting. commands from the app often arrive late, and a light may remain on even though the screen says the change was completed. reopening the app sometimes shows an older state, so i cannot tell which setting is current. manual switching still works, but that defeats the reason for installing this system. the unreliable control and poor feedback are disappointing.",False
CORD000440,CUS00061,2019-04-17,Thompson,"[{""product"":""Candle Bloom 262"",""quantity"":1},{""product"":""Vela Halo 569"",""quantity"":2},{""product"":""Candle Bloom 1054"",""quantity"":2}]",2316.15,9.73,-37.78123,144.949802,0,2325.88,Autumn,False,3.5045,"i bought the candle quest 1002 mainly for reading articles, marking passages, and writing notes by hand. compared with carrying a paper notebook beside my older tablet, it keeps those activities in one place and makes it easier to search through recent annotations. text is comfortable to read for ordinary sessions, and the writing surface responds well when i am making short comments in the margin. i have used it at a desk and on the sofa, and the size works in both situations. the comparison changes when i try to work quickly. the candle quest 1002 records normal handwriting without trouble, but switching between reading and annotation tools is not always immediate. i occasionally tap twice because the first action appears to have done nothing. longer notes are possible, though the page can feel crowded once several marks are present. my previous tablet handled general browsing more smoothly, while this one feels more focused on reading and handwriting than on a broad set of everyday apps. battery life has covered my usual study periods, and the device has remained cool during extended reading. the body is light enough for one-handed use, although the smooth surface makes me more cautious when holding it without support. importing a document was manageable, but the guidance for organising notebooks is brief. i would choose the candle quest 1002 for readers who value handwritten annotation, yet people wanting a fast all-purpose tablet may find the specialised workflow restrictive.",True
CORD000441,CUS00223,2019-03-19,Bakers,"[{""product"":""Candle Quest 354"",""quantity"":3},{""product"":""Candle Bloom 1000"",""quantity"":1},{""product"":""Candle Quest 498"",""quantity"":3}]",6949.17,10.5,-37.843064,145.024467,0,6959.67,Autumn,False,4.4848,"candle orbit 1034 has been used most days for music in our shared living space, and it has fitted into that routine very well. pairing was quick the first time, with no confusing sequence of buttons, and reconnecting later has generally happened without repeated attempts. the sound spreads evenly across the room, so music remains enjoyable whether we are sitting nearby or moving around doing other things. voices in podcasts are distinct, and ordinary playlists have enough presence without requiring constant adjustment. the controls are easy to find, although the volume response feels slightly abrupt when moving between very quiet and moderate levels. i have carried it from the living room to the kitchen several times and have not noticed interruptions during normal use. it also remembers the last connected device, which prevents unnecessary setup during busy evenings. candle orbit 1034 will not replace a larger audio system for a party, but for shared-room listening it gives us a pleasant result with very little effort.",True
CORD000442,CUS00372,2019-06-16,Bakers,"[{""product"":""Candle Orbit 656"",""quantity"":1},{""product"":""Vela Halo 659"",""quantity"":1}]",2526.77,15.54,-37.751853,145.004934,10,2289.63,Winter,False,6.5212,"the candle quest 138 has made guest access much less awkward in my home. i can keep visitors on a separate network while leaving my household devices connected as usual, and the device list makes it easier to recognise what is online. i have also used the management controls to pause a forgotten tablet in the evening. the setup screen took a little exploring, but the arrangement has stayed steady since then and gives me useful control without constant attention.",True
CORD000443,CUS00050,2019-04-12,Thompson,"[{""product"":""Candle Orbit 1034"",""quantity"":2},{""product"":""Candle Bloom 1000"",""quantity"":2},{""product"":""Vela Halo 569"",""quantity"":1},{""product"":""Candle Bloom 1054"",""quantity"":1},{""product"":""Candle Orbit 656"",""quantity"":1}]",7656.52,8.91,-37.808027,144.919768,0,7665.43,Autumn,False,2.4534,"vela nova 897 has helped me keep ordinary habits visible without making them feel like a project. the reminders arrive at useful moments, and the time display is quick to read when i am cooking, commuting, or moving around the house. i was able to configure the main routine without referring to the instructions for long. the device sits lightly on my wrist and has not become distracting during work or sleep. i enjoy the gentle prompt to stand, pause, or complete a small task because it gives structure to otherwise forgettable parts of the day. the display can be a little less convenient to read in strong outdoor light, but indoors it is consistently clear. after a month of daily wear, the strap remains secure and the casing looks fresh. vela nova 897 is a simple, useful companion that encourages steady routines without demanding constant attention.",True
CORD000444,CUS00328,2019-02-06,Nickolson,"[{""product"":""Candle Quest 498"",""quantity"":2},{""product"":""Candle Edge 680"",""quantity"":2}]",7119.46,21.47,-37.854982,145.002099,20,5760.29,Summer,True,4.9538,"candle orbit 224 has been useful for online classes and video calls from home. voices come through clearly, and the wireless connection has remained steady while i move between my desk and nearby rooms. the fit is comfortable enough for a full lesson, and i can mute or adjust the level without searching through software menus. other people on calls have had no difficulty hearing me during normal conversations. music sounds pleasant for background listening, though the bass is restrained and the controls are small. battery life has covered my usual classes and meetings, with charging needed after particularly busy days. candle orbit 224 has made remote classes easier to follow and has reduced the small audio interruptions that used to distract me.",True
CORD000445,CUS00011,2019-01-27,Baker's,"[{""product"":""Candle Edge 680"",""quantity"":1},{""product"":""Candle Quest 354"",""quantity"":1},{""product"":""Vela Halo 659"",""quantity"":1},{""product"":""Candle Flux 990"",""quantity"":1}]",5013.34,12.35,-37.779946,144.999389,25,3772.36,Summer,False,3.3613,"i compared candle bloom 406 with the gaming hardware already on my desk because i wanted something suitable for long desktop sessions. the first impression was not promising: the controls feel stiff and the layout takes time to learn. in a short session that is merely awkward, but after several hours it becomes tiring. i have to shift my hand repeatedly to reach secondary controls, while the older device keeps the common functions closer together. performance is inconsistent during demanding games. input sometimes arrives late after a busy scene, and a control has failed to register often enough to affect play. the device does not stop working completely, so basic commands remain possible, but that is a poor standard for hardware used in precise situations. i have checked connections and changed settings without finding a lasting explanation. compared with the other unit, candle bloom 406 feels less predictable exactly when responsiveness matters most. the construction adds to the frustration. the casing moves slightly on the desk, the cable catches against the edge, and the surface shows marks quickly. heat builds around the area where my hand rests, which makes long use unpleasant. i kept trying different positions because i wanted to give the device a fair comparison, but none removed the central problems. candle bloom 406 is functional in the narrowest sense, yet its delayed input, awkward reach, and uncomfortable build make it a weak choice for serious sessions. i regret buying it and cannot recommend it.",False
CORD000446,CUS00258,2019-02-17,Bakers,"[{""product"":""Candle Quest 354"",""quantity"":1},{""product"":""Vela Halo 569"",""quantity"":2},{""product"":""Candle Bloom 262"",""quantity"":2}]",2937.5,10.46,-37.808989,145.002652,5,2801.09,Summer,False,0.6614,"vela echo 943 has been disappointing for presentations and photo viewing. images appear, but the screen looks washed out from the side and small text becomes difficult to read across a room. wireless casting drops during longer presentations, forcing repeated reconnects at awkward moments. the frame feels light and the stand shifts when the display is touched. photo viewing is possible at close range, yet the poor visibility and unreliable connection make this device frustrating.",False
CORD000447,CUS00405,2019-04-29,Bakers,"[{""product"":""Candle Orbit 1034"",""quantity"":1},{""product"":""Candle Bloom 1000"",""quantity"":2},{""product"":""Candle Bloom 262"",""quantity"":1},{""product"":""Candle Flux 1098"",""quantity"":1}]",6128.11,10.97,-37.769074,145.021249,20,4913.46,Autumn,False,5.0924,"the candle edge 518 has handled the mixture of devices in our household better than the older network unit it replaced. we usually have several phones, computers, a television, and other shared devices active at once, and the connection has remained steady during ordinary evenings. i bought it because our previous setup became temperamental whenever everyone was home, so the improvement has been easy to notice rather than something i had to measure. installation was reasonably direct, although i spent time deciding where to place it for the best coverage. since then, family members have been able to browse, stream, and work without the regular interruptions we had accepted as normal. the candle edge 518 does not eliminate every possible problem caused by a service provider or a distant room, but it has made the household network much less demanding to maintain. i also appreciate that the settings are presented in a way i can understand later instead of forcing me to remember obscure steps. a basic router still used by a relative offers a useful comparison. it connects a small number of devices, but it gives less confidence when the household becomes busy. the candle edge 518 feels better suited to shared living, where devices join and leave throughout the day. its appearance is plain and the first setup screen could explain a few choices more clearly, yet the day-to-day result has been strong. for a home with several people and overlapping online activities, it is a reassuring upgrade from a struggling older network.",True
CORD000448,CUS00214,2019-03-13,Bakers,"[{""product"":""Candle Bloom 262"",""quantity"":1},{""product"":""Candle Bloom 1054"",""quantity"":1}]",1568.12,10.67,-37.851652,145.004425,0,1578.79,Autumn,False,7.2018,"candle flux 396 has made streaming games and capturing media much easier in my setup. the initial connection was straightforward, recordings remain steady during normal play, and the controls are available without interrupting the session. it becomes warm during extended use, but that has not affected ordinary results. for casual streaming and capture, it has been a reliable and enjoyable device.",True
CORD000449,CUS00294,2019-12-14,Bakers,"[{""product"":""Candle Orbit 1034"",""quantity"":1},{""product"":""Candle Flux 990"",""quantity"":1},{""product"":""Vela Halo 569"",""quantity"":1},{""product"":""Candle Bloom 262"",""quantity"":1},{""product"":""Candle Orbit 656"",""quantity"":2}]",8467.85,10.94,-37.800004,145.041405,5,8055.4,Summer,False,4.2059,"i wanted a gaming device that could travel with me rather than stay permanently beside the television, and candle quest 336 has suited that plan very well. during the first few sessions i tested it at home, then packed it for a weekend away to see whether the portable format would remain convenient in practice. it was easy to bring along, and i could settle into a short game in the evening without rearranging the room. candle quest 336 has provided responsive play for the games i normally enjoy, with controls that became familiar after only a little use. i have played at a desk, on a sofa, and during quiet parts of several trips, and the experience has stayed consistent across those settings. the menus are generally clear, so starting or changing a game does not become a separate task. i have also appreciated being able to use it for brief sessions instead of feeling committed to a long stretch of play. battery life has been adequate for my routine, although on a particularly long journey i needed to plan a recharge rather than assume it would last indefinitely. that is the main compromise of choosing a portable system. the casing has travelled in a padded bag and still feels secure, while the device has avoided becoming an awkward extra item in my luggage. after owning candle quest 336 for a while, i am happy with the balance between convenience and entertainment. it has made gaming easier to fit around travel and has delivered a consistently enjoyable experience wherever i have used it.",True
CORD000450,CUS00445,2019-07-10,Nickolson,"[{""product"":""Candle Bloom 262"",""quantity"":1}]",1118.27,19.57,-37.874791,144.992167,20,914.19,Winter,False,6.5567,"i wore vela spark 117 while walking and commuting, but the notification system has been too unreliable for practical use. alerts often arrive after i have already reached for the phone, and some messages never appear on the wearable. the screen is difficult to read in daylight, while the vibration is weak enough to miss in a noisy street. the strap shifts during longer walks and catches on clothing when putting on a coat. pairing has also failed after travel, forcing repeated setup at inconvenient times. it can display a notification when the connection happens to hold, but that basic result is not dependable. vela spark 117 is awkward, frustrating, and poorly suited to commuting. the delayed alerts make it disappointing, and i cannot recommend it.",False
CORD000451,CUS00175,2019-07-04,Thompson,"[{""product"":""Candle Quest 354"",""quantity"":1},{""product"":""Candle Edge 680"",""quantity"":1},{""product"":""Candle Flux 1098"",""quantity"":1},{""product"":""Candle Bloom 1054"",""quantity"":1}]",3900.27,11.89,-37.797347,144.930894,5,3717.15,Winter,False,2.2189,"after two weeks with candle lumen 148, the connection between rooms has been much steadier. setup was straightforward, and the unit joined my existing network without awkward troubleshooting. devices in the back room now stay connected during normal browsing and streaming, which was the main reason i bought it. the casing feels basic, but it sits neatly on a shelf and has not become warm. i have not tested it with a very large household, so i cannot judge its limits there. for extending coverage across a modest home, it has been reliable and worthwhile.",True
CORD000452,CUS00202,2019-05-07,Bakers,"[{""product"":""Candle Edge 680"",""quantity"":1},{""product"":""Candle Flux 1098"",""quantity"":1},{""product"":""Candle Orbit 1034"",""quantity"":1},{""product"":""Candle Quest 354"",""quantity"":1},{""product"":""Candle Flux 990"",""quantity"":1}]",6126.79,10.38,-37.803714,145.043949,0,6137.17,Autumn,False,4.3366,"candle vista 218 has handled the mix of devices in our home without demanding much attention. phones, streaming equipment, and work devices connect consistently, and ordinary browsing remains smooth when several people are online. the initial setup was clear enough to complete in one sitting. i noticed a brief slowdown during a particularly busy evening, but it did not last. it has been a solid network choice for shared household use.",True
CORD000453,CUS00278,2019-12-28,Thompson,"[{""product"":""Candle Flux 990"",""quantity"":1},{""product"":""Vela Halo 659"",""quantity"":1},{""product"":""Candle Quest 498"",""quantity"":3},{""product"":""Candle Bloom 1000"",""quantity"":3}]",11731.67,10.48,-37.839039,144.924514,20,9395.82,Summer,False,3.5383,"the candle bloom 802 has become my preferred place for reading documents, marking passages, and writing handwritten notes. text is easy to view for long periods, and the pen response feels natural enough that i can annotate without constantly correcting strokes. i use it during study sessions and planning meetings, then review the notes later without carrying loose paper. moving between a document and the notes area is quick once the layout is arranged to suit my habits. the tablet feels balanced in my hands, although it becomes tiring if i hold it up for a very long reading session. the screen is reflective near a window, and i sometimes need to pause before writing on a newly opened page. those are minor limitations. what matters is that the candle bloom 802 keeps my reading and note-taking together in one orderly place, and it has encouraged me to keep more complete records.",True
CORD000454,CUS00366,2019-09-16,Bakers,"[{""product"":""Candle Bloom 1000"",""quantity"":2},{""product"":""Vela Halo 569"",""quantity"":1},{""product"":""Candle Flux 990"",""quantity"":1}]",5875.22,11.4,-37.842344,145.040296,20,4711.58,Spring,False,5.3482,"vela pulse 451 has handled my daily calls, messages, maps, and occasional media without a serious problem. the interface is familiar, and the screen remains readable during outdoor navigation. location guidance usually updates promptly, though it can hesitate briefly after leaving a building. streaming works well on a strong connection, while heavier use makes the phone warm and reduces the remaining battery more quickly. the camera is suitable for quick snapshots, but i would not choose it for careful photography because detail softens in lower light. the body feels comfortable in one hand, although the smooth finish is easier to drop than i would like. vela pulse 451 is a balanced everyday phone: communication is dependable, navigation is useful, and media is acceptable. its ordinary camera and variable endurance stop it from feeling especially distinctive.",True
CORD000455,CUS00075,2019-01-13,Thompson,"[{""product"":""Vela Halo 569"",""quantity"":2},{""product"":""Candle Orbit 1034"",""quantity"":1},{""product"":""Candle Quest 354"",""quantity"":1}]",1282.88,19.85,-37.801187,144.920735,5,1238.59,Summer,True,2.6426,"vela echo 1087 has made calendar alerts and quick message checks much less disruptive during the day. compared with checking a phone for every reminder, glancing at my wrist is faster and keeps meetings or errands moving. the alert presentation is clear, and i can tell whether something needs immediate attention without opening a full conversation. the device is light enough that i stopped noticing it after the first few days, and the strap remains comfortable during work and ordinary walking. setup was uncomplicated, and notifications have arrived consistently throughout my ownership. it is also useful when my phone is in another room or buried in a bag. i would not use it for lengthy replies because the small screen makes extended interaction awkward, but that is not what i bought it for. the display is readable indoors, while bright outdoor conditions require a more deliberate glance. battery performance has been sufficient for my routine, although frequent alerts and screen checks shorten the interval between charges. compared with a more elaborate wearable, vela echo 1087 feels less distracting and easier to live with because it focuses on the information i actually need. it does not replace a phone, but it reduces needless interruptions and gives appointments a helpful presence. the combination of light construction, dependable alerts, and quick message access has made it a worthwhile everyday companion, with the limited reply function being the only meaningful compromise.",True
CORD000456,CUS00184,2019-09-01,Bakers,"[{""product"":""Candle Orbit 1034"",""quantity"":1},{""product"":""Candle Quest 354"",""quantity"":1}]",984.7,9.39,-37.790706,145.011599,10,895.62,Spring,False,2.5824,"vela core 867 fits neatly into my walking and commuting routine. the band is light enough that i can wear it throughout the day, and the display is readable when i glance at it outdoors. notifications arrive promptly for the messages i care about, which saves me from checking my phone while crossing the city. i have also found the walking information helpful for keeping a consistent routine, especially on days when my route changes. pairing was quick, and the companion controls are simple to understand. after several weeks of daily wear, the device still looks tidy and the strap remains comfortable. the battery lasts through my usual schedule, though i prefer charging it before a particularly busy weekend. that small planning step is easy to manage. vela core 867 combines practical reminders, dependable timekeeping, and a comfortable fit in a way that suits everyday use.",True
CORD000457,CUS00407,2019-04-18,Thompson,"[{""product"":""Vela Halo 659"",""quantity"":2},{""product"":""Candle Orbit 1034"",""quantity"":1},{""product"":""Candle Quest 498"",""quantity"":3}]",5036.33,20.07,-37.793747,144.965381,10,4552.77,Autumn,True,2.649,"i chose candle orbit 350 because i needed an ultrabook for document work and video meetings in more than one location. my previous laptop was serviceable at a desk but awkward to carry, and its fan and sluggish transitions made short work sessions feel unnecessarily long. candle orbit 350 is easier to take from room to room, and it starts the practical tasks i use most without making me wait around before getting started. most of my time is spent writing, reviewing documents, arranging notes, and joining meetings. compared with the older machine, switching between a document and a call is smoother, and the keyboard is comfortable enough for extended typing. i have worked at a kitchen table, in a quiet office, and on the sofa, and the laptop has remained manageable in each setting. the camera and microphone have been suitable for routine meetings, while the screen gives me enough space to keep a document visible beside the call window. it is not a machine i would choose for demanding specialist software, and the limited size of a portable computer always means some compromise when many windows are open. i also needed a brief adjustment period because the keyboard layout differs from my old laptop. those are reasonable trade-offs for the portability. the previous device encouraged me to stay at one desk; candle orbit 350 makes it much easier to work where i actually need to be. after more than a month, the combination of lighter handling, responsive everyday use, and dependable meetings has made it a welcome improvement rather than merely a newer version of the same routine.",True
CORD000458,CUS00450,2019-03-07,Thompson,"[{""product"":""Candle Orbit 656"",""quantity"":1},{""product"":""Vela Halo 569"",""quantity"":2},{""product"":""Candle Orbit 1034"",""quantity"":1}]",3142.16,9.76,-37.78292,144.932603,0,3151.92,Spring,False,3.5441,"candle arc 276 has been part of my evening gaming setup for the past 41 days, mainly for competitive matches and conversations with friends. the controls were easy to understand from the first session, and the hardware responded well during ordinary play. i could move through a match without feeling held back by the device, and the physical design stayed comfortable through shorter sessions. that made the initial transition from my older setup fairly painless. voice communication was more variable. my friends could hear me clearly in quiet rooms, but the microphone picked up surrounding sounds more than i wanted when the room became active. i also had one session where the connection dropped and needed to be restarted before the conversation returned. these interruptions were not constant, yet they were especially frustrating during coordinated play. the controls themselves remained responsive, and the device did not show any obvious trouble with basic game input. as the weeks passed, i appreciated the straightforward handling but became more cautious about relying on it for important team communication. candle arc 276 is neither a failure nor a complete solution. it provides a solid base for competitive play and works well when the surroundings are calm, while the inconsistent voice experience and occasional connection problem weaken the overall impression. my judgement is balanced: suitable for ordinary gaming, with reservations for players who need uninterrupted communication.",True
CORD000459,CUS00280,2019-03-08,Nickolson,"[{""product"":""Candle Flux 1098"",""quantity"":1},{""product"":""Candle Edge 680"",""quantity"":1},{""product"":""Candle Orbit 656"",""quantity"":1},{""product"":""Candle Quest 354"",""quantity"":1}]",5712.48,8.07,-37.830017,144.963637,15,4863.68,Autumn,False,1.3722,"the vela echo 943 is in our study, where i use it for small presentations and for displaying photos when family visits. the first setup involved arranging the room and deciding which folders should be visible, but the basic controls were soon familiar. photos look inviting on the screen, and visitors can stand nearby without needing a detailed explanation. for a short presentation, the display gives everyone a convenient place to look instead of gathering around a laptop. the device works best when the room is arranged around it. from an angle, some details are less easy to see, so i move chairs slightly when showing a group of people. changing from a presentation to a photo collection is uncomplicated once the relevant sources have been organised. i did spend time correcting the order of several images, since the display followed the file arrangement more literally than i expected. that was an organisational nuisance rather than a problem with the screen itself. after several weeks, i like having a dedicated display that can change roles without taking over the room. the vela echo 943 has made casual photo viewing more social, and it has been adequate for the presentations i give at home. it is not a replacement for a larger screen when the audience is spread widely, and the arrangement of content takes some care. my impression is therefore balanced: attractive and convenient for nearby viewing, with practical limits on distance and larger gatherings.",True
CORD000460,CUS00181,2019-02-24,Bakers,"[{""product"":""Candle Orbit 656"",""quantity"":1},{""product"":""Vela Halo 569"",""quantity"":1},{""product"":""Candle Orbit 1034"",""quantity"":1}]",2993.07,13.41,-37.772412,145.023851,20,2407.87,Summer,False,4.8774,"vela halo 209 was intended to hold a device on my desk, but the mounting design has been a constant source of frustration. the clamp attaches to the desk, yet it slowly shifts when the screen is tapped or when a cable pulls from the side. the adjustment joints feel stiff at first and then loosen during use, making it difficult to keep a chosen viewing angle. the holder fits the device, although the gripping pads leave marks and do not feel secure enough to trust near the edge of the desk. assembly instructions were vague, so i had to remove and refit the clamp several times before it sat level. after a few weeks the locking knob began turning without tightening properly. a simple device can be placed in it, but the stand does not remain stable while typing or making calls. support sent general assembly advice without offering a practical remedy. vela halo 209 is awkward, weakly built, and disappointing for adjustable desk mounting. i would avoid it for shared work areas.",False
CORD000461,CUS00464,2019-04-10,Thompson,"[{""product"":""Candle Orbit 656"",""quantity"":1},{""product"":""Candle Orbit 1034"",""quantity"":1},{""product"":""Vela Halo 659"",""quantity"":1},{""product"":""Candle Edge 680"",""quantity"":1},{""product"":""Candle Quest 498"",""quantity"":1}]",6668.42,9.5,-37.837613,144.928699,15,5677.66,Autumn,False,3.2084,"candle orbit 260 has handled reading, research, note taking and ordinary writing tasks without becoming a source of distraction. i often move between reference material and a document, and the laptop remains responsive enough for that pattern of work. the keyboard supports long periods of typing, while the screen is comfortable for articles and notes in different lighting. its shape makes it practical to carry between the library, desk and kitchen table when i want a change of setting. the fan can become noticeable during heavier activity, and i would prefer a little more room around the ports, but these are manageable limitations. candle orbit 260 has proved dependable, capable and pleasant for study.",True
CORD000462,CUS00495,2019-07-06,Bakers,"[{""product"":""Candle Edge 680"",""quantity"":1},{""product"":""Vela Halo 659"",""quantity"":1}]",2516.11,17.08,-37.78518,145.021908,5,2407.38,Winter,False,3.6205,"candle orbit 422 was used for field forms and client presentations, and i compared it with an older tablet that is slower but less erratic. the screen displayed forms clearly enough indoors, yet entering information outside was difficult because reflections obscured several fields. the touch response also varied near the edges, causing missed taps and occasional duplicate entries. with client information in front of me, those mistakes created awkward pauses and forced repeated checks. during presentations, the device became more troublesome. a document opened normally one time and stalled the next, while rotating the tablet sometimes left the page sideways until i locked and unlocked the screen. candle orbit 422 could show a presentation once it had loaded, but the delay before opening files made the process feel uncertain. compared with the older tablet, it offered no convincing advantage in a meeting and caused more attention to be spent on the device. field conditions exposed the construction as well. the casing picked up marks quickly, and the charging connection felt loose when the tablet was used on a vehicle seat. battery use fell sharply when the screen remained bright, making a charger necessary for a full day away from a desk. the built-in speakers were thin during a small client discussion, so i had to hold the tablet closer for everyone to hear. these are not isolated inconveniences: they affected forms, presentations, transport, and charging. candle orbit 422 manages basic tablet functions, but its poor outdoor visibility, hesitant touch response, stalled files, weak audio, and fragile-feeling connection make it a disappointing work device.",False
CORD000463,CUS00220,2019-04-14,Thompson,"[{""product"":""Candle Edge 680"",""quantity"":1},{""product"":""Candle Bloom 262"",""quantity"":1},{""product"":""Candle Bloom 1000"",""quantity"":2},{""product"":""Vela Halo 569"",""quantity"":1}]",7150.44,24.68,-37.777228,144.917456,10,6460.08,Autumn,False,4.7227,"candle bloom 802 has been disappointing for reading and handwritten notes. page changes feel slow, and the writing response becomes uneven when several pages are marked up. my notes are sometimes misplaced after switching between documents, which makes study sessions frustrating. reading basic text is possible, but annotation is the reason i bought it and that part remains unreliable. the awkward workflow has made me avoid using it for serious work.",False
CORD000464,CUS00475,2019-08-06,Bakers,"[{""product"":""Candle Bloom 1054"",""quantity"":1},{""product"":""Vela Halo 659"",""quantity"":1},{""product"":""Vela Halo 569"",""quantity"":1}]",863.65,14.92,-37.860553,145.011101,5,835.39,Winter,False,5.7918,"candle vista 902 has become my preferred device for reading articles, marking passages, and writing handwritten notes. the screen is comfortable for extended reading, and pages turn smoothly without making the activity feel sluggish. annotation tools are easy to locate, so i can highlight a section and add a thought without breaking concentration. handwritten notes remain legible when i review them later, which has helped me organise ideas after meetings and study sessions. the tablet is light enough to hold for a while, although i prefer resting it on a stand during very long reading periods. that is more about posture than the device itself. i have carried candle vista 902 between rooms repeatedly, and it has remained responsive and pleasant to use. its combination of reading, annotation, and handwriting has made it a genuinely useful part of my routine.",True
CORD000465,CUS00244,2019-02-23,Bakers,"[{""product"":""Vela Halo 569"",""quantity"":1},{""product"":""Candle Orbit 1034"",""quantity"":1}]",731.01,10.62,-37.823437,145.034307,5,705.08,Summer,False,3.7437,"i bought candle shift 106 for long desktop gaming sessions and have now used it through a month of ordinary evenings and a few much longer weekends. the first impression was fairly ordinary: setup took little effort, the unit sat securely on my desk, and the controls became familiar after a short while. nothing about it felt surprising, but i was able to start playing without spending the evening adjusting everything. during shorter games it has behaved consistently. the response feels even enough for casual play, while longer sessions reveal a mixed picture. the general layout is comfortable, although one area feels slightly cramped when i am concentrating for several hours. i have not found the operation unreliable, yet i do occasionally pause to reposition my hands. that is a small inconvenience rather than a serious fault, and it depends on how intensely i am playing. build quality seems adequate for regular home use. it has survived being moved between the main desk and a temporary setup without developing looseness or visible damage. i appreciate that it does not demand constant attention, though i would have preferred a little more refinement in the fit and finish. the included warranty also makes the purchase feel less exposed if something changes later. after thirty days, my view remains balanced. candle shift 106 does the central job it was designed for and has become part of my routine, but it has not transformed the experience or removed every ergonomic compromise. i would keep using it for desktop gaming, with realistic expectations about the small comfort limitation.",True
CORD000466,CUS00169,2019-01-23,Bakers,"[{""product"":""Vela Halo 569"",""quantity"":1},{""product"":""Vela Halo 659"",""quantity"":1},{""product"":""Candle Quest 498"",""quantity"":1},{""product"":""Candle Edge 680"",""quantity"":1}]",3973.53,12.74,-37.749729,144.983901,25,2992.89,Summer,False,6.775,"candle arc 996 has fitted neatly into my game streaming setup. it handles gameplay and media capture together without making the process feel complicated, and the controls are arranged sensibly for repeated use. i have streamed shorter sessions and recorded clips afterward, with the results staying consistent enough for sharing. the connection remained stable while i monitored the stream from another device, which reduced the need to keep checking cables and settings. it does take some time to become familiar with all the available controls, particularly when changing between game and capture modes. once that small learning period passed, the workflow became much more natural. candle arc 996 has made recording moments from games easier and more enjoyable. it is a capable addition for casual creators.",True
CORD000467,CUS00148,2019-10-11,Thompson,"[{""product"":""Vela Halo 659"",""quantity"":1},{""product"":""Candle Bloom 1000"",""quantity"":1},{""product"":""Candle Edge 680"",""quantity"":1}]",4331.95,10.36,-37.840604,144.919888,0,4342.31,Spring,False,3.9173,"candle edge 392 has become a useful surface for drawing and lightweight creative work. i can sketch ideas, make quick annotations, and review them later without setting up a larger workstation. the screen gives the activity enough room to feel natural, and the response has stayed consistent during repeated use. i particularly like being able to move from a rough drawing to a reference image without changing devices. it is not intended for the most demanding creative projects, so i still use a fuller setup when a task becomes complex, but that boundary is clear. the tablet is comfortable to carry and has remained in good condition despite being moved between rooms. candle edge 392 has encouraged more spontaneous drawing and has provided a pleasant, practical tool for the lighter creative work i actually do.",True
CORD000468,CUS00411,2019-08-09,Bakers,"[{""product"":""Candle Quest 498"",""quantity"":1},{""product"":""Vela Halo 569"",""quantity"":3},{""product"":""Candle Orbit 656"",""quantity"":2},{""product"":""Candle Edge 680"",""quantity"":1},{""product"":""Candle Bloom 1054"",""quantity"":2}]",9430.82,13.47,-37.775311,144.980077,0,9444.29,Winter,False,4.0802,"candle lumen 400 replaced an older laptop that was still usable but increasingly awkward to carry between rooms. i compared them during document work, online meetings, and ordinary administration, and the newer device fits my portable routine better. candle lumen 400 is easier to move from a desk to the dining table, and i can begin work without spending much time arranging the setup. documents remain readable during longer sessions, while the camera and microphone have been suitable for video meetings. the older laptop had a more familiar keyboard, and i needed a few days to adjust to the feel of candle lumen 400. i also miss having more physical room around some of the connections. those are minor inconveniences rather than daily obstacles. the advantage is that the newer machine feels less burdensome when i am working away from my main desk, and it has handled my usual mixture of writing, browsing, and calls without complaint. after several weeks of ownership, i have used it for quiet planning as well as busier meeting days. it has remained responsive for that kind of work, and the portable design has encouraged me to change location instead of staying at one workstation. candle lumen 400 is not aimed at demanding specialist tasks, so i would look elsewhere for that purpose. compared with my previous laptop, it offers a more convenient balance for documents and video meetings, with only a modest adjustment period.",True
CORD000469,CUS00014,2019-07-14,Thompson,"[{""product"":""Candle Bloom 262"",""quantity"":1},{""product"":""Vela Halo 659"",""quantity"":1}]",1382.98,15.37,-37.85985,144.906996,15,1190.9,Winter,False,6.3169,"candle quest 498 improved the connection in the rooms furthest from my main router. setup was straightforward, and devices now remain connected while i move between the study and living area. video calls and ordinary streaming have been noticeably steadier, with fewer interruptions during busy evenings. the strongest performance is still near the primary unit, but that is expected in a home network. it has solved the coverage gap i bought it for and has made the household connection more convenient.",True
CORD000470,CUS00155,2019-02-19,Nickolson,"[{""product"":""Candle Bloom 1054"",""quantity"":1},{""product"":""Candle Edge 680"",""quantity"":1},{""product"":""Candle Bloom 1000"",""quantity"":3}]",8148.77,18.19,-37.819512,144.97241,0,8166.96,Summer,True,0.271,"vela core 201 replaced a phone that had become frustrating for ordinary navigation and communication. i was not looking for an elaborate camera or a device aimed at mobile gaming; i wanted something that would handle messages, calls, maps, and daily browsing without demanding constant attention. in that role it has been a strong step forward. the screen remains readable while i am checking directions, and the phone responds promptly to the small tasks i perform throughout the day. navigation has been particularly convenient. i use it while walking, on public transport, and when finding unfamiliar places, and i have not had the repeated pauses that affected my previous phone. calls and messages have also been uncomplicated. the body is comfortable enough for one-handed checking, although the smooth finish makes a case sensible if, like me, you tend to put the phone down on different surfaces. battery life has matched my routine rather than exceeding it dramatically, so heavy users may still want to carry a charger. compared with the older handset, vela core 201 feels less temperamental and more responsive. compared with a premium phone, it may not offer the same specialised extras, but those were not important to my use. i appreciate that it covers the practical middle ground without making simple communication feel like a technical project. after using it for several weeks, the main difference is the absence of small annoyances: maps open when needed, messages send without fuss, and the device generally stays out of the way.",True
CORD000471,CUS00217,2019-03-09,Bakers,"[{""product"":""Candle Orbit 656"",""quantity"":2},{""product"":""Candle Quest 498"",""quantity"":1}]",5832.45,20.08,-37.79064,144.977388,5,5560.91,Autumn,True,2.6628,"candle quest 516 replaced a more elaborate gaming setup that was rarely used in our shared room because preparing it felt like an event. the comparison is especially favourable for casual games. candle quest 516 is quick to bring out, the controls are approachable for people who do not play often, and the display can be seen from the nearby seats without everyone crowding around it. that has made short group sessions much easier to start. we have used it for quick challenges after dinner and for longer relaxed sessions on weekends. the controls respond consistently, and passing the device between players does not involve a confusing change of settings. compared with the old setup, there are fewer cables across the room and less debate about who gets the best position. the sound is adequate for a small group, although we lower it when someone else is watching television. candle quest 516 also feels sturdy enough for ordinary handling, which matters when several people are sharing it. the screen is not ideal when someone sits far to the side, and the battery requires planning for a long session. a few menus are less obvious than i would like, so new players sometimes ask where to begin. those points have not stopped us using it. the older system offered more depth, but it also created more barriers. candle quest 516 is the better choice for our shared room because it encourages spontaneous, friendly play and does not demand a dedicated gaming corner.",True
CORD000472,CUS00319,2019-05-27,Bakers,"[{""product"":""Candle Bloom 1000"",""quantity"":1},{""product"":""Candle Flux 990"",""quantity"":1},{""product"":""Candle Quest 354"",""quantity"":2}]",4715.85,11.49,-37.827054,145.05708,0,4727.34,Autumn,False,5.7543,"candle bloom 172 was chosen for field forms and client presentations, and it has been more practical than carrying a laptop to every appointment. compared with the previous paper-heavy routine, i can bring the relevant material in one device, make notes while standing and show a document without finding a suitable table. the screen is large enough for a conversation across a desk, while the tablet remains light enough to carry between visits without much thought. i have used candle bloom 172 in offices, reception areas and temporary meeting spaces. filling out forms is straightforward, and switching to a presentation or a note does not interrupt the conversation for long. compared with using a laptop, the tablet feels less formal and is easier to angle toward another person. it has also been useful when a client wants to review a page together rather than watch me turn a computer around. the battery has covered my normal working day, and the simple interface has reduced the amount of explanation needed before a meeting. there are compromises. detailed typing is slower than with a full keyboard, and bright outdoor conditions can make the screen harder to read. i also carry a small keyboard when i know a long written report is involved. even so, candle bloom 172 is a clear improvement for field forms and presentations. it reduces the equipment i need to bring, supports a more natural exchange with clients and handles lightweight work with less awkwardness than my old laptop routine.",True
CORD000473,CUS00413,2019-04-25,Bakers,"[{""product"":""Vela Halo 569"",""quantity"":1},{""product"":""Candle Bloom 262"",""quantity"":2},{""product"":""Candle Quest 498"",""quantity"":2},{""product"":""Candle Flux 1098"",""quantity"":3},{""product"":""Candle Orbit 1034"",""quantity"":1}]",7972.93,11.33,-37.765178,145.022951,5,7585.61,Autumn,False,5.547,"candle quest 948 has improved the wireless coverage between the rooms in our home. the previous weak spots were most noticeable near the back study and upstairs hallway, while this unit gives those areas a much steadier connection for browsing, calls and streaming. installation was manageable because the instructions used familiar language and the status information was easy to read. once placed, it blended into the room without taking up much space. i have moved around the house with a phone and laptop and experienced fewer interruptions than before, especially when carrying on a video call. the result is not identical in every corner, and thick walls still affect performance, but the improvement is obvious in the areas that mattered most. candle quest 948 has been stable over weeks of use and has removed a recurring source of annoyance. it is a practical, reassuring addition to our network.",True
CORD000474,CUS00309,2019-02-24,Thompson,"[{""product"":""Candle Bloom 1054"",""quantity"":1},{""product"":""Vela Halo 659"",""quantity"":1},{""product"":""Candle Flux 990"",""quantity"":2},{""product"":""Candle Quest 498"",""quantity"":2}]",7520.12,24.82,-37.74454,144.877462,25,5664.91,Summer,True,9.7376,"vela atlas 1025 has become a quiet part of managing our home. i placed it in the living area first, then moved it near the study when i wanted to compare how the rooms felt during the day. the temperature and humidity readings update without much fuss, and the display is readable from across the room. it has helped me notice when the air feels too dry and decide when to open a window or adjust the heater. setup was straightforward, and the unit has continued reporting consistently through ordinary household activity. the readings do not replace a full weather station, and the casing is fairly plain, but that simplicity suits its purpose. vela atlas 1025 gives me practical information without demanding constant attention, and i am pleased with its steady performance.",True
CORD000475,CUS00423,2019-06-26,Thompson,"[{""product"":""Candle Orbit 656"",""quantity"":1},{""product"":""Vela Halo 569"",""quantity"":2}]",2560.24,16.89,-37.740175,144.956831,10,2321.11,Winter,False,8.1069,"we have used the vela spark 1053 for shared film and television viewing, and the large display gives everyone a comfortable view from the sofa. menus respond promptly and the picture remains pleasing in ordinary indoor light. sound is adequate, though dialogue can feel thin without separate speakers, and the reflective surface catches lamps. it is not a perfect cinema setup, but it has made casual family viewing simple and enjoyable over time.",True
CORD000476,CUS00365,2019-06-28,Nickolsen,"[{""product"":""Candle Orbit 1034"",""quantity"":1},{""product"":""Candle Bloom 1054"",""quantity"":1},{""product"":""Candle Quest 354"",""quantity"":1},{""product"":""Vela Halo 659"",""quantity"":1},{""product"":""Candle Bloom 1000"",""quantity"":2}]",5330.94,15.31,-37.874633,144.964738,5,5079.7,Winter,False,6.2455,"vela pulse 991 has handled the everyday communication needs of our family with very little trouble. calls are straightforward, messages arrive promptly, and the phone is responsive for the casual apps we use between errands and household tasks. i have passed it between family members, and the main settings are simple enough that everyone can find what they need. the screen is comfortable for reading messages and checking maps, while the device remains practical to carry around during the day. i also appreciate being able to organise the home screen so less frequent users are not faced with unnecessary clutter. the camera and other extras are not the reason i chose it, and i have not tested every feature extensively. for staying in touch, checking information and using ordinary apps, vela pulse 991 has been a steady choice. it has supported our routine well and feels like a sensible phone for shared family use.",True
CORD000477,CUS00361,2019-02-23,Nickolson,"[{""product"":""Vela Halo 659"",""quantity"":1},{""product"":""Candle Flux 990"",""quantity"":2}]",4453.61,10.84,-37.854471,144.961508,15,3796.41,Summer,False,4.0513,"the candle shift 1060 has accompanied me through a busy stretch of study, and its strengths became clearer the longer i used it. i needed an ultrabook for reading papers, taking notes, attending online classes, and moving between the library and home. on the first few days i kept expecting to discover some awkward compromise, but the routine quickly became straightforward. i can open it, continue where i left off, and carry on with research without spending time managing the device. most of my work involves a browser with several research tabs, a document for notes, and a meeting or lecture in the background. the candle shift 1060 handles that combination without making the desk feel crowded. the keyboard is comfortable for extended typing, and the display gives enough room to compare a source with my notes. i often work at a small table or in a quiet corner of the library, so the compact form has been valuable. it fits beside a notebook and leaves space for a cup of coffee without dominating the surface. travel provided a useful test. i carried the laptop between locations in a backpack, used it on a train table, and then connected it to a larger screen at home. the change of setting did not require a special routine. the battery lasted through my usual study block, although i recharge before a particularly long day if i know i will be away from a power point. the charger is one more item to pack, but that is an ordinary trade-off for dependable mobile work rather than a serious complaint. there are boundaries. i would not choose the candle shift 1060 for heavy creative production or demanding games, and the smaller screen can feel tight when i have several windows open at once. i sometimes close tabs simply to keep my attention focused. those limits match the intended role, and the laptop has been well suited to research and note taking. it also wakes quickly enough that i can capture an idea before losing it, which matters more to me than having unnecessary extras. after sustained use, the candle shift 1060 feels like a reliable academic tool. it has supported ordinary deadlines, late reading sessions, and daily travel without becoming a distraction. the combination of portability, comfortable typing, and sensible performance has made my study routine smoother. i am very happy with the purchase and expect it to remain part of my work for a long time.",True
CORD000478,CUS00376,2019-02-23,Nickolson,"[{""product"":""Vela Halo 569"",""quantity"":1}]",149.09,13.49,37.883413,145.004779,0,162.58,Summer,False,7.8431,"candle edge 608 has improved the wireless coverage in the room where i work from home. before using it, the connection in that area was less consistent than elsewhere, but now calls, research, and ordinary browsing continue smoothly through the working day. other people in the house can use the network at the same time without making my connection feel fragile. the installation process was clear enough, although i had to choose a location carefully to get the best spread through the house. once positioned, the equipment blended into the background and needed very little attention. i like being able to work without moving closer to the main connection whenever a call begins. the casing is plain and the setup screen contains more choices than i expected, yet candle edge 608 has provided stable coverage and made my home-office routine noticeably more comfortable.",True
CORD000479,CUS00241,2019-03-01,Thompson,"[{""product"":""Candle Orbit 1034"",""quantity"":1},{""product"":""Candle Orbit 656"",""quantity"":2},{""product"":""Candle Bloom 1000"",""quantity"":1},{""product"":""Candle Edge 680"",""quantity"":1}]",9173.28,9.78,-37.806534,144.90718,20,7348.4,Autumn,False,3.5701,"vela echo 619 has been a useful replacement for the soft pouch i previously carried while travelling. the case holds my device securely and gives it more protection when the bag is placed under a seat or handled roughly. i have used it for short trips, commuting, and carrying equipment between rooms, and the outside has kept its shape instead of collapsing around the contents. that makes it easier to pack alongside notebooks and chargers than the old pouch did. the interior arrangement is another improvement. there is enough room for the device and a few small items without everything sliding into one loose bundle. the opening is easy to reach, and i can remove the tablet without pulling other things from the bag. in comparison, my previous storage solution offered little separation and left the device exposed to keys and other objects. vela echo 619 feels more deliberate and secure, while remaining light enough that it does not add much weight to a travel bag. it is not a large organiser, so anyone carrying many cables or accessories will need another pouch. the outer material can also show dust after being carried around, although it wipes clean without much effort. those are modest limitations. for protective storage during everyday travel, this case is more dependable and more convenient than the simple pouch i had before, and i am happier taking my device out of the house with it.",True
CORD000480,CUS00021,2019-04-14,Thompson,"[{""product"":""Vela Halo 569"",""quantity"":1},{""product"":""Vela Halo 659"",""quantity"":2},{""product"":""Candle Bloom 1000"",""quantity"":1}]",2494.35,23.41,-37.750937,144.958426,15,2143.61,Autumn,True,6.9369,"vela wave 103 has been used mainly for shared film and television viewing, and it has made our evening routine more enjoyable. the screen was easy to position in the living room, and the controls did not require much explanation before everyone could choose something to watch. we have used it for short programs on weeknights and longer viewing sessions at the weekend, with a clear picture that remains comfortable from the different seats in the room. what i like most is the way it supports a shared decision. we can browse, choose a program, and settle in without passing a small device from person to person. dialogue is easy to follow, and the picture has enough clarity for both quiet dramas and lively programs. the display remains pleasant when the room lighting changes, so we do not have to rearrange the furniture each evening. it has also handled frequent switching between programs without becoming slow or confusing. the interface feels approachable for people who do not enjoy complicated electronics. family members who were initially cautious learned the basic controls quickly. i have adjusted the sound for late-night viewing and returned to the normal setting the next day without difficulty. the stand has remained firm, and the display has kept a neat appearance despite being part of a busy room. the built-in sound is suitable for everyday viewing, although i would choose separate audio for a particularly immersive film. that is a modest limitation rather than a problem. vela wave 103 has given us a dependable centre for shared television and film nights, and it has made the living room feel more inviting.",True
CORD000481,CUS00064,2019-07-04,Thompson,"[{""product"":""Candle Quest 498"",""quantity"":2},{""product"":""Candle Flux 990"",""quantity"":1}]",4711.11,18.98,-37.765475,144.917284,0,4730.09,Winter,False,5.8646,"candle edge 554 has been unreliable for commuting and spoken-content listening. the connection drops when i move through crowded areas, then returns with a delay that causes missed words. podcasts and other spoken programs are especially difficult because the interruptions break sentences and make me rewind repeatedly. the controls are small and awkward to use while walking, and volume changes do not always register on the first attempt. background noise also exposes the weak clarity, so voices become difficult to follow unless the volume is pushed high. i kept testing it on different journeys, but the same problems continued. it produces sound and can connect to a device, yet those basic functions do not make it suitable for regular travel. candle edge 554 has made commuting more irritating, and its poor reliability leaves me unable to recommend it.",False
CORD000482,CUS00155,2019-09-07,Nickolson,"[{""product"":""Candle Bloom 262"",""quantity"":1},{""product"":""Vela Halo 659"",""quantity"":1},{""product"":""Candle Flux 990"",""quantity"":1},{""product"":""Candle Orbit 656"",""quantity"":1},{""product"":""Candle Bloom 1054"",""quantity"":1}]",6189.34,7.7,-37.819512,144.97241,15,5268.64,Spring,True,0.271,"vela core 201 replaced a phone that had become frustrating for ordinary navigation and communication. i was not looking for an elaborate camera or a device aimed at mobile gaming; i wanted something that would handle messages, calls, maps, and daily browsing without demanding constant attention. in that role it has been a strong step forward. the screen remains readable while i am checking directions, and the phone responds promptly to the small tasks i perform throughout the day. navigation has been particularly convenient. i use it while walking, on public transport, and when finding unfamiliar places, and i have not had the repeated pauses that affected my previous phone. calls and messages have also been uncomplicated. the body is comfortable enough for one-handed checking, although the smooth finish makes a case sensible if, like me, you tend to put the phone down on different surfaces. battery life has matched my routine rather than exceeding it dramatically, so heavy users may still want to carry a charger. compared with the older handset, vela core 201 feels less temperamental and more responsive. compared with a premium phone, it may not offer the same specialised extras, but those were not important to my use. i appreciate that it covers the practical middle ground without making simple communication feel like a technical project. after using it for several weeks, the main difference is the absence of small annoyances: maps open when needed, messages send without fuss, and the device generally stays out of the way.",True
CORD000483,CUS00476,2019-02-01,Bakers,"[{""product"":""Candle Quest 498"",""quantity"":2},{""product"":""Vela Halo 659"",""quantity"":1},{""product"":""Candle Orbit 1034"",""quantity"":1},{""product"":""Candle Bloom 1000"",""quantity"":2}]",7094.97,15.22,-37.852499,145.060894,0,7110.19,Summer,False,7.4559,"candle orbit 260 was used for study, research, and note taking, but routine academic work has been frustrating. browser pages reload slowly when several sources are open, and the system pauses while switching between notes and documents. searching through a long file can leave the screen unresponsive for several seconds. the keyboard has shallow keys that make extended typing uncomfortable, while the touchpad occasionally interprets a palm as a click. battery loss is also uneven, so i cannot rely on the remaining indicator during a long reading session. video meetings add more trouble because the wireless connection sometimes drops and the microphone needs to be reselected after reconnection. a single document can be written, but research rarely involves only one window. candle orbit 260 turns ordinary study into a sequence of delays and corrections. its poor endurance, awkward input, and unreliable connection leave me disappointed and unable to recommend it.",True
CORD000484,CUS00407,2019-08-24,Thompson,"[{""product"":""Candle Edge 680"",""quantity"":1},{""product"":""Candle Flux 1098"",""quantity"":1},{""product"":""Vela Halo 569"",""quantity"":1}]",3196.73,12.25,-37.793747,144.965381,15,2729.47,Winter,False,2.649,"i chose candle orbit 350 because i needed an ultrabook for document work and video meetings in more than one location. my previous laptop was serviceable at a desk but awkward to carry, and its fan and sluggish transitions made short work sessions feel unnecessarily long. candle orbit 350 is easier to take from room to room, and it starts the practical tasks i use most without making me wait around before getting started. most of my time is spent writing, reviewing documents, arranging notes, and joining meetings. compared with the older machine, switching between a document and a call is smoother, and the keyboard is comfortable enough for extended typing. i have worked at a kitchen table, in a quiet office, and on the sofa, and the laptop has remained manageable in each setting. the camera and microphone have been suitable for routine meetings, while the screen gives me enough space to keep a document visible beside the call window. it is not a machine i would choose for demanding specialist software, and the limited size of a portable computer always means some compromise when many windows are open. i also needed a brief adjustment period because the keyboard layout differs from my old laptop. those are reasonable trade-offs for the portability. the previous device encouraged me to stay at one desk; candle orbit 350 makes it much easier to work where i actually need to be. after more than a month, the combination of lighter handling, responsive everyday use, and dependable meetings has made it a welcome improvement rather than merely a newer version of the same routine.",True
CORD000485,CUS00065,2019-03-19,Thompson,"[{""product"":""Vela Halo 569"",""quantity"":1},{""product"":""Candle Orbit 1034"",""quantity"":2}]",1312.93,14.27,-37.883753,144.890722,15,1130.26,Autumn,False,9.3245,"vela nova 1059 has helped me position my phone more comfortably at my desk. the adjustable mount holds the device securely for calls, reading, and watching short videos, while the base stays stable during normal use. changing the angle is quick, and the accessory takes up little workspace. the joint was stiff during the first few adjustments, though it now feels reassuringly firm. it is a practical addition to a compact desk.",True
CORD000486,CUS00199,2019-12-11,Bakers,"[{""product"":""Candle Edge 680"",""quantity"":1},{""product"":""Vela Halo 659"",""quantity"":1},{""product"":""Candle Bloom 1054"",""quantity"":1}]",2965.96,23.5,-37.871936,145.038194,0,2989.46,Summer,True,7.853,"candle quest 138 has made it easier to separate guest access from the devices used by my household. the initial setup was clear, and i could manage connected devices without repeatedly searching through confusing menus. visitors can use the guest network while my personal equipment remains on its own connection, which has made sharing access less awkward. i have also found the device list helpful when checking what is currently connected. performance has remained steady for browsing, calls, and ordinary streaming across several rooms. the management controls are more useful than the basic hardware appearance suggests. it is not aimed at advanced network experimentation, but for guest-network and device management, candle quest 138 has been a worthwhile improvement.",True
CORD000487,CUS00434,2019-08-21,Thompson,"[{""product"":""Candle Quest 354"",""quantity"":1},{""product"":""Candle Quest 498"",""quantity"":3},{""product"":""Candle Edge 680"",""quantity"":1}]",6579.17,14.33,-37.768267,144.93275,10,5935.58,Winter,False,5.0955,"i compared vela ridge 113 with the small speaker display it replaced, using both for music and spoken programmes over thirty-four days. the older display handled short listening sessions, but the screen was too limited to make browsing or checking what was playing worthwhile. vela ridge 113 presents the current content in a more readable way, and moving between music and spoken audio takes fewer attempts. that makes it especially convenient while i am cooking or tidying and do not want to reach for another device. the sound is not room-filling, but voices remain distinct and music has enough presence for ordinary indoor listening. i found the difference most helpful with interviews and longer talks, where the previous speaker could make speech feel thin. the controls respond quickly for play and pause, and the display gives me useful context without becoming a distraction. brightness can still feel excessive in a dark room, so i lower it in the evening. vela ridge 113 is more specialised than a full entertainment system, and it cannot replace one for serious music sessions. compared with the older display, though, it combines playback and visual guidance in a much more satisfying package. after a month of regular use, i use it for both background music and spoken content rather than leaving it idle. the small display, clear voice playback, and simple controls make vela ridge 113 a worthwhile step forward.",True
CORD000488,CUS00394,2019-06-06,Thompson,"[{""product"":""Candle Bloom 1054"",""quantity"":1},{""product"":""Vela Halo 659"",""quantity"":1},{""product"":""Vela Halo 569"",""quantity"":2},{""product"":""Candle Flux 1098"",""quantity"":1}]",1808.98,18.35,-37.741586,144.880614,10,1646.43,Winter,False,9.8282,"candle bloom 784 has been playing music in our shared room while we cook, read and spend time together. pairing different phones is simple, and the connection has stayed steady when someone moves around the room. voices in podcasts are clear, while music has enough warmth for ordinary listening without overwhelming conversation. the controls are easy to reach, and the unit can be moved to a shelf when the table is needed. it produces enough volume for the room, although the sound becomes less detailed at the highest setting. for daily background music that is not a serious concern. the casing feels sturdy and has survived being moved several times without marks. candle bloom 784 has made shared listening more enjoyable and gives us a dependable audio option that fits naturally into the room.",True
CORD000489,CUS00055,2019-12-14,Thompson,"[{""product"":""Candle Quest 498"",""quantity"":1},{""product"":""Candle Bloom 262"",""quantity"":2}]",3544.87,9.56,-37.814624,144.921825,15,3022.7,Summer,False,2.2281,"vela halo 389 has reduced the number of adapters i carry when moving between my desk, meeting room, and home workspace. i can connect several devices through the compact unit, and it has handled my usual combination without becoming temperamental. the cable is flexible enough to position beside a laptop, while the adapter itself stays put rather than sliding across the table. i have used it for work peripherals and occasional media transfers, and the connections have remained consistent. it becomes warm after extended use, so i avoid covering it with papers or placing it in a tight pouch while active. that is a reasonable precaution. vela halo 389 has been convenient, dependable, and much less cluttered than carrying separate accessories.",True
CORD000490,CUS00252,2019-12-15,Nickolson,"[{""product"":""Vela Halo 659"",""quantity"":1},{""product"":""Vela Halo 569"",""quantity"":1},{""product"":""Candle Bloom 1054"",""quantity"":1},{""product"":""Candle Edge 680"",""quantity"":1},{""product"":""Candle Bloom 262"",""quantity"":1}]",4233.32,12.39,-37.873961,144.983169,10,3822.38,Summer,False,6.2715,"vela atlas 485 has given me a convenient way to notice door and window activity without checking each area manually. the alerts arrive promptly enough for ordinary household awareness, and the app presents them in a way that is easy to understand later. i placed the sensors in the areas i care about most, then adjusted the notifications so normal movement would not become distracting. that setup took some thought, but once the routine was established the system became unobtrusive. the sensors are small and have stayed neatly in position during regular use. i treat the alerts as useful information rather than a replacement for sensible attention, which seems the right approach for any home device. vela atlas 485 has added reassurance and visibility to my daily routine. it is a practical system for keeping track of activity around doors and windows.",True
CORD000491,CUS00063,2019-10-11,Bakers,"[{""product"":""Vela Halo 659"",""quantity"":3},{""product"":""Candle Bloom 1054"",""quantity"":1}]",1243.98,9.91,-37.814578,145.032414,0,1253.89,Spring,False,3.3058,"vela pulse 343 has worked well for showing photos and short presentations during family gatherings. images are bright enough to view from different seats, and browsing through albums is quick. guests understood the controls without explanation, which made sharing feel relaxed. the stand occupies some table space, but the display has been a useful and enjoyable centre for informal viewing.",True
CORD000492,CUS00460,2019-01-15,Nickolson,"[{""product"":""Candle Edge 680"",""quantity"":1},{""product"":""Vela Halo 659"",""quantity"":1},{""product"":""Candle Quest 498"",""quantity"":1}]",3824.44,10.01,-37.844299,144.966122,10,3452.01,Summer,False,2.874,"i use candle arc 1014 during focused desk work, usually for several hours at a time. pairing was quick, and it has maintained a dependable connection while i move between a phone and a laptop. music sounds balanced enough for background listening, with voices and podcasts remaining easy to follow when i need concentration. the controls are placed sensibly, so changing volume or pausing does not interrupt my work. the fit stays comfortable through a long session, though the ear cushions can feel warm after extended use. i also appreciate that the wireless connection returns promptly after the headphones have been idle. battery life has suited my routine, and charging has not become a daily nuisance. candle arc 1014 has given me a calm, consistent listening experience and feels like a worthwhile purchase for desk-based work.",True
CORD000493,CUS00307,2019-04-12,Thompson,"[{""product"":""Candle Bloom 1000"",""quantity"":1},{""product"":""Candle Edge 680"",""quantity"":1},{""product"":""Candle Quest 354"",""quantity"":1}]",4470.02,10.51,-37.852747,144.939854,10,4033.53,Autumn,False,4.5009,"candle flux 162 has been more flexible than the older tablet i kept mainly for watching videos. the previous device was adequate for media, but video calls felt cramped and moving between a call, a message, and a programme was less pleasant than it should have been. candle flux 162 handles those mixed uses more naturally, giving me a useful screen for viewing while remaining portable enough to carry around the house. i have compared the two during films, short video calls, reading, and casual browsing. the display is comfortable for personal viewing, and the call experience leaves enough room to see the other person without losing the controls entirely. i also like being able to move from media to a practical task without reaching for another device. the speakers suit ordinary use, although a group watching in a larger room will want something with more volume. the tablet is also less convenient than a laptop for lengthy typing, which is a normal compromise for this form. candle flux 162 is not the best single device for every job, but it covers more of my routine than the older tablet did. compared with that model, it feels more responsive, more useful for calls, and better suited to moving between entertainment and everyday tasks. after extended ownership, i regard it as a successful replacement because it adds versatility without losing the simple convenience of a portable screen.",True
CORD000494,CUS00104,2019-01-18,Bakers,"[{""product"":""Candle Edge 680"",""quantity"":1},{""product"":""Candle Orbit 1034"",""quantity"":1}]",2833.32,12.08,-37.813801,145.02867,0,2845.4,Summer,False,2.9677,"i used candle arc 942 for sketching and lightweight creative work, comparing it with a basic drawing tablet that had served me before. the display showed the canvas, but the drawing response felt disconnected from the stylus. lines appeared slightly after the movement, and quick strokes sometimes ended with a gap or a blunt mark. that delay was frustrating during outlines and made the process feel awkward rather than natural. the screen surface did not help. my hand dragged across it, especially during longer sessions, and the glass collected fingerprints quickly. a matte surface on my older tablet was less reflective and gave more control, even though it was not as attractive. candle arc 942 also made the cursor difficult to place precisely near the edges. i spent time correcting marks that had landed beside the intended point, which slowed simple sketches and made detailed work tiring. file handling and general use were another source of trouble. opening a large drawing caused the interface to pause, and switching between a reference image and the canvas sometimes returned me to the wrong position. the device did not always remember the last zoom level, so repeated adjustments became part of every session. its compact format was convenient to carry, but the narrow working area felt restrictive once a sketch involved several layers or broad strokes. the tablet was functional for viewing a finished image, yet that is not the same as supporting creative work. candle arc 942 can display an image and accept a stylus, but those basic functions do not make it a satisfactory drawing tool. compared with the older tablet, the delayed strokes, slippery surface, imprecise edges, slow file handling, and cramped workspace created too many obstacles. i spent more time correcting the tablet than developing ideas, and i cannot recommend candle arc 942 for regular drawing.",True
CORD000495,CUS00254,2019-02-27,Bakers,"[{""product"":""Candle Orbit 656"",""quantity"":1},{""product"":""Vela Halo 659"",""quantity"":1},{""product"":""Candle Orbit 1034"",""quantity"":1},{""product"":""Candle Bloom 262"",""quantity"":1}]",4226.96,9.09,-37.795985,144.993922,5,4024.7,Summer,False,1.5622,"the vela halo 983 has been used for casual living-room gaming, and i compared it with a smaller screen in another room and with a more elaborate entertainment setup. its larger picture makes group play easier because people on the sofa can follow the action without crowding together. the smaller screen is simpler to reposition, while the halo 983 feels more appropriate as a shared-room centrepiece. it is not intended to reproduce every feature of a specialist gaming display, but it covers relaxed sessions well. the image remains visible from the side, which matters when several people are watching. colours look natural in ordinary room lighting, though daylight across the screen reduces the impact and reveals reflections. menus are uncomplicated, and changing between a game and regular viewing has fitted our routine. the sound is sufficient for conversations and casual play, but a separate audio system would provide a fuller result for films or music. that distinction became clearer when we compared the built-in sound with speakers already in the room. the screen size is helpful for shared play, yet it also makes the unit less discreet than the smaller alternative. i needed to plan the furniture around it rather than move it casually. controllers connected without a prolonged setup, and the display has remained consistent during the weeks of use. a competitive player may care more about specialised response characteristics than i do, while a family wanting an uncomplicated shared screen may value the straightforward arrangement. my impression of the vela halo 983 is balanced. it provides a comfortable group view and handles casual games without demanding a complicated system. its limitations are mainly room reflections, built-in audio, and the commitment of a larger screen. for our living room, those compromises are acceptable, but they are worth considering before choosing it over a smaller or more specialised option.",True
CORD000496,CUS00106,2019-07-21,Bakers,"[{""product"":""Candle Orbit 1034"",""quantity"":2},{""product"":""Candle Quest 498"",""quantity"":1},{""product"":""Candle Flux 1098"",""quantity"":1}]",3351.91,29.85,-37.867068,145.051714,10,2971.42,Winter,True,8.0545,"the candle quest 822 has settled into my work bag because it handles both field forms and client presentations without making either task feel awkward. i initially used it for short site visits, expecting to fill in a few details and leave it at that. over the following weeks it became useful for reviewing notes, showing material to clients, and checking information while away from my desk. the screen is comfortable for reading through a form, and the response when moving between fields is consistent enough that i do not lose my train of thought. during presentations, i can pass it across a table without the whole meeting stopping while i search for something. i have also learned that a little preparation helps; i prefer to organise the relevant documents before leaving rather than sort through everything during an appointment. that is a habit i would keep with any tablet, not a serious fault with this one. the body has survived being carried alongside notebooks and chargers, and it still feels presentable when i take it into a client setting. battery use has suited my normal days, including a few visits followed by office work. what stands out is the balance between practical input and straightforward display. the candle quest 822 has reduced the amount of paper i carry and made my presentations more flexible. it is not a substitute for every desktop task, but for forms, notes, and client conversations it has proved dependable and genuinely useful.",True
CORD000497,CUS00054,2019-07-15,Bakers,"[{""product"":""Vela Halo 659"",""quantity"":1},{""product"":""Candle Flux 1098"",""quantity"":2},{""product"":""Candle Flux 990"",""quantity"":1}]",3951.64,11.28,-37.798345,145.003889,10,3567.76,Winter,False,1.5023,"vela core 1047 has been on my wrist most days, mainly for timekeeping and reminders during a busy routine. the display is easy to check at a glance, and the reminder prompts have helped me remember small habits that otherwise disappear among work and household tasks. it is light enough that i rarely notice it while moving around, and the strap has remained comfortable through a full day. the basic time display has also been dependable when i need to check it quickly. i appreciate that the controls do not invite constant fiddling. notifications are visible without making every message feel urgent, which suits the way i use it. the screen is less convenient to read in very bright outdoor light, and the reminder options are not endlessly flexible, but those limitations are minor for everyday use. vela core 1047 has encouraged a more organised routine without becoming intrusive, and i am satisfied with how it fits into daily life.",True
CORD000498,CUS00385,2019-11-18,Thompson,"[{""product"":""Candle Bloom 1000"",""quantity"":2},{""product"":""Candle Orbit 1034"",""quantity"":1},{""product"":""Vela Halo 659"",""quantity"":1}]",4478.31,10.09,-37.78117,144.940366,10,4040.57,Spring,False,3.5521,"candle quest 282 has worked well as a shared tablet for family learning and browsing. different people in the household can pick it up and begin reading, watching a lesson, or looking something up without a lengthy explanation. the screen is comfortable for text and video, and the size makes it easier to pass around than a laptop. i have also found it useful at the kitchen table for quick research while cooking or helping with homework. everyday browsing has stayed responsive, and the battery has covered our normal sessions without constant charging. the speakers are suitable for lessons and casual viewing, though headphones are preferable when several people are doing different things nearby. that is a reasonable compromise for a shared device. candle quest 282 has earned its place because it is approachable, versatile, and able to support several members of the family without becoming complicated.",True
CORD000499,CUS00034,2019-05-20,Thompson,"[{""product"":""Candle Bloom 1054"",""quantity"":1},{""product"":""Vela Halo 569"",""quantity"":1},{""product"":""Candle Orbit 1034"",""quantity"":1}]",1180.86,12.62,-37.754163,144.911876,5,1134.44,Autumn,False,7.2037,"vela spark 585 has given us a clearer view of activity around the doors and windows. the alerts arrive promptly during ordinary opening and closing, and the notifications are specific enough for me to understand which area needs attention. i installed it as a simple household check rather than a complicated security project, and that is where it has worked best. the setup required careful placement, but the instructions helped me choose sensible positions. since then, the system has stayed connected and has not filled my phone with unnecessary messages during normal days. i like being able to check activity when i am away from the room, especially when family members are moving through the house. the adhesive arrangement could be more forgiving if i changed my mind about placement. still, vela spark 585 has been reassuring, practical, and easy to include in our routine.",True
CORD000500,CUS00060,2019-04-01,Nickolson,"[{""product"":""Candle Bloom 262"",""quantity"":1}]",1118.27,12.09,-37.870977,145.003181,0,1130.36,Autumn,False,6.5304,"vela pulse 163 has changed how we play music and spoken content in the living room. the previous arrangement relied on a phone and a small speaker, so choosing something to hear often meant searching on a device that someone else wanted to use. this display keeps playback visible and accessible, making shared listening feel more natural without demanding a complicated setup. the screen is useful when browsing albums, programmes, or spoken episodes, and the controls are readable from the seating area. compared with the small speaker, vela pulse 163 gives more context about what is playing and makes it easier for another household member to take over. the sound has enough clarity for voices, podcasts, and everyday music. it does not create the depth of a dedicated audio system, but that is not its role in our room. i have also found it convenient while cooking. i can start a programme before leaving the lounge and adjust playback without interrupting the activity. the response has remained consistent, and the display has not become distracting during longer listening. at low volume the spoken content remains understandable, which was a weakness of the older speaker. music is enjoyable for casual use, although listeners who care about strong bass may still prefer separate speakers. the device looks neat on the shelf and has not needed constant attention after the initial setup. it is more inviting for guests than handing someone a phone and asking them to find an app. vela pulse 163 is therefore a better shared solution than our former speaker-and-phone combination. the audio has sensible limits, but the accessible screen and household control make it a strong fit for music and spoken content.",True
