order_id,customer_id,date,nearest_warehouse,shopping_cart,order_price,delivery_charges,customer_lat,customer_long,coupon_discount,order_total,season,is_expedited_delivery,distance_to_nearest_warehouse,latest_customer_review,is_happy_customer
CORD001001,CUS00301,2019-03-02,Bakers,"[{""product"":""Candle Orbit 656"",""quantity"":1},{""product"":""Candle Bloom 1054"",""quantity"":2},{""product"":""Candle Orbit 1034"",""quantity"":1},{""product"":""Candle Bloom 1000"",""quantity"":1}]",5559.52,11.82,-37.792702,145.010386,5,5293.36,Autumn,False,2.3389,"candle shift 178 was installed for video meetings and media streaming, but the wireless connection caused repeated disruptions. nearby devices connected during setup, yet the signal weakened in the room where meetings were held, producing frozen faces and broken speech. streaming in another room also paused whenever a call was active. the management application was slow to update, so it was difficult to tell whether a setting had actually changed. restarting the unit restored service for a short period, but dropouts returned without an obvious trigger. the casing stayed cool and the status light remained on, although neither provided useful reassurance when the network failed. candle shift 178 handles light browsing, but its poor coverage and unreliable performance make it unsuitable for calls or shared media.",False
CORD001002,CUS00136,2019-02-01,Bakers,"[{""product"":""Vela Halo 659"",""quantity"":1},{""product"":""Candle Quest 354"",""quantity"":1}]",667.49,9.8,-37.832075,145.003955,15,577.17,Summer,False,2.5719,"candle quest 1074 has worked well for online classes and video meetings. speech is clear enough to follow group discussions, and my microphone keeps me understandable without repeated adjustments. pairing with my computer was quick and reconnection has been dependable. the fit becomes slightly warm after a long session, but the clear audio and steady wireless performance are valuable.",True
CORD001003,CUS00148,2019-08-13,Thompson,"[{""product"":""Candle Edge 680"",""quantity"":1},{""product"":""Candle Orbit 1034"",""quantity"":1},{""product"":""Vela Halo 569"",""quantity"":3},{""product"":""Candle Bloom 1054"",""quantity"":1},{""product"":""Candle Flux 1098"",""quantity"":2}]",5322.92,13.33,-37.840604,144.919888,15,4537.81,Winter,False,3.9173,"candle edge 392 has become a useful surface for drawing and lightweight creative work. i can sketch ideas, make quick annotations, and review them later without setting up a larger workstation. the screen gives the activity enough room to feel natural, and the response has stayed consistent during repeated use. i particularly like being able to move from a rough drawing to a reference image without changing devices. it is not intended for the most demanding creative projects, so i still use a fuller setup when a task becomes complex, but that boundary is clear. the tablet is comfortable to carry and has remained in good condition despite being moved between rooms. candle edge 392 has encouraged more spontaneous drawing and has provided a pleasant, practical tool for the lighter creative work i actually do.",True
CORD001004,CUS00152,2019-09-10,Bakers,"[{""product"":""Candle Flux 1098"",""quantity"":1}]",796.24,12.55,-37.855722,145.048683,25,609.73,Spring,False,6.9201,"the candle quest 984 has been playing music in our shared room for about six weeks, and it compares favourably with the small speaker i used before. it fills the space without requiring anyone to sit directly beside it, which suits our habit of moving between the table, sofa, and kitchen. the sound is pleasant for everyday playlists, podcasts, and background music, and voices remain understandable when we switch away from songs. what makes candle quest 984 more useful than my old speaker is the way it fits into group listening. i can connect it without moving furniture, and another person can take over the music without turning the whole routine into a technical task. we have used it during quiet work, casual meals, and weekend cleaning. it is not a dramatic room-filling system, but it gives the shared space a fuller feel than a phone or tiny desktop speaker. i compared it with a larger audio unit at a friend’s home. the larger product has more force at the lowest end and suits someone who wants music to dominate a room. candle quest 984 is more restrained, which is better for our shared use because conversation can continue. at very high volume, the sound loses some detail, so i keep it at a moderate level. that is also where the unit sounds most balanced. the body has been moved between shelves several times without becoming loose or awkward to handle. controls are easy to find, although the buttons are less distinct when the room is dark. i have not needed support, and daily playback has remained steady. people seeking concert-level impact may want something larger, but for shared-room music the candle quest 984 offers a convenient balance of clear voices, manageable size, and uncomplicated use.",True
CORD001005,CUS00012,2019-01-03,Bakers,"[{""product"":""Candle Bloom 1054"",""quantity"":1},{""product"":""Candle Bloom 1000"",""quantity"":1},{""product"":""Candle Orbit 1034"",""quantity"":2},{""product"":""Vela Halo 569"",""quantity"":1},{""product"":""Candle Flux 990"",""quantity"":1}]",5673.07,11.61,-37.793576,144.979262,15,4833.72,Summer,False,2.3027,"vela nova 915 was intended to control a household outlet on a schedule, but the automation has been a persistent source of frustration. during the first few weeks, some scheduled changes happened late and others did not happen at all. i had to open the control app and check the outlet manually, which defeats the purpose of leaving a routine in place. reconnecting the device sometimes restores the schedule, but the same failure returns without warning. the setup instructions were brief and left several settings unclear, so finding the cause took unnecessary effort. manual switching is available, although the response can be delayed and the app does not always show the current state immediately. that uncertainty makes it difficult to use vela nova 915 for anything that needs dependable timing. i also dislike having to inspect the outlet before leaving home because i cannot trust the planned routine. the unit has remained physically intact, but reliable scheduled control is the reason i bought it. vela nova 915 is inconsistent, awkward to manage, and not suitable for a household that needs predictable automation.",False
CORD001006,CUS00449,2019-07-28,Bakers,"[{""product"":""Candle Orbit 656"",""quantity"":1},{""product"":""Candle Quest 354"",""quantity"":1},{""product"":""Candle Edge 680"",""quantity"":1},{""product"":""Candle Bloom 1054"",""quantity"":1},{""product"":""Vela Halo 659"",""quantity"":2}]",5895.51,28.38,-37.753772,144.98402,5,5629.11,Winter,True,6.329,"the vela halo 569 has been useful whenever i carry my phone and small accessories between home, work, and short trips. the interior has enough space for the device, a cable, and a few small items without forcing the zip closed. padding gives the phone a separate layer of protection from the other objects in my bag, and the exterior has handled being placed on tables and packed beside clothing without showing much wear. i like the compact shape because it slips into a larger bag rather than taking over the available space. the zip moves smoothly, although the pull is small enough that i use two fingers when opening it quickly. the lining is easy to shake clean, and the case has kept its shape after being compressed in luggage. it is storage rather than a full organiser, so anyone carrying many chargers may need something larger. for ordinary travel, the vela halo 569 has kept my phone secure, accessible, and separated from the clutter that usually gathers in a bag.",True
CORD001007,CUS00388,2019-09-10,Bakers,"[{""product"":""Vela Halo 569"",""quantity"":1},{""product"":""Candle Quest 498"",""quantity"":1},{""product"":""Candle Orbit 1034"",""quantity"":1},{""product"":""Candle Bloom 1000"",""quantity"":1}]",3855.18,9,-37.821741,145.013234,25,2900.38,Spring,False,2.0509,"vela core 939 has simplified my desk by letting several devices share one compact adapter. i use it with a laptop, phone and storage accessories, and connections have remained steady during ordinary work. it is light enough to carry between rooms, while the casing feels solid when plugged and unplugged regularly. the ports are close together, so larger connectors can crowd each other. even so, it is a useful space-saving accessory for everyday setups.",True
CORD001008,CUS00365,2019-11-24,Nickolson,"[{""product"":""Candle Orbit 1034"",""quantity"":1},{""product"":""Candle Flux 990"",""quantity"":1},{""product"":""Candle Bloom 1000"",""quantity"":1}]",4492.21,12.06,-37.874633,144.964738,20,3605.83,Spring,False,6.2455,"vela pulse 991 has handled the everyday communication needs of our family with very little trouble. calls are straightforward, messages arrive promptly, and the phone is responsive for the casual apps we use between errands and household tasks. i have passed it between family members, and the main settings are simple enough that everyone can find what they need. the screen is comfortable for reading messages and checking maps, while the device remains practical to carry around during the day. i also appreciate being able to organise the home screen so less frequent users are not faced with unnecessary clutter. the camera and other extras are not the reason i chose it, and i have not tested every feature extensively. for staying in touch, checking information and using ordinary apps, vela pulse 991 has been a steady choice. it has supported our routine well and feels like a sensible phone for shared family use.",True
CORD001009,CUS00367,2019-04-10,Bakers,"[{""product"":""Candle Edge 680"",""quantity"":1},{""product"":""Candle Bloom 1000"",""quantity"":1},{""product"":""Vela Halo 659"",""quantity"":2}]",4596.66,11.65,-37.836553,145.054171,5,4378.48,Autumn,False,5.9598,"vela spark 567 has been useful on walks and during my commute because messages appear without forcing me to take out my phone. the display is readable indoors, and the vibration is noticeable without being startling. i have also found the timekeeping straightforward, with controls that do not take much learning. walking summaries are a reasonable overview, but i would not treat them as precise records; some shorter trips were represented differently from what i expected. the strap remains comfortable for ordinary wear, though it feels warm after a long afternoon. charging is simple, but the battery indicator changes rather quickly near the end. it covers notifications and basic activity awareness well, while the health features remain fairly limited.",True
CORD001010,CUS00377,2019-08-05,Bakers,"[{""product"":""Candle Quest 498"",""quantity"":1},{""product"":""Vela Halo 569"",""quantity"":1},{""product"":""Vela Halo 659"",""quantity"":1},{""product"":""Candle Orbit 1034"",""quantity"":1}]",2304.05,14.36,-37.822682,145.05139,0,2318.41,Winter,False,5.1307,"candle orbit 1034 has been a convenient choice for music playback in our shared room. it starts quickly, sounds clear at ordinary volume and is simple enough for everyone to operate. the unit does not deliver especially strong bass, so it is better for background listening than for a full party. within that role, it has worked consistently and made everyday music more enjoyable.",True
CORD001011,CUS00347,2019-07-14,Nickolson,"[{""product"":""Candle Quest 498"",""quantity"":1},{""product"":""Candle Quest 354"",""quantity"":3},{""product"":""Candle Bloom 1000"",""quantity"":1},{""product"":""Vela Halo 569"",""quantity"":2}]",4630.69,10.42,-37.815268,144.965774,10,4178.04,Winter,False,0.4969,"the vela atlas 161 has been in my pocket for just over a month, long enough for it to become familiar in ordinary situations rather than only during the first enthusiastic days. i mainly chose it for mobile photography and messaging, and both uses have fitted neatly into my routine. the camera starts quickly when i want to capture something unexpected, and daylight photographs retain enough detail for sharing or keeping as memories. i have taken pictures indoors, on walks, and during evening meals, with the results varying naturally with the available light but remaining pleasing for everyday use. messages arrive promptly, the keyboard is responsive, and conversations are easy to manage when several threads are active. i have also appreciated the way the vela atlas 161 handles small daily transitions. moving from a camera view to a message, checking a notification, and returning to another task feels smooth, so the phone does not interrupt the moment i am trying to record. its size works well for one-handed use, although i sometimes adjust my grip for the upper part of the screen. the battery has covered my usual day of calls, messages, photos, and browsing, though a busy day with extensive camera use requires more attention before bedtime. that is a reasonable trade-off for a phone that i carry constantly. i have not encountered any confusing behaviour or unreliable connection during regular use. the vela atlas 161 is not positioned as a specialist camera, but as a practical 5g smartphone for photography, conversation, and quick communication, it has served me with reassuring consistency.",True
CORD001012,CUS00400,2019-07-12,Bakers,"[{""product"":""Candle Quest 498"",""quantity"":2}]",2616.66,15.9,-37.76082,145.043942,15,2240.06,Winter,False,6.9443,"vela atlas 413 has been in our living area for sixteen days, mostly handling music and spoken-content playback while the household gets on with other things. i chose it because i wanted something that could fill the room without requiring me to sit directly beside it. during breakfast i use it for music, and later in the day it is useful for listening to programmes while cooking or sorting laundry. that has made the room feel more welcoming without turning playback into a formal activity. the display is convenient when i want to check what is playing, but i do not have to keep looking at it. i have moved it between a shelf and a side table while settling on a spot, and the unit has stayed secure and presentable. spoken content remains understandable during ordinary household noise, and music has been pleasant for background listening. different people in the house have used it at different times, so it has been reassuring that the basic controls do not feel mysterious after a few days away from them. i have found that louder listening is less suitable when people are talking nearby, so i keep the volume moderate in our shared space. that is a normal consideration for any room-based speaker rather than a serious flaw. vela atlas 413 has become part of our evening pattern in a very natural way. it provides the kind of dependable background entertainment i wanted, and i am glad we chose it for the living area.",True
CORD001013,CUS00088,2019-09-11,Nickolson,"[{""product"":""Candle Bloom 262"",""quantity"":1},{""product"":""Candle Quest 498"",""quantity"":1}]",2426.6,20.07,-37.842133,144.981976,10,2204.01,Spring,True,2.8357,"candle edge 536 is the first portable gaming device i have used that feels suited to travel rather than merely small enough to carry. i compared it with a compact setup i previously packed for trips, and the difference was visible in the amount of preparation required. candle edge 536 lets me start playing without arranging several separate pieces, while its controls leave enough room for comfortable handling. the older setup was workable, but it felt cramped whenever a session lasted more than a short break. i have carried candle edge 536 between rooms, used it during travel downtime, and played both quick games and longer sessions. the controls respond consistently, and the screen remains readable in ordinary indoor light. the built-in audio is sufficient for casual play, although i prefer headphones in busy places. its body is not feather-light, and the carrying case takes up space in a small bag, but that added size gives the device a more secure feel. i would rather carry a slightly larger unit than repeatedly adjust a fragile arrangement. the battery has suited short trips and several sessions, though demanding games naturally reduce the time between charges. charging is simple, and i have not needed to carry a collection of accessories. candle edge 536 does not offer the same broad workspace as a desktop, and anyone who plays only at home may prefer larger equipment. for travel, however, the comparison favours this device. it combines a comfortable control layout, dependable response, and sensible portability in one piece of hardware. the few compromises are predictable for a portable design, while the convenience of taking a complete gaming experience with me has made candle edge 536 an easy part of my travel bag.",True
CORD001014,CUS00151,2019-07-05,Nickolson,"[{""product"":""Candle Orbit 1034"",""quantity"":1},{""product"":""Candle Quest 498"",""quantity"":1},{""product"":""Vela Halo 569"",""quantity"":1},{""product"":""Candle Orbit 656"",""quantity"":1}]",4301.4,10.95,-37.827254,144.976104,20,3452.07,Winter,False,1.1218,"the vela pulse 955 has made my lighting routine pleasantly simple. i installed it in the main room and now use the app to switch the lights before settling down, without walking back to the wall control. commands usually take effect promptly, and creating a softer evening setting takes only a few taps. after several weeks, the connection has remained steady in my daily use. the app layout is mostly clear, although the first setup took a little patience. for convenient room lighting, this has been a worthwhile addition.",True
CORD001015,CUS00225,2019-02-03,Thompson,"[{""product"":""Candle Edge 680"",""quantity"":1},{""product"":""Candle Flux 990"",""quantity"":1},{""product"":""Vela Halo 569"",""quantity"":2},{""product"":""Vela Halo 659"",""quantity"":1}]",4908.74,9.28,-37.800393,144.960836,10,4427.15,Summer,False,1.8241,"candle flux 900 has handled my document work and video meetings across home, office, and several trips without fuss. the slim body slips into my work bag easily, yet the keyboard still gives enough room for sustained typing and editing. documents open quickly, browser tabs remain manageable, and calls have been smooth for ordinary meetings. the display is pleasant for reviewing reports, and the camera and microphone have made it possible to join meetings without connecting extra equipment. i particularly value how quickly it wakes when i need to make a note between appointments. the charger is another item to pack, and the speakers are less impressive for entertainment than for voices, but neither point matters much for my work. after weeks of carrying it around, candle flux 900 feels portable, composed, and capable of supporting a busy document-based routine.",True
CORD001016,CUS00396,2019-06-15,Bakers,"[{""product"":""Candle Bloom 1000"",""quantity"":1},{""product"":""Candle Bloom 1054"",""quantity"":2},{""product"":""Candle Orbit 1034"",""quantity"":1},{""product"":""Candle Flux 1098"",""quantity"":1}]",4093.7,16.13,-37.858063,145.050439,5,3905.14,Winter,False,7.2162,"candle orbit 908 improved my home-office wireless coverage compared with the older unit positioned near the main connection. before the change, the office signal weakened whenever i moved farther from that room, and video meetings were less consistent from the back part of the house. i compared it with using the old unit and with relying on a phone connection in the weaker area. candle orbit 908 offered the most practical solution because it kept my regular devices on the household network while reaching the places where i actually work. setting it up involved choosing a better position and reconnecting devices one at a time. the process took longer than plugging in the previous unit, but the instructions made the sequence understandable. i tested it from the office, a nearby hallway, and the room where i sometimes take meetings. coverage felt more even across those locations, and moving with a laptop no longer required me to search for the strongest spot. streaming and ordinary browsing also stayed usable while another person was working elsewhere, which made the improvement noticeable to the whole household. the unit is not especially small, and i did not need every available setting. i left the advanced choices alone after the basic network was working. compared with the previous unit and the phone workaround, candle orbit 908 gives a more capable foundation for a home office. it has made my working routine less interrupted, and the two-year warranty is a reassuring addition for equipment that remains in use every day.",True
CORD001017,CUS00434,2019-02-07,Thompson,"[{""product"":""Candle Orbit 656"",""quantity"":2},{""product"":""Candle Bloom 1054"",""quantity"":1},{""product"":""Vela Halo 659"",""quantity"":1}]",5238.68,11.57,-37.768267,144.93275,15,4464.45,Summer,False,5.0955,"i compared vela ridge 113 with the small speaker display it replaced, using both for music and spoken programmes over thirty-four days. the older display handled short listening sessions, but the screen was too limited to make browsing or checking what was playing worthwhile. vela ridge 113 presents the current content in a more readable way, and moving between music and spoken audio takes fewer attempts. that makes it especially convenient while i am cooking or tidying and do not want to reach for another device. the sound is not room-filling, but voices remain distinct and music has enough presence for ordinary indoor listening. i found the difference most helpful with interviews and longer talks, where the previous speaker could make speech feel thin. the controls respond quickly for play and pause, and the display gives me useful context without becoming a distraction. brightness can still feel excessive in a dark room, so i lower it in the evening. vela ridge 113 is more specialised than a full entertainment system, and it cannot replace one for serious music sessions. compared with the older display, though, it combines playback and visual guidance in a much more satisfying package. after a month of regular use, i use it for both background music and spoken content rather than leaving it idle. the small display, clear voice playback, and simple controls make vela ridge 113 a worthwhile step forward.",True
CORD001018,CUS00187,2019-01-12,Bakers,"[{""product"":""Candle Edge 680"",""quantity"":1},{""product"":""Candle Orbit 656"",""quantity"":1},{""product"":""Candle Flux 990"",""quantity"":1},{""product"":""Vela Halo 569"",""quantity"":1}]",6757,12.49,-37.771208,145.049345,0,6769.49,Summer,False,6.4197,"candle orbit 980 has settled into my home-office routine after several weeks of shared administration work. i use it for correspondence, forms, calendar checks and occasional calls, while another person in the household uses it for similar tasks. compared with the older notebook we had been passing between us, the first advantage is practical: it is lighter to move from the desk to the dining table, starts without much fuss, and leaves enough room on screen to keep a document beside a reference page. that makes short jobs feel less interrupted. the keyboard experience is the part i judge most carefully. for quick replies and entering information it is comfortable enough, and the tablet responds well when i move between fields. longer typing sessions still remind me that this is an ultrabook-style portable computer rather than a large office workstation; i prefer a proper desk for extended reports. even so, the hinge and compact shape make it easy to adjust the viewing angle, and the screen stays pleasant when i am checking small text or working near a window. shared use has exposed useful differences. the candle orbit 980 feels quieter and less cumbersome during video calls, and its camera gives colleagues a clear, ordinary view without much adjustment. it handles the browser tabs and administrative pages i normally keep open without the stuttering that made the old notebook frustrating. i have not needed support, but the 24-month warranty is a worthwhile safety net for a machine used by more than one person. the finish marks more easily than i expected, so i wipe it down regularly. a larger laptop would still win for all-day typing, and a tablet would be easier to carry around the house, but neither fits this shared middle ground as well. the candle orbit 980 combines portability, readable work space and calm everyday operation in a way that suits our routine. its limitations are easy to understand, and overall it has made home administration more manageable, so i would choose it again for this kind of use.",True
CORD001019,CUS00308,2019-02-27,Bakers,"[{""product"":""Vela Halo 569"",""quantity"":2},{""product"":""Candle Orbit 1034"",""quantity"":1},{""product"":""Candle Orbit 656"",""quantity"":1}]",3142.16,12.34,-37.841646,145.053294,10,2840.28,Summer,False,6.1961,"vela nova 123 has become the screen my family uses most often for evening streaming. the picture is pleasant from different seats, and menus respond quickly enough that nobody is left waiting while choosing a programme. we have used it for films, television, and occasional short videos, with sound that fills our room without needing to be pushed to an uncomfortable level. setup was simple, including joining the household network and arranging the applications we use most. the remote is fairly compact, though a few buttons are close together and take some familiarity. after more than a month, playback has remained stable and the display has not shown any distracting faults. it also wakes promptly when someone wants to watch something casually. vela nova 123 is not a cinema replacement, but it gives us an enjoyable shared viewing experience and has earned its place in the living room.",True
CORD001020,CUS00308,2019-08-26,Bakers,"[{""product"":""Candle Bloom 1000"",""quantity"":1},{""product"":""Candle Orbit 656"",""quantity"":1},{""product"":""Candle Bloom 262"",""quantity"":1}]",5196.17,15.27,-37.841646,145.053294,15,4432.01,Winter,False,6.1961,"vela nova 123 has become the screen my family uses most often for evening streaming. the picture is pleasant from different seats, and menus respond quickly enough that nobody is left waiting while choosing a programme. we have used it for films, television, and occasional short videos, with sound that fills our room without needing to be pushed to an uncomfortable level. setup was simple, including joining the household network and arranging the applications we use most. the remote is fairly compact, though a few buttons are close together and take some familiarity. after more than a month, playback has remained stable and the display has not shown any distracting faults. it also wakes promptly when someone wants to watch something casually. vela nova 123 is not a cinema replacement, but it gives us an enjoyable shared viewing experience and has earned its place in the living room.",True
CORD001021,CUS00087,2019-06-11,Thompson,"[{""product"":""Candle Quest 498"",""quantity"":1},{""product"":""Candle Flux 990"",""quantity"":1},{""product"":""Vela Halo 569"",""quantity"":1},{""product"":""Candle Orbit 656"",""quantity"":1}]",5813.93,15.89,-37.85059,144.884388,5,5539.12,Winter,False,6.934,"vela pulse 937 has been helpful for checking calendar alerts and short messages without reaching for my phone. notifications appear promptly during my workday, and i can decide whether something needs immediate attention before interrupting what i am doing. the display is clear indoors, and the band feels light enough to wear from morning through evening. setting up recurring reminders took a little exploration, but the arrangement has remained consistent once configured. i have also used it while walking, where a brief glance is more practical than handling a phone. longer messages still require the handset, and the small screen is not intended for detailed replies. battery use has fitted comfortably into my normal routine. vela pulse 937 has not transformed my day, but it has reduced unnecessary phone checking and provided a simple, dependable layer of awareness.",True
CORD001022,CUS00187,2019-10-27,Bakers,"[{""product"":""Candle Orbit 1034"",""quantity"":1},{""product"":""Candle Bloom 262"",""quantity"":1},{""product"":""Candle Edge 680"",""quantity"":1}]",3951.59,12.19,-37.771208,145.049345,10,3568.62,Spring,False,6.4197,"the vela atlas 665 has simplified the routine of controlling a household power outlet. i use scheduled switching for a lamp and a few devices, so the daily sequence happens without me remembering every step. creating and changing a schedule was straightforward, and the outlet responded consistently when i tested it at different times. i also like being able to make a temporary change when my evening routine differs from normal. the unit is compact enough not to dominate the surrounding socket, though bulky plugs beside it can make the area feel crowded. i have not used it for equipment that needs specialised power management, and i would keep that distinction in mind. for ordinary household items, however, the vela atlas 665 has been dependable and convenient. it has removed a small repeated chore from my day and has worked quietly in the background.",True
CORD001023,CUS00252,2019-10-11,Nickolson,"[{""product"":""Candle Bloom 1054"",""quantity"":1},{""product"":""Candle Flux 1098"",""quantity"":1},{""product"":""Candle Quest 354"",""quantity"":1},{""product"":""Candle Bloom 1000"",""quantity"":1}]",3464.71,12.08,-37.873961,144.983169,0,3476.79,Spring,False,6.2715,"vela atlas 485 has given me a convenient way to notice door and window activity without checking each area manually. the alerts arrive promptly enough for ordinary household awareness, and the app presents them in a way that is easy to understand later. i placed the sensors in the areas i care about most, then adjusted the notifications so normal movement would not become distracting. that setup took some thought, but once the routine was established the system became unobtrusive. the sensors are small and have stayed neatly in position during regular use. i treat the alerts as useful information rather than a replacement for sensible attention, which seems the right approach for any home device. vela atlas 485 has added reassurance and visibility to my daily routine. it is a practical system for keeping track of activity around doors and windows.",True
CORD001024,CUS00288,2019-01-11,Thompson,"[{""product"":""Candle Flux 990"",""quantity"":1},{""product"":""Candle Orbit 1034"",""quantity"":1},{""product"":""Candle Bloom 1054"",""quantity"":1}]",3126.22,9.76,-37.82237,144.921292,15,2667.05,Summer,False,2.5079,"candle arc 780 has become the computer i reach for when handling household forms, shared calendars, and routine administration. it fits neatly beside the paperwork on our desk and remains comfortable to use for a longer evening session. switching between documents and browser tabs has been straightforward, and video meetings have been clear enough for regular family and work conversations. the screen feels modest when several windows are open, but the laptop has been dependable for the everyday tasks it was bought to handle. i am pleased with the balance of portability and practicality.",True
CORD001025,CUS00261,2019-10-06,Bakers,"[{""product"":""Candle Orbit 656"",""quantity"":2}]",4524.12,20.06,-37.832742,145.009384,10,4091.77,Spring,True,2.8182,"the vela atlas 809 was intended to solve a simple desk problem: i wanted a device held at a more useful angle without placing it flat among papers and cables. assembly was quick, and i spent more time deciding where to position it than figuring out how it worked. the adjustable joints allowed me to raise and turn the mounted device until the screen sat in a comfortable place for reading and calls. i used it beside my main workspace for messages, reference material, and occasional video conversations. being able to change the angle during the day was helpful when the light moved across the room. the base stayed settled during ordinary use, and i did not have to keep one hand on the device while tapping the screen with the other. i have learned not to force the adjustment when it reaches its natural stopping point, but that is a reasonable habit with a movable mount. the vela atlas 809 also made the desk easier to tidy. papers can pass underneath it, and the device is no longer constantly sliding between other objects. a visiting family member adjusted it without asking for instructions, which is a good sign for everyday usability. it is not a heavy-duty stand for every possible device or workspace, and anyone expecting a rigid permanent installation may want something different. for adjustable positioning at my desk, it has been practical, unobtrusive, and satisfying to use. after fifteen days, i consider it a worthwhile little purchase.",True
CORD001026,CUS00262,2019-05-03,Bakers,"[{""product"":""Vela Halo 659"",""quantity"":1},{""product"":""Vela Halo 569"",""quantity"":2}]",562.89,38.1,-37.851668,145.052876,5,558.1,Autumn,True,6.863,"vela atlas 521 has made my work calls and calendar routine easier to manage. calls connect promptly, appointments are visible without much searching, and notifications arrive consistently through the day. the phone is comfortable to carry and quick enough for switching between messages and calendar entries. i occasionally wish the screen were larger for detailed schedules, but its dependable everyday performance has left me pleased.",True
CORD001027,CUS00309,2019-11-23,Thompson,"[{""product"":""Candle Bloom 1054"",""quantity"":1},{""product"":""Candle Orbit 656"",""quantity"":2},{""product"":""Candle Bloom 1000"",""quantity"":1}]",6789.81,25.11,-37.74454,144.877462,15,5796.45,Spring,True,9.7376,"vela atlas 1025 has become a quiet part of managing our home. i placed it in the living area first, then moved it near the study when i wanted to compare how the rooms felt during the day. the temperature and humidity readings update without much fuss, and the display is readable from across the room. it has helped me notice when the air feels too dry and decide when to open a window or adjust the heater. setup was straightforward, and the unit has continued reporting consistently through ordinary household activity. the readings do not replace a full weather station, and the casing is fairly plain, but that simplicity suits its purpose. vela atlas 1025 gives me practical information without demanding constant attention, and i am pleased with its steady performance.",True
CORD001028,CUS00387,2019-03-22,Thompson,"[{""product"":""Candle Quest 498"",""quantity"":2},{""product"":""Candle Orbit 1034"",""quantity"":2},{""product"":""Candle Bloom 1054"",""quantity"":1}]",4230.35,14.65,-37.798375,144.881642,10,3821.97,Autumn,False,5.9639,"after thirty-three days with the vela nova 627, i would choose my previous tracker again. this device is designed for exercise session summaries, yet the experience has been awkward from the first week. starting a session takes too much attention, and the screen is difficult to read when i am moving. i often finish an exercise block unsure whether the recording is still running, which makes the summary feel unreliable and adds to the doubt. the comparison is worse during ordinary training. my older device showed a session status at a glance; the vela nova 627 leaves me checking and tapping several times. a summary does appear after a session, and that basic function operates, but the result can omit parts of an activity or split one session into separate entries. when i tried shorter walks and longer indoor workouts, the same uncertainty returned. i cannot tell whether the fault is the controls, the recording process, or the way the information is presented, and that uncertainty is frustrating. comfort has also been a drawback. the casing becomes noticeable after extended wear, while the strap needs repeated adjustment to stop it shifting. that movement is especially irritating during faster exercise. the display and controls feel less responsive than i expected, so correcting a mistaken tap is an awkward chore. i have not found a dependable routine that removes these problems. the echo family styling is unremarkable, and the supplied vela warranty does little to change my view of the product. i contacted support after the inconsistent summaries appeared, but the response did not provide a convincing explanation or a practical remedy. there is no obvious reason to accept these compromises when a simpler tracker can avoid them. after a month of ownership, the vela nova 627 feels poorly suited to regular exercise, and i cannot recommend it.",False
CORD001029,CUS00163,2019-08-03,Thompson,"[{""product"":""Vela Halo 659"",""quantity"":1}]",264.71,17.07,-37.748253,144.899001,20,228.84,Winter,False,8.3161,"candle shift 952 has become part of my regular study routine for reading, highlighting, and handwritten notes. text remains comfortable over a long session, and the pen tracks my writing with little adjustment. i can organise annotations without carrying a stack of paper, which has made reviews more convenient. the screen reflects overhead lights in one corner of my room, but changing the angle fixes it. after continued use, it still feels responsive and dependable.",True
CORD001030,CUS00190,2019-12-10,Thompson,"[{""product"":""Candle Orbit 656"",""quantity"":1},{""product"":""Candle Bloom 262"",""quantity"":1}]",3380.33,13.86,-37.756801,144.88325,10,3056.16,Summer,False,8.3697,"vela nova 159 has made my desk arrangement more workable. i use a phone and another small device while writing, and previously they were either lying flat beside the keyboard or balanced against whatever object happened to be nearby. this stand gives both a defined position and makes it easier to adjust the viewing angle. compared with a fixed holder, it is more adaptable when i change from typing to reading, and compared with no stand it keeps the devices visible without taking much of my attention. the base feels steady during normal tapping, and the adjustment points have remained in place rather than slowly collapsing under the device. i have moved the stand between a work surface and a kitchen table, which is more convenient than installing a permanent mount. the raised position also leaves a little more room around the keyboard. vela nova 159 does not transform the desk, but it removes the minor awkwardness of constantly searching for a suitable place to put a phone. there are compromises. very heavy cases make the fit less certain, and the stand is not the right choice when i need a completely flat surface for drawing or gaming. adjusting it while a cable is attached can also require both hands. those are manageable limitations for my use. compared with a rigid holder and improvised stacks of books, vela nova 159 is the more flexible, tidy, and practical solution for positioning devices during ordinary desk work.",True
CORD001031,CUS00346,2019-01-10,Bakers,"[{""product"":""Candle Bloom 1000"",""quantity"":2},{""product"":""Candle Quest 354"",""quantity"":1}]",4034.46,12,-37.770051,145.036211,25,3037.85,Summer,False,5.718,"candle arc 186 has been excellent for gaming away from my desk. i have used it on journeys and in different rooms, and the compact design slips into a small bag without feeling delicate. games load quickly, controls respond accurately, and the display remains enjoyable during longer sessions. switching between play and ordinary browsing is straightforward, so i can check travel details without reaching for another device. the speakers are adequate in a quiet room, though headphones are preferable in busy surroundings. battery endurance varies with the game, but it has been sufficient for my usual trips. the casing has also survived being moved around regularly without developing creaks. candle arc 186 gives me a satisfying balance of portability, responsive play and practical everyday use.",True
CORD001032,CUS00227,2019-01-11,Bakers,"[{""product"":""Candle Flux 1098"",""quantity"":1},{""product"":""Candle Orbit 656"",""quantity"":2}]",5320.36,11.22,-37.820988,145.045655,20,4267.51,Summer,False,4.5948,"vela ridge 869 has kept my devices together and protected during several trips. the interior holds them securely, while the outer material has dealt with being placed in a crowded bag without obvious damage. the compartments are easy to reach and the case is not bulky to carry. the zipper feels a little stiff at first, yet it has been a practical travel accessory.",True
CORD001033,CUS00064,2019-03-03,Thompson,"[{""product"":""Candle Bloom 1054"",""quantity"":2},{""product"":""Candle Edge 680"",""quantity"":2},{""product"":""Candle Quest 354"",""quantity"":1},{""product"":""Candle Bloom 1000"",""quantity"":1}]",7621.12,14.57,-37.765475,144.917284,0,7635.69,Autumn,False,5.8646,"candle edge 554 has been unreliable for commuting and spoken-content listening. the connection drops when i move through crowded areas, then returns with a delay that causes missed words. podcasts and other spoken programs are especially difficult because the interruptions break sentences and make me rewind repeatedly. the controls are small and awkward to use while walking, and volume changes do not always register on the first attempt. background noise also exposes the weak clarity, so voices become difficult to follow unless the volume is pushed high. i kept testing it on different journeys, but the same problems continued. it produces sound and can connect to a device, yet those basic functions do not make it suitable for regular travel. candle edge 554 has made commuting more irritating, and its poor reliability leaves me unable to recommend it.",False
CORD001034,CUS00095,2019-05-04,Thompson,"[{""product"":""Candle Orbit 1034"",""quantity"":1},{""product"":""Vela Halo 659"",""quantity"":2},{""product"":""Candle Orbit 656"",""quantity"":1},{""product"":""Vela Halo 569"",""quantity"":1}]",3522.49,10.17,-37.821091,144.902119,0,3532.66,Autumn,False,4.0579,"vela halo 767 has been useful for walking reminders and checking notifications during my commute. the display is readable at a glance, and alerts arrive without requiring me to take out my phone. it is light enough for all-day wear and the strap has remained comfortable. charging takes a little more fiddling than expected, but it is not frequent. for basic everyday prompts, it has performed reliably.",True
CORD001035,CUS00138,2019-11-10,Nickolson,"[{""product"":""Candle Edge 680"",""quantity"":1},{""product"":""Candle Bloom 1000"",""quantity"":1}]",4067.24,12.39,-37.878158,144.981013,0,4079.63,Spring,False,6.6991,"i moved to vela wave 571 because i wanted one phone for work calls, messages, and calendar management. during the first week i transferred my usual contacts and appointments, then tested it through a normal sequence of calls and reminders. the process was straightforward, and the phone quickly became part of my workday. calls have been clear in the places where i usually take them, and calendar alerts arrive when expected without making the whole experience feel complicated. after using it for several weeks, i have found the screen comfortable for reading schedules and checking meeting details. the interface responds quickly to ordinary taps, and moving between a call, a message, and the calendar is generally smooth. vela wave 571 also handles navigation between appointments without fuss, which matters when i am moving around unfamiliar areas. the camera is perfectly adequate for quick reference pictures, although it is not the feature i use most. battery life has covered a busy day of calls and planning, with charging usually happening overnight. on especially active days i have needed a top-up before evening, but that has not disrupted my routine. the phone feels well assembled and fits easily in one hand, though the surface is slippery enough that i prefer a case. vela's warranty adds reassurance, and the overall experience has been positive. vela wave 571 keeps my communication and schedule together in a way that feels dependable rather than demanding.",True
CORD001036,CUS00398,2019-09-19,Bakers,"[{""product"":""Candle Flux 990"",""quantity"":1},{""product"":""Candle Bloom 1054"",""quantity"":1},{""product"":""Candle Quest 498"",""quantity"":1}]",3852.63,28.47,-37.793366,144.978619,10,3489.59,Spring,True,2.3558,"candle edge 1040 was meant to replace my older travel laptop for documents and presentations, but the comparison was disappointing from the first week. it starts basic office tasks and displays slides, yet it feels sluggish when several files are open together. switching between a browser, notes, and presentation software causes pauses that interrupt my preparation. the keyboard has a shallow, awkward feel, and the touchpad occasionally ignores a deliberate tap, which makes editing on a small table frustrating. the travel design also has problems that became obvious during repeated use. the screen is readable indoors, but reflections make it difficult to work near a window or in a bright meeting room. battery endurance varies sharply with ordinary presentation work, so i had to carry the charger more often than with the older machine. the charger and laptop fit into a bag without unusual bulk, but the case gathered marks quickly and did not inspire confidence when carried between rooms. for presentations, candle edge 1040 can show a prepared file and connect to a display, but those basic functions do not offset the unreliable pauses and awkward controls. compared with my previous laptop, it demands more patience for routine tasks and leaves less margin when work is time-sensitive. after twenty-two days i find the experience poor for travel-based work, regret the purchase, and cannot recommend candle edge 1040.",False
CORD001037,CUS00277,2019-04-19,Thompson,"[{""product"":""Candle Bloom 1000"",""quantity"":2},{""product"":""Candle Flux 1098"",""quantity"":1},{""product"":""Candle Quest 498"",""quantity"":2}]",7044.58,9.91,-37.781734,144.93083,0,7054.49,Autumn,False,3.7244,"vela halo 209 has given me a better position for my phone during desk work and calls. the angle can be changed without dismantling the mount, and the base remains stable when i tap the screen. i have moved it between a standing and seated arrangement several times, with no looseness developing. the adjustment range is not unlimited, and the holder is best suited to one device size, but it performs its main job very well.",True
CORD001038,CUS00385,2019-11-02,Thompson,"[{""product"":""Candle Quest 498"",""quantity"":1},{""product"":""Candle Orbit 1034"",""quantity"":1},{""product"":""Candle Bloom 1054"",""quantity"":1}]",2340.1,10.09,-37.78117,144.940366,15,1999.17,Spring,False,3.5521,"candle quest 282 has worked well as a shared tablet for family learning and browsing. different people in the household can pick it up and begin reading, watching a lesson, or looking something up without a lengthy explanation. the screen is comfortable for text and video, and the size makes it easier to pass around than a laptop. i have also found it useful at the kitchen table for quick research while cooking or helping with homework. everyday browsing has stayed responsive, and the battery has covered our normal sessions without constant charging. the speakers are suitable for lessons and casual viewing, though headphones are preferable when several people are doing different things nearby. that is a reasonable compromise for a shared device. candle quest 282 has earned its place because it is approachable, versatile, and able to support several members of the family without becoming complicated.",True
CORD001039,CUS00216,2019-07-09,Thompson,"[{""product"":""Candle Orbit 1034"",""quantity"":2},{""product"":""Candle Quest 498"",""quantity"":1}]",2472.17,13.81,-37.781901,144.914177,25,1867.94,Winter,False,4.4789,"candle edge 770 has handled my creative projects and media editing with an encouraging level of ease. i have used it for organising photographs, preparing short videos, and refining documents, and the interface stays responsive during the ordinary transitions between those tasks. the screen gives me enough room to work without making the laptop awkward to carry, while the keyboard remains comfortable for longer writing sessions. it is also quiet during lighter work, which matters when i am editing in a shared room. more demanding projects can make the fan noticeable, and i would still use a larger workstation for a major production, but that is outside the role i bought it for. after several weeks, the hinge and finish still feel solid despite frequent movement around the house. candle edge 770 has become a capable, dependable tool for mobile creative work.",True
CORD001040,CUS00231,2019-05-01,Thompson,"[{""product"":""Candle Flux 1098"",""quantity"":1},{""product"":""Vela Halo 569"",""quantity"":1},{""product"":""Vela Halo 659"",""quantity"":1},{""product"":""Candle Flux 990"",""quantity"":2}]",5398.94,24.61,-37.879636,144.901119,15,4613.71,Autumn,True,8.4688,"candle edge 158 has improved the wireless coverage around my home office and made movement between rooms less inconvenient. calls remain stable when i step away from the desk, and documents or messages continue loading in areas where the signal used to feel uncertain. setup was clear enough to complete without outside help, and my existing devices joined the network after only a few attempts. the connection has remained steady during work calls, browsing, and ordinary streaming, even when other household devices are active. the unit itself is plain and the indicator is more visible than necessary, but neither issue affects performance. i have appreciated not having to reposition equipment or reconnect repeatedly during the day. candle edge 158 has been a quiet improvement: it does not demand attention, yet it gives my home office the dependable reach i was missing.",True
CORD001041,CUS00411,2019-07-18,Bakers,"[{""product"":""Vela Halo 569"",""quantity"":1},{""product"":""Candle Flux 1098"",""quantity"":1},{""product"":""Candle Orbit 1034"",""quantity"":2}]",2109.17,13.47,-37.775311,144.980077,0,2122.64,Winter,False,4.0802,"candle lumen 400 replaced an older laptop that was still usable but increasingly awkward to carry between rooms. i compared them during document work, online meetings, and ordinary administration, and the newer device fits my portable routine better. candle lumen 400 is easier to move from a desk to the dining table, and i can begin work without spending much time arranging the setup. documents remain readable during longer sessions, while the camera and microphone have been suitable for video meetings. the older laptop had a more familiar keyboard, and i needed a few days to adjust to the feel of candle lumen 400. i also miss having more physical room around some of the connections. those are minor inconveniences rather than daily obstacles. the advantage is that the newer machine feels less burdensome when i am working away from my main desk, and it has handled my usual mixture of writing, browsing, and calls without complaint. after several weeks of ownership, i have used it for quiet planning as well as busier meeting days. it has remained responsive for that kind of work, and the portable design has encouraged me to change location instead of staying at one workstation. candle lumen 400 is not aimed at demanding specialist tasks, so i would look elsewhere for that purpose. compared with my previous laptop, it offers a more convenient balance for documents and video meetings, with only a modest adjustment period.",True
CORD001042,CUS00484,2019-08-11,Bakers,"[{""product"":""Candle Edge 680"",""quantity"":2},{""product"":""Candle Orbit 1034"",""quantity"":1},{""product"":""Candle Bloom 1054"",""quantity"":2},{""product"":""Vela Halo 659"",""quantity"":2}]",6513.84,27.25,-37.778771,145.03615,15,5564.01,Winter,True,4.9982,"candle vista 1046 has become the centre of my game-streaming setup, and it has handled both play and media capture with encouraging consistency. getting the system connected took some time because i wanted to arrange the display, controller, and capture sources neatly, but once configured the routine is simple. game footage remains watchable during longer sessions, and switching between gameplay and other media does not require a full restart. the controls are responsive enough for the kinds of games i play, while the capture function has made it much easier to save clips for later editing. i have also used it while talking with friends, and the basic communication features have behaved reliably. the fan becomes noticeable during heavier sessions, and the casing occupies more shelf space than a small streaming box would. those are manageable compromises for a device that combines several tasks. candle vista 1046 has made recording and sharing play feel more convenient, and it has performed beyond my initial expectations.",True
CORD001043,CUS00343,2019-05-31,Thompson,"[{""product"":""Candle Bloom 1054"",""quantity"":1}]",449.85,15.16,-37.753802,144.936681,20,375.04,Autumn,False,6.6095,"i bought vela pulse 415 to control a household power outlet on a schedule, mainly so a small appliance would switch on and off without daily attention. the outlet could be controlled manually after setup, but creating a dependable routine was much more difficult than expected. the first schedule appeared to save, then failed to trigger at the selected time. i removed it, rebuilt it, and checked the settings repeatedly, yet the result remained unreliable. on some evenings the outlet changed state late, while on others it stayed in the previous state until i opened the app and sent a manual command. that defeated the reason for installing an automated switch. the app also made the process awkward by placing the schedule controls away from the main device screen. i often had to move through several pages before finding whether a routine was active. the displayed state did not always match the physical outlet, so i could not tell whether the appliance was actually receiving power without checking it directly. this became a problem when i was away from home. i would look at the app, see an apparently normal status, and still worry that the outlet had ignored the latest instruction. restarting vela pulse 415 sometimes restored communication, but that was only a temporary answer. a second routine for another time of day produced the same disappointing pattern, with one event occurring and the next one being missed. the manual switch worked for basic on and off control, and the device did not stop responding completely, but scheduled operation was the feature i needed most. support provided reset instructions and asked me to recreate the routine, which repeated steps that had already failed. after twenty-three days of ownership, i had removed the schedules and returned to manual control. vela pulse 415 may function as a remotely operated outlet, but its unreliable automation and confusing status display make it a poor household solution.",False
CORD001044,CUS00042,2019-10-14,Thompson,"[{""product"":""Candle Orbit 656"",""quantity"":1}]",2262.06,10.99,-37.771143,144.932698,25,1707.54,Spring,False,4.7875,"vela halo 695 has made our blind routines more consistent and less repetitive. i set the opening and closing schedule, watched it operate for a few days, and then made a small timing adjustment. since that change, the routine has worked smoothly, while manual control remains available when needed. installation requires careful positioning, so it rewards patience at the start. once fitted, it has been a useful and pleasant improvement to the room.",True
CORD001045,CUS00388,2019-06-16,Bakers,"[{""product"":""Candle Bloom 1000"",""quantity"":1},{""product"":""Vela Halo 659"",""quantity"":1},{""product"":""Vela Halo 569"",""quantity"":2},{""product"":""Candle Orbit 1034"",""quantity"":1},{""product"":""Candle Bloom 1054"",""quantity"":2}]",3860.35,24.74,-37.821741,145.013234,10,3499.05,Winter,True,2.0509,"vela core 939 has simplified my desk by letting several devices share one compact adapter. i use it with a laptop, phone and storage accessories, and connections have remained steady during ordinary work. it is light enough to carry between rooms, while the casing feels solid when plugged and unplugged regularly. the ports are close together, so larger connectors can crowd each other. even so, it is a useful space-saving accessory for everyday setups.",True
CORD001046,CUS00299,2019-05-18,Thompson,"[{""product"":""Candle Orbit 1034"",""quantity"":1},{""product"":""Vela Halo 659"",""quantity"":2},{""product"":""Candle Quest 498"",""quantity"":1}]",2419.67,12.88,-37.759618,144.893709,20,1948.62,Autumn,False,7.536,"vela ridge 293 has served well in our spare room for presentations, family photos, and occasional viewing. text on slides remains sharp enough for a small group, and the brightness helps when the room is not fully dark. moving through photo folders feels responsive, so showing a sequence of pictures does not become an awkward pause between images. i have used it for work practice as well as relaxed evenings, and the display gives both situations a polished appearance. the controls are sensibly arranged, with settings that can be adjusted without reading a long manual. colours are not perfectly natural in every picture until i make a small adjustment, but the change is simple and the result is pleasing. over time it has remained dependable and has not developed any distracting behaviour. vela ridge 293 is a versatile screen for presentations and personal photos, and i am happy with the role it has taken in the room.",True
CORD001047,CUS00158,2019-09-28,Thompson,"[{""product"":""Vela Halo 569"",""quantity"":1},{""product"":""Vela Halo 659"",""quantity"":1},{""product"":""Candle Bloom 262"",""quantity"":1},{""product"":""Candle Flux 990"",""quantity"":1},{""product"":""Candle Orbit 656"",""quantity"":2}]",8150.64,23.09,-37.751218,144.962688,10,7358.67,Spring,True,6.97,"candle shift 376 has made team gaming more enjoyable for me. voice communication is clear enough to catch short instructions during competitive matches, and the controls respond naturally while i play. i have used it for longer sessions without major discomfort, though the fit needs a small adjustment when i change posture. background sounds can still come through in a lively room. even so, it delivers a smooth and dependable experience for playing with friends.",True
CORD001048,CUS00164,2019-04-18,Thompson,"[{""product"":""Candle Orbit 1034"",""quantity"":1},{""product"":""Candle Quest 498"",""quantity"":3}]",4506.91,9.28,-37.786629,144.951525,10,4065.5,Autumn,False,2.9223,"the vela pulse 973 has become the screen our family gathers around when we want to stream a film, watch a short programme, or share something from a phone. before using it, everyone tended to view separate screens, but the larger shared display has made evenings feel more social. starting a stream is straightforward, and the controls are simple enough that different members of the household can use them without asking for help. the picture is bright and pleasant for both animated material and ordinary programmes, while dialogue remains easy to follow at a moderate volume. i have also appreciated the way the display handles quick changes between content. moving from a family film to a short clip or a shared photograph does not turn into a long pause while menus reload. the vela pulse 973 has worked reliably during ordinary evenings, and the connection has remained stable while other devices are being used in the home. its stand feels secure on our cabinet, and the design is tidy rather than visually heavy. reflections are noticeable if the room is very bright, so we usually position it away from direct sunlight. the sound is suitable for casual viewing, though anyone looking for a richer cinema effect may want separate speakers. that is a reasonable boundary for an all-purpose display. setup took only a short period of learning, and since then the controls have become familiar to everyone. what i value most is the shared experience: children can show a favourite scene, adults can choose a programme, and photographs can be discussed together instead of passed from hand to hand. the vela pulse 973 has made home streaming more welcoming and has earned a central place in our evening routine.",True
CORD001049,CUS00317,2019-03-19,Bakers,"[{""product"":""Candle Quest 354"",""quantity"":2},{""product"":""Candle Quest 498"",""quantity"":1},{""product"":""Candle Orbit 656"",""quantity"":1}]",4375.95,21.9,-37.870138,145.015467,5,4169.55,Autumn,False,6.9195,"after several weeks with candle orbit 476, competitive play feels more controlled. controls respond quickly, and the headset connection has remained stable while i move between games. teammates hear my voice without asking me to repeat myself, which is the main reason i bought it. the ear cushions get warm during very long sessions, but they are comfortable for normal matches. it delivers the focused gameplay and communication i wanted.",True
CORD001050,CUS00108,2019-09-13,Nickolson,"[{""product"":""Candle Bloom 262"",""quantity"":1},{""product"":""Candle Orbit 656"",""quantity"":1}]",3380.33,21.78,-37.865208,144.970287,25,2557.03,Spring,True,5.1835,"candle shift 358 has strengthened wireless coverage around my home office. calls remain stable, devices connect promptly, and the rooms that previously had occasional weak service are now much more usable. setup was manageable and did not require much troubleshooting. the settings are a little dense, but once configured the network has been reliable.",True
CORD001051,CUS00476,2019-02-25,Bakers,"[{""product"":""Candle Quest 354"",""quantity"":2},{""product"":""Vela Halo 659"",""quantity"":1},{""product"":""Candle Bloom 1054"",""quantity"":1}]",1520.12,15.22,-37.852499,145.060894,0,1535.34,Summer,False,7.4559,"candle orbit 260 was used for study, research, and note taking, but routine academic work has been frustrating. browser pages reload slowly when several sources are open, and the system pauses while switching between notes and documents. searching through a long file can leave the screen unresponsive for several seconds. the keyboard has shallow keys that make extended typing uncomfortable, while the touchpad occasionally interprets a palm as a click. battery loss is also uneven, so i cannot rely on the remaining indicator during a long reading session. video meetings add more trouble because the wireless connection sometimes drops and the microphone needs to be reselected after reconnection. a single document can be written, but research rarely involves only one window. candle orbit 260 turns ordinary study into a sequence of delays and corrections. its poor endurance, awkward input, and unreliable connection leave me disappointed and unable to recommend it.",False
CORD001052,CUS00184,2019-02-24,Bakers,"[{""product"":""Candle Bloom 1000"",""quantity"":2},{""product"":""Candle Orbit 656"",""quantity"":1},{""product"":""Vela Halo 659"",""quantity"":1}]",6158.45,9.81,-37.790706,145.011599,5,5860.34,Summer,False,2.5824,"vela core 867 fits neatly into my walking and commuting routine. the band is light enough that i can wear it throughout the day, and the display is readable when i glance at it outdoors. notifications arrive promptly for the messages i care about, which saves me from checking my phone while crossing the city. i have also found the walking information helpful for keeping a consistent routine, especially on days when my route changes. pairing was quick, and the companion controls are simple to understand. after several weeks of daily wear, the device still looks tidy and the strap remains comfortable. the battery lasts through my usual schedule, though i prefer charging it before a particularly busy weekend. that small planning step is easy to manage. vela core 867 combines practical reminders, dependable timekeeping, and a comfortable fit in a way that suits everyday use.",True
CORD001053,CUS00412,2019-08-19,Nickolson,"[{""product"":""Candle Orbit 656"",""quantity"":1},{""product"":""Vela Halo 659"",""quantity"":1},{""product"":""Candle Quest 498"",""quantity"":2},{""product"":""Candle Bloom 1054"",""quantity"":1},{""product"":""Candle Bloom 1000"",""quantity"":1}]",7409.12,11.23,-37.807834,144.978883,25,5568.07,Winter,False,1.4505,"i have used candle bloom 352 every day for reading papers, marking passages, and keeping handwritten notes beside my keyboard. compared with a basic reading tablet, it feels much more purposeful for study because the annotation tools are close at hand and the writing surface does not feel like an afterthought. compared with carrying a notebook and a separate screen, it keeps the work in one place without making the session feel cluttered. the first few days were mainly about finding a comfortable pen angle and learning where my saved notes appeared. once that settled, the routine became quick. i can open a document, underline a paragraph, add a margin note, and return to the page without losing my place. the handwriting is not identical to paper, but it is responsive enough for planning, short calculations, and reminders. long reading sessions are also kinder to my desk because i am not constantly swapping between devices. what impressed me most was the balance between focused reading and practical writing. the display is calm, the menus stay out of the way, and the tablet feels light enough to move from my office to the kitchen table. i compared it with using my phone for reference, and the bloom 352 is far less distracting. it also handles a mixed routine better than a plain notebook, since annotations remain attached to the material i was reading. there are small limits. the writing area can feel narrow when i try to sketch a large diagram, and i still prefer paper for rough brainstorming. a few menu labels took a moment to understand. those are minor compromises rather than daily obstacles. after several weeks, candle bloom 352 has become the device i reach for when reading needs active notes, and i would choose it over a simple reader or a loose notebook for that job.",True
CORD001054,CUS00133,2019-04-03,Bakers,"[{""product"":""Candle Quest 354"",""quantity"":1},{""product"":""Vela Halo 569"",""quantity"":1},{""product"":""Candle Flux 990"",""quantity"":1},{""product"":""Candle Orbit 1034"",""quantity"":1}]",3228.24,23.15,-37.752187,145.012323,0,3251.39,Autumn,True,6.6012,"vela halo 821 has handled my work calls and calendar reminders without fuss. voices remain intelligible during calls, and appointments are quick to enter while i am moving between tasks. the screen is comfortable for checking a busy day, and the phone has stayed responsive after regular use. the outer finish marks easily, but that is a minor cosmetic issue beside the reliable everyday performance.",True
CORD001055,CUS00423,2019-03-12,Thompson,"[{""product"":""Candle Bloom 1054"",""quantity"":1}]",449.85,13.32,-37.740175,144.956831,0,463.17,Autumn,False,8.1069,"we have used the vela spark 1053 for shared film and television viewing, and the large display gives everyone a comfortable view from the sofa. menus respond promptly and the picture remains pleasing in ordinary indoor light. sound is adequate, though dialogue can feel thin without separate speakers, and the reflective surface catches lamps. it is not a perfect cinema setup, but it has made casual family viewing simple and enjoyable over time.",True
CORD001056,CUS00353,2019-10-23,Bakers,"[{""product"":""Candle Edge 680"",""quantity"":1},{""product"":""Candle Flux 990"",""quantity"":1},{""product"":""Candle Flux 1098"",""quantity"":2},{""product"":""Vela Halo 569"",""quantity"":1}]",6087.42,20.82,-37.775372,144.990798,5,5803.87,Spring,True,3.8697,"vela atlas 611 has been a reliable phone for mobile photography and messaging. daylight photos look natural, and sharing them in conversations is quick enough for family updates. the screen is comfortable for reviewing pictures, while the body remains manageable during one-handed replies. indoor shots need a steadier hand, but that is a minor limitation. for ordinary snapshots and communication, it has been a satisfying companion.",True
CORD001057,CUS00112,2019-08-26,Nickolson,"[{""product"":""Vela Halo 659"",""quantity"":2}]",529.42,13.39,-37.850638,144.990101,0,542.81,Winter,False,3.994,"candle arc 852 has become my preferred device for reading articles and marking up documents. handwritten notes feel natural, and i can return to an annotated page without losing my place. the screen is slightly cramped when i view two documents together, yet single-page work is comfortable. after 47 days, it has made study sessions more focused and productive.",True
CORD001058,CUS00069,2019-06-13,Thompson,"[{""product"":""Candle Orbit 1034"",""quantity"":1},{""product"":""Vela Halo 569"",""quantity"":2},{""product"":""Candle Edge 680"",""quantity"":1},{""product"":""Candle Bloom 1054"",""quantity"":1}]",3581.35,11.69,-37.797848,144.934327,10,3234.91,Winter,False,1.9926,"vela nova 249 has been useful in our shared workspace when someone needs to view a phone while keeping both hands free. the base sits securely on the desk, and the support holds the device at a practical angle for reading messages, following a recipe, or joining a short call. i have moved it between workstations several times, and the adjustment has remained straightforward rather than stiff. it occupies little space beside a keyboard, which matters when several people share the same surface. the holder accommodates the phones we normally use, although a particularly thick case makes the fit tighter. it is not designed for carrying around, so i treat it as a desk accessory rather than a travel item. vela nova 249 has made reference information easier to see and has stopped phones from sliding between papers and cables. its simple construction suits the job, and it has added a small but noticeable improvement to our shared work area.",True
CORD001059,CUS00244,2019-12-23,Bakers,"[{""product"":""Candle Bloom 1000"",""quantity"":2},{""product"":""Candle Flux 990"",""quantity"":1},{""product"":""Candle Quest 354"",""quantity"":2},{""product"":""Vela Halo 659"",""quantity"":1}]",6796.4,10.62,-37.823437,145.034307,10,6127.38,Summer,False,3.7437,"i bought candle shift 106 for long desktop gaming sessions and have now used it through a month of ordinary evenings and a few much longer weekends. the first impression was fairly ordinary: setup took little effort, the unit sat securely on my desk, and the controls became familiar after a short while. nothing about it felt surprising, but i was able to start playing without spending the evening adjusting everything. during shorter games it has behaved consistently. the response feels even enough for casual play, while longer sessions reveal a mixed picture. the general layout is comfortable, although one area feels slightly cramped when i am concentrating for several hours. i have not found the operation unreliable, yet i do occasionally pause to reposition my hands. that is a small inconvenience rather than a serious fault, and it depends on how intensely i am playing. build quality seems adequate for regular home use. it has survived being moved between the main desk and a temporary setup without developing looseness or visible damage. i appreciate that it does not demand constant attention, though i would have preferred a little more refinement in the fit and finish. the included warranty also makes the purchase feel less exposed if something changes later. after thirty days, my view remains balanced. candle shift 106 does the central job it was designed for and has become part of my routine, but it has not transformed the experience or removed every ergonomic compromise. i would keep using it for desktop gaming, with realistic expectations about the small comfort limitation.",True
CORD001060,CUS00134,2019-07-28,Nickolson,"[{""product"":""Candle Flux 1098"",""quantity"":3},{""product"":""Candle Orbit 1034"",""quantity"":1},{""product"":""Candle Edge 680"",""quantity"":1},{""product"":""Candle Bloom 1000"",""quantity"":1},{""product"":""Candle Flux 990"",""quantity"":1}]",9132.33,28.16,-37.865664,145.004639,5,8703.87,Winter,True,6.0734,"the vela pulse 523 has worked well for shared film and television viewing in our living room. the picture is clear from the seats we normally use, and the menus are simple enough that different family members can choose something without needing assistance. streaming starts promptly in our usual setup, and moving between programs has been smooth during regular evenings. the screen size makes it comfortable for several people to watch together, while the overall design fits neatly into the room. i have also appreciated the straightforward controls when pausing for conversation or returning to a program later. the built-in sound is suitable for casual viewing, although a separate audio setup would give more depth for someone seeking a cinema-style experience. after regular use, the device has remained responsive and consistent. the vela pulse 523 has provided an inviting shared viewing experience and has become an easy choice for family evenings.",True
CORD001061,CUS00084,2019-07-18,Bakers,"[{""product"":""Candle Flux 1098"",""quantity"":1},{""product"":""Candle Orbit 656"",""quantity"":1},{""product"":""Candle Bloom 262"",""quantity"":1}]",4176.57,16.21,-37.85436,145.056593,25,3148.64,Winter,False,7.3058,"vela spark 279 has stopped the charging cables on my desk from sliding behind furniture or tangling together. each lead stays in its place, and i can remove one without disturbing the others. it attaches firmly and looks unobtrusive beside the monitor. very stiff cables need more careful positioning, but ordinary leads fit well. this is a small accessory that has made my daily workspace noticeably neater.",True
CORD001062,CUS00028,2019-02-10,Thompson,"[{""product"":""Vela Halo 659"",""quantity"":1},{""product"":""Candle Quest 498"",""quantity"":1},{""product"":""Candle Flux 1098"",""quantity"":1},{""product"":""Vela Halo 569"",""quantity"":2}]",2667.46,20.39,-37.824324,144.911118,0,2687.85,Summer,True,3.4133,"vela spark 495 has made the blind and curtain routines in my home more consistent than the manual schedule i was trying to maintain. i set routines for the morning and evening, then adjusted them when my daily pattern changed. the movements have followed the expected sequence, and i no longer have to remember every room separately. compared with the previous manual approach, the greatest benefit is not having to cross the house to make a small adjustment. i have used the controls from the sofa, while preparing breakfast, and before leaving for the day. the response is generally prompt, and the routines have continued through repeated use rather than working only during the first few days. i also tested different timings to see whether the system suited real household habits. it handled a simple single-room routine particularly well, while a more complicated sequence needed a little patience during setup. the instructions could provide clearer examples for unusual curtain arrangements, and the device is less useful if the existing hardware is awkward to move. those points are worth knowing, but they have not outweighed the convenience. another basic automation option would have required more manual checking, so vela spark 495 feels like the better fit for my home. it has quietly removed a repetitive task without making the room feel over-automated. after eighteen days, the routines are now part of the household rhythm, and i would choose this approach again for similar blinds or curtains.",True
CORD001063,CUS00130,2019-09-06,Thompson,"[{""product"":""Candle Bloom 1000"",""quantity"":1}]",1815.84,10.24,-37.797678,144.908813,0,1826.08,Spring,False,3.7518,"candle quest 642 has been enjoyable for sketches, handwritten ideas, and other lightweight creative work. the screen gives enough room for a natural drawing posture, and lines appear promptly as i work. it is easy to carry when inspiration strikes away from my desk, and switching to note-taking is quick. the surface can feel warm during extended drawing, though it never became uncomfortable. i would choose a more specialised tool for demanding projects, but for everyday creative work this tablet is reliable and useful.",True
CORD001064,CUS00043,2019-08-25,Bakers,"[{""product"":""Candle Quest 354"",""quantity"":2},{""product"":""Vela Halo 569"",""quantity"":1},{""product"":""Candle Orbit 1034"",""quantity"":1},{""product"":""Candle Edge 680"",""quantity"":1}]",3787.97,23.59,-37.816225,144.994204,15,3243.36,Winter,True,0.6985,"i have used vela atlas 251 as my everyday phone for several weeks, taking it through commuting, errands, navigation, and ordinary conversations. the transition from my previous device was uncomplicated, and the layout became familiar quickly. calls are clear, messages arrive promptly, and the screen is comfortable for checking maps while walking between appointments. it feels like a practical phone rather than something that needs constant attention. navigation has been the part i use most. i have relied on vela atlas 251 in unfamiliar areas, during public transport changes, and while looking for meeting locations. the display is easy to read at a glance, and the phone responds promptly when i switch between a map, a message, and a calendar reminder. i have also used the camera for quick reference pictures and documents. the results are suitable for everyday records, although i would use a dedicated camera for anything more demanding. battery performance has supported my routine well. a full day involving calls, messages, navigation, and some media usually leaves enough charge for the evening. heavy map use does reduce that margin, so i carry a charger on unusually long days. the phone has remained comfortable to hold, and the surface has resisted the small marks that come from being placed on desks and in pockets. vela atlas 251 has been reassuringly consistent. it handles communication without fuss, keeps navigation available when i need it, and gives me a pleasant screen for reading and occasional media. the limitations are ordinary for a phone in this class, but none has interfered with my daily use. i am happy with how well it has supported the practical movement of my week.",True
CORD001065,CUS00082,2019-02-10,Bakers,"[{""product"":""Candle Bloom 1054"",""quantity"":1},{""product"":""Candle Bloom 1000"",""quantity"":1},{""product"":""Candle Flux 990"",""quantity"":1}]",4360.14,23.29,-37.739267,145.0242,0,4373.93,Summer,False,8.2666,"i have spent the last several weeks using vela halo 281 for travel planning, communication, and media during journeys. it has been particularly convenient when i need to look up a route, check a reservation message, and return to a video or podcast without carrying another device. the screen is comfortable for reading maps and longer articles, and the layout makes switching between tasks feel natural. before travelling, i used vela halo 281 to gather directions and save useful information. while away, i relied on it for navigation, messages, and occasional photos. the phone responded promptly when moving between a map and a conversation, which meant i could keep walking rather than stop to wait. media playback has also been enjoyable on trains and in waiting areas. the display is bright enough for ordinary indoor use, although i sometimes reduce the brightness during a long evening session. battery life has been suitable for my usual days, including navigation and several hours of listening. a particularly busy travel day can leave less reserve than i would prefer, so i carry a charger when i expect to be out late. that is the main limitation i have noticed. the phone remains comfortable in one hand, and the controls are placed where i can reach them without interrupting a map or programme. vela halo 281 has made travel planning feel more organised and the waiting parts of a journey more enjoyable. it handles communication, directions, and media with a reassuring lack of fuss. i like having one dependable device for those connected tasks, and the small battery compromise has not outweighed the convenience it provides.",True
CORD001066,CUS00457,2019-07-30,Thompson,"[{""product"":""Candle Bloom 1000"",""quantity"":2},{""product"":""Candle Bloom 262"",""quantity"":2},{""product"":""Candle Flux 990"",""quantity"":1}]",7962.67,12.28,-37.789265,144.954448,10,7178.68,Winter,False,2.6824,"the vela ridge 221 replaced an older phone that was still usable but increasingly awkward for work calls and calendar management. after 39 days, i find the newer phone much better suited to my routine. calls are clear in the places where i normally work, and the calendar is easy to check between meetings. i can move from a call to an appointment reminder without the delays that had become common on my previous device. what i value most is the sense of order. the vela ridge 221 keeps work notifications separate enough from the rest of the day that i can respond without searching through clutter. compared with my old phone, the display is easier to read while walking between rooms, and appointments are simple to adjust when plans change. the 5g connection has also been useful in busy areas where my former phone often took longer to load calendar details. i have not tested every feature, but the basic work functions are consistently solid. there are small differences in feel. the body is a little larger than my old handset, so one-handed use takes more care, and the number of settings can seem extensive at first. once configured, however, the vela ridge 221 is comfortable to live with. the 24-month warranty adds confidence for a device intended for daily work. it is not a dramatic redesign of how i use a phone, but it is a clear improvement over my previous model for calls, schedules, and dependable everyday communication.",True
CORD001067,CUS00064,2019-09-30,Thompson,"[{""product"":""Vela Halo 569"",""quantity"":1}]",149.09,14.28,-37.765475,144.917284,0,163.37,Spring,False,5.8646,"candle edge 554 has been unreliable for commuting and spoken-content listening. the connection drops when i move through crowded areas, then returns with a delay that causes missed words. podcasts and other spoken programs are especially difficult because the interruptions break sentences and make me rewind repeatedly. the controls are small and awkward to use while walking, and volume changes do not always register on the first attempt. background noise also exposes the weak clarity, so voices become difficult to follow unless the volume is pushed high. i kept testing it on different journeys, but the same problems continued. it produces sound and can connect to a device, yet those basic functions do not make it suitable for regular travel. candle edge 554 has made commuting more irritating, and its poor reliability leaves me unable to recommend it.",False
CORD001068,CUS00124,2019-07-02,Nickolson,"[{""product"":""Vela Halo 659"",""quantity"":1},{""product"":""Candle Orbit 656"",""quantity"":1},{""product"":""Candle Flux 990"",""quantity"":1}]",4621.22,14.25,-37.862004,144.95476,0,4635.47,Winter,False,4.9986,"candle vista 434 has been enjoyable for shared-room music playback. pairing took little time, and the controls are clear when someone wants to pause or change the volume. music sounds balanced at normal levels, with vocals remaining easy to hear while people move around the room. it is not intended for a large party or demanding audio setup, but it suits meals, cleaning, and relaxed evenings very well. the compact design and dependable performance are both welcome.",True
CORD001069,CUS00323,2019-01-08,Thompson,"[{""product"":""Candle Bloom 262"",""quantity"":2},{""product"":""Candle Bloom 1054"",""quantity"":1},{""product"":""Candle Bloom 1000"",""quantity"":1},{""product"":""Vela Halo 659"",""quantity"":1}]",4766.94,12.82,-37.870709,144.919884,5,4541.41,Summer,False,6.8807,"candle orbit 944 has been my regular choice for listening at home, especially during evenings when i move between reading, cooking, and relaxing on the sofa. the first connection was quick, and it has remembered the devices i use most often. moving from one room to another has not caused the music to drop out in my usual space. i can leave the phone nearby and continue with household tasks without having to keep checking the connection. the sound is warm enough for albums and detailed enough for spoken programs. voices remain understandable at a lower volume, while music still feels full when i want a more immersive session. the fit has stayed comfortable over several hours, which was important to me because i often listen through an entire film or a long collection of interviews. the controls are not crowded, and i can pause or adjust volume without stopping to look closely. on particularly warm evenings the cushions feel a little less airy, but a brief break solves that. charging has fitted easily into my routine, and i have not had an unexpected interruption during a normal session. the headphones fold away neatly and have survived being moved around the house. i have not used them for exercise or travel, so my experience is mainly domestic. for long listening sessions at home, candle orbit 944 has provided steady wireless performance, pleasant sound, and the comfort i was hoping to find.",True
CORD001070,CUS00457,2019-05-22,Thompson,"[{""product"":""Vela Halo 659"",""quantity"":2},{""product"":""Candle Quest 498"",""quantity"":1},{""product"":""Candle Orbit 1034"",""quantity"":1}]",2419.67,9.09,-37.789265,144.954448,20,1944.83,Autumn,False,2.6824,"the vela ridge 221 replaced an older phone that was still usable but increasingly awkward for work calls and calendar management. after 39 days, i find the newer phone much better suited to my routine. calls are clear in the places where i normally work, and the calendar is easy to check between meetings. i can move from a call to an appointment reminder without the delays that had become common on my previous device. what i value most is the sense of order. the vela ridge 221 keeps work notifications separate enough from the rest of the day that i can respond without searching through clutter. compared with my old phone, the display is easier to read while walking between rooms, and appointments are simple to adjust when plans change. the 5g connection has also been useful in busy areas where my former phone often took longer to load calendar details. i have not tested every feature, but the basic work functions are consistently solid. there are small differences in feel. the body is a little larger than my old handset, so one-handed use takes more care, and the number of settings can seem extensive at first. once configured, however, the vela ridge 221 is comfortable to live with. the 24-month warranty adds confidence for a device intended for daily work. it is not a dramatic redesign of how i use a phone, but it is a clear improvement over my previous model for calls, schedules, and dependable everyday communication.",True
CORD001071,CUS00209,2019-05-08,Thompson,"[{""product"":""Candle Orbit 656"",""quantity"":1},{""product"":""Candle Edge 680"",""quantity"":1},{""product"":""Vela Halo 569"",""quantity"":1}]",4662.55,22.53,-37.862581,144.927676,5,4451.95,Autumn,True,5.8049,"the candle edge 824 became part of my routine during a particularly busy stretch of online classes and video meetings. pairing it for the first time was quick, and i appreciated being able to move between my desk and the kitchen without constantly handling the connection. voices come through with a clean, present quality, so i can follow a lecture or conversation without straining to catch ordinary words. the controls are simple enough that i learned them through use rather than needing to keep checking instructions. over time, i have used it for morning classes, informal calls, recorded lessons, and music while doing household jobs. the fit stays comfortable through a long session, and the controls respond when i pause audio or adjust the level. the microphone has suited regular conversations, with my voice remaining understandable when the room is quiet. in a busier room, i sometimes position myself more carefully, but that feels like a reasonable expectation for this sort of wireless audio device. charging has fitted easily into my routine, and i have not found myself worrying about the battery during a normal day. music has a balanced presentation that works well for background listening and spoken material. it is not the most expansive sound i have heard, especially when i want a dramatic performance, yet it remains enjoyable and consistent for my actual use. the carrying case also makes it convenient to put away between sessions. after owning the candle edge 824 for a while, i value its dependable pairing, comfortable handling, and clear treatment of voices. it has made remote study and calls feel more relaxed.",True
CORD001072,CUS00279,2019-03-16,Thompson,"[{""product"":""Candle Bloom 262"",""quantity"":3},{""product"":""Vela Halo 659"",""quantity"":1},{""product"":""Candle Edge 680"",""quantity"":1}]",5870.92,10.33,-37.7755,144.935196,0,5881.25,Autumn,False,4.2631,"candle arc 852 has been particularly useful for reading articles, marking passages, and keeping handwritten notes in one place. the screen is comfortable for extended reading, and writing feels responsive enough that my notes do not trail noticeably behind the pen. i can move from a document to an annotation without losing my place, which is helpful during study sessions. the body is easy to hold for a while, although it becomes more comfortable when resting on a desk or cushion. i needed a little practice with the palm rejection and the available note tools, but that was a brief adjustment. files have remained organised and easy to revisit after several days. battery life has covered my ordinary study blocks without anxiety. candle arc 852 has replaced much of my loose paper and has made reading and annotation feel pleasantly connected.",True
CORD001073,CUS00277,2019-11-12,Thompson,"[{""product"":""Candle Bloom 1054"",""quantity"":1},{""product"":""Candle Quest 354"",""quantity"":2},{""product"":""Candle Quest 498"",""quantity"":2},{""product"":""Candle Bloom 262"",""quantity"":1}]",4990.34,10.22,-37.781734,144.93083,0,5000.56,Spring,False,3.7244,"vela halo 209 has given me a better position for my phone during desk work and calls. the angle can be changed without dismantling the mount, and the base remains stable when i tap the screen. i have moved it between a standing and seated arrangement several times, with no looseness developing. the adjustment range is not unlimited, and the holder is best suited to one device size, but it performs its main job very well.",True
CORD001074,CUS00025,2019-10-24,Thompson,"[{""product"":""Candle Bloom 1054"",""quantity"":1},{""product"":""Candle Orbit 1034"",""quantity"":1},{""product"":""Candle Quest 498"",""quantity"":1},{""product"":""Vela Halo 659"",""quantity"":1}]",2604.81,11.13,-37.770969,144.967458,0,2615.94,Spring,False,4.9713,"the vela halo 1091 has worked well as an everyday family phone, especially for messages, calls, navigation, and casual applications. compared with my previous phone, it feels less cramped during ordinary use and is easier to hand to another family member when we need to check a route or share information. calls have been clear in the places where i normally use them, and switching between communication and simple apps has been smooth. the phone has also coped well with a day that includes maps, messages, photos, and brief browsing without making the routine feel complicated. what i value most is the balance. it is not a device that demands constant adjustment, and the main functions are arranged in a way that quickly became familiar. family conversations are easier because i can respond promptly while still keeping navigation open when travelling. the screen is comfortable for reading messages, and the casing has remained presentable despite being carried around every day. compared with my former phone, i notice fewer small annoyances rather than one dramatic change. the camera is adequate for casual snapshots but does not replace a dedicated camera when lighting is difficult. that is a fair limitation for my use. after several weeks, the vela halo 1091 feels dependable and pleasant to use. it gives the household the communication and navigation tools we need without adding unnecessary friction.",True
CORD001075,CUS00038,2019-01-29,Thompson,"[{""product"":""Candle Orbit 656"",""quantity"":2}]",4524.12,11.13,-37.782243,144.913777,0,4535.25,Summer,False,4.4728,"the candle orbit 782 replaced an older tablet that was mostly used by one person at a time. we wanted something that worked better for family learning and casual browsing, and the newer tablet has fitted that role well. the display is easy for two people to view together, while the menus are simple enough for different family members to move between reading, educational activities, and ordinary browsing without constant assistance. the older tablet could do the same basic tasks, but it felt slow and cramped whenever we shared it. i have compared both tablets during homework searches, recipe browsing, and showing photographs at the kitchen table. the candle orbit 782 responds more promptly when several pages are open, and text remains comfortable to read from a short distance. it has also been useful for children following instructions while an adult works beside them. the battery has covered our usual periods of shared use, and the casing has handled being passed from one person to another without making us overly cautious. the newer tablet is a little heavier, and the broader screen is not as convenient for someone holding it in one hand. some websites still present awkwardly, so it is not a perfect substitute for a computer. those limitations have not changed its main advantage. compared with the older device, the candle orbit 782 makes shared browsing and family learning feel less cramped and more cooperative. it is a practical household tablet for people who regularly use one screen together.",True
CORD001076,CUS00050,2019-10-10,Thompson,"[{""product"":""Candle Bloom 262"",""quantity"":1},{""product"":""Candle Orbit 656"",""quantity"":2},{""product"":""Candle Quest 354"",""quantity"":1}]",6045.17,9.29,-37.808027,144.919768,0,6054.46,Spring,False,2.4534,"vela nova 897 has helped me keep ordinary habits visible without making them feel like a project. the reminders arrive at useful moments, and the time display is quick to read when i am cooking, commuting, or moving around the house. i was able to configure the main routine without referring to the instructions for long. the device sits lightly on my wrist and has not become distracting during work or sleep. i enjoy the gentle prompt to stand, pause, or complete a small task because it gives structure to otherwise forgettable parts of the day. the display can be a little less convenient to read in strong outdoor light, but indoors it is consistently clear. after a month of daily wear, the strap remains secure and the casing looks fresh. vela nova 897 is a simple, useful companion that encourages steady routines without demanding constant attention.",True
CORD001077,CUS00026,2019-02-28,Thompson,"[{""product"":""Candle Flux 990"",""quantity"":1},{""product"":""Vela Halo 569"",""quantity"":1},{""product"":""Candle Quest 498"",""quantity"":1},{""product"":""Candle Edge 680"",""quantity"":1}]",5803.27,11.3,-37.822057,144.929634,20,4653.92,Summer,False,1.8532,"candle edge 500 was meant to handle documents while i moved between rooms and to support occasional video meetings. the first impression was disappointing because the setup took longer than expected and several basic options were buried in confusing menus. writing a document was possible, but the laptop became sluggish when i kept a browser open beside it. windows paused, typing appeared late, and returning to a previous file sometimes required waiting. those delays were especially frustrating when i was trying to finish work during a short break. video meetings exposed a separate problem. the camera image could appear, but it occasionally froze, and the microphone required repeated checking before other people could hear me. i had to restart the meeting application more than once, which made the laptop unreliable for work conversations. carrying it around was manageable, yet the surface felt awkward to hold and the keyboard became uncomfortable during longer typing sessions. battery behaviour was also inconsistent; a light document session was not enough to predict how much time remained for a meeting. i kept the laptop updated, removed unused applications, and changed power settings, but the slow response continued. candle edge 500 can open documents and connect to a meeting, but those basic functions do not compensate for its poor responsiveness and unstable communication. i cannot recommend it for portable work that needs dependable timing.",False
CORD001078,CUS00297,2019-08-14,Bakers,"[{""product"":""Vela Halo 659"",""quantity"":2},{""product"":""Vela Halo 569"",""quantity"":1},{""product"":""Candle Bloom 262"",""quantity"":1}]",1796.78,17.49,-37.873039,145.055945,5,1724.43,Winter,False,8.807,"the candle arc 150 has handled portable document work and regular video meetings across several rooms and a few trips. it wakes promptly, keeps several documents open without fuss, and the camera is adequate for routine conversations in a bright room. the keyboard has a pleasant amount of travel, while the trackpad feels slightly narrow when i work quickly. its light weight is convenient in a bag, though the case does not feel especially substantial when carried without protection. during longer calls the fan becomes audible, but it has not interrupted anyone on the other end. battery performance depends noticeably on meeting time and screen brightness. i have found it dependable for writing, forms, and communication, while heavier creative work would expose its limits. it is a balanced travel laptop rather than an ambitious workstation.",True
CORD001079,CUS00088,2019-08-24,Nickolson,"[{""product"":""Candle Bloom 1000"",""quantity"":1},{""product"":""Candle Flux 1098"",""quantity"":1},{""product"":""Candle Orbit 1034"",""quantity"":3}]",4357.84,12.41,-37.842133,144.981976,5,4152.36,Winter,False,2.8357,"candle edge 536 is the first portable gaming device i have used that feels suited to travel rather than merely small enough to carry. i compared it with a compact setup i previously packed for trips, and the difference was visible in the amount of preparation required. candle edge 536 lets me start playing without arranging several separate pieces, while its controls leave enough room for comfortable handling. the older setup was workable, but it felt cramped whenever a session lasted more than a short break. i have carried candle edge 536 between rooms, used it during travel downtime, and played both quick games and longer sessions. the controls respond consistently, and the screen remains readable in ordinary indoor light. the built-in audio is sufficient for casual play, although i prefer headphones in busy places. its body is not feather-light, and the carrying case takes up space in a small bag, but that added size gives the device a more secure feel. i would rather carry a slightly larger unit than repeatedly adjust a fragile arrangement. the battery has suited short trips and several sessions, though demanding games naturally reduce the time between charges. charging is simple, and i have not needed to carry a collection of accessories. candle edge 536 does not offer the same broad workspace as a desktop, and anyone who plays only at home may prefer larger equipment. for travel, however, the comparison favours this device. it combines a comfortable control layout, dependable response, and sensible portability in one piece of hardware. the few compromises are predictable for a portable design, while the convenience of taking a complete gaming experience with me has made candle edge 536 an easy part of my travel bag.",True
CORD001080,CUS00497,2019-11-09,Thompson,"[{""product"":""Candle Bloom 1054"",""quantity"":1},{""product"":""Candle Bloom 262"",""quantity"":3},{""product"":""Candle Quest 498"",""quantity"":1}]",5112.99,12.45,-37.762497,144.903198,10,4614.14,Spring,False,6.7817,"i compared candle arc 564 with a wired pair i had used at my desk for focused work. the older headphones sounded acceptable, but the cable caught on the chair and made it inconvenient to move between the desk and a nearby shelf. candle arc 564 removes that nuisance and has made background music easier to fit into my working routine. pairing was uncomplicated, and reconnecting during later sessions did not require repeated effort. for instrumental music, podcasts, and ordinary playlists, the sound is balanced enough to listen for several hours. i can keep working without constantly reaching for the controls, and the wireless connection has remained steady around my desk. compared with a small speaker, the headphones also keep the sound contained when other people are working nearby. candle arc 564 feels lighter and less restrictive than the older arrangement, even though i still notice the ear cups after a long uninterrupted session. this is not the choice i would make for someone seeking a dramatic listening-room experience, and the wireless design means remembering to charge it. those limitations are easy to plan around in my use. the main benefit is the reduced clutter and the freedom to stand up without removing the music. after comparing both options over time, i prefer candle arc 564 for focused desk work because it delivers dependable everyday audio without the cable getting in the way.",True
CORD001081,CUS00446,2019-03-09,Bakers,"[{""product"":""Candle Flux 990"",""quantity"":1},{""product"":""Vela Halo 659"",""quantity"":1}]",2359.16,11.27,-37.823134,145.055247,15,2016.56,Autumn,False,5.4705,"vela ridge 743 has been useful in both my home office and living room. i use it to show presentation slides during small discussions and to display photos when friends visit. the screen is bright enough for ordinary indoor use, and images look inviting without requiring much adjustment. moving through albums is quick, so it works well when several people want to browse pictures together. i also connected it for a presentation and found that the layout remained easy to follow from the other side of the room. the controls are simple, which matters because guests can use the photo view without needing a long explanation. after several weeks of regular use, the device has remained responsive when switching between presentation material and albums. the built-in viewing area is not ideal for very large groups, but that is a reasonable limitation for a compact display. vela ridge 743 has added a pleasant, practical way to share visual material at home.",True
CORD001082,CUS00168,2019-05-22,Thompson,"[{""product"":""Candle Orbit 1034"",""quantity"":1}]",581.92,12.03,-37.82574,144.875584,10,535.76,Autumn,False,6.445,"i set up the candle shift 268 for several shared household devices, including computers, media equipment, and a few everyday connected items. once positioned, it has kept the household connections running through normal use without requiring regular attention. the layout is tidier than the collection of separate connections i had before, and managing the shared arrangement feels more orderly. basic setup was understandable, although i spent time deciding where to place it so the cables would not cross the main work area. compared with my previous arrangement, the candle shift 268 reduces clutter and makes it easier to keep the devices together. it also feels more suitable for a household where different people connect at different times. the limitation is that the central position matters. when one area of the home changes, i have to think about the cable paths and the placement rather than simply moving one device. i would also prefer a little more space around the connections when several cables are in use, since the group can look crowded. the candle shift 268 is a sensible option for shared home connectivity when a neat central arrangement is possible. it has made my setup easier to understand, but it is not a magic solution for awkward rooms or poorly placed furniture. after established use, i regard it as a balanced networking choice: organised and consistent for normal household demands, with placement and cable management still requiring some thought.",True
CORD001083,CUS00009,2019-07-04,Bakers,"[{""product"":""Candle Quest 354"",""quantity"":1},{""product"":""Candle Edge 680"",""quantity"":1},{""product"":""Candle Orbit 1034"",""quantity"":1},{""product"":""Candle Bloom 1054"",""quantity"":1}]",3685.95,13.23,-37.776991,145.006368,0,3699.18,Winter,False,3.7982,"vela pulse 865 has made scheduled control of a household outlet more convenient than the manual timer i used previously. i use it for a lamp and occasionally for another small appliance, setting a routine so the outlet changes state at a predictable part of the day. the schedule is easy to understand once created, and i like being able to adjust it without reaching behind furniture. compared with the old timer, the controls are less fiddly and the arrangement looks tidier. the practical benefit is most noticeable when my routine changes. i can temporarily alter the schedule, check whether the outlet is active, and restore the usual pattern later. the device itself is unobtrusive, and its operation has been consistent during the weeks i have owned it. i have not used it for equipment that needs specialist handling, and i would follow the stated limits rather than treating it as a universal switch. for an ordinary household lamp, it has been a useful addition. i did spend a little time deciding where the outlet and device should sit, since a crowded socket can make access awkward. that is a small inconvenience compared with manually switching the lamp every evening or resetting the old timer after interruptions. vela pulse 865 also gives me more flexibility than a basic mechanical schedule, while remaining simple enough for other people in the house to understand. it is not an elaborate home system, but for reliable scheduled control of a single outlet, it has been a satisfying upgrade.",True
CORD001084,CUS00102,2019-01-18,Bakers,"[{""product"":""Candle Orbit 1034"",""quantity"":1}]",581.92,10.41,-37.803145,145.033424,0,592.33,Summer,False,3.4407,"candle bloom 280 has been shared between two people for administration, email, research, and ordinary home-office work. our previous laptop handled those tasks, but it felt slow whenever several browser pages and documents were open. this model has made that routine less interrupted. switching between a form, a spreadsheet, and reference pages feels more fluid, and i have not had to close work simply to make room for the next task. the keyboard was comfortable from the first long session, and the screen is suitable for reading without making every document feel cramped. my partner and i have different preferences for brightness and arrangement, yet both of us adjusted quickly. compared with the older laptop, candle bloom 280 also feels easier to carry from a desk to the kitchen table. it is light enough for that movement while still feeling solid when opened. the hinge has not developed any looseness during our use. i have used it for household forms, online research, note taking, and video meetings. calls have been clear, and the laptop has remained responsive while i keep notes nearby. battery performance has suited our normal working periods, although long sessions away from a power source still require planning. it is not intended for demanding creative software or intensive games, and i have not judged it on those tasks. for a shared home-office computer, candle bloom 280 is a noticeable improvement over our old machine: quicker in everyday work, comfortable to handle, and dependable enough that neither of us minds using it.",True
CORD001085,CUS00123,2019-03-14,Thompson,"[{""product"":""Candle Orbit 1034"",""quantity"":1},{""product"":""Candle Quest 498"",""quantity"":1},{""product"":""Vela Halo 569"",""quantity"":1},{""product"":""Vela Halo 659"",""quantity"":1},{""product"":""Candle Edge 680"",""quantity"":2}]",6806.85,14.05,-37.768119,144.929378,10,6140.22,Autumn,False,5.1924,"vela core 615 was supposed to control a household power outlet on a schedule, but the timing has been too unreliable for routine use. creating the first schedule was confusing because the application moved between several screens without clearly showing whether the setting had been saved. on different evenings, the outlet switched late, failed to switch, or changed state only after i opened the application. manual control usually responds, although even that action occasionally takes several seconds. the device also lost its network connection after a brief interruption and required a reset before the schedule could be entered again. i cannot leave it to manage a lamp because the uncertainty defeats the purpose of automation. the outlet can be turned on through the application, but that limited function is not enough to justify the frustrating scheduling problems. after a month, vela core 615 has added another task to my routine. its weak timing and poor connection make it an unreliable smart-home device i would avoid.",False
CORD001086,CUS00108,2019-06-25,Nickolson,"[{""product"":""Candle Bloom 1054"",""quantity"":1},{""product"":""Candle Edge 680"",""quantity"":1},{""product"":""Candle Quest 354"",""quantity"":1},{""product"":""Vela Halo 569"",""quantity"":1},{""product"":""Candle Orbit 1034"",""quantity"":2}]",4416.96,14.41,-37.865208,144.970287,10,3989.67,Winter,False,5.1835,"candle shift 358 has strengthened wireless coverage around my home office. calls remain stable, devices connect promptly, and the rooms that previously had occasional weak service are now much more usable. setup was manageable and did not require much troubleshooting. the settings are a little dense, but once configured the network has been reliable.",True
CORD001087,CUS00048,2019-05-22,Bakers,"[{""product"":""Vela Halo 569"",""quantity"":1},{""product"":""Candle Bloom 1054"",""quantity"":1},{""product"":""Candle Edge 680"",""quantity"":1}]",2850.34,24.76,-37.884767,145.022875,5,2732.58,Autumn,True,8.6612,"the vela wave 877 has been a helpful way to review my exercise sessions without carrying my phone during every activity. after a walk or workout, the summary is easy to read and gives me a useful overview of how the session went. the device sits securely on my wrist and has remained comfortable through movement and ordinary daily wear. starting a session takes little effort, and the display is readable when i glance down briefly. battery life has been sufficient for several days, which means i do not need to charge it after every outing. it is not a replacement for specialised training equipment, and the compact screen cannot show much detail at once. for general exercise tracking, however, the vela wave 877 is convenient, comfortable, and encouraging to use.",True
CORD001088,CUS00139,2019-10-30,Thompson,"[{""product"":""Vela Halo 659"",""quantity"":1},{""product"":""Candle Orbit 1034"",""quantity"":1},{""product"":""Candle Flux 990"",""quantity"":1}]",2941.08,9.19,-37.808187,144.921274,20,2362.05,Spring,False,2.3203,"the candle shift 844 has been part of my evening routine for music, podcasts, and occasional radio listening. the sound is pleasant at moderate volume, with voices remaining easy to follow and music having enough presence for a room. pairing was quick, and reconnecting after a break usually happens without extra steps. the wireless range is less consistent through walls than i expected, so i keep the source device nearby when moving around the house. at higher volume the sound becomes somewhat sharp, and the controls are small enough that i sometimes press the wrong one. battery use has been reasonable for several long sessions, though the indicator gives limited warning before charging is needed. i enjoy the simplicity of the candle shift 844 for settled listening, but its connection behaviour and compact controls make it less suitable for moving from room to room.",True
CORD001089,CUS00140,2019-07-22,Nickolson,"[{""product"":""Vela Halo 659"",""quantity"":1},{""product"":""Candle Flux 990"",""quantity"":2},{""product"":""Candle Quest 354"",""quantity"":1},{""product"":""Candle Bloom 1054"",""quantity"":1}]",5306.24,11.62,-37.835209,144.964234,20,4256.61,Winter,False,1.9055,"vela nova 789 has made a noticeable difference to my travel setup because i can connect several devices through one compact adapter instead of carrying separate pieces for each occasion. i compared it with my previous collection of individual connectors during work trips, and the reduction in clutter is the main benefit. a laptop, phone, and presentation accessory can be arranged around the adapter without filling the whole pocket of my bag. it took only a short time to understand which connection belonged where, and ordinary use has been predictable. i especially value being able to leave the adapter attached while moving between a desk and a meeting room, rather than unplugging every device separately. the compact shape is convenient, though the short cable means i sometimes need to position it carefully when the available ports are crowded. that is a minor ergonomic limitation, not a recurring problem. i have also used it at home when several devices needed a temporary connection, and it performed the same basic job without special adjustment. compared with a bag full of separate adapters, vela nova 789 is simpler to remember and quicker to deploy. it is not a replacement for carrying every possible connector if i am travelling to an unfamiliar setup, and i would check compatibility before relying on it for an unusual device. for the everyday devices i own, however, it has been a useful space-saving accessory. the build feels sufficiently sturdy for regular packing, and the warranty is reassuring. after six weeks, i would choose this over the loose collection it replaced.",True
CORD001090,CUS00030,2019-05-26,Bakers,"[{""product"":""Candle Orbit 1034"",""quantity"":1},{""product"":""Candle Quest 498"",""quantity"":1}]",1890.25,12.28,-37.839357,145.062686,5,1808.02,Autumn,False,6.7646,"i picked up the vela ridge 779 after getting tired of finding charging cables in a tangled heap beside my desk. it is a modest accessory, but it has made that part of my room noticeably calmer. i keep the organiser near the power outlet, and the cables now stay in separate positions instead of sliding behind furniture or wrapping around one another. setting it up took almost no effort, which suited the simple job i expected it to do. the first improvement was at my workstation. i use more than one device during the day, so i used to spend time sorting through cords before i could connect anything. with the vela ridge 779 in place, each cable can be reached and returned without disturbing the others. the openings hold ordinary charging leads securely while still allowing me to pull out enough length for a phone on the desk. i have not had to force a connector through or bend a cable sharply to make the arrangement work. i also tried it beside the sofa, where loose cables had been especially annoying. moving the organiser was simple, and it stayed in position during normal use. the finish has remained tidy after being handled repeatedly, and dust can be removed with a quick wipe. it is not large enough for every kind of cable or for a bulky power unit, so i still keep those items separately. that limitation is easy to understand given its compact size, and it has not reduced its value for the thin charging leads i use most. after several weeks, the main benefit is the time saved in small moments. i can pick up the correct cable immediately, pack one for an outing without searching, and leave the desk looking orderly at the end of the day. the vela ridge 779 does not do anything complicated, but it performs its organising role consistently and occupies very little space. anyone wanting a practical way to keep everyday charging cables under control should find it a worthwhile little addition.",True
CORD001091,CUS00467,2019-08-09,Nickolson,"[{""product"":""Vela Halo 659"",""quantity"":2},{""product"":""Candle Quest 498"",""quantity"":1},{""product"":""Candle Bloom 262"",""quantity"":1},{""product"":""Candle Bloom 1000"",""quantity"":1},{""product"":""Candle Flux 990"",""quantity"":1}]",6866.31,13.83,-37.850272,145.001458,5,6536.82,Winter,False,4.5009,"candle shift 340 has been a convenient laptop for travel-based work and presentations. it is easy to carry between locations, opens quickly, and gives me enough room to prepare documents without feeling cramped. i have used it on trains, at temporary desks, and in meeting rooms, and it has remained responsive when moving between notes, presentation pages, and browsing. presentations are simple to start, and the screen is visible in ordinary indoor lighting. the keyboard is comfortable for shorter writing sessions, although i would choose a larger external keyboard for a full day of intensive typing. battery performance has covered my usual working periods when i begin with a charge. candle shift 340 has made it easier to work away from my main desk and has handled my travel routine with reassuring consistency.",True
CORD001092,CUS00452,2019-10-03,Thompson,"[{""product"":""Vela Halo 659"",""quantity"":1},{""product"":""Vela Halo 569"",""quantity"":1},{""product"":""Candle Flux 990"",""quantity"":1}]",2508.25,10.76,-37.784193,144.911182,25,1891.95,Spring,False,4.4689,"candle vista 236 has made portable gaming much easier in our household. i bought it for journeys and short sessions away from the main setup, and it has handled both without feeling fragile. the controls are comfortable for ordinary play, with buttons that respond predictably and a layout i learned quickly. loading a game after a break is fast enough to keep a spare half hour from disappearing into setup. the screen remains clear in different rooms, and the built-in sound is fine for casual play, although headphones are preferable when travelling. i have carried it in a small bag several times and have not noticed unwanted movement or creaking. longer sessions make the rear slightly warm, but not uncomfortably so. candle vista 236 strikes a pleasing balance between convenience and playability. it is not intended to replace a larger gaming station, yet for travel and relaxed sessions it has been a welcome addition.",True
CORD001093,CUS00137,2019-10-04,Nickolson,"[{""product"":""Candle Bloom 262"",""quantity"":1},{""product"":""Candle Orbit 656"",""quantity"":2}]",5642.39,11,-37.86156,144.964913,0,5653.39,Spring,False,4.7948,"i installed the vela halo 515 to manage a household power outlet and have now used its scheduled controls for roughly a month. the main routine works as intended: i can set an outlet schedule, leave it running, and let the connected device follow that pattern without manual switching. the controls are mostly clear, and checking whether a schedule is active is not difficult after a little familiarity. it has been handy for reducing small daily tasks, especially when the outlet is used at a regular time. the less satisfactory part is changing a routine. editing several settings in succession feels slower than it should, and the response is not always immediate when i alter the schedule from my phone. i have occasionally checked twice because the updated state was not obvious. the device itself has continued to operate without an unexpected interruption, so the basic automation has been stable. i would not call the vela halo 515 effortless, but it offers a practical way to schedule one household outlet. its usefulness depends on having a fixed routine, while frequent changes make the experience less comfortable.",True
CORD001094,CUS00175,2019-12-05,Thompson,"[{""product"":""Candle Quest 498"",""quantity"":2},{""product"":""Candle Quest 354"",""quantity"":1}]",3019.44,9.55,-37.797347,144.930894,0,3028.99,Summer,False,2.2189,"after two weeks with candle lumen 148, the connection between rooms has been much steadier. setup was straightforward, and the unit joined my existing network without awkward troubleshooting. devices in the back room now stay connected during normal browsing and streaming, which was the main reason i bought it. the casing feels basic, but it sits neatly on a shelf and has not become warm. i have not tested it with a very large household, so i cannot judge its limits there. for extending coverage across a modest home, it has been reliable and worthwhile.",True
CORD001095,CUS00177,2019-12-22,Thompson,"[{""product"":""Candle Bloom 1054"",""quantity"":1},{""product"":""Candle Flux 1098"",""quantity"":1},{""product"":""Candle Edge 680"",""quantity"":1},{""product"":""Vela Halo 569"",""quantity"":1},{""product"":""Candle Orbit 656"",""quantity"":2}]",8170.7,13.52,-37.855333,144.928234,10,7367.15,Summer,False,5.0237,"i used vela echo 151 for daily messages, calls, and navigation, expecting a straightforward phone for routine travel. the interface becomes sluggish after several applications have been open, and returning to a message can take long enough to lose my place. the screen is readable indoors, but outdoor glare makes maps awkward to follow. touches near the edges are also missed often enough to cause repeated attempts. navigation has been the most frustrating part. location updates pause in unfamiliar areas, and the route can take too long to refresh after a turn. calls connect, yet audio occasionally becomes broken and the other person reports a delayed voice. battery charge falls quickly when navigation and mobile data are used together. vela echo 151 performs basic calling and can display a map, but the delays, weak outdoor visibility, and uncertain location updates make it unsuitable for dependable daily use. i would avoid relying on it while travelling.",False
CORD001096,CUS00228,2019-02-26,Bakers,"[{""product"":""Candle Edge 680"",""quantity"":1},{""product"":""Candle Quest 498"",""quantity"":1},{""product"":""Candle Orbit 656"",""quantity"":1},{""product"":""Vela Halo 569"",""quantity"":1},{""product"":""Candle Bloom 262"",""quantity"":1}]",7089.15,12.7,-37.75524,145.027564,10,6392.93,Summer,False,6.719,"candle bloom 244 has been my main audio device at home for long listening sessions, from weekend radio to several hours of music while i work. the fit remains comfortable over time, and the sound is balanced enough that voices, instruments, and quieter passages do not blur together. wireless pairing was quick, and it reconnects when i return to the room without needing repeated attention. i have also moved between rooms while listening and have not noticed interruptions. the controls are easy to learn, though i sometimes wish the volume response were more gradual at the lower end. that minor issue has not affected normal listening. the build feels sturdy, and the device has remained comfortable after repeated use. candle bloom 244 has made background listening more enjoyable and has enough endurance for the relaxed, extended sessions i bought it for.",True
CORD001097,CUS00332,2019-02-05,Bakers,"[{""product"":""Candle Quest 498"",""quantity"":2},{""product"":""Candle Bloom 1054"",""quantity"":1},{""product"":""Vela Halo 569"",""quantity"":1},{""product"":""Candle Orbit 1034"",""quantity"":1}]",3797.52,23.26,-37.746506,145.043459,20,3051.78,Summer,False,8.2344,"i installed vela ridge 1085 to keep track of door and window activity, and after 47 days it has proved more useful than the informal checks we relied on before. the older routine meant remembering to inspect several openings before leaving. with vela ridge 1085 in place, an alert gives me a prompt when activity occurs, which is particularly helpful when another family member is moving around the house. the information arrives in a way that is easy to understand without turning the system into a constant distraction. the initial placement required some thought because i wanted the sensors to suit both the main entrance and the windows used most often. once positioned, they stayed unobtrusive and did not interfere with normal opening and closing. i compared the system with a simple note on the door asking people to check everything. that approach depended entirely on memory, while the alerts provide a more dependable reminder. i have also found them useful when i am in another room and want to know why a door has moved. over the ownership period, the notifications have remained consistent and the controls have been straightforward to adjust. i can change the arrangement when our household routine changes without starting from the beginning. the 12-month warranty offers some welcome confidence. the system reports activity rather than explaining the reason for it, so it still requires ordinary judgement, but that is appropriate for this kind of home automation. vela ridge 1085 has added a calm layer of awareness and is a clear improvement over manual checking. i am happy with the purchase and would use it again for everyday door and window alerts.",True
CORD001098,CUS00084,2019-07-19,Bakers,"[{""product"":""Candle Edge 680"",""quantity"":1},{""product"":""Vela Halo 659"",""quantity"":1},{""product"":""Candle Orbit 1034"",""quantity"":3},{""product"":""Vela Halo 569"",""quantity"":2}]",4560.05,16.21,-37.85436,145.056593,15,3892.25,Winter,False,7.3058,"vela spark 279 has stopped the charging cables on my desk from sliding behind furniture or tangling together. each lead stays in its place, and i can remove one without disturbing the others. it attaches firmly and looks unobtrusive beside the monitor. very stiff cables need more careful positioning, but ordinary leads fit well. this is a small accessory that has made my daily workspace noticeably neater.",True
CORD001099,CUS00443,2019-10-05,Nickolson,"[{""product"":""Candle Quest 498"",""quantity"":1},{""product"":""Candle Flux 990"",""quantity"":1},{""product"":""Candle Bloom 1054"",""quantity"":1},{""product"":""Candle Orbit 1034"",""quantity"":1}]",4434.55,12.65,-37.878021,144.941281,15,3782.02,Spring,False,7.0587,"candle flux 720 has suited my creative projects and media editing better than the laptop i was using before. my earlier computer could handle simple documents and browsing, but it became frustrating when i worked with larger images, video clips, or several project files at once. candle flux 720 gives me a more comfortable working experience and has allowed me to spend more time creating instead of waiting for routine actions to finish. the screen is useful when i am reviewing images or arranging a project, and the keyboard makes longer sessions manageable. compared with the previous laptop, the overall workflow feels more capable when i move between an editing application, reference material, and file storage. i have used it for personal media projects as well as smaller creative tasks, and it has remained steady through the changes. moving it to another room is possible when i need a different workspace, although i usually keep it at the desk for extended sessions. i still prefer a larger external display when fine detail matters, and the built-in sound is not a substitute for dedicated speakers. the laptop also becomes less convenient to carry once the charger and other accessories are included. these are ordinary compromises. after thirty-nine days, candle flux 720 has been a clear improvement over my old machine for creative work. it feels capable without being unnecessarily complicated, and i am satisfied with how it has supported my projects.",True
CORD001100,CUS00488,2019-02-10,Thompson,"[{""product"":""Candle Orbit 1034"",""quantity"":2},{""product"":""Candle Orbit 656"",""quantity"":3},{""product"":""Candle Quest 354"",""quantity"":1},{""product"":""Candle Quest 498"",""quantity"":1}]",9661.13,13.78,-37.743461,144.913081,25,7259.63,Summer,False,8.2554,"candle orbit 638 has helped me manage a busy home network with less uncertainty. i created a separate guest connection and can see which household devices are active, which is useful when visitors arrive or something needs checking. the connection itself has remained steady during normal browsing, calls, and streaming across several rooms. the management controls took longer to understand than the basic connection, but the layout became familiar after i used it a few times. i value being able to separate guest access from the devices we use every day. the status information is detailed, although it can feel like more than i need for a quick check. candle orbit 638 has made network organisation clearer and has supported our household without frequent attention. it is a dependable choice for people who want practical device management.",True
CORD001101,CUS00151,2019-02-24,Nickolson,"[{""product"":""Candle Orbit 656"",""quantity"":1},{""product"":""Vela Halo 569"",""quantity"":1},{""product"":""Candle Quest 498"",""quantity"":1},{""product"":""Candle Bloom 262"",""quantity"":2}]",5956.02,8.79,-37.827254,144.976104,5,5667.01,Summer,False,1.1218,"the vela pulse 955 has made my lighting routine pleasantly simple. i installed it in the main room and now use the app to switch the lights before settling down, without walking back to the wall control. commands usually take effect promptly, and creating a softer evening setting takes only a few taps. after several weeks, the connection has remained steady in my daily use. the app layout is mostly clear, although the first setup took a little patience. for convenient room lighting, this has been a worthwhile addition.",True
CORD001102,CUS00148,2019-12-27,Thompson,"[{""product"":""Candle Flux 990"",""quantity"":1},{""product"":""Candle Orbit 1034"",""quantity"":1},{""product"":""Vela Halo 659"",""quantity"":2}]",3205.79,10.74,-37.840604,144.919888,0,3216.53,Summer,False,3.9173,"candle edge 392 has become a useful surface for drawing and lightweight creative work. i can sketch ideas, make quick annotations, and review them later without setting up a larger workstation. the screen gives the activity enough room to feel natural, and the response has stayed consistent during repeated use. i particularly like being able to move from a rough drawing to a reference image without changing devices. it is not intended for the most demanding creative projects, so i still use a fuller setup when a task becomes complex, but that boundary is clear. the tablet is comfortable to carry and has remained in good condition despite being moved between rooms. candle edge 392 has encouraged more spontaneous drawing and has provided a pleasant, practical tool for the lighter creative work i actually do.",True
CORD001103,CUS00238,2019-12-10,Nickolson,"[{""product"":""Vela Halo 569"",""quantity"":1},{""product"":""Candle Quest 354"",""quantity"":2}]",954.65,15.1,-37.881496,144.992506,15,826.55,Summer,False,7.2789,"candle arc 150 was bought for document work and video meetings away from my main desk, then compared with an older office laptop. the newer machine opens documents, but it feels sluggish when several files and browser pages are present. scrolling through a long report can stutter, and switching between notes and a meeting window sometimes leaves a blank pause. the older laptop is heavier, but its response is less erratic. video meetings exposed more problems. the camera image becomes dull in ordinary indoor light, and the microphone picks up room noise without making speech particularly distinct. i often have to repeat myself, which is frustrating in a work call. returning to a document after the meeting can also take longer than expected. these are not dramatic failures separately, but together they make portable work feel poorly supported. the keyboard is serviceable for short messages, although the keys feel cramped during extended writing. the trackpad occasionally interprets a palm touch as a command, causing unwanted movement through a page. battery loss is another concern: meetings and document editing leave little margin, so carrying the charger is unavoidable. candle arc 150 is able to perform basic office tasks, but the weak camera, awkward input, and sluggish switching compare badly with the older laptop. i cannot recommend it for portable document work or frequent video meetings.",False
CORD001104,CUS00285,2019-11-08,Bakers,"[{""product"":""Candle Bloom 1054"",""quantity"":1},{""product"":""Vela Halo 569"",""quantity"":1},{""product"":""Candle Flux 990"",""quantity"":2}]",4787.84,11.59,-37.858886,145.010878,10,4320.65,Spring,False,5.6073,"vela pulse 703 has worked nicely for shared film and television viewing in our household. the screen is large enough for several people to watch comfortably, and the picture remains appealing from different seats around the room. dialogue is clear during ordinary programmes, while films have enough colour and contrast to keep the experience engaging. we have used it for short weekday episodes and longer weekend films, with the controls remaining accessible to different family members. the built-in sound is less convincing in a larger open room, so separate audio would improve that setting. for our normal living-room use, it has not been a problem. vela pulse 703 has encouraged more evenings watching together and has delivered a consistently pleasant entertainment experience.",True
CORD001105,CUS00490,2019-03-10,Thompson,"[{""product"":""Candle Edge 680"",""quantity"":1},{""product"":""Candle Flux 1098"",""quantity"":1}]",3047.64,9.14,-37.837313,144.94708,10,2752.02,Autumn,False,2.7398,"candle orbit 296 replaced a patchwork streaming arrangement that had gradually become awkward to manage. the difference was most apparent during the first few sessions: game footage and media capture could be handled in one more orderly setup, with fewer pauses to check whether each part was responding. i use it for streaming several evenings a week and for recording clips afterward, and the process has remained consistent rather than requiring repeated adjustments before every session. compared with my previous hardware, the controls and connections make the workflow easier to understand. i can move from playing to checking a captured segment without losing track of what is active. the output has looked clean for the games and screen content i normally record, and longer sessions have not produced the disruptive behaviour i had come to expect from the older arrangement. friends watching the stream have also commented that the presentation feels more even, although that is based on ordinary home use rather than a studio setup. there are still small compromises. the unit occupies more desk space than the compact device it replaced, and the initial arrangement took a little patience because i wanted the cables organised properly. it also does not remove every occasional software hiccup. those points are minor beside the time saved during routine recording. candle orbit 296 feels more coherent, more capable for game streaming and media capture, and worth keeping as the centre of my setup. the warranty is an added comfort for hardware used this regularly.",True
CORD001106,CUS00084,2019-02-08,Bakers,"[{""product"":""Vela Halo 659"",""quantity"":1},{""product"":""Candle Orbit 656"",""quantity"":1},{""product"":""Vela Halo 569"",""quantity"":2}]",2824.95,13.11,-37.85436,145.056593,10,2555.57,Summer,False,7.3058,"vela spark 279 has stopped the charging cables on my desk from sliding behind furniture or tangling together. each lead stays in its place, and i can remove one without disturbing the others. it attaches firmly and looks unobtrusive beside the monitor. very stiff cables need more careful positioning, but ordinary leads fit well. this is a small accessory that has made my daily workspace noticeably neater.",True
CORD001107,CUS00141,2019-09-16,Bakers,"[{""product"":""Vela Halo 569"",""quantity"":1},{""product"":""Candle Bloom 262"",""quantity"":1}]",1267.36,10.77,-37.771603,145.010506,5,1214.76,Spring,False,4.4751,"i compared candle orbit 242 with the older tablet i had been using for sketches and occasional creative tasks. the newer device feels more responsive when drawing, and the surface gives enough room for loose illustrations without making the whole setup difficult to carry. i have used it for handwritten ideas, simple diagrams, and lightweight image work, and the experience has been comfortable from the first few sessions. the screen is bright and makes colours easy to distinguish in ordinary room light. candle orbit 242 also works well when i move between creative work and practical tasks. i can review reference material, make a quick correction, and return to a drawing without the awkward pauses that were common on my previous tablet. the body is easy to hold on a desk or lap, and the controls do not dominate the process. someone producing highly detailed professional artwork may want a larger specialised display with more dedicated controls, but that is beyond the purpose of this tablet. for light creative work, its simplicity is an advantage. the casing feels solid, and the screen has remained clean and responsive after regular use. compared with the older tablet, candle orbit 242 gives me a more fluid way to sketch and organise ideas while staying portable. it is not an all-purpose replacement for a full computer, yet it has become the device i reach for when i want to draw, annotate, or explore an idea quickly. that is a very successful fit for my routine.",True
CORD001108,CUS00388,2019-12-10,Bakers,"[{""product"":""Candle Orbit 656"",""quantity"":1},{""product"":""Vela Halo 659"",""quantity"":1},{""product"":""Candle Bloom 1054"",""quantity"":1}]",2976.62,9.44,-37.821741,145.013234,15,2539.57,Summer,False,2.0509,"vela core 939 has simplified my desk by letting several devices share one compact adapter. i use it with a laptop, phone and storage accessories, and connections have remained steady during ordinary work. it is light enough to carry between rooms, while the casing feels solid when plugged and unplugged regularly. the ports are close together, so larger connectors can crowd each other. even so, it is a useful space-saving accessory for everyday setups.",True
CORD001109,CUS00246,2019-08-23,Bakers,"[{""product"":""Vela Halo 569"",""quantity"":1},{""product"":""Candle Bloom 262"",""quantity"":2},{""product"":""Vela Halo 659"",""quantity"":1},{""product"":""Candle Orbit 1034"",""quantity"":2}]",3814.18,30.28,-37.744584,145.046706,15,3272.33,Winter,True,8.5656,"the vela ridge 941 has handled the ordinary rhythm of my household very well. calls connect promptly, messages arrive without noticeable delay, and switching between family chats, maps, and casual apps feels responsive. i have passed it around for photos, and the bright display makes pictures easy to show at the kitchen table. the body has survived being carried in a crowded bag with no visible damage, although the smooth back is a little slippery without a case. battery capacity has been enough for a full day of calls, browsing, and occasional video, with some charge left in the evening. i particularly value the straightforward menus because other family members learned the controls quickly. it is not a specialist camera or a gaming phone, but that is not what i needed. vela ridge 941 is a balanced, pleasant choice for communication and light daily use.",True
CORD001110,CUS00474,2019-10-25,Thompson,"[{""product"":""Vela Halo 569"",""quantity"":1},{""product"":""Candle Bloom 1054"",""quantity"":1},{""product"":""Candle Edge 680"",""quantity"":1},{""product"":""Candle Bloom 262"",""quantity"":2},{""product"":""Candle Orbit 1034"",""quantity"":2}]",6250.72,10.86,-37.843176,144.911664,10,5636.51,Spring,False,4.6015,"candle shift 160 has supported my study routine with research tabs, notes, documents and recorded lectures open across the day. it starts quickly enough for a short library session, and switching between reading and writing has remained smooth during ordinary workloads. the keyboard gives useful feedback for long notes, while the size makes it practical to carry between a desk and a quiet corner. i have also appreciated the clear screen when comparing several pages of material. the fan becomes noticeable during heavier multitasking, and the built-in camera is adequate rather than polished for meetings. neither issue has disrupted my work. after four weeks of daily use, candle shift 160 feels like a dependable tool for research and note taking, especially for someone who values a straightforward study setup.",True
CORD001111,CUS00196,2019-08-09,Bakers,"[{""product"":""Vela Halo 569"",""quantity"":1},{""product"":""Vela Halo 659"",""quantity"":1}]",413.8,11.67,-37.794291,145.005503,10,384.09,Winter,False,1.9657,"vela wave 589 has been on my desk for three weeks, connecting a phone, a small computer, and another device through one compact adapter. compared with carrying several separate connection pieces, it makes the desk less cluttered and is easier to move between work areas. the size is convenient when i travel, and i can keep the adapter beside my everyday devices without giving it much space. in routine use, the connections have been mostly straightforward. devices are recognised after being attached, and the adapter does what i expect for ordinary file access and charging arrangements. the comparison with a larger desktop hub is more mixed. that hub offered a wider selection of connections and felt more stable on the desk, whereas vela wave 589 is easier to pack but gives me less room to work when several cables are attached. the compact shape creates some small inconveniences. cables can crowd one another, particularly when plugs have thicker housings, and the adapter moves if i pull a cable from the side. i have not had a serious failure, but i now place it carefully rather than leaving it loose. it is also more useful when i already know which devices i will connect; it does not remove the need to plan a busy setup. after twenty-one days, vela wave 589 is a practical middle option. it is more portable and less cluttered than my separate adapters, but less comfortable than a full-sized hub for a permanent desk. the basic function is present without much drama, while the physical layout limits heavier use. i would choose it for travel or a light workstation and compare alternatives for many simultaneous devices.",True
CORD001112,CUS00259,2019-05-02,Thompson,"[{""product"":""Candle Bloom 1054"",""quantity"":1},{""product"":""Candle Quest 354"",""quantity"":2},{""product"":""Vela Halo 569"",""quantity"":1}]",1404.5,8.88,-37.833293,144.938445,15,1202.71,Autumn,False,2.4147,"vela echo 151 has handled my daily calls, messages, and navigation without making those routine tasks feel burdensome. calls connect promptly, and the screen remains readable when i am checking a route or responding to a message while out. navigation has been steady during walks and drives, and the directions are easy to follow at a glance. the phone is comfortable to hold for short conversations and fits neatly in my everyday bag. i have noticed that the surface attracts fingerprints quickly, especially after using the map, so it needs an occasional wipe. that is a cosmetic nuisance rather than a functional concern. after regular ownership, vela echo 151 has remained responsive and trustworthy for communication and getting around town.",True
CORD001113,CUS00407,2019-09-26,Thompson,"[{""product"":""Candle Quest 498"",""quantity"":1},{""product"":""Candle Flux 990"",""quantity"":1},{""product"":""Candle Bloom 262"",""quantity"":1}]",4521.05,19.93,-37.793747,144.965381,15,3862.82,Spring,True,2.649,"i chose candle orbit 350 because i needed an ultrabook for document work and video meetings in more than one location. my previous laptop was serviceable at a desk but awkward to carry, and its fan and sluggish transitions made short work sessions feel unnecessarily long. candle orbit 350 is easier to take from room to room, and it starts the practical tasks i use most without making me wait around before getting started. most of my time is spent writing, reviewing documents, arranging notes, and joining meetings. compared with the older machine, switching between a document and a call is smoother, and the keyboard is comfortable enough for extended typing. i have worked at a kitchen table, in a quiet office, and on the sofa, and the laptop has remained manageable in each setting. the camera and microphone have been suitable for routine meetings, while the screen gives me enough space to keep a document visible beside the call window. it is not a machine i would choose for demanding specialist software, and the limited size of a portable computer always means some compromise when many windows are open. i also needed a brief adjustment period because the keyboard layout differs from my old laptop. those are reasonable trade-offs for the portability. the previous device encouraged me to stay at one desk; candle orbit 350 makes it much easier to work where i actually need to be. after more than a month, the combination of lighter handling, responsive everyday use, and dependable meetings has made it a welcome improvement rather than merely a newer version of the same routine.",True
CORD001114,CUS00018,2019-09-01,Bakers,"[{""product"":""Candle Quest 354"",""quantity"":3},{""product"":""Vela Halo 569"",""quantity"":2},{""product"":""Candle Bloom 1000"",""quantity"":1}]",3322.36,15.55,-37.868361,145.040422,20,2673.44,Spring,False,7.607,"vela atlas 683 was used for casual living-room games, but input lag made ordinary play awkward. the picture also froze briefly during busier moments, and sound sometimes continued after the image stopped. restarting the display cleared the issue only for a short time. it shows a picture and accepts input, but the repeated delays are frustrating and make the unit unreliable. i regret buying it.",False
CORD001115,CUS00312,2019-02-16,Thompson,"[{""product"":""Candle Bloom 262"",""quantity"":1},{""product"":""Candle Edge 680"",""quantity"":1},{""product"":""Vela Halo 659"",""quantity"":1},{""product"":""Candle Orbit 656"",""quantity"":2},{""product"":""Candle Bloom 1000"",""quantity"":1}]",9974.34,11.7,-37.799527,144.889231,5,9487.32,Summer,False,5.2874,"candle shift 916 has fitted nicely into our shared room, where people take turns playing short casual games. it starts without delay, the controls are simple to learn, and the screen is visible from nearby seats. the sound is adequate without disturbing the room. serious players may want more advanced features, but for relaxed breaks and family sessions it has been enjoyable, approachable, and easy to store.",True
CORD001116,CUS00159,2019-02-24,Thompson,"[{""product"":""Vela Halo 659"",""quantity"":3},{""product"":""Candle Flux 990"",""quantity"":1},{""product"":""Vela Halo 569"",""quantity"":1},{""product"":""Candle Bloom 1054"",""quantity"":1}]",3487.52,22.17,-37.767468,144.910836,25,2637.81,Summer,True,5.9501,"vela wave 751 handles the parts of my day that matter most: messages, calls, maps, and quick searches. navigation remains responsive while i move between locations, and the screen is readable outdoors unless the light is especially harsh. i have used it for commuting, checking appointments, and finding unfamiliar streets without the connection dropping in normal areas. the size feels comfortable in one hand, though the smooth back benefits from a case because it can slide on some surfaces. battery performance is solid for a normal day of communication and navigation, with heavier use requiring an evening charge. it is not aimed at elaborate photography, but as a daily phone it has been dependable and easy to live with.",True
CORD001117,CUS00261,2019-03-18,Bakers,"[{""product"":""Candle Quest 354"",""quantity"":2},{""product"":""Candle Bloom 1054"",""quantity"":1},{""product"":""Candle Quest 498"",""quantity"":1},{""product"":""Vela Halo 659"",""quantity"":1},{""product"":""Vela Halo 569"",""quantity"":1}]",2977.54,9.2,-37.832742,145.009384,5,2837.86,Autumn,False,2.8182,"the vela atlas 809 was intended to solve a simple desk problem: i wanted a device held at a more useful angle without placing it flat among papers and cables. assembly was quick, and i spent more time deciding where to position it than figuring out how it worked. the adjustable joints allowed me to raise and turn the mounted device until the screen sat in a comfortable place for reading and calls. i used it beside my main workspace for messages, reference material, and occasional video conversations. being able to change the angle during the day was helpful when the light moved across the room. the base stayed settled during ordinary use, and i did not have to keep one hand on the device while tapping the screen with the other. i have learned not to force the adjustment when it reaches its natural stopping point, but that is a reasonable habit with a movable mount. the vela atlas 809 also made the desk easier to tidy. papers can pass underneath it, and the device is no longer constantly sliding between other objects. a visiting family member adjusted it without asking for instructions, which is a good sign for everyday usability. it is not a heavy-duty stand for every possible device or workspace, and anyone expecting a rigid permanent installation may want something different. for adjustable positioning at my desk, it has been practical, unobtrusive, and satisfying to use. after fifteen days, i consider it a worthwhile little purchase.",True
CORD001118,CUS00359,2019-04-19,Nickolson,"[{""product"":""Candle Bloom 1000"",""quantity"":1},{""product"":""Candle Bloom 262"",""quantity"":1},{""product"":""Candle Orbit 656"",""quantity"":1}]",5196.17,10.75,-37.857195,144.994142,10,4687.3,Autumn,False,4.8048,"the vela pulse 973 has been used for family media streaming in our living room for about a month. its screen is comfortable for films, short programmes, and shared viewing, and the controls are simple enough for different people in the household to use. starting a familiar service was usually quick, and the picture remained stable during ordinary evening sessions. compared with watching on a phone or passing around a laptop, the vela pulse 973 makes family viewing much easier. the difference is not entirely one-sided. the larger display is more inviting, but moving between several services or searching for a less familiar programme can take longer than expected. i sometimes had to wait for a menu to respond after returning from playback. the delay was brief and did not interrupt every session, yet it made the device feel less immediate than the smaller streaming setup i used previously. search worked for common titles, while correcting a mistaken entry required patience with the on-screen keyboard. the speakers are adequate for everyday television in a quiet room. during a louder film, dialogue was less distinct than through separate speakers, so i adjusted the volume more often. family use also revealed that the remote was easy to misplace and that not every control was obvious to a first-time user. streaming itself remained dependable on our normal connection, although i preferred to check the network before starting a longer programme. the vela pulse 973 is a sensible shared display for routine family streaming. it offers a more comfortable viewing experience than personal screens and has become the main device in our living room. its slower menus, basic audio, and search input keep the experience from being seamless. i would choose it for straightforward viewing, but not for someone expecting every service and control to feel equally polished.",True
CORD001119,CUS00276,2019-03-07,Nickolson,"[{""product"":""Candle Bloom 1054"",""quantity"":1},{""product"":""Vela Halo 569"",""quantity"":1},{""product"":""Candle Orbit 656"",""quantity"":1},{""product"":""Candle Bloom 262"",""quantity"":1},{""product"":""Candle Quest 498"",""quantity"":1}]",5287.6,8.18,-37.825402,144.984527,0,5295.78,Autumn,False,1.5176,"the candle arc 168 has connected several shared household devices, including phones, laptops, a television, and a printer. initial setup was clear enough, and the connection has remained stable during ordinary evening use when several people are online. the device list is useful for checking what is connected, although identifying family devices becomes less obvious once many names appear. coverage reaches most rooms, with a weaker signal in the area furthest from the unit. i have not needed to restart it often, which is reassuring, but a few advanced controls are harder to find than the basic ones. streaming and browsing have been consistent, and guest access can be managed without much trouble. it is a sensible household network device with adequate reach and a slightly busy management interface.",True
CORD001120,CUS00008,2019-05-20,Bakers,"[{""product"":""Vela Halo 659"",""quantity"":1},{""product"":""Candle Quest 354"",""quantity"":1},{""product"":""Candle Bloom 1054"",""quantity"":2}]",1567.19,20.12,-37.790464,144.976542,0,1587.31,Autumn,True,2.7228,"i compared vela echo 763 with the separate speaker and phone routine i had been using for music and spoken content. the smart display keeps playback in one place and makes it quicker to start a recording, pause it, or return to something i was listening to earlier. i have used it during breakfast, while cooking, and in the evening, and the screen is helpful when i want to identify a programme or see what is queued. spoken content is where i notice the greatest improvement. voices are easy to follow at ordinary room volume, and i do not need to keep my phone nearby just to make a small adjustment. music works well as background sound, while the display gives the room a more useful centre than the old speaker alone. compared with the previous routine, vela echo 763 also feels more approachable when someone else in the household wants to start playback without asking for help. the screen is not large enough for serious video watching, and the sound does not have the depth i would look for from dedicated music equipment. those limits fit the role i gave it. i wanted convenient music and spoken-content playback, not a full entertainment system. vela echo 763 has made everyday listening easier to share and less dependent on a separate phone. the controls took a short period of familiarity, but the overall experience has been positive and dependable for the room where it is installed.",True
CORD001121,CUS00138,2019-03-12,Nickolson,"[{""product"":""Vela Halo 659"",""quantity"":1}]",264.71,12.23,-37.878158,144.981013,5,263.7,Autumn,False,6.6991,"i moved to vela wave 571 because i wanted one phone for work calls, messages, and calendar management. during the first week i transferred my usual contacts and appointments, then tested it through a normal sequence of calls and reminders. the process was straightforward, and the phone quickly became part of my workday. calls have been clear in the places where i usually take them, and calendar alerts arrive when expected without making the whole experience feel complicated. after using it for several weeks, i have found the screen comfortable for reading schedules and checking meeting details. the interface responds quickly to ordinary taps, and moving between a call, a message, and the calendar is generally smooth. vela wave 571 also handles navigation between appointments without fuss, which matters when i am moving around unfamiliar areas. the camera is perfectly adequate for quick reference pictures, although it is not the feature i use most. battery life has covered a busy day of calls and planning, with charging usually happening overnight. on especially active days i have needed a top-up before evening, but that has not disrupted my routine. the phone feels well assembled and fits easily in one hand, though the surface is slippery enough that i prefer a case. vela's warranty adds reassurance, and the overall experience has been positive. vela wave 571 keeps my communication and schedule together in a way that feels dependable rather than demanding.",True
CORD001122,CUS00385,2019-05-01,Thompson,"[{""product"":""Candle Flux 990"",""quantity"":1},{""product"":""Vela Halo 569"",""quantity"":2},{""product"":""Candle Quest 354"",""quantity"":2}]",3198.19,9.77,-37.78117,144.940366,0,3207.96,Autumn,False,3.5521,"candle quest 282 has worked well as a shared tablet for family learning and browsing. different people in the household can pick it up and begin reading, watching a lesson, or looking something up without a lengthy explanation. the screen is comfortable for text and video, and the size makes it easier to pass around than a laptop. i have also found it useful at the kitchen table for quick research while cooking or helping with homework. everyday browsing has stayed responsive, and the battery has covered our normal sessions without constant charging. the speakers are suitable for lessons and casual viewing, though headphones are preferable when several people are doing different things nearby. that is a reasonable compromise for a shared device. candle quest 282 has earned its place because it is approachable, versatile, and able to support several members of the family without becoming complicated.",True
CORD001123,CUS00500,2019-05-28,Bakers,"[{""product"":""Candle Quest 498"",""quantity"":1},{""product"":""Candle Orbit 1034"",""quantity"":1}]",1890.25,12.4,-37.754453,145.030951,10,1713.63,Autumn,False,6.9281,"the vela ridge 203 has become the screen we use for shared films and television, and its larger presentation is a clear step up from watching on a computer. people seated at opposite ends of the room can follow the main action and subtitles without leaning forward. the interface is familiar enough for different family members to choose programmes, and the remote has not required much explanation. compared with our old display, the picture looks cleaner in ordinary scenes and the viewing area feels less crowded when several people are present. the built-in audio is the part i would assess carefully. speech is understandable, but music and effects sound narrow, and the contrast between quiet conversation and louder scenes means someone often reaches for the volume control. the screen also reflects a nearby window during the afternoon, so placement has mattered more than expected. switching between services is usually fine, although the home screen occasionally pauses before responding to a command. these are not failures of the basic viewing function, but they prevent the set from feeling completely finished. after established use, the vela ridge 203 remains a sensible shared television for everyday programmes. it compares favourably with the smaller display it replaced, particularly for subtitles and group viewing, while a separate sound system would make the experience more complete. i am content with its role, but i would not choose it solely for cinema-quality audio.",True
CORD001124,CUS00363,2019-12-05,Bakers,"[{""product"":""Candle Orbit 1034"",""quantity"":2},{""product"":""Candle Quest 354"",""quantity"":1},{""product"":""Candle Quest 498"",""quantity"":1},{""product"":""Vela Halo 659"",""quantity"":1},{""product"":""Candle Bloom 1054"",""quantity"":1}]",3589.51,12.78,-37.869535,145.014483,5,3422.81,Summer,False,6.8329,"the vela atlas 143 has been a welcome improvement over the small screen i previously used for showing presentations and photos. the larger display makes shared viewing more comfortable, especially when several people are gathered around it. text in a presentation is easier to follow from a little distance, and photographs have more presence than they did on my older display. i have used it for informal presentations at home as well as for browsing albums with family, and both activities feel more communal. what distinguishes the vela atlas 143 for me is the balance between a useful viewing area and a simple everyday role. i can set it up for a presentation without turning the room into a complicated media station. when it is not being used for work, it serves well for looking through photos and revisiting travel memories. compared with a basic monitor, it feels more suited to shared viewing, while compared with a very large entertainment screen, it is less imposing in an ordinary room. the display is best appreciated from a reasonable position, and small text still benefits from a closer look. i also find that preparing a polished presentation takes the same care as it would on any screen. those are ordinary expectations rather than serious faults. after repeated use, the vela atlas 143 has made presentations easier to share and photographs more enjoyable to revisit. it is a thoughtful choice for someone who wants one screen to support both practical viewing and relaxed home entertainment.",True
CORD001125,CUS00185,2019-07-03,Nickolson,"[{""product"":""Candle Orbit 1034"",""quantity"":2},{""product"":""Candle Quest 498"",""quantity"":1},{""product"":""Candle Bloom 1000"",""quantity"":1}]",4288.01,19.68,-37.873533,145.000435,5,4093.29,Winter,False,6.6837,"i took candle shift 736 on several trips for portable gaming and compared it with the larger setup i normally use at home. the smaller form is easier to pack, but the controls are cramped and the surface becomes uncomfortable during a longer session. my hands repeatedly shift position to reach the buttons, which makes play feel awkward rather than relaxed. the larger setup is less portable, yet it causes fewer hand and wrist problems. candle shift 736 handles shorter games without completely failing, although the screen is difficult to see under bright indoor lighting. reflections obscure darker scenes, and the narrow viewing area makes shared play impractical. sound from the built-in speakers is thin and can become harsh at higher volume, so i usually need headphones. that adds another item to carry and makes the promised travel convenience less convincing. heat develops near the controls after extended use, and the fan noise becomes noticeable in a quiet room. battery performance also changes sharply between light use and demanding games. i have had to stop earlier than planned because the remaining charge fell faster than expected. the device resumes basic play after charging, but interruptions are frustrating when access to an outlet is limited. candle shift 736 is compact and technically portable, yet its cramped handling, reflective display, noisy cooling, and inconsistent battery make it a poor travel companion. compared with my home equipment, the loss of comfort and predictability is too severe, so i cannot recommend it for serious portable gaming.",False
CORD001126,CUS00139,2019-04-06,Thompson,"[{""product"":""Candle Flux 1098"",""quantity"":1},{""product"":""Candle Orbit 1034"",""quantity"":1},{""product"":""Candle Edge 680"",""quantity"":1},{""product"":""Candle Quest 498"",""quantity"":1}]",4937.89,19.81,-37.808187,144.921274,15,4217.02,Autumn,True,2.3203,"the candle shift 844 has been part of my evening routine for music, podcasts, and occasional radio listening. the sound is pleasant at moderate volume, with voices remaining easy to follow and music having enough presence for a room. pairing was quick, and reconnecting after a break usually happens without extra steps. the wireless range is less consistent through walls than i expected, so i keep the source device nearby when moving around the house. at higher volume the sound becomes somewhat sharp, and the controls are small enough that i sometimes press the wrong one. battery use has been reasonable for several long sessions, though the indicator gives limited warning before charging is needed. i enjoy the simplicity of the candle shift 844 for settled listening, but its connection behaviour and compact controls make it less suitable for moving from room to room.",True
CORD001127,CUS00031,2019-10-18,Nickolson,"[{""product"":""Candle Bloom 262"",""quantity"":1},{""product"":""Candle Orbit 1034"",""quantity"":2},{""product"":""Candle Quest 354"",""quantity"":1},{""product"":""Vela Halo 569"",""quantity"":1}]",2833.98,13.41,-37.886661,145.002254,20,2280.59,Spring,False,8.0949,"i have used candle arc 942 for drawing at the kitchen table and for small creative jobs that do not justify opening my larger computer. the first few sketches were mainly about learning the surface and finding a grip that felt natural. after that short adjustment, drawing became fluid enough for rough ideas, coloured notes, and simple layouts. the tablet responds promptly to strokes, and i can zoom in when working on a small section without losing track of the whole image. most of my sessions last between twenty minutes and an hour. during that time the tablet remains comfortable to hold against a cushion or rest flat on the table. i like being able to pick it up when an idea appears, add a few lines, and put it away without preparing a full workspace. it has also been handy for reviewing an image while travelling around the house. the supplied pen is pleasant for ordinary sketching, although i would prefer a slightly more secure place to store it because it can disappear among papers. candle arc 942 has encouraged me to draw more often simply because it is available. i have used it for planning a small room arrangement, marking changes on a picture, and making quick visual reminders for a project. it is not a replacement for every tool in a full creative studio, and the smaller working area takes some getting used to when a drawing becomes detailed. for lightweight creative work, however, it feels responsive and approachable. the battery has carried me through my usual sessions, and the tablet has become a genuinely useful part of my creative routine.",True
CORD001128,CUS00299,2019-01-23,Thompson,"[{""product"":""Vela Halo 659"",""quantity"":1},{""product"":""Candle Quest 498"",""quantity"":1}]",1573.04,13.28,-37.759618,144.893709,20,1271.71,Summer,False,7.536,"vela ridge 293 has served well in our spare room for presentations, family photos, and occasional viewing. text on slides remains sharp enough for a small group, and the brightness helps when the room is not fully dark. moving through photo folders feels responsive, so showing a sequence of pictures does not become an awkward pause between images. i have used it for work practice as well as relaxed evenings, and the display gives both situations a polished appearance. the controls are sensibly arranged, with settings that can be adjusted without reading a long manual. colours are not perfectly natural in every picture until i make a small adjustment, but the change is simple and the result is pleasing. over time it has remained dependable and has not developed any distracting behaviour. vela ridge 293 is a versatile screen for presentations and personal photos, and i am happy with the role it has taken in the room.",True
CORD001129,CUS00010,2019-02-18,Thompson,"[{""product"":""Candle Quest 498"",""quantity"":1}]",1308.33,24.21,-37.743247,144.89718,5,1267.12,Summer,True,8.8781,"vela echo 997 has fitted naturally into my daily routine over the last 29 days. the time is visible at a glance, reminders arrive when expected, and the lightweight body is comfortable through a full day. i have not needed much instruction to use it, which is a welcome change from more complicated wearables. the strap material is basic, but it has held up well so far. it is a practical everyday helper.",True
CORD001130,CUS00273,2019-02-04,Thompson,"[{""product"":""Candle Orbit 656"",""quantity"":1},{""product"":""Candle Bloom 1054"",""quantity"":1},{""product"":""Candle Flux 1098"",""quantity"":1}]",3508.15,11.73,-37.859562,144.93444,5,3344.47,Summer,False,5.3305,"vela nova 429 has been keeping charging cables together in a drawer and in the side pocket of my work bag. the compact shape takes up little room, and separating the cables is easier than searching through a loose bundle. it handles ordinary lightweight cables without difficulty, while thicker ones make the loops sit less neatly and require more space. the material feels sufficiently firm for daily handling, although the closure takes both hands when the organiser is full. i have found it most useful for preventing tangles rather than storing a large collection. the colour and finish are unremarkable, but that is not important for its purpose. vela nova 429 solves a minor organisational nuisance and has remained serviceable over time. i am satisfied with the basic function, though its capacity and handling are only average.",True
CORD001131,CUS00234,2019-08-13,Bakers,"[{""product"":""Candle Quest 354"",""quantity"":1},{""product"":""Candle Quest 498"",""quantity"":1},{""product"":""Vela Halo 659"",""quantity"":1}]",1975.82,18.21,-37.742785,145.064883,0,1994.03,Winter,False,9.6606,"vela atlas 197 has become useful for habit reminders and everyday timekeeping because it stays visible without requiring me to take out my phone. i use reminders for breaks, errands, and regular tasks, and the vibration is noticeable without being harsh. the time display is clear at a glance, while the strap has remained comfortable during long working days. setup and syncing were uncomplicated, and the device has continued to show information even when my phone is not immediately beside me. the reminder controls could offer more flexibility for repeated schedules, but the available options cover my normal routine. battery life has been adequate for several days before charging. vela atlas 197 is a focused wearable rather than an all-purpose gadget, and that simplicity has made it easy to keep using.",True
CORD001132,CUS00050,2019-01-15,Thompson,"[{""product"":""Candle Quest 498"",""quantity"":2},{""product"":""Vela Halo 659"",""quantity"":1},{""product"":""Candle Orbit 1034"",""quantity"":1}]",3463.29,11.72,-37.808027,144.919768,15,2955.52,Summer,False,2.4534,"i installed vela spark 675 to compare temperature and humidity between a bedroom and the living area. the basic readings appear on the device, but the comparison is difficult to trust. moving it a short distance can produce a sharp change that does not match the other sensor in the room. repeating the measurement later gives another result, so i cannot tell whether the room changed or the device is simply inconsistent. the application adds more frustration instead of resolving the uncertainty. updates arrive late, and the history sometimes contains gaps during periods when the display was still showing a number. the connection drops without a helpful explanation, then returns after several attempts. compared with the older monitor i used before, vela spark 675 requires more checking and produces less confidence. its controls are small and awkward, particularly when i am trying to place it on a shelf while keeping the sensor clear of nearby objects. after weeks of moving it between rooms, i found no dependable pattern. it can show a basic temperature and humidity value, and the screen remains visible in ordinary indoor light, but those limited functions do not make it suitable for monitoring a changing home. the enclosure also feels flimsy and the stand shifts easily when the surface is touched. i wanted a straightforward household comparison tool, yet vela spark 675 creates extra doubt and maintenance. the readings are unreliable, the connection is troublesome, and the overall device is disappointing.",False
CORD001133,CUS00371,2019-06-28,Thompson,"[{""product"":""Vela Halo 569"",""quantity"":1},{""product"":""Candle Quest 354"",""quantity"":1}]",551.87,16.95,-37.74409,144.913655,10,513.63,Winter,False,8.172,"vela spark 1089 has made my desk less awkward than the collection of separate adapters i was using before. i bought it to connect several devices through one compact accessory, and it has handled that role without drama. i can bring a phone, tablet, and other small devices together at the same workspace instead of reaching behind the desk for a different connector each time. the compact shape also takes up less room than the loose collection it replaced. compared with a larger adapter i tried previously, vela spark 1089 is easier to carry between a home desk and a meeting room. its cable is long enough for my usual arrangement, although i would prefer a little more flexibility when the outlet is far away. connections have remained steady during ordinary transfers and charging, and i have not had to restart devices to make a basic connection work. that dependable routine is the main reason i have kept using it. the larger adapter still has an advantage when many connections are needed at once, so this is not the answer for a full workstation. the ports are close together, and bulky plugs can make the compact layout less convenient. for everyday travel and a small collection of devices, though, vela spark 1089 is more practical than the separate pieces i owned before. it keeps the essentials together, reduces clutter, and is easy to pack. the minor spacing limitation is real, but the overall improvement has been clear.",True
CORD001134,CUS00076,2019-03-23,Thompson,"[{""product"":""Candle Orbit 1034"",""quantity"":1}]",581.92,11.74,-37.852794,144.900108,15,506.37,Autumn,False,6.0755,"vela wave 571 has become the phone i rely on for work calls, calendar checks, and keeping track of a changing schedule. calls have remained clear in the places where i normally work, and the calendar is quick to reach when plans change between meetings. i can move from a call to a message or reminder without the device feeling sluggish, which matters when several tasks compete for attention. the size works well in one hand, although the display feels a little narrow when i am reviewing a long agenda. battery performance has suited my ordinary workday, including periods of frequent calling and messaging. the finish has also survived being carried with keys and notebooks without obvious damage. vela wave 571 is not overloaded with distractions, and that focused balance has made it a reliable part of my working day.",True
CORD001135,CUS00126,2019-04-16,Nickolson,"[{""product"":""Candle Bloom 262"",""quantity"":1},{""product"":""Vela Halo 569"",""quantity"":1}]",1267.36,20.69,-37.847095,144.953957,0,1288.05,Autumn,True,3.4523,"vela halo 1019 replaced the soft pouch i had been using to carry a phone, charging lead, and a few small accessories during travel. the new case protects the contents more effectively and keeps them from sliding around in my bag. i have taken it on several commutes and longer trips, and the shape has stayed firm even when packed among other items. it is a small improvement, but it has made finding my accessories much faster. compared with the old pouch, vela halo 1019 offers better separation and a more orderly interior. the pouch was flexible, which sounded convenient, but everything collected at the bottom and the cable became bent around other objects. this case keeps the phone and smaller items in their own areas. i can open it and see what i brought instead of checking by touch. that has been especially useful at transport stops when i need a cable quickly. the exterior has handled ordinary travel well. it does not feel delicate, and the fastening has remained secure in a crowded backpack. i also appreciate the balance between protection and size. a harder, larger case would provide more space but would be awkward to carry, while this one fits into the pocket i already use. the interior is suitable for compact accessories, though a bulky charger makes the case feel crowded. my only hesitation is that the space must be packed thoughtfully. if i add too many loose items, the case becomes less tidy and the fastening takes more effort. that is a packing limitation rather than a problem with its purpose. vela halo 1019 is neater, more protective, and easier to handle than my old pouch. for travel storage of a phone and small accessories, i prefer it and would gladly use it again.",True
CORD001136,CUS00377,2019-09-19,Bakers,"[{""product"":""Candle Bloom 262"",""quantity"":1},{""product"":""Candle Orbit 656"",""quantity"":1},{""product"":""Vela Halo 659"",""quantity"":1},{""product"":""Candle Quest 498"",""quantity"":1},{""product"":""Candle Orbit 1034"",""quantity"":1}]",5535.29,11.25,-37.822682,145.05139,0,5546.54,Spring,False,5.1307,"candle orbit 1034 has been a convenient choice for music playback in our shared room. it starts quickly, sounds clear at ordinary volume and is simple enough for everyone to operate. the unit does not deliver especially strong bass, so it is better for background listening than for a full party. within that role, it has worked consistently and made everyday music more enjoyable.",True
CORD001137,CUS00004,2019-09-20,Nickolson,"[{""product"":""Candle Edge 680"",""quantity"":2},{""product"":""Candle Quest 354"",""quantity"":1}]",4905.58,13.16,-37.882767,145.004288,0,4918.74,Spring,False,7.7601,"candle vista 974 has been useful for video calls and online classes. the microphone keeps my voice clear enough for other participants, while incoming speech remains understandable during longer sessions. pairing was uncomplicated, and the connection has held steady at my desk. the ear pieces feel slightly warm after extended use, but shorter meetings are comfortable. it has reduced the distractions of remote communication and has performed consistently since i began using it.",True
CORD001138,CUS00132,2019-10-06,Bakers,"[{""product"":""Candle Edge 680"",""quantity"":2},{""product"":""Vela Halo 569"",""quantity"":2},{""product"":""Candle Bloom 1054"",""quantity"":1}]",5250.83,12.46,-37.770898,145.054683,0,5263.29,Spring,False,6.7965,"the vela halo 875 was installed to help me understand the temperature and humidity in an indoor room that can feel different from the rest of the house. i placed it where i spend most evenings and watched the readings over the first few days instead of relying only on guesswork. that simple record was useful. i began noticing how cooking, closed windows, and a full room changed the atmosphere, and i could make small adjustments with more confidence. the device has fitted into my routine without demanding much attention. i check it in the morning, glance at it when returning home, and look again before settling down for the night. the information is presented plainly enough for quick checks, and the unit has continued reporting while the room changed from quiet to busy. i sometimes wish the display were easier to read from across the room, since i need to move closer for a quick glance, but that is a modest inconvenience. it has still encouraged me to pay attention to patterns i previously ignored. during the weeks i have owned the vela halo 875, it has made the room feel more understandable and manageable. it does not alter the environment by itself, so the benefit comes from the awareness it provides, but that has been enough to improve my decisions about ventilation and comfort. i appreciate having an unobtrusive record rather than a vague impression. for indoor temperature and humidity monitoring, it has been a useful addition and one i expect to keep checking.",True
CORD001139,CUS00113,2019-09-12,Bakers,"[{""product"":""Candle Flux 990"",""quantity"":1}]",2094.45,24.24,-37.769673,145.023479,0,2118.69,Spring,True,5.1249,"i bought candle arc 384 for music playback in a shared room, hoping it would avoid the arguments caused by passing one small speaker around. instead, the first connection was a frustrating process. the pairing request appeared, disappeared, and returned only after i restarted both devices. once audio began, it played at a basic level, but the delay between changing a track and hearing the result made the controls feel awkward. the sound itself was uneven across the room. at one position it was loud enough, while people farther away heard a weak and thin result. increasing the volume introduced harshness rather than solving the problem. the wireless connection also dropped when someone moved between the speaker and the source. it usually resumed after a pause, but the interruption was enough to spoil conversations and make shared listening unpleasant. i stopped relying on it during gatherings because nobody wanted to keep checking whether the music had stopped. longer use brought additional irritation. the buttons were difficult to distinguish by touch, and the device did not always respond to a short press. after being left unused for a few days, it often required another pairing attempt. i tried placing it in different parts of the room and keeping the source nearby, but the weak connection continued. candle arc 384 does produce sound, yet that narrow success cannot compensate for unreliable wireless playback, uneven output, and poor controls. the warranty does not change the fact that ordinary listening became more work than it was worth. i regret the purchase and cannot recommend it.",False
CORD001140,CUS00083,2019-07-16,Nickolson,"[{""product"":""Candle Flux 1098"",""quantity"":2},{""product"":""Candle Orbit 656"",""quantity"":3}]",8378.66,17.32,-37.888622,144.927663,5,7977.05,Winter,False,8.6114,"i have used candle quest 894 for music, podcasts, and quiet background listening at home, and it has settled into my routine without much fuss. the wireless connection has remained dependable while i move between rooms, and the sound stays pleasant during several hours at a time. voices are distinct enough for spoken content, while music has enough detail to keep it enjoyable. the controls took a little practice because their placement was not immediately obvious, but i soon learned them. the fit remains comfortable over a long evening, although i sometimes wish the outer finish felt less prone to collecting fingerprints. after fifteen days of regular ownership, candle quest 894 feels thoughtfully made, consistent, and well suited to relaxed home listening.",True
CORD001141,CUS00159,2019-12-30,Thompson,"[{""product"":""Candle Quest 498"",""quantity"":1},{""product"":""Candle Bloom 1000"",""quantity"":1}]",3124.17,22.17,-37.767468,144.910836,20,2521.51,Summer,True,5.9501,"vela wave 751 handles the parts of my day that matter most: messages, calls, maps, and quick searches. navigation remains responsive while i move between locations, and the screen is readable outdoors unless the light is especially harsh. i have used it for commuting, checking appointments, and finding unfamiliar streets without the connection dropping in normal areas. the size feels comfortable in one hand, though the smooth back benefits from a case because it can slide on some surfaces. battery performance is solid for a normal day of communication and navigation, with heavier use requiring an evening charge. it is not aimed at elaborate photography, but as a daily phone it has been dependable and easy to live with.",True
CORD001142,CUS00050,2019-01-06,Thompson,"[{""product"":""Candle Bloom 1054"",""quantity"":2},{""product"":""Candle Bloom 1000"",""quantity"":1},{""product"":""Candle Bloom 262"",""quantity"":2},{""product"":""Vela Halo 569"",""quantity"":3}]",5399.35,11.72,-37.808027,144.919768,0,5411.07,Summer,False,2.4534,"i installed vela spark 675 to compare temperature and humidity between a bedroom and the living area. the basic readings appear on the device, but the comparison is difficult to trust. moving it a short distance can produce a sharp change that does not match the other sensor in the room. repeating the measurement later gives another result, so i cannot tell whether the room changed or the device is simply inconsistent. the application adds more frustration instead of resolving the uncertainty. updates arrive late, and the history sometimes contains gaps during periods when the display was still showing a number. the connection drops without a helpful explanation, then returns after several attempts. compared with the older monitor i used before, vela spark 675 requires more checking and produces less confidence. its controls are small and awkward, particularly when i am trying to place it on a shelf while keeping the sensor clear of nearby objects. after weeks of moving it between rooms, i found no dependable pattern. it can show a basic temperature and humidity value, and the screen remains visible in ordinary indoor light, but those limited functions do not make it suitable for monitoring a changing home. the enclosure also feels flimsy and the stand shifts easily when the surface is touched. i wanted a straightforward household comparison tool, yet vela spark 675 creates extra doubt and maintenance. the readings are unreliable, the connection is troublesome, and the overall device is disappointing.",False
CORD001143,CUS00114,2019-09-23,Thompson,"[{""product"":""Candle Orbit 1034"",""quantity"":1},{""product"":""Vela Halo 659"",""quantity"":2},{""product"":""Candle Quest 354"",""quantity"":1},{""product"":""Vela Halo 569"",""quantity"":1},{""product"":""Candle Bloom 1000"",""quantity"":1}]",3479.05,12.84,-37.842273,144.923437,10,3143.99,Spring,False,3.8912,"candle bloom 1000 was purchased for portable document work and video meetings, then compared with another lightweight laptop used in the same places. the first impression is that it is easy to carry, but the reduced weight does not compensate for the problems during a working day. the keyboard feels shallow and noisy, with a cramped layout that causes frequent typing mistakes. the trackpad sometimes ignores a short movement and then jumps, making document selection awkward. when several files are open, switching between them produces pauses and occasional frozen windows. those interruptions are frustrating during meetings because notes fall behind while the system catches up. video calls exposed further weaknesses. the camera image becomes grainy indoors, and the microphone captures nearby sounds more strongly than my voice. other participants asked me to repeat points even when i was sitting close to the screen. compared with the other laptop, candle bloom 1000 also loses battery charge quickly during a meeting combined with document editing. the percentage indicator drops unevenly, so remaining time is difficult to judge. the display is readable at a desk, but reflections make it hard to work near a bright window. basic documents can be opened and edited, yet the poor keyboard, hesitant multitasking, weak meeting audio, and unreliable battery estimate make this model disappointing. after 32 days, i carry a charger and keep backup notes because the computer cannot be trusted for a full mobile session. i regret choosing it for regular work and would avoid it for frequent video meetings.",False
CORD001144,CUS00392,2019-04-02,Thompson,"[{""product"":""Candle Orbit 656"",""quantity"":3},{""product"":""Candle Bloom 1000"",""quantity"":1},{""product"":""Candle Quest 498"",""quantity"":1},{""product"":""Candle Flux 990"",""quantity"":1},{""product"":""Vela Halo 569"",""quantity"":2}]",12302.98,16.83,-37.77262,144.959458,5,11698.41,Autumn,False,4.5848,"i installed the candle orbit 188 to create a separate guest network and keep track of the devices connected at home. the guest access is convenient when visitors arrive, and the device list helps me recognise which household equipment is online. initial setup required careful reading because several management options were grouped in places i did not expect. once configured, changing the guest access settings was straightforward, although the screen can feel busy when many devices are listed. the wireless connection has remained stable during ordinary browsing and streaming, but a newly added device sometimes took a little while to appear in the list. i also had to restart the unit after changing multiple settings in quick succession. the casing sits neatly beside my existing equipment and has not become warm during regular use. the candle orbit 188 provides useful control for a home network, with a capable management view balanced by a setup process and device updates that are not always immediate.",True
CORD001145,CUS00178,2019-03-04,Thompson,"[{""product"":""Candle Orbit 1034"",""quantity"":1},{""product"":""Candle Bloom 1054"",""quantity"":1}]",1031.77,21.21,-37.808695,144.900515,10,949.8,Autumn,True,4.1136,"candle edge 482 has settled into our household as a shared screen for reading practice, recipes, and casual browsing. the display is comfortable for a child to use at the table, while the size still makes it practical for an adult to carry around. switching between family members is uncomplicated, and pages load promptly during ordinary use. we have also used it for looking up school material without needing to move to a larger computer. the casing does show fingerprints after hands-on use, so i wipe it occasionally, but that is a minor upkeep issue. it has proved flexible enough for several different routines.",True
CORD001146,CUS00049,2019-01-27,Nickolson,"[{""product"":""Candle Orbit 656"",""quantity"":2},{""product"":""Vela Halo 659"",""quantity"":1},{""product"":""Candle Quest 498"",""quantity"":1},{""product"":""Candle Bloom 1000"",""quantity"":1}]",7913,30.54,-37.888051,145.003177,15,6741.84,Summer,False,8.2682,"i chose candle orbit 890 for travel-based work and presentations because i needed a laptop that would not create problems between meetings. carrying it was manageable, but using it on the move was far less satisfactory. the hinge felt stiff in some positions and loose in others, which made it difficult to adjust on a train table or a small hotel desk. the keyboard also flexed under ordinary typing, and the trackpad sometimes interpreted a light touch as a click. the first few days of work exposed delays that were easy to notice when time was limited. waking the laptop from sleep could take long enough to interrupt a conversation, and switching between documents was occasionally accompanied by a blank screen. presentations opened, but changing slides was not consistently responsive. in one meeting, i pressed the control twice because nothing appeared to happen, then watched two slides advance together. that kind of behaviour is embarrassing and leaves no confidence before a client discussion. battery performance varied sharply with the task. reading documents was possible for a while, but video, screen sharing, and repeated reconnects reduced the usable time quickly. the charger and laptop also became uncomfortably warm in a cramped workspace. i could complete basic writing and display a file, yet those functions do not compensate for the unreliable sleep behaviour, weak keyboard, and poor travel ergonomics. candle orbit 890 made routine work more stressful and forced me to carry a backup plan. after established use, my judgement is negative: it is awkward on the road and unsuitable for dependable presentations.",False
CORD001147,CUS00447,2019-09-14,Nickolson,"[{""product"":""Candle Bloom 1000"",""quantity"":1},{""product"":""Vela Halo 659"",""quantity"":1},{""product"":""Vela Halo 569"",""quantity"":1},{""product"":""Candle Flux 990"",""quantity"":1}]",4324.09,21.17,-37.854898,144.951398,0,4345.26,Spring,True,4.3401,"candle arc 744 has served me well for music, podcasts, and background listening around the house. pairing was painless, the wireless connection has stayed stable, and the controls respond without much thought. i can listen for a long stretch without the fit becoming distracting. the presentation is fairly restrained, so listeners wanting very forceful sound may prefer something else, but i enjoy its relaxed character. it is a dependable pair for ordinary home use and a purchase i am glad to have made.",True
CORD001148,CUS00294,2019-10-18,Bakers,"[{""product"":""Vela Halo 569"",""quantity"":2},{""product"":""Candle Bloom 1054"",""quantity"":1},{""product"":""Vela Halo 659"",""quantity"":2},{""product"":""Candle Quest 354"",""quantity"":1}]",1680.23,10.57,-37.800004,145.041405,0,1690.8,Spring,False,4.2059,"i wanted a gaming device that could travel with me rather than stay permanently beside the television, and candle quest 336 has suited that plan very well. during the first few sessions i tested it at home, then packed it for a weekend away to see whether the portable format would remain convenient in practice. it was easy to bring along, and i could settle into a short game in the evening without rearranging the room. candle quest 336 has provided responsive play for the games i normally enjoy, with controls that became familiar after only a little use. i have played at a desk, on a sofa, and during quiet parts of several trips, and the experience has stayed consistent across those settings. the menus are generally clear, so starting or changing a game does not become a separate task. i have also appreciated being able to use it for brief sessions instead of feeling committed to a long stretch of play. battery life has been adequate for my routine, although on a particularly long journey i needed to plan a recharge rather than assume it would last indefinitely. that is the main compromise of choosing a portable system. the casing has travelled in a padded bag and still feels secure, while the device has avoided becoming an awkward extra item in my luggage. after owning candle quest 336 for a while, i am happy with the balance between convenience and entertainment. it has made gaming easier to fit around travel and has delivered a consistently enjoyable experience wherever i have used it.",True
CORD001149,CUS00424,2019-10-16,Thompson,"[{""product"":""Candle Orbit 656"",""quantity"":1}]",2262.06,15.5,-37.772496,144.878066,0,2277.56,Spring,False,7.5314,"candle orbit 818 connected some household devices, but the network became unreliable when several were active. streaming paused, and a shared device occasionally vanished until the unit was restarted. the setup instructions left too many unclear steps, making troubleshooting awkward. a single device could remain connected for a while, but that basic result was not enough for the household. the repeated dropouts are frustrating and disappointing.",False
CORD001150,CUS00115,2019-05-01,Thompson,"[{""product"":""Candle Quest 498"",""quantity"":1},{""product"":""Candle Quest 354"",""quantity"":1},{""product"":""Vela Halo 569"",""quantity"":2}]",2009.29,18.77,-37.803853,144.948669,15,1726.67,Autumn,True,0.9908,"candle edge 626 has been part of my competitive gaming setup for several weeks, especially during evening matches that depend on voice communication. the controls are easy to reach while playing, and spoken conversation remains clear enough for coordinating with teammates. the fit stays comfortable through a longer session, although the pressure is noticeable if i wear it continuously for many hours. sound positioning helps me follow what is happening in a busy game, while ordinary media playback is also enjoyable. the microphone can pick up some background noise when the room is active, so i still mute it between conversations. connecting it to my setup was straightforward, and i have not needed to repeat the process. candle edge 626 has made team communication smoother and has given my gaming sessions a comfortable, dependable audio foundation.",True
CORD001151,CUS00270,2019-06-08,Bakers,"[{""product"":""Vela Halo 659"",""quantity"":1},{""product"":""Candle Quest 498"",""quantity"":1},{""product"":""Candle Orbit 656"",""quantity"":1}]",3835.1,19.1,-37.801215,145.062622,10,3470.69,Winter,False,6.0005,"i compared candle lumen 490 with my previous travel laptop during several presentation trips. the candle machine is lighter to carry than the older model, but that advantage disappeared once i began working on it. the keyboard feels cramped, the touchpad often interpreted an intended click incorrectly, and the hinge resisted being opened on a narrow table. preparing slides in a hotel room became an awkward series of corrections rather than a smooth routine. presentation use exposed further weaknesses. the display was adequate for showing basic slides, yet it became difficult to view from an angle, and switching between the presentation and a document caused noticeable pauses. battery performance also varied sharply between light editing and video playback. my older laptop was heavier, but it behaved more consistently under the same travel workload. candle lumen 490 seems designed around portability while ignoring the practical strain of repeated setup and packing. after a few weeks, the palm rest showed marks from ordinary carrying, and the fan became distracting during longer sessions. the ports are placed close together, so a charger and adapter can block one another. customer support walked me through power settings, but the changes did not remove the delays. the laptop can display a presentation, which is a limited neutral fact, but it is frustrating for travel-based work. compared with the previous machine, candle lumen 490 is a disappointing compromise, and i regret choosing it.",False
CORD001152,CUS00350,2019-04-21,Thompson,"[{""product"":""Candle Quest 498"",""quantity"":1},{""product"":""Vela Halo 569"",""quantity"":1},{""product"":""Vela Halo 659"",""quantity"":1}]",1722.13,11.59,-37.830923,144.944666,15,1475.4,Autumn,False,2.0403,"vela atlas 1097 looked suitable for everyday timekeeping and habit reminders, yet ownership became increasingly disappointing. the display is readable indoors, but the reminder alerts were inconsistent. on some days the prompt appeared late, and on others it failed to appear at all. that made it difficult to use for routines that depend on a regular nudge. the time remained visible, although the screen sometimes took an awkward extra tap to wake, especially when i was carrying something. charging was another nuisance because the contact needed careful positioning, and a small movement could interrupt the session without an obvious warning. message notifications were not part of my main reason for buying it, but the limited information shown there made the device feel less practical. i contacted support after several missed reminders and received basic reset advice, with no lasting improvement. after more than a month, vela atlas 1097 feels unreliable and frustrating. its core clock function works, but the reminder feature is too inconsistent to justify keeping it.",False
CORD001153,CUS00140,2019-03-19,Nickolson,"[{""product"":""Candle Orbit 1034"",""quantity"":3},{""product"":""Vela Halo 569"",""quantity"":1},{""product"":""Vela Halo 659"",""quantity"":3},{""product"":""Candle Quest 354"",""quantity"":1}]",3091.76,8.49,-37.835209,144.964234,15,2636.49,Autumn,False,1.9055,"vela nova 789 has made a noticeable difference to my travel setup because i can connect several devices through one compact adapter instead of carrying separate pieces for each occasion. i compared it with my previous collection of individual connectors during work trips, and the reduction in clutter is the main benefit. a laptop, phone, and presentation accessory can be arranged around the adapter without filling the whole pocket of my bag. it took only a short time to understand which connection belonged where, and ordinary use has been predictable. i especially value being able to leave the adapter attached while moving between a desk and a meeting room, rather than unplugging every device separately. the compact shape is convenient, though the short cable means i sometimes need to position it carefully when the available ports are crowded. that is a minor ergonomic limitation, not a recurring problem. i have also used it at home when several devices needed a temporary connection, and it performed the same basic job without special adjustment. compared with a bag full of separate adapters, vela nova 789 is simpler to remember and quicker to deploy. it is not a replacement for carrying every possible connector if i am travelling to an unfamiliar setup, and i would check compatibility before relying on it for an unusual device. for the everyday devices i own, however, it has been a useful space-saving accessory. the build feels sufficiently sturdy for regular packing, and the warranty is reassuring. after six weeks, i would choose this over the loose collection it replaced.",True
CORD001154,CUS00421,2019-05-18,Nickolson,"[{""product"":""Vela Halo 569"",""quantity"":2},{""product"":""Candle Orbit 1034"",""quantity"":2},{""product"":""Candle Edge 680"",""quantity"":1},{""product"":""Candle Quest 354"",""quantity"":2},{""product"":""Candle Orbit 656"",""quantity"":1}]",6781.04,12.08,-37.874163,144.992875,10,6115.02,Autumn,False,6.5094,"after owning candle lumen 598 for two years, i have found it a practical way to extend coverage between the study and the living room. setup took a little patience because i had to try two positions before finding one that reached the main router and the far room properly, but the indicator and the instructions made the process understandable. once placed, phones, a laptop and a television have stayed connected without the repeated dropouts i had before. streaming in the back room is now smooth, and ordinary browsing remains responsive even when several people are using the network. the unit has also remained quiet and cool during long periods of use. it is not the smallest networking device, and the status light is brighter than i would choose for a bedroom, yet those are minor complaints. candle lumen 598 has made coverage more consistent and has continued to do its job reliably, so i am pleased with the purchase.",True
CORD001155,CUS00094,2019-07-17,Bakers,"[{""product"":""Candle Bloom 262"",""quantity"":1},{""product"":""Candle Bloom 1054"",""quantity"":1},{""product"":""Candle Quest 498"",""quantity"":1},{""product"":""Candle Orbit 656"",""quantity"":1}]",5138.51,13.92,-37.771721,145.015479,0,5152.43,Winter,False,4.6129,"i have carried the candle orbit 890 for work documents, travel notes, and presentations in different rooms. its low weight is the strongest feature, and it fits easily into a small work bag without making the day feel heavier. documents open promptly and ordinary multitasking remains responsive. the keyboard is suitable for short writing, but the shallow keys are tiring during longer reports. the display looks sharp indoors, while reflections make it harder to share material beside a window. battery life is adequate for a morning of lighter work, though presenting with higher brightness leaves less reserve than i would prefer. the hinge opens smoothly, but the lid flexes slightly when i adjust it on a crowded table. video meetings are understandable, although the speakers are quiet in a larger room. the candle orbit 890 is a sensible portable work laptop, with enough capability for routine presentations but several compromises in endurance, typing, and visibility.",True
CORD001156,CUS00403,2019-02-02,Thompson,"[{""product"":""Candle Flux 1098"",""quantity"":1},{""product"":""Candle Bloom 1000"",""quantity"":2},{""product"":""Vela Halo 569"",""quantity"":2},{""product"":""Candle Edge 680"",""quantity"":1}]",6977.5,10.59,-37.80052,144.907825,5,6639.22,Summer,False,3.7031,"candle flux 666 has been used for simple games in a shared room where quiet operation and quick access matter. casual titles run acceptably, and the controls are easy for different people to pick up. more demanding scenes produce occasional stutter, while the fan becomes obvious after a longer session. the compact design fits beside other equipment but leaves little room for accessories. it works for relaxed gaming, though it is not built for high-performance play.",True
CORD001157,CUS00030,2019-02-28,Bakers,"[{""product"":""Candle Flux 990"",""quantity"":1},{""product"":""Vela Halo 659"",""quantity"":1},{""product"":""Candle Flux 1098"",""quantity"":1}]",3155.4,22.74,-37.839357,145.062686,0,3178.14,Summer,True,6.7646,"i picked up the vela ridge 779 after getting tired of finding charging cables in a tangled heap beside my desk. it is a modest accessory, but it has made that part of my room noticeably calmer. i keep the organiser near the power outlet, and the cables now stay in separate positions instead of sliding behind furniture or wrapping around one another. setting it up took almost no effort, which suited the simple job i expected it to do. the first improvement was at my workstation. i use more than one device during the day, so i used to spend time sorting through cords before i could connect anything. with the vela ridge 779 in place, each cable can be reached and returned without disturbing the others. the openings hold ordinary charging leads securely while still allowing me to pull out enough length for a phone on the desk. i have not had to force a connector through or bend a cable sharply to make the arrangement work. i also tried it beside the sofa, where loose cables had been especially annoying. moving the organiser was simple, and it stayed in position during normal use. the finish has remained tidy after being handled repeatedly, and dust can be removed with a quick wipe. it is not large enough for every kind of cable or for a bulky power unit, so i still keep those items separately. that limitation is easy to understand given its compact size, and it has not reduced its value for the thin charging leads i use most. after several weeks, the main benefit is the time saved in small moments. i can pick up the correct cable immediately, pack one for an outing without searching, and leave the desk looking orderly at the end of the day. the vela ridge 779 does not do anything complicated, but it performs its organising role consistently and occupies very little space. anyone wanting a practical way to keep everyday charging cables under control should find it a worthwhile little addition.",True
CORD001158,CUS00347,2019-03-23,Nickolson,"[{""product"":""Candle Quest 498"",""quantity"":1},{""product"":""Candle Flux 990"",""quantity"":2},{""product"":""Candle Bloom 1054"",""quantity"":2}]",6396.93,7.39,-37.815268,144.965774,20,5124.93,Autumn,False,0.4969,"the vela atlas 161 has been in my pocket for just over a month, long enough for it to become familiar in ordinary situations rather than only during the first enthusiastic days. i mainly chose it for mobile photography and messaging, and both uses have fitted neatly into my routine. the camera starts quickly when i want to capture something unexpected, and daylight photographs retain enough detail for sharing or keeping as memories. i have taken pictures indoors, on walks, and during evening meals, with the results varying naturally with the available light but remaining pleasing for everyday use. messages arrive promptly, the keyboard is responsive, and conversations are easy to manage when several threads are active. i have also appreciated the way the vela atlas 161 handles small daily transitions. moving from a camera view to a message, checking a notification, and returning to another task feels smooth, so the phone does not interrupt the moment i am trying to record. its size works well for one-handed use, although i sometimes adjust my grip for the upper part of the screen. the battery has covered my usual day of calls, messages, photos, and browsing, though a busy day with extensive camera use requires more attention before bedtime. that is a reasonable trade-off for a phone that i carry constantly. i have not encountered any confusing behaviour or unreliable connection during regular use. the vela atlas 161 is not positioned as a specialist camera, but as a practical 5g smartphone for photography, conversation, and quick communication, it has served me with reassuring consistency.",True
CORD001159,CUS00243,2019-09-30,Thompson,"[{""product"":""Candle Bloom 1054"",""quantity"":2},{""product"":""Vela Halo 569"",""quantity"":1}]",1048.79,10.75,-37.797571,144.900163,5,1007.1,Spring,False,4.4499,"candle bloom 802 has become my regular reading and annotation tablet. text is comfortable to view, handwritten notes respond quickly, and marking passages feels natural rather than awkward. i have used it for both quiet study and reviewing documents at the kitchen table. the case adds a little weight, yet the tablet remains a very useful tool for daily work.",True
CORD001160,CUS00041,2019-12-29,Thompson,"[{""product"":""Vela Halo 569"",""quantity"":1},{""product"":""Vela Halo 659"",""quantity"":1},{""product"":""Candle Bloom 1054"",""quantity"":1}]",863.65,18.3,-37.815706,144.94397,10,795.58,Summer,True,0.4334,"vela spark 351 has worked well as an everyday phone for calls, messages, maps, and casual browsing. i have used it while planning routes, checking public transport information, and keeping in touch with family, and the navigation remained responsive when moving between apps. the display is bright enough for quick outdoor checks, and the text is comfortable to read during longer conversations. initial setup was clear, with the main settings easy to find even without consulting instructions. i also appreciate that the phone feels secure in one hand and does not become awkward during frequent use. battery performance has been strong through normal days of messaging and navigation, though extended map use naturally reduces it more quickly. that is a reasonable limitation for this type of device. vela spark 351 has given me a smooth, dependable experience over several weeks, and it handles the parts of smartphone ownership that matter most to me.",True
CORD001161,CUS00331,2019-12-22,Bakers,"[{""product"":""Candle Flux 990"",""quantity"":1}]",2094.45,14.42,-37.825751,145.06426,5,2004.15,Summer,False,6.3114,"i bought the vela spark 531 for travel planning and media, expecting it to replace an older phone without much trouble. compared with that older device, the screen is harder to read outdoors and the battery drops uncomfortably fast when maps, mobile data, and video are used together. a route can be followed, but switching between the map and a booking page often leaves one of them reloading, which makes a simple change frustrating. the 5g connection is inconsistent in places where my previous phone remained usable, and the phone sometimes takes too long to reconnect after leaving coverage. that is a serious problem when checking travel information on the move. media use is also a poor comparison. video playback is watchable, yet the sound is thin and the casing becomes unpleasantly warm after a longer session. storage management feels awkward because large downloads quickly leave little room for photographs and offline maps. the camera produces acceptable snapshots in daylight, but indoor images look dull and lack detail. calls themselves are possible, although the microphone picked up distracting background noise in a busy terminal. the slim shape is easy to carry, but it feels fragile and the buttons are difficult to find without looking. i have not had a reason to test the warranty, and the phone has not delivered the dependable travel experience i wanted. compared with what i already owned, the vela spark 531 adds 5g branding without removing the same old inconveniences, so i regret choosing it and cannot recommend it for regular travel.",False
CORD001162,CUS00069,2019-12-15,Thompson,"[{""product"":""Candle Quest 498"",""quantity"":1},{""product"":""Candle Orbit 1034"",""quantity"":1},{""product"":""Candle Edge 680"",""quantity"":1},{""product"":""Candle Bloom 1054"",""quantity"":1}]",4591.5,9.39,-37.797848,144.934327,20,3682.59,Summer,False,1.9926,"vela nova 249 has been useful in our shared workspace when someone needs to view a phone while keeping both hands free. the base sits securely on the desk, and the support holds the device at a practical angle for reading messages, following a recipe, or joining a short call. i have moved it between workstations several times, and the adjustment has remained straightforward rather than stiff. it occupies little space beside a keyboard, which matters when several people share the same surface. the holder accommodates the phones we normally use, although a particularly thick case makes the fit tighter. it is not designed for carrying around, so i treat it as a desk accessory rather than a travel item. vela nova 249 has made reference information easier to see and has stopped phones from sliding between papers and cables. its simple construction suits the job, and it has added a small but noticeable improvement to our shared work area.",True
CORD001163,CUS00181,2019-09-26,Bakers,"[{""product"":""Vela Halo 569"",""quantity"":1},{""product"":""Candle Bloom 1054"",""quantity"":1}]",598.94,35.56,-37.772412,145.023851,5,582.55,Spring,False,4.8774,"vela halo 209 was intended to hold a device on my desk, but the mounting design has been a constant source of frustration. the clamp attaches to the desk, yet it slowly shifts when the screen is tapped or when a cable pulls from the side. the adjustment joints feel stiff at first and then loosen during use, making it difficult to keep a chosen viewing angle. the holder fits the device, although the gripping pads leave marks and do not feel secure enough to trust near the edge of the desk. assembly instructions were vague, so i had to remove and refit the clamp several times before it sat level. after a few weeks the locking knob began turning without tightening properly. a simple device can be placed in it, but the stand does not remain stable while typing or making calls. support sent general assembly advice without offering a practical remedy. vela halo 209 is awkward, weakly built, and disappointing for adjustable desk mounting. i would avoid it for shared work areas.",False
CORD001164,CUS00372,2019-01-22,Bakers,"[{""product"":""Candle Edge 680"",""quantity"":1},{""product"":""Vela Halo 659"",""quantity"":1},{""product"":""Candle Orbit 656"",""quantity"":1},{""product"":""Vela Halo 569"",""quantity"":1}]",4927.26,22.56,-37.751853,145.004934,0,4949.82,Summer,True,6.5212,"the candle quest 138 has made guest access much less awkward in my home. i can keep visitors on a separate network while leaving my household devices connected as usual, and the device list makes it easier to recognise what is online. i have also used the management controls to pause a forgotten tablet in the evening. the setup screen took a little exploring, but the arrangement has stayed steady since then and gives me useful control without constant attention.",True
CORD001165,CUS00110,2019-09-17,Thompson,"[{""product"":""Candle Bloom 1054"",""quantity"":1},{""product"":""Vela Halo 659"",""quantity"":2},{""product"":""Candle Orbit 1034"",""quantity"":1},{""product"":""Candle Edge 680"",""quantity"":1},{""product"":""Candle Flux 990"",""quantity"":1}]",5907.04,10.15,-37.838958,144.922503,10,5326.49,Spring,False,3.6329,"the vela wave 1075 has been placed in a bedroom to monitor indoor temperature and humidity. readings update regularly and have helped me notice changes when the heater is running, although i have not treated them as laboratory measurements. the app presents the current figures clearly, but the history view is sparse and requires several taps to compare different periods. the unit is small enough to sit on a shelf without attracting attention, and the display can be read from nearby. notifications are useful when conditions move outside the range i set, though one alert arrived later than expected after a sudden change. battery use has been modest and maintenance is simple. it gives a sensible snapshot of the room rather than a detailed environmental record. i am satisfied with the basic monitoring, while the delayed alert and limited history keep the experience mixed.",True
CORD001166,CUS00185,2019-02-09,Nickolson,"[{""product"":""Candle Bloom 1054"",""quantity"":1},{""product"":""Candle Bloom 262"",""quantity"":1},{""product"":""Candle Orbit 1034"",""quantity"":1},{""product"":""Vela Halo 659"",""quantity"":1}]",2414.75,14.68,-37.873533,145.000435,15,2067.22,Summer,False,6.6837,"i took candle shift 736 on several trips for portable gaming and compared it with the larger setup i normally use at home. the smaller form is easier to pack, but the controls are cramped and the surface becomes uncomfortable during a longer session. my hands repeatedly shift position to reach the buttons, which makes play feel awkward rather than relaxed. the larger setup is less portable, yet it causes fewer hand and wrist problems. candle shift 736 handles shorter games without completely failing, although the screen is difficult to see under bright indoor lighting. reflections obscure darker scenes, and the narrow viewing area makes shared play impractical. sound from the built-in speakers is thin and can become harsh at higher volume, so i usually need headphones. that adds another item to carry and makes the promised travel convenience less convincing. heat develops near the controls after extended use, and the fan noise becomes noticeable in a quiet room. battery performance also changes sharply between light use and demanding games. i have had to stop earlier than planned because the remaining charge fell faster than expected. the device resumes basic play after charging, but interruptions are frustrating when access to an outlet is limited. candle shift 736 is compact and technically portable, yet its cramped handling, reflective display, noisy cooling, and inconsistent battery make it a poor travel companion. compared with my home equipment, the loss of comfort and predictability is too severe, so i cannot recommend it for serious portable gaming.",False
CORD001167,CUS00384,2019-03-22,Thompson,"[{""product"":""Candle Quest 498"",""quantity"":2},{""product"":""Candle Bloom 1054"",""quantity"":1}]",3066.51,10.64,-37.851906,144.928209,15,2617.17,Autumn,False,4.6664,"the vela atlas 719 has accompanied my mobile devices on several ordinary trips and has been compared with a soft pouch and a more rigid case i used previously. after forty-eight days, it offers the best compromise for protective storage during travel. it keeps the device separate from loose items, gives it a defined place in my bag, and is quick to open when i need to use the device again. the soft pouch was light but allowed the contents of my bag to press against the device. the rigid case provided stronger structure, yet it took up more room and was awkward when i was moving between locations. the vela atlas 719 sits between those experiences. it has enough structure to make me less concerned about ordinary contact in a travel bag while remaining compact enough for daily carrying. i have used it in a backpack, a smaller day bag, and beside other accessories without the storage process becoming irritating. the interior arrangement is practical for the items i normally carry, and the outside has remained presentable after repeated handling. i like that i can pack the device quickly rather than wrapping it in clothing or searching for a separate pouch. there is a limit to the protection: i would not treat it as equipment for severe impact or poor conditions, and the available room is not intended for a large collection of additional accessories. those boundaries are clear and reasonable. compared with the alternatives, the vela atlas 719 gives me the most useful mix of access, order, and everyday protection. it has removed one small source of travel worry without adding much bulk. the twelve-month warranty is welcome for an accessory used so frequently. for protective storage while travelling, it has been a worthwhile and practical improvement.",True
CORD001168,CUS00333,2019-12-07,Thompson,"[{""product"":""Vela Halo 659"",""quantity"":3},{""product"":""Candle Bloom 1054"",""quantity"":1},{""product"":""Candle Bloom 1000"",""quantity"":1}]",3059.82,10.81,-37.785811,144.916463,5,2917.64,Summer,False,4.0191,"vela halo 191 has worked well as a family communication phone and feels more settled than the handset it replaced. calls connect promptly, messages arrive without the delays i sometimes experienced before, and casual apps open without making the device feel constantly strained. several family members use it for different purposes, so straightforward operation matters more to us than having every advanced feature. on that measure, it has been a comfortable improvement. the comparison with our previous phone is clearest during ordinary multitasking. i can move from a message to the calendar or a light app without waiting through repeated pauses. the screen is easy enough to read indoors, and the controls have not taken long for different users to understand. photos for everyday moments are acceptable, though the camera is less impressive in dim rooms. that is a limitation i expected from a phone aimed at general communication rather than specialist photography. over the ownership period, the handset has remained consistent for calls, family chats, and occasional browsing. battery performance is sufficient for a normal day, although heavier use means i need to charge sooner than i would with a larger device. the body is also a little more slippery than i prefer, so a case is useful. even with those minor complaints, vela halo 191 has been less temperamental than the former phone and easier for the household to share. it provides the dependable everyday communication we wanted without unnecessary complexity.",True
CORD001169,CUS00422,2019-06-02,Bakers,"[{""product"":""Candle Orbit 1034"",""quantity"":1}]",581.92,28.81,-37.769543,145.053876,10,552.54,Winter,True,6.8403,"candle orbit 530 has been shared among several people for forms, email, browsing and occasional remote meetings. the keyboard is comfortable enough for longer entries, and separate users have been able to pick up the routine without much explanation. it opens documents promptly and handles a meeting alongside ordinary browser work. the display is less readable from an angle, and the webcam image becomes grainy when the room is not bright. because the laptop moves between rooms, i have also noticed that its battery lasts less predictably during calls than during document work. it has remained useful for household administration and basic office tasks. my view is neutral: dependable for common work, with noticeable limits in shared, mobile use.",True
CORD001170,CUS00104,2019-04-09,Bakers,"[{""product"":""Vela Halo 569"",""quantity"":1},{""product"":""Candle Orbit 1034"",""quantity"":1},{""product"":""Candle Flux 1098"",""quantity"":2}]",2323.49,12.31,-37.813801,145.02867,15,1987.28,Autumn,False,2.9677,"i used candle arc 942 for sketching and lightweight creative work, comparing it with a basic drawing tablet that had served me before. the display showed the canvas, but the drawing response felt disconnected from the stylus. lines appeared slightly after the movement, and quick strokes sometimes ended with a gap or a blunt mark. that delay was frustrating during outlines and made the process feel awkward rather than natural. the screen surface did not help. my hand dragged across it, especially during longer sessions, and the glass collected fingerprints quickly. a matte surface on my older tablet was less reflective and gave more control, even though it was not as attractive. candle arc 942 also made the cursor difficult to place precisely near the edges. i spent time correcting marks that had landed beside the intended point, which slowed simple sketches and made detailed work tiring. file handling and general use were another source of trouble. opening a large drawing caused the interface to pause, and switching between a reference image and the canvas sometimes returned me to the wrong position. the device did not always remember the last zoom level, so repeated adjustments became part of every session. its compact format was convenient to carry, but the narrow working area felt restrictive once a sketch involved several layers or broad strokes. the tablet was functional for viewing a finished image, yet that is not the same as supporting creative work. candle arc 942 can display an image and accept a stylus, but those basic functions do not make it a satisfactory drawing tool. compared with the older tablet, the delayed strokes, slippery surface, imprecise edges, slow file handling, and cramped workspace created too many obstacles. i spent more time correcting the tablet than developing ideas, and i cannot recommend candle arc 942 for regular drawing.",False
CORD001171,CUS00224,2019-10-06,Thompson,"[{""product"":""Candle Flux 990"",""quantity"":2},{""product"":""Vela Halo 569"",""quantity"":2},{""product"":""Candle Edge 680"",""quantity"":1}]",6738.48,11.96,-37.789249,144.939922,25,5065.82,Spring,False,2.6793,"vela spark 333 was used for casual living-room gaming and compared with a television already connected to the same console. the large display is suitable for a group to see, but the image and controls introduced several distractions. motion looked uneven during quick scenes, with brief judder that was absent on the comparison screen. dark areas also lost detail, making characters and obstacles hard to distinguish. the picture settings offered several modes, yet changing them did not remove the problem and sometimes made colours look harsh. input from the console reached the screen, although there was a noticeable delay during faster games. that lag was less obvious in turn-based play but became frustrating whenever timing mattered. sound from the built-in speakers was thin, and dialogue was frequently covered by effects unless the volume was raised to an unpleasant level. the display did not always wake when the console sent a signal, so i had to use the remote before play could begin. switching from a game to another input occasionally produced a blank screen for several seconds. the older television has a smaller panel, but its motion remains steadier and its input changes are less troublesome. vela spark 333 can show a game and the basic controls respond, yet poor dark-scene detail, judder, input delay, weak audio, and slow waking undermine the intended casual use. in a shared living room, other people noticed the uneven sound and repeated blank frames. i found the product disappointing after extended ownership and would not recommend it for regular gaming, even if its size appears attractive at first.",False
CORD001172,CUS00365,2019-08-11,Nickolson,"[{""product"":""Vela Halo 569"",""quantity"":1}]",149.09,15.31,-37.874633,144.964738,20,134.58,Winter,False,6.2455,"vela pulse 991 has handled the everyday communication needs of our family with very little trouble. calls are straightforward, messages arrive promptly, and the phone is responsive for the casual apps we use between errands and household tasks. i have passed it between family members, and the main settings are simple enough that everyone can find what they need. the screen is comfortable for reading messages and checking maps, while the device remains practical to carry around during the day. i also appreciate being able to organise the home screen so less frequent users are not faced with unnecessary clutter. the camera and other extras are not the reason i chose it, and i have not tested every feature extensively. for staying in touch, checking information and using ordinary apps, vela pulse 991 has been a steady choice. it has supported our routine well and feels like a sensible phone for shared family use.",True
CORD001173,CUS00391,2019-06-21,Nickolson,"[{""product"":""Candle Orbit 1034"",""quantity"":1},{""product"":""Vela Halo 659"",""quantity"":1},{""product"":""Candle Edge 680"",""quantity"":1},{""product"":""Candle Quest 354"",""quantity"":1},{""product"":""Candle Orbit 656"",""quantity"":1}]",5762.87,10.7,-37.817137,144.960379,0,5773.57,Winter,False,0.8218,"vela halo 263 works well for music and spoken-content playback in our living area. the display makes basic controls visible, while the sound remains clear at a comfortable room level. text can be hard to read from the far side, but listening does not suffer from that limitation. it has become a pleasant way to start music without reaching for another device.",True
CORD001174,CUS00463,2019-03-15,Nickolson,"[{""product"":""Candle Orbit 656"",""quantity"":1},{""product"":""Vela Halo 569"",""quantity"":1},{""product"":""Candle Bloom 1000"",""quantity"":2}]",6042.83,8.28,-37.804399,144.96421,0,6051.11,Autumn,False,1.6468,"vela ridge 995 followed my blind and curtain schedules on most days, saving me a few manual adjustments. the first routine was clear to create, and the movement matched the selected times. editing an existing schedule was less intuitive, especially when i wanted a temporary exception. it provides useful basic automation, but the controls do not adapt smoothly when household routines change.",True
CORD001175,CUS00233,2019-06-18,Bakers,"[{""product"":""Candle Orbit 656"",""quantity"":1},{""product"":""Candle Bloom 1054"",""quantity"":1},{""product"":""Candle Flux 1098"",""quantity"":1}]",3508.15,12.64,-37.809025,145.030559,25,2643.75,Winter,False,3.1054,"vela pulse 199 has made my shared workspace more comfortable by keeping my phone supported and visible beside my keyboard. i use it during video meetings, while following notes and when checking notifications between tasks, and the hands-free position means i no longer leave the phone flat among papers. the base stays put on my desk, and the support has handled regular placement without wobbling. it folds away neatly when i need to clear the surface, although the adjustment range is limited for someone sitting far from the desk. my phone remains secure in the stand with its usual case, which was the main concern when i bought it. vela pulse 199 is a simple accessory, but it has reduced clutter and made shared desk work feel more organised. i have used it every day since bringing it into the workspace.",True
CORD001176,CUS00271,2019-01-20,Thompson,"[{""product"":""Candle Flux 1098"",""quantity"":1},{""product"":""Candle Quest 498"",""quantity"":1}]",2104.57,12.43,-37.85786,144.903371,5,2011.77,Summer,False,6.3224,"candle flux 234 has been a welcome addition to our shared room for background music. it is simple to start playback and convenient when several people want to listen without passing around a phone or dealing with a collection of cables. compared with the small speakers we used before, it gives the room a fuller presence at ordinary listening levels and feels more suitable for relaxed gatherings. i have used it during cooking, reading, and casual conversations, and the sound has remained pleasant without demanding constant adjustment. pairing it for regular use was not difficult, and other household members learned the basic controls quickly. candle flux 234 is easier to live with than a more elaborate audio system because it does not require a special arrangement every time we want music. it also fits the shared-room purpose better than headphones, which isolate one listener from everyone else. there are limits to the comparison. someone seeking a very detailed listening setup or strong private volume may prefer more specialised equipment, and the room naturally affects the sound. i also still use headphones when i need complete quiet around me. for everyday shared playback, however, this speaker has offered a comfortable balance of convenience and sound. the fact that it is used regularly matters more to me than having extra controls that would rarely be touched. candle flux 234 has earned its place in the room.",True
CORD001177,CUS00445,2019-03-17,Nickolson,"[{""product"":""Candle Bloom 1000"",""quantity"":1},{""product"":""Candle Edge 680"",""quantity"":1},{""product"":""Candle Quest 354"",""quantity"":1}]",4470.02,15.11,-37.874791,144.992167,10,4038.13,Autumn,False,6.5567,"i wore vela spark 117 while walking and commuting, but the notification system has been too unreliable for practical use. alerts often arrive after i have already reached for the phone, and some messages never appear on the wearable. the screen is difficult to read in daylight, while the vibration is weak enough to miss in a noisy street. the strap shifts during longer walks and catches on clothing when putting on a coat. pairing has also failed after travel, forcing repeated setup at inconvenient times. it can display a notification when the connection happens to hold, but that basic result is not dependable. vela spark 117 is awkward, frustrating, and poorly suited to commuting. the delayed alerts make it disappointing, and i cannot recommend it.",False
CORD001178,CUS00012,2019-03-12,Bakers,"[{""product"":""Candle Flux 990"",""quantity"":1},{""product"":""Vela Halo 659"",""quantity"":1},{""product"":""Candle Orbit 1034"",""quantity"":1},{""product"":""Vela Halo 569"",""quantity"":1}]",3090.17,34.55,-37.793576,144.979262,10,2800.95,Autumn,True,2.3027,"vela spark 459 has helped me keep a phone and small tablet visible while i work. the adjustable arm gives me enough movement to change the viewing angle for calls, reading and checking notes, and the base stays planted when i reposition it. i have moved it between two desks several times without the joints becoming loose. it is particularly useful when i need both hands free during a call or while following instructions on the screen. the clamp and support take a little patience to tighten correctly, and the accessory is more noticeable on a crowded desk than i expected. those are minor compromises for the convenience it provides. vela spark 459 feels sturdy in ordinary use and has made my workspace more orderly without requiring a permanent installation.",True
CORD001179,CUS00182,2019-01-11,Thompson,"[{""product"":""Candle Flux 990"",""quantity"":1},{""product"":""Candle Quest 498"",""quantity"":1},{""product"":""Candle Bloom 1054"",""quantity"":1}]",3852.63,11.38,-37.800714,144.963689,20,3093.48,Summer,False,1.9749,"i used the vela halo 263 for spoken content in the kitchen and music while doing household tasks. it can start playback, and the basic speaker output is present, but the controls are less responsive than those on my older display. commands were sometimes ignored, then carried out together after a delay. that made it difficult to stop a programme at the right point or lower the volume quickly. my previous unit had a plainer screen, yet it reacted in a more predictable way. the display caused several problems during ordinary use. text was small from across the room, and reflections made it hard to read while the kitchen lights were on. i often had to walk over to confirm whether the requested programme had started. music could continue in the background, but changing tracks through the screen involved awkward taps and occasional pauses. the device therefore added attention and interruption to tasks that should have required very little effort. i also noticed inconsistent playback after the vela halo 263 had been idle. a spoken programme resumed at the wrong position, while another time the device returned to the beginning. the audio did not cut out completely, but the repeated searching was frustrating. my older display retained its position more reliably even though it offered fewer visual controls. extra features are of little value when the main playback routine cannot be trusted. the casing remains intact, and the speaker is audible in a quiet room. those narrow points do not change the poor comparison with my former device. the vela halo 263 has delayed controls, a reflective display, and unreliable resume behavior. it is particularly awkward for kitchen use, where i cannot stand beside the screen throughout a programme. the product functions at a basic level but creates too much irritation. i regret replacing my older unit and cannot recommend this display.",False
CORD001180,CUS00101,2019-11-22,Thompson,"[{""product"":""Candle Bloom 262"",""quantity"":1},{""product"":""Candle Edge 680"",""quantity"":1},{""product"":""Candle Bloom 1000"",""quantity"":1},{""product"":""Vela Halo 569"",""quantity"":3}]",5632.78,13,-37.74643,144.929085,5,5364.14,Spring,False,7.5335,"candle edge 500 has become my main computer for documents, administration and video meetings at home. it wakes promptly, handles several office windows together and keeps meetings usable while i take notes or check files. the keyboard has a comfortable layout for longer typing, and the screen is easy to work on near a window without constant squinting. i carry it between rooms more often than planned because the weight is manageable. the webcam is serviceable rather than exceptional, and i use headphones when the room is busy. after weeks of regular use, the hinge and keyboard still feel firm. candle edge 500 is not built around flashy extras, but it gives me a dependable portable workspace and has made everyday administration pleasantly straightforward.",True
CORD001181,CUS00337,2019-01-04,Thompson,"[{""product"":""Candle Quest 354"",""quantity"":1},{""product"":""Candle Orbit 656"",""quantity"":1}]",2664.84,24.08,-37.885982,144.91287,10,2422.44,Summer,True,8.6871,"vela wave 427 gives me a convenient summary after an exercise session. i can review the result quickly and see the useful information without navigating through an overloaded interface. it has remained comfortable during movement and unobtrusive when worn through the day. the summary choices are somewhat limited, but the device has been consistent and has encouraged me to pay more attention to my regular activity.",True
CORD001182,CUS00021,2019-08-28,Thompson,"[{""product"":""Candle Orbit 1034"",""quantity"":1},{""product"":""Candle Bloom 262"",""quantity"":1},{""product"":""Candle Bloom 1054"",""quantity"":1}]",2150.04,15.9,-37.750937,144.958426,20,1735.93,Winter,False,6.9369,"vela wave 103 has been used mainly for shared film and television viewing, and it has made our evening routine more enjoyable. the screen was easy to position in the living room, and the controls did not require much explanation before everyone could choose something to watch. we have used it for short programs on weeknights and longer viewing sessions at the weekend, with a clear picture that remains comfortable from the different seats in the room. what i like most is the way it supports a shared decision. we can browse, choose a program, and settle in without passing a small device from person to person. dialogue is easy to follow, and the picture has enough clarity for both quiet dramas and lively programs. the display remains pleasant when the room lighting changes, so we do not have to rearrange the furniture each evening. it has also handled frequent switching between programs without becoming slow or confusing. the interface feels approachable for people who do not enjoy complicated electronics. family members who were initially cautious learned the basic controls quickly. i have adjusted the sound for late-night viewing and returned to the normal setting the next day without difficulty. the stand has remained firm, and the display has kept a neat appearance despite being part of a busy room. the built-in sound is suitable for everyday viewing, although i would choose separate audio for a particularly immersive film. that is a modest limitation rather than a problem. vela wave 103 has given us a dependable centre for shared television and film nights, and it has made the living room feel more inviting.",True
CORD001183,CUS00260,2019-10-25,Bakers,"[{""product"":""Candle Quest 498"",""quantity"":2},{""product"":""Candle Orbit 1034"",""quantity"":1},{""product"":""Candle Flux 990"",""quantity"":1},{""product"":""Candle Flux 1098"",""quantity"":1}]",6089.27,12.07,-37.768817,145.043819,0,6101.34,Spring,False,6.2606,"candle shift 232 has been useful for family browsing, reading exercises, and short learning sessions at the kitchen table. the screen is comfortable for ordinary text, and switching between simple activities is generally smooth. several browser tabs make it hesitate, and the speakers are quiet enough that younger users sometimes need to move closer. it is practical for light shared use, though heavier browsing exposes its limitations.",True
CORD001184,CUS00427,2019-08-07,Thompson,"[{""product"":""Candle Bloom 262"",""quantity"":1},{""product"":""Candle Edge 680"",""quantity"":2},{""product"":""Candle Flux 990"",""quantity"":2}]",9809.97,14.53,-37.850631,144.90996,0,9824.5,Winter,False,5.3325,"candle bloom 406 has settled into my desktop gaming setup better than expected. i have used it for short matches and for much longer sessions, and the controls remained responsive without distracting interruptions. the shape is comfortable at my desk, with enough room for natural hand movement, and the materials have not developed any looseness after regular use. i particularly noticed the difference during extended play, when cheaper equipment usually becomes tiring or awkward. connection was straightforward and remained steady while i moved between games. the buttons have a firm feel and are easy to locate without looking away from the screen. the only minor drawback is that the surface shows fingerprints quickly, so i wipe it down more often than i planned. candle bloom 406 is not flashy, but its consistent behaviour and comfortable handling make it a strong choice for everyday desktop gaming.",True
CORD001185,CUS00199,2019-03-02,Bakers,"[{""product"":""Candle Edge 680"",""quantity"":3},{""product"":""Candle Bloom 262"",""quantity"":2},{""product"":""Vela Halo 659"",""quantity"":1}]",9255.45,13.13,-37.871936,145.038194,5,8805.81,Autumn,False,7.853,"candle quest 138 has made it easier to separate guest access from the devices used by my household. the initial setup was clear, and i could manage connected devices without repeatedly searching through confusing menus. visitors can use the guest network while my personal equipment remains on its own connection, which has made sharing access less awkward. i have also found the device list helpful when checking what is currently connected. performance has remained steady for browsing, calls, and ordinary streaming across several rooms. the management controls are more useful than the basic hardware appearance suggests. it is not aimed at advanced network experimentation, but for guest-network and device management, candle quest 138 has been a worthwhile improvement.",True
CORD001186,CUS00034,2019-10-22,Thompson,"[{""product"":""Candle Orbit 656"",""quantity"":1},{""product"":""Candle Orbit 1034"",""quantity"":3},{""product"":""Candle Bloom 1054"",""quantity"":1}]",4457.67,27.51,-37.754163,144.911876,10,4024.66,Spring,False,7.2037,"vela spark 585 has given us a clearer view of activity around the doors and windows. the alerts arrive promptly during ordinary opening and closing, and the notifications are specific enough for me to understand which area needs attention. i installed it as a simple household check rather than a complicated security project, and that is where it has worked best. the setup required careful placement, but the instructions helped me choose sensible positions. since then, the system has stayed connected and has not filled my phone with unnecessary messages during normal days. i like being able to check activity when i am away from the room, especially when family members are moving through the house. the adhesive arrangement could be more forgiving if i changed my mind about placement. still, vela spark 585 has been reassuring, practical, and easy to include in our routine.",True
CORD001187,CUS00365,2019-02-19,Nickolson,"[{""product"":""Candle Flux 990"",""quantity"":1},{""product"":""Candle Bloom 1054"",""quantity"":1},{""product"":""Candle Edge 680"",""quantity"":1}]",4795.7,22.37,-37.874633,144.964738,15,4098.72,Summer,True,6.2455,"vela pulse 991 has handled the everyday communication needs of our family with very little trouble. calls are straightforward, messages arrive promptly, and the phone is responsive for the casual apps we use between errands and household tasks. i have passed it between family members, and the main settings are simple enough that everyone can find what they need. the screen is comfortable for reading messages and checking maps, while the device remains practical to carry around during the day. i also appreciate being able to organise the home screen so less frequent users are not faced with unnecessary clutter. the camera and other extras are not the reason i chose it, and i have not tested every feature extensively. for staying in touch, checking information and using ordinary apps, vela pulse 991 has been a steady choice. it has supported our routine well and feels like a sensible phone for shared family use.",True
CORD001188,CUS00068,2019-12-13,Thompson,"[{""product"":""Candle Flux 990"",""quantity"":2},{""product"":""Candle Edge 680"",""quantity"":1},{""product"":""Candle Bloom 1000"",""quantity"":1}]",8256.14,15.27,-37.888397,144.87775,0,8271.41,Summer,False,10.3895,"i have worn the vela spark 477 through regular exercise sessions for several weeks. it gives me a quick summary afterward, so i can see how a session went without much fuss, and the companion display is straightforward to read. the band itself is light enough for movement, though i notice it during longer sessions and the controls take a little practice. it has become a useful record of my routine, but i would not call it especially polished.",True
CORD001189,CUS00444,2019-07-02,Bakers,"[{""product"":""Candle Quest 498"",""quantity"":1},{""product"":""Candle Orbit 1034"",""quantity"":2},{""product"":""Candle Bloom 1000"",""quantity"":1}]",4288.01,13.65,-37.843367,145.01986,15,3658.46,Winter,False,4.2951,"before using vela atlas 305, i relied on ordinary wall switches and occasionally left lights on because i was already comfortable in another room. the comparison is not dramatic in a technical sense, but app-controlled lighting has become genuinely convenient. i can adjust the room before walking in, turn lights off after settling into bed, and change the setting without crossing a dark room. the household adapted quickly because the physical switches still make sense to anyone who does not want to use the app. i have used vela atlas 305 in the main living area and near a desk where the lighting needs change throughout the day. compared with the old routine, it gives me more control over small moments: softer light while reading, brighter light when cleaning, and a quick change when someone starts a video call. the app responds promptly in normal use, and the controls are simple enough that other people in the home learned them without much instruction. it has also made it easier to check whether a light was left on. the benefit depends on keeping the app and network connection available, and i still use the wall switch when i want the fastest possible action. the interface could offer more visual guidance for new users. even with that small learning curve, vela atlas 305 is more adaptable than fixed switching. it has turned lighting from a forgettable background task into something i can adjust to the room and the activity.",True
CORD001190,CUS00302,2019-09-07,Bakers,"[{""product"":""Candle Bloom 1054"",""quantity"":2},{""product"":""Candle Quest 498"",""quantity"":1},{""product"":""Candle Bloom 1000"",""quantity"":2}]",5839.71,12.38,-37.829643,145.022875,25,4392.16,Spring,False,3.2662,"i used candle bloom 550 for document work and video meetings over several weeks, comparing it with a small laptop already used for the same tasks. the lighter design is noticeable when carrying it between rooms, but that is the main advantage i found. opening documents, switching between windows, and joining meetings regularly felt sluggish, especially after several applications had been open for a while. video calls exposed more problems. the camera image was serviceable in bright light, yet the microphone picked up room noise and voices sometimes sounded distant. the fan became distracting during longer calls, and the lower part of the laptop grew warm while i was typing. a meeting could be completed, but the interruptions and uneven response made routine work frustrating. the keyboard also felt cramped compared with the other laptop, with awkward key spacing that slowed ordinary writing. candle bloom 550 handled basic document editing and did not fail to start, but those facts do not offset the daily irritation. battery use was inconsistent, and moving between a charger and a meeting often produced a warning before i expected one. the included warranty may help if a fault develops, although the current issues feel like poor day-to-day design rather than a single defect. against the older machine, this model is lighter but less responsive, less comfortable, and less dependable. i regret replacing a workable laptop with it.",False
CORD001191,CUS00323,2019-03-21,Thompson,"[{""product"":""Candle Flux 1098"",""quantity"":3},{""product"":""Candle Quest 498"",""quantity"":1}]",3697.05,12.37,-37.870709,144.919884,5,3524.57,Autumn,False,6.8807,"candle quest 1092 has been a pleasant addition to my lightweight creative work. i use it for sketching, arranging ideas, and reviewing images, and the screen gives enough room to work without making the tablet cumbersome to carry. the surface responds consistently to the stylus and ordinary touch, so switching between drawing and navigation feels natural. i have taken it from the desk to the sofa several times, and the slim shape has made that easy. the speakers are not especially rich, and the screen can feel cramped when i open several reference items at once, but neither issue prevents the main tasks. battery use has matched my shorter creative sessions. candle quest 1092 has encouraged me to capture ideas when they occur instead of waiting to return to a full computer, and it has remained responsive through regular use.",True
CORD001192,CUS00459,2019-11-15,Thompson,"[{""product"":""Candle Bloom 1054"",""quantity"":1},{""product"":""Candle Orbit 656"",""quantity"":1},{""product"":""Candle Bloom 262"",""quantity"":1},{""product"":""Vela Halo 659"",""quantity"":1}]",4094.89,12.98,-37.754037,144.904812,5,3903.13,Spring,False,7.5034,"i used candle flux 468 for a month to connect several shared household devices, including phones, a television and a laptop. compared with the older network unit it replaced, coverage is more even across the house. the room at the far end no longer drops out whenever another person starts streaming, and ordinary browsing remains responsive while another device is active. setup was straightforward enough, although the instructions left me checking the indicator lights more than once before i understood which state meant the network was ready. the main difference from my previous arrangement is consistency rather than speed. i have not measured performance, but video playback and calls generally continue without interruption. adding a new phone was uncomplicated, while reconnecting one older device took several attempts. the unit also gives off a small amount of warmth and occupies more shelf space than the compact equipment i had before. neither issue prevents normal use, though both affected where i placed it. after several weeks, the connection has stayed available without daily attention. that is an improvement over the previous setup, but the experience is not completely effortless because the status information is limited and troubleshooting is not especially clear. candle flux 468 suits a household that wants steadier shared access and does not need elaborate controls. for my use it is a balanced replacement: noticeably more dependable than the old unit in busy periods, but not so polished that i would describe every part of the experience as excellent.",True
CORD001193,CUS00030,2019-01-23,Bakers,"[{""product"":""Candle Orbit 656"",""quantity"":1},{""product"":""Candle Edge 680"",""quantity"":1}]",4513.46,12.74,-37.839357,145.062686,5,4300.53,Summer,False,6.7646,"i picked up the vela ridge 779 after getting tired of finding charging cables in a tangled heap beside my desk. it is a modest accessory, but it has made that part of my room noticeably calmer. i keep the organiser near the power outlet, and the cables now stay in separate positions instead of sliding behind furniture or wrapping around one another. setting it up took almost no effort, which suited the simple job i expected it to do. the first improvement was at my workstation. i use more than one device during the day, so i used to spend time sorting through cords before i could connect anything. with the vela ridge 779 in place, each cable can be reached and returned without disturbing the others. the openings hold ordinary charging leads securely while still allowing me to pull out enough length for a phone on the desk. i have not had to force a connector through or bend a cable sharply to make the arrangement work. i also tried it beside the sofa, where loose cables had been especially annoying. moving the organiser was simple, and it stayed in position during normal use. the finish has remained tidy after being handled repeatedly, and dust can be removed with a quick wipe. it is not large enough for every kind of cable or for a bulky power unit, so i still keep those items separately. that limitation is easy to understand given its compact size, and it has not reduced its value for the thin charging leads i use most. after several weeks, the main benefit is the time saved in small moments. i can pick up the correct cable immediately, pack one for an outing without searching, and leave the desk looking orderly at the end of the day. the vela ridge 779 does not do anything complicated, but it performs its organising role consistently and occupies very little space. anyone wanting a practical way to keep everyday charging cables under control should find it a worthwhile little addition.",True
CORD001194,CUS00287,2019-09-20,Nickolson,"[{""product"":""Candle Orbit 1034"",""quantity"":3},{""product"":""Vela Halo 569"",""quantity"":1},{""product"":""Candle Bloom 1000"",""quantity"":1}]",3710.69,13.11,-37.880996,145.007285,5,3538.27,Spring,False,7.6891,"the vela echo 979 found a place on my desk after i grew tired of fishing through a drawer for the right charging lead. i use several cables during the week, and this mobile accessory has made the small area beside my laptop much less chaotic. during the first evening i grouped the leads by length and purpose, then started using the spaces consistently. the difference is modest but noticeable: i can pick up the cable i need without pulling three others onto the floor, and the ends remain within reach when i unplug a device. what i like most is that the organiser does not demand a new routine every time i use it. i leave it beside the power strip, return each cable after charging, and the arrangement stays tidy. when i moved it to another part of the room for a week, it was just as easy to understand where everything belonged. the material has a firm feel and has handled repeated rearranging without looking tired. it does not make cables disappear, and a particularly thick lead occupies more room than a slim one, but those are sensible limitations rather than surprises. after thirty-seven days, the vela echo 979 has saved me a surprising amount of minor frustration. i no longer start a call by searching under notebooks, and i can see when a cable has been left connected before i tidy the desk. it also makes the charging area look more deliberate when someone visits, which is a small benefit i did not expect from such a simple product. the design is restrained, with no complicated mechanism to learn and no need for an app. i compared it with simply using a box, and the box was cheaper in effort but worse in access because everything ended up piled together. this organiser is not exciting, but it is practical, sturdy, and genuinely helpful in daily use. i am happy to keep it on the desk and would recommend it to anyone whose charging cables are always wandering.",True
CORD001195,CUS00124,2019-01-13,Nickolson,"[{""product"":""Candle Quest 354"",""quantity"":1},{""product"":""Vela Halo 569"",""quantity"":1},{""product"":""Candle Quest 498"",""quantity"":1},{""product"":""Candle Orbit 656"",""quantity"":1}]",4122.26,11.5,-37.862004,144.95476,25,3103.2,Summer,False,4.9986,"candle vista 434 has been enjoyable for shared-room music playback. pairing took little time, and the controls are clear when someone wants to pause or change the volume. music sounds balanced at normal levels, with vocals remaining easy to hear while people move around the room. it is not intended for a large party or demanding audio setup, but it suits meals, cleaning, and relaxed evenings very well. the compact design and dependable performance are both welcome.",True
CORD001196,CUS00083,2019-04-18,Nickolson,"[{""product"":""Candle Orbit 656"",""quantity"":1},{""product"":""Candle Orbit 1034"",""quantity"":1},{""product"":""Vela Halo 569"",""quantity"":1},{""product"":""Candle Bloom 1054"",""quantity"":1}]",3442.92,13.72,-37.888622,144.927663,15,2940.2,Autumn,False,8.6114,"i have used candle quest 894 for music, podcasts, and quiet background listening at home, and it has settled into my routine without much fuss. the wireless connection has remained dependable while i move between rooms, and the sound stays pleasant during several hours at a time. voices are distinct enough for spoken content, while music has enough detail to keep it enjoyable. the controls took a little practice because their placement was not immediately obvious, but i soon learned them. the fit remains comfortable over a long evening, although i sometimes wish the outer finish felt less prone to collecting fingerprints. after fifteen days of regular ownership, candle quest 894 feels thoughtfully made, consistent, and well suited to relaxed home listening.",True
CORD001197,CUS00479,2019-12-08,Bakers,"[{""product"":""Candle Edge 680"",""quantity"":1},{""product"":""Vela Halo 569"",""quantity"":1},{""product"":""Candle Orbit 1034"",""quantity"":1}]",2982.41,13.7,-37.874832,145.03821,15,2548.75,Summer,False,8.1375,"candle flux 108 has made my home-office connection much less troublesome. after the initial setup, the signal reached the study and the nearby living area without the repeated dropouts i had before. video meetings stay steady while another device is streaming, and reconnecting after a restart is quick. the controls are laid out clearly enough for ordinary changes, although the advanced options took some searching. it has worked quietly for weeks and handles several devices at once without fuss. for home-office wireless coverage, this has been a reliable and worthwhile addition.",True
CORD001198,CUS00240,2019-12-16,Thompson,"[{""product"":""Candle Bloom 1054"",""quantity"":1},{""product"":""Vela Halo 659"",""quantity"":2},{""product"":""Candle Flux 1098"",""quantity"":1},{""product"":""Candle Bloom 262"",""quantity"":2}]",4012.05,23.32,-37.867323,144.895019,5,3834.77,Summer,True,7.6039,"the vela spark 387 has been useful during work because it shows calendar alerts and brief message previews without requiring me to pick up my phone. i can glance at the display during a meeting or while walking between rooms, then decide whether something needs immediate attention. the notifications arrive consistently in my normal routine, and dismissing them is simple. the band is light enough to wear all day, and i have not found it distracting during typing or household tasks. some longer messages are shortened more than i would like, so i still use the phone when a conversation needs a full response. setup took little effort, and charging has fitted comfortably into my existing habits. after several weeks, the vela spark 387 has reduced unnecessary phone checking and helped me keep track of appointments. it does not replace a phone, but it performs its smaller role in a thoughtful and dependable way.",True
CORD001199,CUS00243,2019-06-07,Thompson,"[{""product"":""Candle Bloom 1054"",""quantity"":1}]",449.85,13.78,-37.797571,144.900163,15,396.15,Winter,False,4.4499,"candle bloom 802 has become my regular reading and annotation tablet. text is comfortable to view, handwritten notes respond quickly, and marking passages feels natural rather than awkward. i have used it for both quiet study and reviewing documents at the kitchen table. the case adds a little weight, yet the tablet remains a very useful tool for daily work.",True
CORD001200,CUS00300,2019-11-01,Thompson,"[{""product"":""Candle Quest 498"",""quantity"":1},{""product"":""Vela Halo 569"",""quantity"":2},{""product"":""Candle Orbit 656"",""quantity"":1}]",3868.57,29.69,-37.746675,144.932193,10,3505.15,Spring,True,7.4542,"candle edge 734 works particularly well when music needs to fill a shared room. pairing was straightforward, and playback remained clear while people moved around and chatted nearby. i like being able to adjust the volume from across the room, and the speaker has enough presence for casual listening without sounding harsh. it is less suited to very quiet, detailed listening than my larger setup, but that is outside its main role. for everyday shared playback, it has been dependable and enjoyable.",True
CORD001201,CUS00395,2019-03-30,Thompson,"[{""product"":""Candle Bloom 262"",""quantity"":2},{""product"":""Vela Halo 659"",""quantity"":1},{""product"":""Candle Quest 354"",""quantity"":1}]",2904.03,9.82,-37.817431,144.906349,15,2478.25,Autumn,False,3.6159,"i have taken candle bloom 586 on trips and used it for short gaming sessions away from home. its size makes packing simple, and the controls are laid out in a familiar way, so i could start playing without a long adjustment period. the display is enjoyable indoors, and casual games run smoothly enough for the type of travel use i had in mind. the built-in sound is serviceable, although headphones are preferable in shared spaces. longer sessions reveal the main compromise: the battery falls quickly when the screen is bright, and the device becomes warm around the controls. storage also needs attention when several larger games are installed. it is convenient for filling a train journey or waiting period, but i would not choose it for a full day away from an outlet. candle bloom 586 provides genuine portability and ordinary fun, balanced by endurance and heat that limit its freedom.",True
CORD001202,CUS00093,2019-02-23,Bakers,"[{""product"":""Vela Halo 569"",""quantity"":1},{""product"":""Candle Quest 354"",""quantity"":2}]",954.65,8.97,-37.811804,145.010867,25,724.96,Summer,False,1.3881,"the candle arc 726 has performed well during competitive play and voice communication. controls respond promptly, which helps when a delayed action would spoil a match, and the connection has remained steady through long sessions. voice chat is clear enough for quick team instructions, with voices staying distinct when several people speak. the headset becomes warm after extended use, but it remains manageable when i take short breaks. setup was uncomplicated, and the controls for adjusting sound or muting the microphone are easy to reach once learned. i have also used it for less demanding games and found the same dependable response. it is more equipment than i need for occasional casual play, yet for regular competitive sessions the candle arc 726 has earned its place. it gives me consistent control and communication without introducing distracting problems.",True
CORD001203,CUS00495,2019-01-09,Bakers,"[{""product"":""Candle Bloom 262"",""quantity"":1},{""product"":""Candle Orbit 656"",""quantity"":3}]",7904.45,12.53,-37.78518,145.021908,15,6731.31,Summer,False,3.6205,"candle orbit 422 was used for field forms and client presentations, and i compared it with an older tablet that is slower but less erratic. the screen displayed forms clearly enough indoors, yet entering information outside was difficult because reflections obscured several fields. the touch response also varied near the edges, causing missed taps and occasional duplicate entries. with client information in front of me, those mistakes created awkward pauses and forced repeated checks. during presentations, the device became more troublesome. a document opened normally one time and stalled the next, while rotating the tablet sometimes left the page sideways until i locked and unlocked the screen. candle orbit 422 could show a presentation once it had loaded, but the delay before opening files made the process feel uncertain. compared with the older tablet, it offered no convincing advantage in a meeting and caused more attention to be spent on the device. field conditions exposed the construction as well. the casing picked up marks quickly, and the charging connection felt loose when the tablet was used on a vehicle seat. battery use fell sharply when the screen remained bright, making a charger necessary for a full day away from a desk. the built-in speakers were thin during a small client discussion, so i had to hold the tablet closer for everyone to hear. these are not isolated inconveniences: they affected forms, presentations, transport, and charging. candle orbit 422 manages basic tablet functions, but its poor outdoor visibility, hesitant touch response, stalled files, weak audio, and fragile-feeling connection make it a disappointing work device.",False
CORD001204,CUS00362,2019-05-05,Thompson,"[{""product"":""Candle Flux 1098"",""quantity"":1},{""product"":""Candle Orbit 656"",""quantity"":1}]",3058.3,20.76,-37.798796,144.910794,0,3079.06,Autumn,True,3.5408,"the candle flux 900 has handled my document work and video meetings with a reassuring lack of fuss. it is light enough to move from a desk to the kitchen table, yet the screen gives me room to keep notes and a meeting window visible together. text appears crisp, and the camera and microphone have produced a natural picture and voice during regular calls. the keyboard has a comfortable layout for longer writing, while the trackpad responds accurately to smaller movements. i have also appreciated how quickly it wakes when i need to continue a task. battery life depends on how bright i keep the display and how long calls run, so heavy meeting days require some planning, but ordinary work sessions are pleasantly manageable. the casing remains neat after being carried between rooms, and the ports cover my usual accessories. the candle flux 900 has become a reliable partner for flexible study and office work.",True
CORD001205,CUS00461,2019-10-28,Nickolson,"[{""product"":""Candle Orbit 1034"",""quantity"":3},{""product"":""Candle Orbit 656"",""quantity"":1}]",4007.82,12.16,-37.870189,145.001261,5,3819.59,Spring,False,6.377,"vela echo 961 has been a welcome replacement for my everyday phone, especially when taking photographs while out with friends. images look bright in ordinary indoor light, and the camera opens quickly enough that i have not missed many spontaneous moments. messaging is straightforward, and moving between conversations and casual apps feels fluid. calls remained clear in different parts of the house, which was important to me. the phone does become warm during a long session of editing photographs, but it cools down afterward and has not affected normal use. i also found the display comfortable for reading messages in the evening. after fourteen days, vela echo 961 feels polished and dependable. it is a versatile phone that handles both communication and casual photography very well.",True
CORD001206,CUS00479,2019-07-21,Bakers,"[{""product"":""Vela Halo 569"",""quantity"":1}]",149.09,29.92,-37.874832,145.03821,5,171.56,Winter,True,8.1375,"candle flux 108 has made my home-office connection much less troublesome. after the initial setup, the signal reached the study and the nearby living area without the repeated dropouts i had before. video meetings stay steady while another device is streaming, and reconnecting after a restart is quick. the controls are laid out clearly enough for ordinary changes, although the advanced options took some searching. it has worked quietly for weeks and handles several devices at once without fuss. for home-office wireless coverage, this has been a reliable and worthwhile addition.",True
CORD001207,CUS00476,2019-08-06,Bakers,"[{""product"":""Candle Flux 990"",""quantity"":2},{""product"":""Candle Quest 354"",""quantity"":1},{""product"":""Candle Bloom 1000"",""quantity"":1},{""product"":""Candle Orbit 656"",""quantity"":1},{""product"":""Candle Bloom 262"",""quantity"":1}]",9787.85,20.34,-37.852499,145.060894,5,9318.8,Winter,False,7.4559,"candle orbit 260 was used for study, research, and note taking, but routine academic work has been frustrating. browser pages reload slowly when several sources are open, and the system pauses while switching between notes and documents. searching through a long file can leave the screen unresponsive for several seconds. the keyboard has shallow keys that make extended typing uncomfortable, while the touchpad occasionally interprets a palm as a click. battery loss is also uneven, so i cannot rely on the remaining indicator during a long reading session. video meetings add more trouble because the wireless connection sometimes drops and the microphone needs to be reselected after reconnection. a single document can be written, but research rarely involves only one window. candle orbit 260 turns ordinary study into a sequence of delays and corrections. its poor endurance, awkward input, and unreliable connection leave me disappointed and unable to recommend it.",False
CORD001208,CUS00057,2019-02-19,Thompson,"[{""product"":""Candle Quest 354"",""quantity"":1},{""product"":""Candle Orbit 656"",""quantity"":2},{""product"":""Candle Flux 1098"",""quantity"":1}]",5723.14,13.07,-37.757516,144.903298,0,5736.21,Summer,False,7.2396,"the vela spark 549 has made hands-free use of my phone more manageable in the shared workspace, but my experience depends heavily on where it is placed. on a broad, level desk it holds the device at a sensible viewing angle and leaves both hands free for notes. that is more comfortable than leaning the phone against a mug or searching for it among papers. the construction feels sufficiently solid for ordinary use, and the support has not shifted during routine typing nearby. its limitations became clearer when several people began sharing the same desk. adjusting the angle for one person often means moving the whole accessory, and the base occupies more working space than i expected. a smaller phone sits securely, while a larger case makes the fit feel tighter and requires more care when inserting the device. the vela spark 549 does not feel fragile, but it is less adaptable than a fully adjustable arm. i also find that the screen can be partly obscured when the phone is placed low and a notebook is open in front of it. compared with improvised supports, this is a cleaner and more consistent solution. compared with a flexible stand, it gives up some positioning freedom for a simpler setup. it has worked well for video calls, reading messages, and keeping a timer visible during group tasks. it is less convincing when the desk is crowded or when people need to change positions frequently. my view is mixed but fairly positive: it solves the basic problem without fuss, although buyers should consider their desk width and phone case before expecting a universal workspace solution.",True
CORD001209,CUS00252,2019-06-14,Nickolson,"[{""product"":""Candle Bloom 262"",""quantity"":2},{""product"":""Vela Halo 569"",""quantity"":1},{""product"":""Candle Bloom 1000"",""quantity"":1},{""product"":""Candle Quest 354"",""quantity"":1}]",4604.25,15.33,-37.873961,144.983169,10,4159.15,Winter,False,6.2715,"vela atlas 485 has given me a convenient way to notice door and window activity without checking each area manually. the alerts arrive promptly enough for ordinary household awareness, and the app presents them in a way that is easy to understand later. i placed the sensors in the areas i care about most, then adjusted the notifications so normal movement would not become distracting. that setup took some thought, but once the routine was established the system became unobtrusive. the sensors are small and have stayed neatly in position during regular use. i treat the alerts as useful information rather than a replacement for sensible attention, which seems the right approach for any home device. vela atlas 485 has added reassurance and visibility to my daily routine. it is a practical system for keeping track of activity around doors and windows.",True
CORD001210,CUS00161,2019-04-24,Thompson,"[{""product"":""Candle Bloom 1054"",""quantity"":1},{""product"":""Candle Bloom 262"",""quantity"":1},{""product"":""Vela Halo 659"",""quantity"":1}]",1832.83,13.48,-37.753832,144.888909,0,1846.31,Autumn,False,8.3026,"i used candle vista 470 for photo sorting, short video projects, and general document work during the 41 days i have owned it. the large working area made timelines and editing panels less cramped than on my previous portable computer. the keyboard was comfortable for writing notes between tasks, and the trackpad gave me enough control for selecting clips and adjusting small items. starting a project was usually quick, so the laptop settled into my routine without a difficult learning period. light photo edits and ordinary media work ran smoothly. once i began handling a larger collection of source files and several layers, previews took longer to appear and the fans became noticeable. exporting a finished project was possible without errors, but the machine felt busy for much of the process and the surface warmed near the centre. that did not stop the work, although i preferred using it on a firm desk rather than my lap. the display presents colours attractively for general editing, but i still checked important results elsewhere before sharing them. the hinge remains firm, the ports have been convenient, and the battery covers shorter creative sessions away from a charger. candle vista 470 is a versatile portable editor for moderate projects, especially when screen space matters. it is not a silent or effortless tool once the workload grows. i am pleased with its balance of mobility and everyday performance, yet the heat, fan noise, and slower previews under heavier editing leave me with a deliberately mixed assessment.",True
CORD001211,CUS00479,2019-08-25,Bakers,"[{""product"":""Candle Bloom 1054"",""quantity"":1},{""product"":""Candle Orbit 1034"",""quantity"":2},{""product"":""Candle Flux 990"",""quantity"":1}]",3708.14,16.92,-37.874832,145.03821,20,2983.43,Winter,False,8.1375,"candle flux 108 has made my home-office connection much less troublesome. after the initial setup, the signal reached the study and the nearby living area without the repeated dropouts i had before. video meetings stay steady while another device is streaming, and reconnecting after a restart is quick. the controls are laid out clearly enough for ordinary changes, although the advanced options took some searching. it has worked quietly for weeks and handles several devices at once without fuss. for home-office wireless coverage, this has been a reliable and worthwhile addition.",True
CORD001212,CUS00392,2019-10-10,Thompson,"[{""product"":""Candle Bloom 1054"",""quantity"":1},{""product"":""Candle Quest 498"",""quantity"":1},{""product"":""Candle Flux 1098"",""quantity"":1}]",2554.42,10.85,-37.77262,144.959458,15,2182.11,Spring,False,4.5848,"i installed the candle orbit 188 to create a separate guest network and keep track of the devices connected at home. the guest access is convenient when visitors arrive, and the device list helps me recognise which household equipment is online. initial setup required careful reading because several management options were grouped in places i did not expect. once configured, changing the guest access settings was straightforward, although the screen can feel busy when many devices are listed. the wireless connection has remained stable during ordinary browsing and streaming, but a newly added device sometimes took a little while to appear in the list. i also had to restart the unit after changing multiple settings in quick succession. the casing sits neatly beside my existing equipment and has not become warm during regular use. the candle orbit 188 provides useful control for a home network, with a capable management view balanced by a setup process and device updates that are not always immediate.",True
CORD001213,CUS00466,2019-10-05,Thompson,"[{""product"":""Candle Quest 498"",""quantity"":1},{""product"":""Candle Orbit 656"",""quantity"":1},{""product"":""Candle Edge 680"",""quantity"":2},{""product"":""Candle Quest 354"",""quantity"":1}]",8475.97,24.44,-37.887549,144.913809,0,8500.41,Spring,True,8.8231,"candle arc 186 has suited my travel routine better than the larger gaming hardware i used previously. i take it on short trips and use it during quiet evenings, so portability matters as much as the basic gaming experience. it is easier to pack, quicker to bring out, and less awkward to use in a small room. the older setup offered a larger presentation but was so inconvenient to move that i rarely took it anywhere. candle arc 186 has encouraged me to play more often because it fits around the trip instead of controlling the trip. controls are responsive enough for the games i normally play, and the display remains readable in ordinary indoor light. sessions can continue for a reasonable stretch without the device becoming uncomfortable to hold. it does not replace the fuller feel of a fixed setup, especially when i want a large view or extended controls, but the compromise is sensible for portable use. the sound is adequate for private play, while headphones are preferable when other people are nearby. i have also found the physical design less fragile in a bag than my previous portable device. the controls have remained consistent after repeated packing and unpacking, and starting a session does not involve much preparation. battery life varies with the type of game and brightness, so i carry a charger for longer journeys; that is the only limitation i regularly plan around. candle arc 186 offers a more practical balance than my old equipment. it is compact, usable, and dependable enough that it has become the gaming device i choose when travelling.",True
CORD001214,CUS00237,2019-07-18,Bakers,"[{""product"":""Vela Halo 569"",""quantity"":1},{""product"":""Candle Flux 1098"",""quantity"":2}]",1741.57,25.18,-37.787599,144.988329,0,1766.75,Winter,True,2.5632,"candle flux 1026 has worked well for competitive gaming and voice communication. controls feel responsive in busy matches, and team conversations remain clear enough for quick decisions. i tested it during several extended sessions and found no interruptions that affected play. the volume controls take some time to balance, especially when switching games, but the settings can be left alone afterward. it has made my sessions more focused and enjoyable.",True
CORD001215,CUS00275,2019-01-08,Thompson,"[{""product"":""Candle Flux 990"",""quantity"":2},{""product"":""Candle Bloom 1054"",""quantity"":1},{""product"":""Candle Flux 1098"",""quantity"":1}]",5434.99,32.13,-37.82918,144.919446,15,4629.87,Summer,False,3.0424,"the vela ridge 779 has solved an everyday annoyance more effectively than the loose storage methods i used before. i keep several charging cables in the same area, and they used to become a tangled pile that took time to sort whenever i needed one. this accessory gives each cable a more defined place, so the drawer and desk now look calmer and finding the right lead takes less effort. what i like is that it helps with organisation without turning cable storage into another chore. i can separate the cables i use most often from those i only need occasionally, and i can tell what is available at a glance. the vela ridge 779 is also small enough to fit into my normal storage space, which makes it more practical than a larger organiser that would need a dedicated location. compared with simply wrapping cables by hand, it keeps the arrangement tidier over time. compared with carrying a collection of loose leads in a bag, it reduces the chance that everything will emerge in one knot. i have used it at home and when preparing a small travel pouch, and the same basic benefit applies in both situations. it is a modest accessory, but the repeated convenience adds up. it cannot organise cables that are already plugged in across a large room, and i would not expect it to replace a full storage system for a very large collection. for ordinary charging-cable clutter, that is not a serious drawback. the vela ridge 779 is simple, useful, and easy to incorporate into an existing routine. i prefer it to improvised ties and loose bundles, and the warranty provides welcome reassurance for such an inexpensive part of my setup.",True
CORD001216,CUS00270,2019-10-29,Bakers,"[{""product"":""Candle Bloom 262"",""quantity"":1},{""product"":""Candle Flux 990"",""quantity"":1},{""product"":""Vela Halo 569"",""quantity"":1}]",3361.81,14.38,-37.801215,145.062622,10,3040.01,Spring,False,6.0005,"i compared candle lumen 490 with my previous travel laptop during several presentation trips. the candle machine is lighter to carry than the older model, but that advantage disappeared once i began working on it. the keyboard feels cramped, the touchpad often interpreted an intended click incorrectly, and the hinge resisted being opened on a narrow table. preparing slides in a hotel room became an awkward series of corrections rather than a smooth routine. presentation use exposed further weaknesses. the display was adequate for showing basic slides, yet it became difficult to view from an angle, and switching between the presentation and a document caused noticeable pauses. battery performance also varied sharply between light editing and video playback. my older laptop was heavier, but it behaved more consistently under the same travel workload. candle lumen 490 seems designed around portability while ignoring the practical strain of repeated setup and packing. after a few weeks, the palm rest showed marks from ordinary carrying, and the fan became distracting during longer sessions. the ports are placed close together, so a charger and adapter can block one another. customer support walked me through power settings, but the changes did not remove the delays. the laptop can display a presentation, which is a limited neutral fact, but it is frustrating for travel-based work. compared with the previous machine, candle lumen 490 is a disappointing compromise, and i regret choosing it.",False
CORD001217,CUS00178,2019-04-20,Thompson,"[{""product"":""Candle Bloom 1054"",""quantity"":1},{""product"":""Candle Edge 680"",""quantity"":1},{""product"":""Vela Halo 659"",""quantity"":1},{""product"":""Candle Flux 990"",""quantity"":1}]",5060.41,10.21,-37.808695,144.900515,0,5070.62,Autumn,False,4.1136,"candle edge 482 has settled into our household as a shared screen for reading practice, recipes, and casual browsing. the display is comfortable for a child to use at the table, while the size still makes it practical for an adult to carry around. switching between family members is uncomplicated, and pages load promptly during ordinary use. we have also used it for looking up school material without needing to move to a larger computer. the casing does show fingerprints after hands-on use, so i wipe it occasionally, but that is a minor upkeep issue. it has proved flexible enough for several different routines.",True
CORD001218,CUS00422,2019-08-13,Bakers,"[{""product"":""Vela Halo 659"",""quantity"":2},{""product"":""Candle Bloom 1000"",""quantity"":1}]",2345.26,15.81,-37.769543,145.053876,5,2243.81,Winter,False,6.8403,"candle orbit 530 has been shared among several people for forms, email, browsing and occasional remote meetings. the keyboard is comfortable enough for longer entries, and separate users have been able to pick up the routine without much explanation. it opens documents promptly and handles a meeting alongside ordinary browser work. the display is less readable from an angle, and the webcam image becomes grainy when the room is not bright. because the laptop moves between rooms, i have also noticed that its battery lasts less predictably during calls than during document work. it has remained useful for household administration and basic office tasks. my view is neutral: dependable for common work, with noticeable limits in shared, mobile use.",True
CORD001219,CUS00210,2019-03-05,Thompson,"[{""product"":""Vela Halo 659"",""quantity"":1},{""product"":""Candle Bloom 1054"",""quantity"":1},{""product"":""Vela Halo 569"",""quantity"":1}]",863.65,11.2,-37.804718,144.886558,10,788.49,Autumn,False,5.389,"after a little over a month with the vela pulse 1063, i find it more satisfying than the basic speaker i used before. spoken content sounds clean and natural, and voices remain easy to follow when i am moving around the kitchen or working at the other end of the room. music has enough body for casual listening, while the presentation stays pleasant at lower volume in the evening. the simpler speaker could play music, but it sounded flat and made speech feel less inviting. the display is another advantage in daily use. i can glance over and see what is playing without reaching for another device, and the controls are arranged in a way that became familiar quickly. it also works well for short listening sessions, such as a news program during breakfast or a podcast while tidying up. i compared it with a larger unit in another room, and that one fills space more forcefully, but the vela pulse 1063 feels better suited to ordinary household use because it takes up less attention and still gives a full result. there are small limits. at high volume, the sound loses some refinement, and the screen is not especially useful from far across the room. those points have not mattered much to me because i normally listen at moderate levels. over the ownership period, playback has remained dependable and the unit has fitted neatly into several routines. for spoken content and relaxed music, it offers a more balanced experience than the cheaper alternative and has been a worthwhile addition to my home.",True
CORD001220,CUS00497,2019-03-31,Thompson,"[{""product"":""Candle Orbit 1034"",""quantity"":1},{""product"":""Vela Halo 569"",""quantity"":1},{""product"":""Candle Quest 498"",""quantity"":1},{""product"":""Candle Bloom 1000"",""quantity"":1}]",3855.18,12.29,-37.762497,144.903198,5,3674.71,Autumn,False,6.7817,"i compared candle arc 564 with a wired pair i had used at my desk for focused work. the older headphones sounded acceptable, but the cable caught on the chair and made it inconvenient to move between the desk and a nearby shelf. candle arc 564 removes that nuisance and has made background music easier to fit into my working routine. pairing was uncomplicated, and reconnecting during later sessions did not require repeated effort. for instrumental music, podcasts, and ordinary playlists, the sound is balanced enough to listen for several hours. i can keep working without constantly reaching for the controls, and the wireless connection has remained steady around my desk. compared with a small speaker, the headphones also keep the sound contained when other people are working nearby. candle arc 564 feels lighter and less restrictive than the older arrangement, even though i still notice the ear cups after a long uninterrupted session. this is not the choice i would make for someone seeking a dramatic listening-room experience, and the wireless design means remembering to charge it. those limitations are easy to plan around in my use. the main benefit is the reduced clutter and the freedom to stand up without removing the music. after comparing both options over time, i prefer candle arc 564 for focused desk work because it delivers dependable everyday audio without the cable getting in the way.",True
CORD001221,CUS00109,2019-05-21,Nickolson,"[{""product"":""Candle Orbit 656"",""quantity"":1}]",2262.06,24.14,-37.885411,144.93986,15,1946.89,Autumn,True,7.8737,"candle quest 444 has handled my evening listening sessions without becoming tiring. the wireless connection stayed steady around the house, and spoken audio remained clear even at modest volume. music has a balanced sound that suits both quiet work and relaxed weekends. the controls took a little practice to remember, although they now feel natural. after regular use, i am pleased with its comfort and consistent performance.",True
CORD001222,CUS00217,2019-07-27,Bakers,"[{""product"":""Candle Quest 354"",""quantity"":1},{""product"":""Candle Flux 1098"",""quantity"":1},{""product"":""Vela Halo 569"",""quantity"":1}]",1348.11,12.26,-37.79064,144.977388,10,1225.56,Winter,False,2.6628,"candle quest 516 replaced a more elaborate gaming setup that was rarely used in our shared room because preparing it felt like an event. the comparison is especially favourable for casual games. candle quest 516 is quick to bring out, the controls are approachable for people who do not play often, and the display can be seen from the nearby seats without everyone crowding around it. that has made short group sessions much easier to start. we have used it for quick challenges after dinner and for longer relaxed sessions on weekends. the controls respond consistently, and passing the device between players does not involve a confusing change of settings. compared with the old setup, there are fewer cables across the room and less debate about who gets the best position. the sound is adequate for a small group, although we lower it when someone else is watching television. candle quest 516 also feels sturdy enough for ordinary handling, which matters when several people are sharing it. the screen is not ideal when someone sits far to the side, and the battery requires planning for a long session. a few menus are less obvious than i would like, so new players sometimes ask where to begin. those points have not stopped us using it. the older system offered more depth, but it also created more barriers. candle quest 516 is the better choice for our shared room because it encourages spontaneous, friendly play and does not demand a dedicated gaming corner.",True
CORD001223,CUS00249,2019-07-22,Bakers,"[{""product"":""Candle Edge 680"",""quantity"":1},{""product"":""Candle Quest 498"",""quantity"":1},{""product"":""Candle Orbit 1034"",""quantity"":1},{""product"":""Candle Bloom 262"",""quantity"":1}]",5259.92,16.36,-37.76897,145.062777,20,4224.3,Winter,False,7.486,"we wanted a tablet for family learning and shared browsing rather than a device that belonged to one person, and the candle lumen 832 has worked well in that role. the setup was clear enough for me to complete while the children were already asking to use it. i arranged the basic accounts and then let each person choose a few activities, which made the tablet feel like a shared household tool from the beginning. it has since been used for reading, school-related browsing, looking up recipes, and watching short instructional material. the screen is comfortable for sitting together at the table, and the size makes it easy to pass from one person to another. the candle lumen 832 responds promptly during the ordinary tasks we use most, and switching between a learning activity and a family search has not been troublesome. i have also appreciated being able to carry it from the kitchen to the living room without making space for a full computer. the speakers are adequate for quiet indoor use, though we use headphones when several activities are happening at once. i would also welcome a slightly simpler way to organise the home screen as everyone adds different things, but that is a small complaint. what matters is that the tablet has encouraged more shared browsing instead of leaving everyone on separate devices. after several weeks, candle lumen 832 feels dependable, approachable, and genuinely useful for our family. it has supported learning without making the experience feel formal, and it has become a device we are pleased to reach for.",True
CORD001224,CUS00433,2019-07-05,Bakers,"[{""product"":""Candle Quest 498"",""quantity"":1},{""product"":""Candle Bloom 1000"",""quantity"":1},{""product"":""Candle Orbit 656"",""quantity"":2},{""product"":""Vela Halo 659"",""quantity"":2}]",8177.71,20.27,-37.874433,145.015329,10,7380.21,Winter,False,7.3792,"vela halo 407 was supposed to give me a daily record of activity and sleep, so i compared its reports with another wearable used on the same days. the results from vela halo 407 are too patchy to support that purpose. walking is usually detected, but shorter movements are sometimes ignored and a day can show an implausibly low total. sleep tracking is worse. it has recorded only part of a night, combined separate periods, or shown no result after the device was worn until morning. the app presents the information in neat screens, but neat presentation does not repair missing records. scrolling through a week is slow, and the reason for an incomplete entry is never clear. the wearable also shifts while sleeping, leaving the strap uncomfortable and making me aware of it at night. another device i tried is less attractive, but it has produced a more consistent history and required less checking. vela halo 407 creates a false sense of detail because the charts look precise even when the underlying entries are unreliable. charging is another nuisance. the battery falls quickly when several tracking features are enabled, and the reminder arrives too late to prevent a gap. basic step counting does operate on ordinary days, but that narrow success cannot outweigh the missing sleep records and inconsistent activity totals. i bought vela halo 407 to notice patterns over time, not to guess which days can be trusted. the device is frustrating, awkward to wear overnight, and poor for dependable tracking. i would avoid it.",False
CORD001225,CUS00136,2019-02-05,Bakers,"[{""product"":""Vela Halo 569"",""quantity"":1},{""product"":""Candle Quest 354"",""quantity"":1}]",551.87,19.8,-37.832075,145.003955,5,544.08,Summer,True,2.5719,"candle quest 1074 has worked well for online classes and video meetings. speech is clear enough to follow group discussions, and my microphone keeps me understandable without repeated adjustments. pairing with my computer was quick and reconnection has been dependable. the fit becomes slightly warm after a long session, but the clear audio and steady wireless performance are valuable.",True
CORD001226,CUS00199,2019-04-24,Bakers,"[{""product"":""Candle Bloom 1054"",""quantity"":1},{""product"":""Vela Halo 659"",""quantity"":2},{""product"":""Candle Orbit 1034"",""quantity"":1}]",1561.19,13.13,-37.871936,145.038194,15,1340.14,Autumn,False,7.853,"candle quest 138 has made it easier to separate guest access from the devices used by my household. the initial setup was clear, and i could manage connected devices without repeatedly searching through confusing menus. visitors can use the guest network while my personal equipment remains on its own connection, which has made sharing access less awkward. i have also found the device list helpful when checking what is currently connected. performance has remained steady for browsing, calls, and ordinary streaming across several rooms. the management controls are more useful than the basic hardware appearance suggests. it is not aimed at advanced network experimentation, but for guest-network and device management, candle quest 138 has been a worthwhile improvement.",True
CORD001227,CUS00472,2019-04-04,Thompson,"[{""product"":""Candle Orbit 1034"",""quantity"":1},{""product"":""Candle Orbit 656"",""quantity"":1},{""product"":""Candle Flux 990"",""quantity"":1},{""product"":""Candle Quest 498"",""quantity"":1}]",6246.76,21.95,-37.830194,144.893928,20,5019.36,Autumn,True,5.058,"candle edge 284 has made shared-room music playback more pleasant than the small speaker i was using before. i wanted something that could fill ordinary household moments without requiring constant adjustment, and this unit has fitted that role well. compared with my old speaker, the sound carries more evenly across the room, so people sitting away from the centre can still follow the music. pairing was simple, and different members of the household have been able to use it without a long explanation. we play background music while cooking, cleaning, or having friends over, and the connection has stayed dependable during those ordinary activities. the volume is enough for our room, though anyone wanting a very forceful party system would probably choose a larger product. for our purpose, the balanced presentation is more valuable than sheer loudness. the controls are easy to locate, and the speaker can be moved from one shelf to another without making the setup feel like an event. my previous unit was smaller and convenient to carry, but its sound became thin when several people were talking. candle edge 284 keeps music present without becoming harsh or demanding attention. i have used it for several weeks and have not needed to troubleshoot the connection after the initial pairing. there is no need to use every available feature to enjoy it; the basic playback function is already satisfying. compared with my earlier speaker, candle edge 284 gives our shared room a fuller and more dependable music experience, which is exactly the improvement i was hoping for.",True
CORD001228,CUS00220,2019-11-03,Thompson,"[{""product"":""Candle Quest 498"",""quantity"":1},{""product"":""Vela Halo 659"",""quantity"":1},{""product"":""Candle Edge 680"",""quantity"":1},{""product"":""Candle Bloom 1054"",""quantity"":1}]",4274.29,13.45,-37.777228,144.917456,10,3860.31,Spring,False,4.7227,"candle bloom 802 has been disappointing for reading and handwritten notes. page changes feel slow, and the writing response becomes uneven when several pages are marked up. my notes are sometimes misplaced after switching between documents, which makes study sessions frustrating. reading basic text is possible, but annotation is the reason i bought it and that part remains unreliable. the awkward workflow has made me avoid using it for serious work.",False
CORD001229,CUS00481,2019-07-07,Bakers,"[{""product"":""Candle Orbit 1034"",""quantity"":1},{""product"":""Vela Halo 659"",""quantity"":1},{""product"":""Candle Orbit 656"",""quantity"":1}]",3108.69,16.31,-37.745926,145.019147,15,2658.7,Winter,False,7.4278,"vela wave 751 has handled my daily communication and navigation needs with very little drama. i use it for calls, messages, maps, and quick searches while moving around town, and those tasks open promptly and remain easy to follow. navigation has been particularly useful when plans change, since i can check a route without stopping to find another device. the phone feels comfortable in my hand and the screen is readable during ordinary indoor and outdoor use. messages and calls have remained dependable throughout my ownership, including while travelling between familiar areas. i occasionally wish the display were easier to see in very strong sunlight, but that has not prevented me from using it. battery performance has been sufficient for a typical day, with heavier navigation naturally requiring more attention. vela wave 751 has become a reliable daily companion, balancing communication and navigation without adding unnecessary complication.",True
CORD001230,CUS00494,2019-10-20,Bakers,"[{""product"":""Candle Flux 1098"",""quantity"":2}]",1592.48,13.29,-37.809924,145.046459,5,1526.15,Spring,False,4.5003,"we bought vela core 723 for family media streaming and placed it beside an older display for comparison. both could open the usual services, but the older screen was far less troublesome. vela core 723 took too long to wake from standby, and the menus sometimes stalled after a selection. during evening viewing, the picture looked acceptable from directly in front, yet became washed out from the side of the room. that made family viewing awkward because nobody wanted to sit in one narrow position. the sound exposed another weakness. voices were often buried beneath music or effects, and adjusting the volume became a repeated chore. the older display handled the same programmes with fewer changes and less frustration. vela core 723 also lost its connection during several streaming sessions, leaving a blank screen while the rest of the household waited. restarting the unit restored playback, but the interruption made it difficult to use for shared viewing. the remote felt cluttered, with buttons that were easy to press accidentally. over time, these issues became more irritating rather than less. i checked the cables, restarted the device, and changed the network position, but the problems returned. a support response suggested routine resets without explaining why the display repeatedly froze. the warranty offers a possible repair route, although packing and sending a large screen would be inconvenient. vela core 723 performs basic streaming, but the slow menus, weak viewing angles, uneven sound, and connection failures compare poorly with our older display. it is a disappointing centrepiece for family entertainment, and i cannot recommend replacing a functioning screen with it.",False
CORD001231,CUS00394,2019-01-23,Thompson,"[{""product"":""Vela Halo 659"",""quantity"":2},{""product"":""Candle Quest 498"",""quantity"":1},{""product"":""Candle Bloom 1000"",""quantity"":2},{""product"":""Candle Flux 1098"",""quantity"":1},{""product"":""Candle Quest 354"",""quantity"":2}]",7071.23,14.88,-37.741586,144.880614,5,6732.55,Summer,False,9.8282,"candle orbit 206 has stayed responsive through long desktop gaming sessions. games load without irritating pauses, and the controls remain comfortable when i play for several hours. it also leaves enough room for voice chat and other ordinary desktop tasks. the surface gathers fingerprints quickly, yet performance has remained strong and enjoyable.",True
CORD001232,CUS00071,2019-04-01,Bakers,"[{""product"":""Vela Halo 659"",""quantity"":2},{""product"":""Candle Edge 680"",""quantity"":1},{""product"":""Vela Halo 569"",""quantity"":1}]",2929.91,11.65,-37.812614,145.063073,0,2941.56,Autumn,False,5.9668,"candle flux 522 has been useful for completing field forms and showing information during client presentations. the screen is clear enough for reading entries outdoors in ordinary shade, and the tablet remains manageable to carry between meetings. forms are comfortable to review, with enough space to avoid constant scrolling, while presentations look neat when shared across a table. i have found the touch response dependable during quick demonstrations, which helps me keep conversations moving rather than stopping to correct missed taps. the casing feels sturdy, although i still use a protective cover when travelling because the tablet is part of my work kit. long typing sessions are less comfortable than on a laptop, so i use it mainly for forms, viewing, and discussion. candle flux 522 suits that role very well and has made mobile work feel more organised and professional.",True
CORD001233,CUS00034,2019-11-18,Thompson,"[{""product"":""Candle Bloom 262"",""quantity"":1},{""product"":""Vela Halo 569"",""quantity"":3},{""product"":""Vela Halo 659"",""quantity"":1}]",1830.25,12.76,-37.754163,144.911876,15,1568.47,Spring,False,7.2037,"vela spark 585 has given us a clearer view of activity around the doors and windows. the alerts arrive promptly during ordinary opening and closing, and the notifications are specific enough for me to understand which area needs attention. i installed it as a simple household check rather than a complicated security project, and that is where it has worked best. the setup required careful placement, but the instructions helped me choose sensible positions. since then, the system has stayed connected and has not filled my phone with unnecessary messages during normal days. i like being able to check activity when i am away from the room, especially when family members are moving through the house. the adhesive arrangement could be more forgiving if i changed my mind about placement. still, vela spark 585 has been reassuring, practical, and easy to include in our routine.",True
CORD001234,CUS00396,2019-07-14,Bakers,"[{""product"":""Candle Orbit 1034"",""quantity"":1},{""product"":""Candle Orbit 656"",""quantity"":1},{""product"":""Candle Quest 354"",""quantity"":1},{""product"":""Candle Bloom 262"",""quantity"":1}]",4365.03,16.13,-37.858063,145.050439,0,4381.16,Winter,False,7.2162,"candle orbit 908 improved my home-office wireless coverage compared with the older unit positioned near the main connection. before the change, the office signal weakened whenever i moved farther from that room, and video meetings were less consistent from the back part of the house. i compared it with using the old unit and with relying on a phone connection in the weaker area. candle orbit 908 offered the most practical solution because it kept my regular devices on the household network while reaching the places where i actually work. setting it up involved choosing a better position and reconnecting devices one at a time. the process took longer than plugging in the previous unit, but the instructions made the sequence understandable. i tested it from the office, a nearby hallway, and the room where i sometimes take meetings. coverage felt more even across those locations, and moving with a laptop no longer required me to search for the strongest spot. streaming and ordinary browsing also stayed usable while another person was working elsewhere, which made the improvement noticeable to the whole household. the unit is not especially small, and i did not need every available setting. i left the advanced choices alone after the basic network was working. compared with the previous unit and the phone workaround, candle orbit 908 gives a more capable foundation for a home office. it has made my working routine less interrupted, and the two-year warranty is a reassuring addition for equipment that remains in use every day.",True
CORD001235,CUS00473,2019-04-02,Bakers,"[{""product"":""Candle Bloom 1000"",""quantity"":1},{""product"":""Candle Edge 680"",""quantity"":3}]",8570.04,9.74,-37.786211,144.968974,5,8151.28,Autumn,False,3.5096,"i compared candle shift 664 with the older wireless audio set i had been using during concentrated desk work. the new pair gives me a more comfortable and consistent listening experience, especially when i am working through several hours of reading or writing. music sounds balanced, spoken audio remains clear, and i can keep the volume at a moderate level without feeling that detail has disappeared. the difference is not dramatic in every song, but it is noticeable across a full afternoon. pairing was quick, and reconnecting later has been dependable. i can move away from the desk for a short break without immediately losing the audio, then return and continue without starting over. the controls are easy to find by touch, which is useful when i do not want to look away from a document. candle shift 664 is light enough that i forget about it during routine work, and the fit has remained comfortable after repeated use. calls are also clear enough for brief conversations, though this is primarily a music and focused-work device. compared with my previous set, the main improvement is the lack of small interruptions. i spend less time adjusting the position, checking the connection, or wondering whether a quiet passage is being lost. the charging case is not especially compact, and the physical buttons need a firm press, but those are minor concessions. the 12-month warranty adds confidence. candle shift 664 has become an enjoyable part of my desk routine because it offers steady wireless listening without demanding much attention.",True
CORD001236,CUS00155,2019-06-28,Nickolson,"[{""product"":""Candle Quest 354"",""quantity"":1},{""product"":""Candle Edge 680"",""quantity"":2}]",4905.58,10.23,-37.819512,144.97241,20,3934.69,Winter,False,0.271,"vela core 201 replaced a phone that had become frustrating for ordinary navigation and communication. i was not looking for an elaborate camera or a device aimed at mobile gaming; i wanted something that would handle messages, calls, maps, and daily browsing without demanding constant attention. in that role it has been a strong step forward. the screen remains readable while i am checking directions, and the phone responds promptly to the small tasks i perform throughout the day. navigation has been particularly convenient. i use it while walking, on public transport, and when finding unfamiliar places, and i have not had the repeated pauses that affected my previous phone. calls and messages have also been uncomplicated. the body is comfortable enough for one-handed checking, although the smooth finish makes a case sensible if, like me, you tend to put the phone down on different surfaces. battery life has matched my routine rather than exceeding it dramatically, so heavy users may still want to carry a charger. compared with the older handset, vela core 201 feels less temperamental and more responsive. compared with a premium phone, it may not offer the same specialised extras, but those were not important to my use. i appreciate that it covers the practical middle ground without making simple communication feel like a technical project. after using it for several weeks, the main difference is the absence of small annoyances: maps open when needed, messages send without fuss, and the device generally stays out of the way.",True
CORD001237,CUS00421,2019-07-29,Nickolson,"[{""product"":""Candle Edge 680"",""quantity"":3},{""product"":""Vela Halo 569"",""quantity"":1},{""product"":""Candle Quest 498"",""quantity"":1},{""product"":""Candle Orbit 1034"",""quantity"":2}]",9375.46,28.53,-37.874163,144.992875,0,9403.99,Winter,True,6.5094,"after owning candle lumen 598 for two years, i have found it a practical way to extend coverage between the study and the living room. setup took a little patience because i had to try two positions before finding one that reached the main router and the far room properly, but the indicator and the instructions made the process understandable. once placed, phones, a laptop and a television have stayed connected without the repeated dropouts i had before. streaming in the back room is now smooth, and ordinary browsing remains responsive even when several people are using the network. the unit has also remained quiet and cool during long periods of use. it is not the smallest networking device, and the status light is brighter than i would choose for a bedroom, yet those are minor complaints. candle lumen 598 has made coverage more consistent and has continued to do its job reliably, so i am pleased with the purchase.",True
CORD001238,CUS00331,2019-05-20,Bakers,"[{""product"":""Candle Edge 680"",""quantity"":1},{""product"":""Vela Halo 569"",""quantity"":2},{""product"":""Candle Orbit 656"",""quantity"":1},{""product"":""Candle Bloom 1054"",""quantity"":1},{""product"":""Candle Orbit 1034"",""quantity"":1}]",5843.41,25.92,-37.825751,145.06426,0,5869.33,Autumn,True,6.3114,"i bought the vela spark 531 for travel planning and media, expecting it to replace an older phone without much trouble. compared with that older device, the screen is harder to read outdoors and the battery drops uncomfortably fast when maps, mobile data, and video are used together. a route can be followed, but switching between the map and a booking page often leaves one of them reloading, which makes a simple change frustrating. the 5g connection is inconsistent in places where my previous phone remained usable, and the phone sometimes takes too long to reconnect after leaving coverage. that is a serious problem when checking travel information on the move. media use is also a poor comparison. video playback is watchable, yet the sound is thin and the casing becomes unpleasantly warm after a longer session. storage management feels awkward because large downloads quickly leave little room for photographs and offline maps. the camera produces acceptable snapshots in daylight, but indoor images look dull and lack detail. calls themselves are possible, although the microphone picked up distracting background noise in a busy terminal. the slim shape is easy to carry, but it feels fragile and the buttons are difficult to find without looking. i have not had a reason to test the warranty, and the phone has not delivered the dependable travel experience i wanted. compared with what i already owned, the vela spark 531 adds 5g branding without removing the same old inconveniences, so i regret choosing it and cannot recommend it for regular travel.",False
CORD001239,CUS00077,2019-11-21,Nickolson,"[{""product"":""Candle Orbit 1034"",""quantity"":1},{""product"":""Candle Bloom 1054"",""quantity"":1}]",1031.77,13.45,-37.886102,144.933359,5,993.63,Spring,False,8.1513,"i installed candle orbit 548 to reach a bedroom and hallway where the main connection was inconsistent. the extra coverage is noticeable, and ordinary browsing and television streaming now work in those areas. connection quality still changes when doors are closed or several devices are active, so placement matters. the setup instructions were adequate but required a little trial and error. it is a useful extension for moderate household needs, with performance that depends heavily on the surrounding layout.",True
CORD001240,CUS00093,2019-04-16,Bakers,"[{""product"":""Vela Halo 569"",""quantity"":1},{""product"":""Candle Orbit 656"",""quantity"":2}]",4673.21,19.08,-37.811804,145.010867,5,4458.63,Autumn,True,1.3881,"the candle arc 726 has performed well during competitive play and voice communication. controls respond promptly, which helps when a delayed action would spoil a match, and the connection has remained steady through long sessions. voice chat is clear enough for quick team instructions, with voices staying distinct when several people speak. the headset becomes warm after extended use, but it remains manageable when i take short breaks. setup was uncomplicated, and the controls for adjusting sound or muting the microphone are easy to reach once learned. i have also used it for less demanding games and found the same dependable response. it is more equipment than i need for occasional casual play, yet for regular competitive sessions the candle arc 726 has earned its place. it gives me consistent control and communication without introducing distracting problems.",True
CORD001241,CUS00245,2019-05-05,Nickolson,"[{""product"":""Vela Halo 659"",""quantity"":1},{""product"":""Candle Edge 680"",""quantity"":2},{""product"":""Candle Orbit 656"",""quantity"":1},{""product"":""Vela Halo 569"",""quantity"":1},{""product"":""Candle Orbit 1034"",""quantity"":1}]",7760.58,10.65,-37.852682,145.000853,0,7771.23,Autumn,False,4.6822,"vela spark 621 has been part of my workday for 37 days and handles calls and calendar management smoothly. meetings connect promptly, voices stay clear, and checking an appointment while speaking is uncomplicated. the phone feels comfortable to carry between rooms and has remained responsive for routine tasks. its finish is somewhat prone to fingerprints, but that is easy to overlook. this smartphone has made busy workdays feel more manageable and organised.",True
CORD001242,CUS00104,2019-01-17,Bakers,"[{""product"":""Candle Bloom 1000"",""quantity"":1},{""product"":""Candle Bloom 1054"",""quantity"":1},{""product"":""Candle Bloom 262"",""quantity"":1}]",3383.96,12.08,-37.813801,145.02867,15,2888.45,Summer,False,2.9677,"i used candle arc 942 for sketching and lightweight creative work, comparing it with a basic drawing tablet that had served me before. the display showed the canvas, but the drawing response felt disconnected from the stylus. lines appeared slightly after the movement, and quick strokes sometimes ended with a gap or a blunt mark. that delay was frustrating during outlines and made the process feel awkward rather than natural. the screen surface did not help. my hand dragged across it, especially during longer sessions, and the glass collected fingerprints quickly. a matte surface on my older tablet was less reflective and gave more control, even though it was not as attractive. candle arc 942 also made the cursor difficult to place precisely near the edges. i spent time correcting marks that had landed beside the intended point, which slowed simple sketches and made detailed work tiring. file handling and general use were another source of trouble. opening a large drawing caused the interface to pause, and switching between a reference image and the canvas sometimes returned me to the wrong position. the device did not always remember the last zoom level, so repeated adjustments became part of every session. its compact format was convenient to carry, but the narrow working area felt restrictive once a sketch involved several layers or broad strokes. the tablet was functional for viewing a finished image, yet that is not the same as supporting creative work. candle arc 942 can display an image and accept a stylus, but those basic functions do not make it a satisfactory drawing tool. compared with the older tablet, the delayed strokes, slippery surface, imprecise edges, slow file handling, and cramped workspace created too many obstacles. i spent more time correcting the tablet than developing ideas, and i cannot recommend candle arc 942 for regular drawing.",False
CORD001243,CUS00478,2019-04-29,Bakers,"[{""product"":""Vela Halo 659"",""quantity"":1},{""product"":""Candle Quest 354"",""quantity"":1},{""product"":""Candle Bloom 1000"",""quantity"":1}]",2483.33,9.32,-37.808138,145.029038,10,2244.32,Autumn,False,2.977,"candle arc 870 has been a stronger fit for my creative projects and media editing than the general-purpose laptop i used previously. my work involves organising images, trimming video, adjusting layouts, and keeping reference material open beside the project. the older machine could handle these tasks, but it became sluggish when several applications were active. candle arc 870 keeps the workflow moving with fewer pauses, which makes the creative process more enjoyable. the screen gives me enough room to see the project and its controls without constantly collapsing panels. colours look consistent for the everyday editing i do, and the keyboard supports long sessions without feeling cramped. i have moved the laptop between a desk and a table depending on the project, and its build has tolerated that routine. it is not feather-light, but i prefer its solid feel to a very thin machine that seems less suitable for regular handling. compared with my old laptop, exporting or opening larger working files takes less patience. i still avoid running every demanding application at once, and the fan becomes noticeable during heavier work. that is an understandable trade-off for a portable computer doing sustained editing. the battery is sufficient for shorter creative sessions, but i normally work near an outlet when processing a large project. the speakers are ordinary, and people seeking a dedicated studio machine may need something more specialised. for my combination of editing, planning, and portable creative work, candle arc 870 is a clear improvement. it gives me a smoother workflow without forcing me to abandon the convenience of a laptop, and it has remained dependable through established use.",True
CORD001244,CUS00301,2019-06-26,Bakers,"[{""product"":""Candle Bloom 1054"",""quantity"":1},{""product"":""Vela Halo 569"",""quantity"":1},{""product"":""Candle Quest 498"",""quantity"":2},{""product"":""Candle Bloom 262"",""quantity"":1}]",4333.87,15.99,-37.792702,145.010386,0,4349.86,Winter,False,2.3389,"candle shift 178 was installed for video meetings and media streaming, but the wireless connection caused repeated disruptions. nearby devices connected during setup, yet the signal weakened in the room where meetings were held, producing frozen faces and broken speech. streaming in another room also paused whenever a call was active. the management application was slow to update, so it was difficult to tell whether a setting had actually changed. restarting the unit restored service for a short period, but dropouts returned without an obvious trigger. the casing stayed cool and the status light remained on, although neither provided useful reassurance when the network failed. candle shift 178 handles light browsing, but its poor coverage and unreliable performance make it unsuitable for calls or shared media.",False
CORD001245,CUS00124,2019-08-14,Nickolson,"[{""product"":""Candle Orbit 656"",""quantity"":2},{""product"":""Candle Quest 354"",""quantity"":2}]",5329.68,14.25,-37.862004,144.95476,20,4277.99,Winter,False,4.9986,"candle vista 434 has been enjoyable for shared-room music playback. pairing took little time, and the controls are clear when someone wants to pause or change the volume. music sounds balanced at normal levels, with vocals remaining easy to hear while people move around the room. it is not intended for a large party or demanding audio setup, but it suits meals, cleaning, and relaxed evenings very well. the compact design and dependable performance are both welcome.",True
CORD001246,CUS00055,2019-04-09,Thompson,"[{""product"":""Vela Halo 659"",""quantity"":1},{""product"":""Candle Orbit 1034"",""quantity"":2},{""product"":""Candle Quest 354"",""quantity"":1}]",1831.33,8.74,-37.814624,144.921825,15,1565.37,Autumn,False,2.2281,"vela halo 389 has reduced the number of adapters i carry when moving between my desk, meeting room, and home workspace. i can connect several devices through the compact unit, and it has handled my usual combination without becoming temperamental. the cable is flexible enough to position beside a laptop, while the adapter itself stays put rather than sliding across the table. i have used it for work peripherals and occasional media transfers, and the connections have remained consistent. it becomes warm after extended use, so i avoid covering it with papers or placing it in a tight pouch while active. that is a reasonable precaution. vela halo 389 has been convenient, dependable, and much less cluttered than carrying separate accessories.",True
CORD001247,CUS00469,2019-05-31,Bakers,"[{""product"":""Vela Halo 659"",""quantity"":1}]",264.71,11.44,-37.81437,145.059844,10,249.68,Autumn,False,5.6968,"before installing candle vista 308, the wireless signal in my work area weakened whenever i moved away from the main room. video calls would become unreliable, and moving a laptop a small distance could make a noticeable difference. in comparison, candle vista 308 gave the home office a steadier connection across the spaces where i actually work. setup took less time than expected, and the instructions were clear enough that i did not need to search for extra explanations. i tested it first with a laptop, then with a phone and a streaming device running at the same time. the connection stayed usable during those ordinary combinations, and the improvement was most obvious at the far side of the office. the network controls also made it easier to see which devices were connected than the older router did. i appreciate being able to restart the network from the control panel rather than reaching behind furniture, although the layout has more settings than a casual user may need. candle vista 308 has not eliminated every weak spot in the house. a distant corner still receives a weaker signal, and the unit needs an open shelf rather than being hidden in a cabinet. those limits are reasonable for the coverage i wanted. compared with my former equipment, it has reduced dropped calls and made routine work less frustrating. the hardware feels sturdy, the connection has remained stable over weeks of use, and the longer warranty is reassuring. for a home office that needs broader wireless coverage, this has been a worthwhile replacement.",True
CORD001248,CUS00443,2019-02-17,Nickolson,"[{""product"":""Vela Halo 659"",""quantity"":1},{""product"":""Candle Quest 354"",""quantity"":1},{""product"":""Candle Bloom 1054"",""quantity"":1},{""product"":""Candle Orbit 656"",""quantity"":1}]",3379.4,22.94,-37.878021,144.941281,10,3064.4,Summer,True,7.0587,"candle flux 720 has suited my creative projects and media editing better than the laptop i was using before. my earlier computer could handle simple documents and browsing, but it became frustrating when i worked with larger images, video clips, or several project files at once. candle flux 720 gives me a more comfortable working experience and has allowed me to spend more time creating instead of waiting for routine actions to finish. the screen is useful when i am reviewing images or arranging a project, and the keyboard makes longer sessions manageable. compared with the previous laptop, the overall workflow feels more capable when i move between an editing application, reference material, and file storage. i have used it for personal media projects as well as smaller creative tasks, and it has remained steady through the changes. moving it to another room is possible when i need a different workspace, although i usually keep it at the desk for extended sessions. i still prefer a larger external display when fine detail matters, and the built-in sound is not a substitute for dedicated speakers. the laptop also becomes less convenient to carry once the charger and other accessories are included. these are ordinary compromises. after thirty-nine days, candle flux 720 has been a clear improvement over my old machine for creative work. it feels capable without being unnecessarily complicated, and i am satisfied with how it has supported my projects.",True
CORD001249,CUS00364,2019-04-11,Thompson,"[{""product"":""Vela Halo 659"",""quantity"":1},{""product"":""Candle Bloom 1054"",""quantity"":2},{""product"":""Candle Bloom 262"",""quantity"":1}]",2282.68,12.08,-37.781012,144.884659,5,2180.63,Autumn,False,6.5165,"candle bloom 640 has supported travel work and presentations for several weeks. it is easy to carry, starts promptly, and handles documents, browsing, and slides without complaint. the keyboard is compact enough to affect long typing sessions, while the screen becomes difficult to judge near strong windows. battery use is reasonable for normal office tasks but falls faster during presentations. it is a practical mobile laptop with predictable limitations in comfort and viewing.",True
CORD001250,CUS00200,2019-09-29,Thompson,"[{""product"":""Candle Quest 498"",""quantity"":1},{""product"":""Candle Orbit 656"",""quantity"":1},{""product"":""Vela Halo 569"",""quantity"":1},{""product"":""Vela Halo 659"",""quantity"":1}]",3984.19,24.24,-37.798003,144.922218,0,3993.68,Spring,False,2.7254,"the vela core 561 has been enjoyable to use for photographs and messaging. outdoor pictures from walks have plenty of detail, and indoor shots of family moments turn out bright enough to share without much editing. the camera opens quickly, and moving from taking a picture to sending it in a message feels simple. i have also appreciated the screen while reviewing photos, since faces and small details are easy to see. messages arrive promptly, apps for ordinary communication open without delay, and the phone remains comfortable to hold during a long chat. in dim rooms the camera can produce softer results, so it is not a replacement for dedicated photography equipment. that limitation has not mattered for my usual snapshots. the vela core 561 gives me a responsive messaging phone and a capable everyday camera in one pleasant package.",True
CORD001251,CUS00248,2019-09-02,Thompson,"[{""product"":""Vela Halo 659"",""quantity"":3},{""product"":""Vela Halo 569"",""quantity"":2}]",1092.31,21.26,-37.811589,144.89623,10,1004.34,Spring,True,4.4677,"i bought the vela ridge 617 for walking commutes after trying a couple of simpler trackers, and it has settled into my routine better than either of them. the main difference is that notifications arrive without making me stop and pull out my phone. i can glance at a reminder while crossing a station or waiting at a light, then keep moving. the display is readable in ordinary daylight, and the controls do not require much thought once the first few days of use are behind you. for walking, the device gives me a more useful sense of my daily activity than a basic watch did. i notice when a short trip has actually added up to a decent amount of movement, and that has made me choose the longer route home more often. it is not a substitute for detailed training equipment, but that is not what i wanted. its strength is the quiet prompt at the right moment and the fact that it does not turn a commute into a technical project. i compared it with a phone-only approach as well. the phone can show more information, but it is awkward to keep checking it, especially when my hands are full. the ridge 617 keeps the important alerts close and leaves the rest alone. i have had to adjust the notification choices so i do not receive every minor interruption, and the strap took a little experimenting to sit comfortably, but those are small trade-offs. after nineteen days, i find myself wearing it for errands as naturally as for longer walks. for this kind of everyday use, it is a thoughtful and dependable step up from a basic timepiece.",True
CORD001252,CUS00248,2019-04-26,Thompson,"[{""product"":""Candle Orbit 656"",""quantity"":1},{""product"":""Candle Flux 1098"",""quantity"":1},{""product"":""Candle Orbit 1034"",""quantity"":3}]",4804.06,21.48,-37.811589,144.89623,10,4345.13,Autumn,True,4.4677,"i bought the vela ridge 617 for walking commutes after trying a couple of simpler trackers, and it has settled into my routine better than either of them. the main difference is that notifications arrive without making me stop and pull out my phone. i can glance at a reminder while crossing a station or waiting at a light, then keep moving. the display is readable in ordinary daylight, and the controls do not require much thought once the first few days of use are behind you. for walking, the device gives me a more useful sense of my daily activity than a basic watch did. i notice when a short trip has actually added up to a decent amount of movement, and that has made me choose the longer route home more often. it is not a substitute for detailed training equipment, but that is not what i wanted. its strength is the quiet prompt at the right moment and the fact that it does not turn a commute into a technical project. i compared it with a phone-only approach as well. the phone can show more information, but it is awkward to keep checking it, especially when my hands are full. the ridge 617 keeps the important alerts close and leaves the rest alone. i have had to adjust the notification choices so i do not receive every minor interruption, and the strap took a little experimenting to sit comfortably, but those are small trade-offs. after nineteen days, i find myself wearing it for errands as naturally as for longer walks. for this kind of everyday use, it is a thoughtful and dependable step up from a basic timepiece.",True
CORD001253,CUS00399,2019-11-08,Thompson,"[{""product"":""Candle Bloom 1054"",""quantity"":1},{""product"":""Candle Quest 354"",""quantity"":2},{""product"":""Candle Quest 498"",""quantity"":2},{""product"":""Candle Flux 1098"",""quantity"":1}]",4668.31,11.52,-37.812768,144.884348,20,3746.17,Spring,False,5.5098,"i bought vela echo 349 for a shared workspace where i move between several desks during the week. it keeps my phone raised and visible without taking much room, so checking a message or joining a quick call feels less awkward than holding the device. the support has stayed steady through daily use, and the base does not wander when someone brushes past the desk. i especially value being able to see notifications while keeping both hands on my keyboard. it also folds away neatly when the workspace needs to be cleared. the hinge was slightly firm during the first few adjustments, but it loosened into a reassuring resistance rather than becoming floppy. after seventeen days of ownership, the finish still looks tidy and the stand has become part of my normal desk setup. it is a simple accessory, yet vela echo 349 has made shared-workspace routines more comfortable and organised.",True
CORD001254,CUS00125,2019-10-26,Nickolson,"[{""product"":""Vela Halo 569"",""quantity"":1},{""product"":""Candle Quest 354"",""quantity"":1},{""product"":""Vela Halo 659"",""quantity"":3},{""product"":""Candle Orbit 1034"",""quantity"":1},{""product"":""Candle Flux 1098"",""quantity"":1}]",2724.16,8.9,-37.80147,144.96748,25,2052.02,Spring,False,1.9129,"i placed the vela echo 475 in the room where i keep books and spend most evenings, mainly because that space can feel different from the rest of the house. during the first few days i watched the readings at different times and compared them with how the room felt. the temperature changes were easy to follow, and the humidity figure gave me another point of reference when the air seemed dry. it has been useful for deciding when to open a window or use a small fan, although i still rely on judgement rather than treating the display as an absolute authority. the monitor has continued operating quietly and does not require much involvement once it is positioned. i like being able to glance at it while passing the shelf, and the compact design does not make the room look like a technical workspace. sudden changes are not reflected instantly, particularly after ventilation, so i wait before drawing conclusions. the readings can also vary slightly depending on where i move the unit, which is worth remembering when comparing one room with another. with the vela echo 475, i have found a useful middle ground between ignoring indoor conditions and constantly measuring them. it provides a consistent indication for routine decisions, but it does not turn a changing room into a precisely controlled environment. that combination suits my needs. i value the simple, quiet operation and the way it has helped me notice patterns, while the delayed response and position sensitivity keep my expectations realistic. the 12-month warranty adds some reassurance for continued household use.",True
CORD001255,CUS00083,2019-07-17,Nickolson,"[{""product"":""Candle Edge 680"",""quantity"":2},{""product"":""Candle Bloom 1000"",""quantity"":2},{""product"":""Vela Halo 569"",""quantity"":1},{""product"":""Candle Bloom 262"",""quantity"":1},{""product"":""Candle Orbit 656"",""quantity"":2}]",13925.96,17.32,-37.888622,144.927663,20,11158.09,Winter,False,8.6114,"i have used candle quest 894 for music, podcasts, and quiet background listening at home, and it has settled into my routine without much fuss. the wireless connection has remained dependable while i move between rooms, and the sound stays pleasant during several hours at a time. voices are distinct enough for spoken content, while music has enough detail to keep it enjoyable. the controls took a little practice because their placement was not immediately obvious, but i soon learned them. the fit remains comfortable over a long evening, although i sometimes wish the outer finish felt less prone to collecting fingerprints. after fifteen days of regular ownership, candle quest 894 feels thoughtfully made, consistent, and well suited to relaxed home listening.",True
CORD001256,CUS00258,2019-11-24,Bakers,"[{""product"":""Candle Orbit 1034"",""quantity"":1},{""product"":""Candle Quest 354"",""quantity"":1},{""product"":""Vela Halo 569"",""quantity"":1},{""product"":""Candle Flux 990"",""quantity"":1},{""product"":""Candle Edge 680"",""quantity"":1}]",5479.64,10.48,-37.808989,145.002652,0,5490.12,Spring,False,0.6614,"vela echo 943 has been disappointing for presentations and photo viewing. images appear, but the screen looks washed out from the side and small text becomes difficult to read across a room. wireless casting drops during longer presentations, forcing repeated reconnects at awkward moments. the frame feels light and the stand shifts when the display is touched. photo viewing is possible at close range, yet the poor visibility and unreliable connection make this device frustrating.",False
CORD001257,CUS00260,2019-08-02,Bakers,"[{""product"":""Candle Orbit 1034"",""quantity"":1},{""product"":""Candle Flux 990"",""quantity"":2}]",4770.82,24.82,-37.768817,145.043819,20,3831.98,Winter,False,6.2606,"candle shift 232 has been useful for family browsing, reading exercises, and short learning sessions at the kitchen table. the screen is comfortable for ordinary text, and switching between simple activities is generally smooth. several browser tabs make it hesitate, and the speakers are quiet enough that younger users sometimes need to move closer. it is practical for light shared use, though heavier browsing exposes its limitations.",True
CORD001258,CUS00156,2019-07-01,Thompson,"[{""product"":""Candle Bloom 1000"",""quantity"":1},{""product"":""Candle Flux 990"",""quantity"":2},{""product"":""Candle Quest 498"",""quantity"":1},{""product"":""Candle Orbit 1034"",""quantity"":1}]",7894.99,31.15,-37.784475,144.904495,20,6347.14,Winter,True,4.881,"vela wave 391 was intended for family communication and casual apps, and i compared it with the older phone it was supposed to replace. calls connect and messages can be sent, but the surrounding experience is unreliable. notifications sometimes arrived long after the message had been received, which meant family members assumed i had ignored them. opening the conversation manually often revealed several waiting alerts at once. the older phone gives fewer features but does not create that uncertainty. casual applications were another source of frustration. switching between an app and a message caused visible pauses, and one application closed when i returned to it. the handset did not become unusable, but these interruptions made simple tasks feel awkward. web pages loaded unevenly on mobile data, especially while moving around town. signal was present, yet the response could stall before continuing without explanation. the camera is serviceable in bright outdoor light but weak indoors. faces lose detail and darker areas become muddy, so family snapshots often require several attempts. battery drain was modest during light messaging but much worse with calls and video, leaving little confidence late in the day. the smooth casing is slippery, and the side buttons are easy to press accidentally when the phone is held tightly. vela states a 24-month warranty, but support did not provide a convincing answer for delayed alerts or application closures. after 23 days, i keep the previous phone available because it is more dependable for contact. vela wave 391 handles basic communication, yet late notifications, sluggish apps, weak indoor photos, uneven data response, and poor battery confidence make it a disappointing family phone.",False
CORD001259,CUS00182,2019-08-29,Thompson,"[{""product"":""Vela Halo 659"",""quantity"":1},{""product"":""Candle Edge 680"",""quantity"":1},{""product"":""Candle Orbit 656"",""quantity"":3}]",9302.29,28.68,-37.800714,144.963689,0,9330.97,Winter,True,1.9749,"i used the vela halo 263 for spoken content in the kitchen and music while doing household tasks. it can start playback, and the basic speaker output is present, but the controls are less responsive than those on my older display. commands were sometimes ignored, then carried out together after a delay. that made it difficult to stop a programme at the right point or lower the volume quickly. my previous unit had a plainer screen, yet it reacted in a more predictable way. the display caused several problems during ordinary use. text was small from across the room, and reflections made it hard to read while the kitchen lights were on. i often had to walk over to confirm whether the requested programme had started. music could continue in the background, but changing tracks through the screen involved awkward taps and occasional pauses. the device therefore added attention and interruption to tasks that should have required very little effort. i also noticed inconsistent playback after the vela halo 263 had been idle. a spoken programme resumed at the wrong position, while another time the device returned to the beginning. the audio did not cut out completely, but the repeated searching was frustrating. my older display retained its position more reliably even though it offered fewer visual controls. extra features are of little value when the main playback routine cannot be trusted. the casing remains intact, and the speaker is audible in a quiet room. those narrow points do not change the poor comparison with my former device. the vela halo 263 has delayed controls, a reflective display, and unreliable resume behavior. it is particularly awkward for kitchen use, where i cannot stand beside the screen throughout a programme. the product functions at a basic level but creates too much irritation. i regret replacing my older unit and cannot recommend this display.",False
CORD001260,CUS00326,2019-11-19,Bakers,"[{""product"":""Candle Edge 680"",""quantity"":1},{""product"":""Candle Flux 990"",""quantity"":1},{""product"":""Vela Halo 659"",""quantity"":1}]",4610.56,21.35,-37.821938,145.045193,20,3709.8,Spring,True,4.5852,"candle edge 1076 has worked well for competitive play and voice communication. inputs feel consistent, and team conversations stay clear during busy matches. i have used it for extended sessions without the controls becoming uncomfortable or unreliable. the design is less distinctive than i expected, but it performs steadily and lets me concentrate on the game. that makes it a satisfying purchase.",True
CORD001261,CUS00174,2019-02-07,Bakers,"[{""product"":""Vela Halo 569"",""quantity"":1}]",149.09,13.34,-37.869,145.039587,10,147.52,Summer,False,7.63,"i have worn vela atlas 467 during walks and commutes for several weeks, and it has quietly become part of how i organise my day. the initial setup was quick, and the device began showing notifications without requiring me to check my phone whenever it vibrated. that is especially handy on public transport, where i can glance at an alert and decide whether it deserves a reply later. the wearable feels light enough for everyday use and has stayed comfortable during longer walks. the activity information gives me a useful sense of how much i have moved, though i regard it as an estimate rather than a formal measurement. the display is visible in normal outdoor light, and the controls are easy to learn. i needed a little time to stop triggering the wrong screen while walking, but that issue disappeared once i became familiar with the motions. vela atlas 467 has been dependable through ordinary commuting, including days when i have worn it from morning until evening. alerts have arrived consistently, and the connection has recovered sensibly after i have moved out of range. one notification appeared later than expected when the phone had a weak connection, but the wearable itself was not difficult to use. the surface has gained a faint scratch, yet it still looks tidy. battery life covers my regular schedule with room to spare, and charging does not interrupt my routine for long. this is a practical walking companion with modest ambitions, and it has delivered exactly the kind of convenience i wanted.",True
CORD001262,CUS00357,2019-12-15,Bakers,"[{""product"":""Candle Flux 1098"",""quantity"":1},{""product"":""Candle Edge 680"",""quantity"":2}]",5299.04,13.25,-37.743314,144.982042,5,5047.34,Summer,False,7.5048,"vela wave 985 has reduced the amount of checking i do around doors and windows. compared with relying on memory or making a physical round of the house, the alerts give me a more convenient way to notice activity when i am occupied elsewhere. the system is most useful as a prompt for attention, rather than as a replacement for ordinary judgement. i compared vela wave 985 with a simpler manual routine over several weeks. once the sensors were positioned carefully, the notifications arrived in a way that fit our household habits. i can tell when a door has been opened during a busy part of the day, and the window alerts provide useful awareness when everyone is moving between rooms. the controls are understandable for normal changes, and the device has not required daily maintenance. there was some adjustment at the beginning. placement matters, and an alert can become annoying if the sensitivity or routine is not suited to the room. i spent time refining the setup so that ordinary household movement did not create unnecessary interruptions. compared with a more elaborate home system, vela wave 985 is less intimidating and easier to keep focused on one purpose. compared with having no notification at all, it adds worthwhile awareness. the main limitation is that it depends on sensible installation and a charged, connected system. with those basics handled, it has become a quiet but useful part of our home routine.",True
CORD001263,CUS00079,2019-06-30,Thompson,"[{""product"":""Candle Quest 354"",""quantity"":1},{""product"":""Vela Halo 659"",""quantity"":1},{""product"":""Candle Bloom 1000"",""quantity"":1}]",2483.33,24.02,-37.802161,144.943702,15,2134.85,Winter,True,1.2057,"i use vela spark 909 to hold a phone or small tablet at a comfortable angle while working at my desk, and it has been a worthwhile improvement. the adjustable arm lets me bring a screen closer for reading and move it aside when i need the full workspace. its grip has stayed firm during typing and video calls, while the base fits neatly beside my keyboard. i have changed the angle many times and the joints have not developed any looseness. very heavy devices make the arm less flexible, so i keep those on the desk instead of pushing this accessory beyond its intended use. for ordinary devices it has made my posture and workspace feel more manageable. vela spark 909 is thoughtfully designed, useful every day and easy to live with.",True
CORD001264,CUS00030,2019-02-20,Bakers,"[{""product"":""Candle Orbit 1034"",""quantity"":1},{""product"":""Vela Halo 569"",""quantity"":2},{""product"":""Candle Quest 498"",""quantity"":1}]",2188.43,22.74,-37.839357,145.062686,15,1882.91,Summer,True,6.7646,"i picked up the vela ridge 779 after getting tired of finding charging cables in a tangled heap beside my desk. it is a modest accessory, but it has made that part of my room noticeably calmer. i keep the organiser near the power outlet, and the cables now stay in separate positions instead of sliding behind furniture or wrapping around one another. setting it up took almost no effort, which suited the simple job i expected it to do. the first improvement was at my workstation. i use more than one device during the day, so i used to spend time sorting through cords before i could connect anything. with the vela ridge 779 in place, each cable can be reached and returned without disturbing the others. the openings hold ordinary charging leads securely while still allowing me to pull out enough length for a phone on the desk. i have not had to force a connector through or bend a cable sharply to make the arrangement work. i also tried it beside the sofa, where loose cables had been especially annoying. moving the organiser was simple, and it stayed in position during normal use. the finish has remained tidy after being handled repeatedly, and dust can be removed with a quick wipe. it is not large enough for every kind of cable or for a bulky power unit, so i still keep those items separately. that limitation is easy to understand given its compact size, and it has not reduced its value for the thin charging leads i use most. after several weeks, the main benefit is the time saved in small moments. i can pick up the correct cable immediately, pack one for an outing without searching, and leave the desk looking orderly at the end of the day. the vela ridge 779 does not do anything complicated, but it performs its organising role consistently and occupies very little space. anyone wanting a practical way to keep everyday charging cables under control should find it a worthwhile little addition.",True
CORD001265,CUS00230,2019-08-07,Bakers,"[{""product"":""Candle Orbit 1034"",""quantity"":2},{""product"":""Candle Quest 498"",""quantity"":1}]",2472.17,11.06,-37.809586,144.981047,15,2112.4,Winter,False,1.247,"candle lumen 112 has spent the past month moving between the kitchen table, sofa, and a small desk where i take video calls. its portable size suits that routine, and i can pick it up when i want to watch something without planning around a fixed screen. initial setup was straightforward, although i had to repeat a couple of settings before everything matched the way i use it. for media, the tablet has been dependable enough for ordinary viewing. i have watched programmes, read articles, and used it for short clips without major interruptions. the display is serviceable in most indoor lighting, but reflections become distracting near a bright window. sound is acceptable for speech, though i usually choose headphones for anything where atmosphere matters. these are manageable compromises, but they keep the experience from feeling especially polished. video calls have been more variable. the camera handles simple family conversations, and the microphone picks up voices from a reasonable distance. in a busier room, however, background noise becomes noticeable and i sometimes need to repeat myself. the tablet remains usable for informal calls, yet i would hesitate to make it my only device for important meetings. its portability is the feature i rely on most. after thirty days, candle lumen 112 feels like a competent household tablet rather than an essential one. it handles portable media and casual calls with little drama, while glare, audio quality, and noisy conversations expose its limits. i am content to keep it, but my expectations are deliberately modest.",True
CORD001266,CUS00072,2019-06-03,Thompson,"[{""product"":""Candle Quest 354"",""quantity"":1}]",402.78,17.62,-37.870579,144.876039,0,420.4,Winter,False,8.9645,"vela nova 213 has become a convenient way to play music and spoken content around the house. voices in podcasts and radio programmes sound clear, and i can follow conversation without raising the volume excessively. music is pleasant at ordinary levels, with enough separation to make different instruments recognisable. the display is easy to read when i want to see what is playing, and moving between music and spoken programmes is uncomplicated. i have used it during cooking, cleaning and quiet evenings, and playback has remained stable. the sound is not especially powerful for a large gathering, and bass-heavy tracks feel restrained, but that matches its role in my room. vela nova 213 has proved flexible, simple to operate and enjoyable for everyday listening.",True
CORD001267,CUS00384,2019-10-26,Thompson,"[{""product"":""Vela Halo 569"",""quantity"":1},{""product"":""Candle Quest 498"",""quantity"":1},{""product"":""Candle Bloom 262"",""quantity"":2}]",3693.96,10.91,-37.851906,144.928209,10,3335.47,Spring,False,4.6664,"the vela atlas 719 has accompanied my mobile devices on several ordinary trips and has been compared with a soft pouch and a more rigid case i used previously. after forty-eight days, it offers the best compromise for protective storage during travel. it keeps the device separate from loose items, gives it a defined place in my bag, and is quick to open when i need to use the device again. the soft pouch was light but allowed the contents of my bag to press against the device. the rigid case provided stronger structure, yet it took up more room and was awkward when i was moving between locations. the vela atlas 719 sits between those experiences. it has enough structure to make me less concerned about ordinary contact in a travel bag while remaining compact enough for daily carrying. i have used it in a backpack, a smaller day bag, and beside other accessories without the storage process becoming irritating. the interior arrangement is practical for the items i normally carry, and the outside has remained presentable after repeated handling. i like that i can pack the device quickly rather than wrapping it in clothing or searching for a separate pouch. there is a limit to the protection: i would not treat it as equipment for severe impact or poor conditions, and the available room is not intended for a large collection of additional accessories. those boundaries are clear and reasonable. compared with the alternatives, the vela atlas 719 gives me the most useful mix of access, order, and everyday protection. it has removed one small source of travel worry without adding much bulk. the twelve-month warranty is welcome for an accessory used so frequently. for protective storage while travelling, it has been a worthwhile and practical improvement.",True
CORD001268,CUS00283,2019-05-01,Bakers,"[{""product"":""Candle Quest 498"",""quantity"":1}]",1308.33,10.14,-37.775837,144.980116,0,1318.47,Autumn,False,4.0238,"candle flux 594 has suited long listening sessions at home. music and spoken audio remain clear, pairing is quick, and the wireless connection has not interrupted my routine. the fit becomes noticeable after several hours, although it never becomes painful. the controls are simple once learned. candle flux 594 is a pleasant, dependable choice for relaxed everyday listening.",True
CORD001269,CUS00042,2019-10-12,Thompson,"[{""product"":""Candle Bloom 1000"",""quantity"":2},{""product"":""Vela Halo 659"",""quantity"":1},{""product"":""Candle Quest 354"",""quantity"":1},{""product"":""Candle Flux 990"",""quantity"":1},{""product"":""Candle Bloom 1054"",""quantity"":1}]",6843.47,10.99,-37.771143,144.932698,10,6170.11,Spring,False,4.7875,"vela halo 695 has made our blind routines more consistent and less repetitive. i set the opening and closing schedule, watched it operate for a few days, and then made a small timing adjustment. since that change, the routine has worked smoothly, while manual control remains available when needed. installation requires careful positioning, so it rewards patience at the start. once fitted, it has been a useful and pleasant improvement to the room.",True
CORD001270,CUS00238,2019-10-25,Nickolson,"[{""product"":""Candle Orbit 1034"",""quantity"":1},{""product"":""Candle Orbit 656"",""quantity"":2},{""product"":""Candle Edge 680"",""quantity"":1}]",7357.44,30.06,-37.881496,144.992506,0,7372.75,Spring,False,7.2789,"candle arc 150 was bought for document work and video meetings away from my main desk, then compared with an older office laptop. the newer machine opens documents, but it feels sluggish when several files and browser pages are present. scrolling through a long report can stutter, and switching between notes and a meeting window sometimes leaves a blank pause. the older laptop is heavier, but its response is less erratic. video meetings exposed more problems. the camera image becomes dull in ordinary indoor light, and the microphone picks up room noise without making speech particularly distinct. i often have to repeat myself, which is frustrating in a work call. returning to a document after the meeting can also take longer than expected. these are not dramatic failures separately, but together they make portable work feel poorly supported. the keyboard is serviceable for short messages, although the keys feel cramped during extended writing. the trackpad occasionally interprets a palm touch as a command, causing unwanted movement through a page. battery loss is another concern: meetings and document editing leave little margin, so carrying the charger is unavoidable. candle arc 150 is able to perform basic office tasks, but the weak camera, awkward input, and sluggish switching compare badly with the older laptop. i cannot recommend it for portable document work or frequent video meetings.",False
CORD001271,CUS00058,2019-08-11,Nickolson,"[{""product"":""Candle Bloom 1000"",""quantity"":3},{""product"":""Vela Halo 659"",""quantity"":1},{""product"":""Candle Quest 354"",""quantity"":2}]",6517.79,14.42,-37.865085,144.975683,5,6206.32,Winter,False,5.1974,"candle flux 648 improved the wireless coverage in the back rooms of my house, where the connection had previously become inconsistent. the setup instructions were clear, and after placing the unit between the existing router and the weaker area, devices connected with much less interruption. i now use the far room for video calls and streaming without needing to carry the laptop closer to the router. the indicator helped me find a sensible position, and the network name made the transition around the house feel seamless. speeds naturally vary with distance and how many devices are active, so i do not expect identical performance everywhere. even so, the coverage has been noticeably more usable for everyday work and entertainment. candle flux 648 has solved the particular dead spot i bought it for and has made the layout of the house more convenient.",True
CORD001272,CUS00286,2019-03-27,Bakers,"[{""product"":""Candle Orbit 1034"",""quantity"":1},{""product"":""Candle Quest 354"",""quantity"":1},{""product"":""Candle Edge 680"",""quantity"":2},{""product"":""Candle Flux 1098"",""quantity"":1}]",6283.74,10.89,-37.768245,144.97463,15,5352.07,Autumn,False,4.983,"vela halo 605 has controlled the lights in one room for about a month. compared with reaching for the wall switch each time, changing the room from the app is convenient when i am already carrying the phone or want to turn the light off from another part of the home. the controls are clear enough for everyday on and off use, and the chosen setting usually responds without a long wait. shared use is less seamless because another person has to install the app and become familiar with the arrangement. the initial setup took more attention than i expected. i had to check the connection and repeat one step before the room appeared correctly, although subsequent use has been less troublesome. the app is fine for a single room but begins to feel cluttered when i try to organise several lighting actions. there have also been occasional delays after the home network has been busy. the physical light operation remains available, which is reassuring, but it means the app is an additional convenience rather than an essential replacement. compared with ordinary switching, vela halo 605 adds useful remote control and makes routine adjustments easier in some situations. compared with a more mature home automation arrangement, it feels limited in organisation and setup polish. i am keeping it in the room where it is installed, but i would want a simpler process before extending the system throughout the home.",True
CORD001273,CUS00452,2019-07-06,Thompson,"[{""product"":""Candle Quest 354"",""quantity"":2},{""product"":""Candle Edge 680"",""quantity"":2}]",5308.36,13.8,-37.784193,144.911182,20,4260.49,Winter,False,4.4689,"candle vista 236 has made portable gaming much easier in our household. i bought it for journeys and short sessions away from the main setup, and it has handled both without feeling fragile. the controls are comfortable for ordinary play, with buttons that respond predictably and a layout i learned quickly. loading a game after a break is fast enough to keep a spare half hour from disappearing into setup. the screen remains clear in different rooms, and the built-in sound is fine for casual play, although headphones are preferable when travelling. i have carried it in a small bag several times and have not noticed unwanted movement or creaking. longer sessions make the rear slightly warm, but not uncomfortably so. candle vista 236 strikes a pleasing balance between convenience and playability. it is not intended to replace a larger gaming station, yet for travel and relaxed sessions it has been a welcome addition.",True
CORD001274,CUS00274,2019-12-15,Thompson,"[{""product"":""Candle Bloom 1000"",""quantity"":2},{""product"":""Candle Bloom 1054"",""quantity"":1},{""product"":""Vela Halo 659"",""quantity"":1}]",4346.24,20.6,-37.780012,144.938137,10,3932.22,Summer,True,3.7156,"after several weeks of using candle vista 362 around the house, i found it more adaptable than the older tablet it replaced. the screen is comfortable for reading articles, following recipes, and watching short videos, while the size still makes it practical to carry from the desk to the sofa. it feels especially suited to someone who wants one device for media and video calls instead of keeping separate equipment for each task. for calls, the camera and microphone have been straightforward to use. friends could hear me without repeated adjustments, and the display gave conversations a more natural feel than calling from a small phone. i also compared it with a basic laptop during a few family calls. the laptop offered a wider workspace, but candle vista 362 was quicker to pick up and position, and it took less room on the table. reading and streaming have been smooth in ordinary use. text remains easy to follow for a long session, and the controls respond promptly when i pause a video or switch between applications. i have not treated it as a replacement for a full computer, since lengthy typing is still more comfortable with a physical keyboard. that limitation is expected for this type of tablet rather than a serious fault. the casing has handled daily travel between rooms without looking delicate, and the battery has supported my usual evening routine without making me search for a charger halfway through. setup was uncomplicated, and the included warranty adds reassurance for longer ownership. compared with the less capable tablet i had before, candle vista 362 feels more balanced, more useful for calls, and better suited to mixed household use. i would choose it again for portable viewing, reading, and regular video conversations.",True
CORD001275,CUS00052,2019-08-02,Thompson,"[{""product"":""Candle Quest 498"",""quantity"":2},{""product"":""Candle Flux 990"",""quantity"":1}]",4711.11,16.78,-37.74204,144.931215,15,4021.22,Winter,False,7.9767,"vela nova 1095 has made our morning and evening routines more comfortable by handling the blinds and curtains at the times we normally adjust them. once the routines were set, the movement happened consistently and i stopped needing to cross the room with my hands full. manual control is still available when plans change, which is important because not every day follows the same pattern. the device has operated quietly enough that it does not disturb conversations or early sleepers. i spent some time positioning the controls correctly, and the initial setup was less immediate than i hoped. after that effort, the repeated routines have been dependable. vela nova 1095 is a modest home improvement, but it removes a surprisingly repetitive task and has made the room feel better organised.",True
CORD001276,CUS00108,2019-04-25,Nickolson,"[{""product"":""Candle Flux 1098"",""quantity"":2},{""product"":""Candle Edge 680"",""quantity"":1},{""product"":""Candle Quest 498"",""quantity"":1}]",5152.21,17.29,-37.865208,144.970287,5,4905.64,Autumn,False,5.1835,"candle shift 358 has strengthened wireless coverage around my home office. calls remain stable, devices connect promptly, and the rooms that previously had occasional weak service are now much more usable. setup was manageable and did not require much troubleshooting. the settings are a little dense, but once configured the network has been reliable.",True
CORD001277,CUS00384,2019-03-01,Thompson,"[{""product"":""Candle Flux 990"",""quantity"":1},{""product"":""Candle Edge 680"",""quantity"":1},{""product"":""Vela Halo 659"",""quantity"":1}]",4610.56,20.14,-37.851906,144.928209,10,4160.14,Autumn,False,4.6664,"the vela atlas 719 has accompanied my mobile devices on several ordinary trips and has been compared with a soft pouch and a more rigid case i used previously. after forty-eight days, it offers the best compromise for protective storage during travel. it keeps the device separate from loose items, gives it a defined place in my bag, and is quick to open when i need to use the device again. the soft pouch was light but allowed the contents of my bag to press against the device. the rigid case provided stronger structure, yet it took up more room and was awkward when i was moving between locations. the vela atlas 719 sits between those experiences. it has enough structure to make me less concerned about ordinary contact in a travel bag while remaining compact enough for daily carrying. i have used it in a backpack, a smaller day bag, and beside other accessories without the storage process becoming irritating. the interior arrangement is practical for the items i normally carry, and the outside has remained presentable after repeated handling. i like that i can pack the device quickly rather than wrapping it in clothing or searching for a separate pouch. there is a limit to the protection: i would not treat it as equipment for severe impact or poor conditions, and the available room is not intended for a large collection of additional accessories. those boundaries are clear and reasonable. compared with the alternatives, the vela atlas 719 gives me the most useful mix of access, order, and everyday protection. it has removed one small source of travel worry without adding much bulk. the twelve-month warranty is welcome for an accessory used so frequently. for protective storage while travelling, it has been a worthwhile and practical improvement.",True
CORD001278,CUS00325,2019-07-04,Thompson,"[{""product"":""Candle Bloom 262"",""quantity"":1},{""product"":""Candle Flux 990"",""quantity"":1}]",3212.72,15.22,-37.861768,144.915024,15,2746.03,Winter,False,6.1417,"the vela atlas 485 has given us a convenient way to notice door and window activity while we are moving around the house. installation was manageable, and the alerts arrive quickly enough to be useful during ordinary routines. i have used it to check whether a side door was left open and to keep an eye on windows while working in another room. the app history is helpful when i want to understand what happened earlier, and the device itself is small enough not to attract much attention. notifications can become frequent when people are moving in and out, so i adjusted the settings to suit our household. that took a little experimentation but was not difficult. after several weeks, the vela atlas 485 has added practical awareness without making the home feel over-monitored. it is a reassuring, straightforward tool for everyday door and window alerts.",True
CORD001279,CUS00366,2019-10-20,Bakers,"[{""product"":""Candle Flux 990"",""quantity"":1},{""product"":""Candle Orbit 656"",""quantity"":1}]",4356.51,11.4,-37.842344,145.040296,15,3714.43,Spring,False,5.3482,"vela pulse 451 has handled my daily calls, messages, maps, and occasional media without a serious problem. the interface is familiar, and the screen remains readable during outdoor navigation. location guidance usually updates promptly, though it can hesitate briefly after leaving a building. streaming works well on a strong connection, while heavier use makes the phone warm and reduces the remaining battery more quickly. the camera is suitable for quick snapshots, but i would not choose it for careful photography because detail softens in lower light. the body feels comfortable in one hand, although the smooth finish is easier to drop than i would like. vela pulse 451 is a balanced everyday phone: communication is dependable, navigation is useful, and media is acceptable. its ordinary camera and variable endurance stop it from feeling especially distinctive.",True
CORD001280,CUS00231,2019-05-18,Thompson,"[{""product"":""Vela Halo 659"",""quantity"":1},{""product"":""Candle Bloom 1054"",""quantity"":1},{""product"":""Candle Quest 498"",""quantity"":2},{""product"":""Candle Flux 990"",""quantity"":1},{""product"":""Candle Quest 354"",""quantity"":1}]",5828.45,13.61,-37.879636,144.901119,25,4384.95,Autumn,False,8.4688,"candle edge 158 has improved the wireless coverage around my home office and made movement between rooms less inconvenient. calls remain stable when i step away from the desk, and documents or messages continue loading in areas where the signal used to feel uncertain. setup was clear enough to complete without outside help, and my existing devices joined the network after only a few attempts. the connection has remained steady during work calls, browsing, and ordinary streaming, even when other household devices are active. the unit itself is plain and the indicator is more visible than necessary, but neither issue affects performance. i have appreciated not having to reposition equipment or reconnect repeatedly during the day. candle edge 158 has been a quiet improvement: it does not demand attention, yet it gives my home office the dependable reach i was missing.",True
CORD001281,CUS00248,2019-12-25,Thompson,"[{""product"":""Vela Halo 569"",""quantity"":2},{""product"":""Candle Orbit 1034"",""quantity"":1},{""product"":""Candle Flux 1098"",""quantity"":1},{""product"":""Candle Orbit 656"",""quantity"":2},{""product"":""Candle Flux 990"",""quantity"":1}]",8294.91,11.13,-37.811589,144.89623,0,8306.04,Summer,False,4.4677,"i bought the vela ridge 617 for walking commutes after trying a couple of simpler trackers, and it has settled into my routine better than either of them. the main difference is that notifications arrive without making me stop and pull out my phone. i can glance at a reminder while crossing a station or waiting at a light, then keep moving. the display is readable in ordinary daylight, and the controls do not require much thought once the first few days of use are behind you. for walking, the device gives me a more useful sense of my daily activity than a basic watch did. i notice when a short trip has actually added up to a decent amount of movement, and that has made me choose the longer route home more often. it is not a substitute for detailed training equipment, but that is not what i wanted. its strength is the quiet prompt at the right moment and the fact that it does not turn a commute into a technical project. i compared it with a phone-only approach as well. the phone can show more information, but it is awkward to keep checking it, especially when my hands are full. the ridge 617 keeps the important alerts close and leaves the rest alone. i have had to adjust the notification choices so i do not receive every minor interruption, and the strap took a little experimenting to sit comfortably, but those are small trade-offs. after nineteen days, i find myself wearing it for errands as naturally as for longer walks. for this kind of everyday use, it is a thoughtful and dependable step up from a basic timepiece.",True
CORD001282,CUS00403,2019-08-10,Thompson,"[{""product"":""Vela Halo 659"",""quantity"":3},{""product"":""Candle Orbit 656"",""quantity"":1},{""product"":""Candle Bloom 1054"",""quantity"":1}]",3506.04,13.15,-37.80052,144.907825,10,3168.59,Winter,False,3.7031,"candle flux 666 has been used for simple games in a shared room where quiet operation and quick access matter. casual titles run acceptably, and the controls are easy for different people to pick up. more demanding scenes produce occasional stutter, while the fan becomes obvious after a longer session. the compact design fits beside other equipment but leaves little room for accessories. it works for relaxed gaming, though it is not built for high-performance play.",True
CORD001283,CUS00441,2019-02-22,Bakers,"[{""product"":""Vela Halo 659"",""quantity"":1},{""product"":""Candle Orbit 1034"",""quantity"":2},{""product"":""Vela Halo 569"",""quantity"":1}]",1577.64,20.98,-37.820631,145.041758,15,1361.97,Summer,True,4.2546,"candle quest 894 has become my usual choice for long listening sessions at home. i use it while reading, cooking, and doing routine chores, and the sound stays balanced enough that i do not feel worn out after an extended period. spoken programs are easy to follow, while music has pleasant detail without becoming harsh at ordinary volume. the fit remains comfortable through a full evening, and the controls are simple enough that i can pause or adjust playback without reaching for another device. connection has been stable in the rooms where i normally listen. the outside world is not completely blocked, so i can still hear household activity, but that is useful when someone needs my attention. it is not the most immersive option for critical music listening, yet it suits relaxed home use extremely well. candle quest 894 has proved comfortable, consistent, and easy to keep within reach.",True
CORD001284,CUS00001,2019-12-23,Thompson,"[{""product"":""Candle Bloom 262"",""quantity"":2},{""product"":""Candle Bloom 1054"",""quantity"":1},{""product"":""Candle Quest 498"",""quantity"":1}]",3994.72,13.83,-37.803735,144.885771,0,4008.55,Summer,False,5.4761,"i used vela atlas 593 for small presentations and family photo viewing over several weeks. compared with the monitor i replaced, the display setup takes too much effort. connecting a presentation source is not consistently recognised on the first attempt, so i have had to disconnect and reconnect before an image appears. that delay is embarrassing when people are already waiting, and it makes the device unsuitable for anything that needs a predictable start. photo viewing is also disappointing. images look acceptable from directly in front, but colours shift noticeably when someone sits to the side. the built-in controls are buried behind several screens, and the remote often requires repeated presses before a menu responds. slideshow transitions pause at irregular points, leaving a blank screen for long enough to suggest that the unit has stopped. the basic picture function operates, but the overall handling feels unfinished and awkward. i compared vela atlas 593 with an older television connected to the same sources. the older setup begins more quickly, offers fewer confusing menus, and lets several people see the picture without a severe change in colour. this product occupies less space, but that is a weak consolation for unreliable presentation switching and frustrating photo sessions. the supplied warranty may help if the faults become permanent; it does not remove the recurring inconvenience. i cannot recommend it for shared viewing or presentations.",False
CORD001285,CUS00498,2019-12-28,Bakers,"[{""product"":""Candle Edge 680"",""quantity"":1},{""product"":""Candle Flux 1098"",""quantity"":1},{""product"":""Candle Flux 990"",""quantity"":1}]",5142.09,21.4,-37.807879,145.050477,10,4649.28,Summer,True,4.859,"i bought the candle shift 484 for music playback in a shared room, where sound needs to work for more than one listener. it fills the space without requiring an uncomfortable volume, and vocals remain distinct when people are talking nearby. pairing was quick, and reconnecting after the speaker has been idle has been dependable. i have moved it from a desk to a kitchen shelf several times; its size is manageable and the controls remain accessible. the lower tones are not especially deep, so someone seeking a powerful party speaker may want more, but ordinary playlists sound balanced and inviting. battery use has suited short evening sessions and weekend background music. the candle shift 484 has become an easy household choice because anyone can start playback without much explanation.",True
CORD001286,CUS00249,2019-11-11,Bakers,"[{""product"":""Candle Bloom 262"",""quantity"":1},{""product"":""Candle Quest 354"",""quantity"":1},{""product"":""Candle Bloom 1000"",""quantity"":1},{""product"":""Candle Quest 498"",""quantity"":1},{""product"":""Candle Orbit 1034"",""quantity"":1}]",5227.14,12.96,-37.76897,145.062777,0,5240.1,Spring,False,7.486,"we wanted a tablet for family learning and shared browsing rather than a device that belonged to one person, and the candle lumen 832 has worked well in that role. the setup was clear enough for me to complete while the children were already asking to use it. i arranged the basic accounts and then let each person choose a few activities, which made the tablet feel like a shared household tool from the beginning. it has since been used for reading, school-related browsing, looking up recipes, and watching short instructional material. the screen is comfortable for sitting together at the table, and the size makes it easy to pass from one person to another. the candle lumen 832 responds promptly during the ordinary tasks we use most, and switching between a learning activity and a family search has not been troublesome. i have also appreciated being able to carry it from the kitchen to the living room without making space for a full computer. the speakers are adequate for quiet indoor use, though we use headphones when several activities are happening at once. i would also welcome a slightly simpler way to organise the home screen as everyone adds different things, but that is a small complaint. what matters is that the tablet has encouraged more shared browsing instead of leaving everyone on separate devices. after several weeks, candle lumen 832 feels dependable, approachable, and genuinely useful for our family. it has supported learning without making the experience feel formal, and it has become a device we are pleased to reach for.",True
CORD001287,CUS00039,2019-12-26,Bakers,"[{""product"":""Vela Halo 659"",""quantity"":1},{""product"":""Candle Bloom 262"",""quantity"":3},{""product"":""Candle Orbit 1034"",""quantity"":1}]",4201.44,24.6,-37.844217,145.056231,10,3805.9,Summer,True,6.5713,"vela atlas 449 was meant to keep a phone raised for hands-free calls in a shared workspace, but it has been awkward and unreliable in daily use. the base takes up little room, although that small footprint leaves it prone to sliding whenever the device is tapped. the support arm gradually sags after adjustment, so the screen no longer stays at the selected angle. colleagues moving around the desk have knocked it over more than once, and tightening the joint only makes later repositioning difficult. a phone can rest in the holder when left untouched, but typing or swiping causes visible shaking. the open design does not solve the main problem because the device still has to be handled constantly during calls and reference work. i expected steadier hands-free support after several weeks of ownership. vela atlas 449 is poorly suited to a busy shared workspace and has been a frustrating purchase.",False
CORD001288,CUS00301,2019-06-18,Bakers,"[{""product"":""Candle Bloom 262"",""quantity"":1},{""product"":""Candle Flux 990"",""quantity"":1},{""product"":""Candle Orbit 1034"",""quantity"":1}]",3794.64,15.99,-37.792702,145.010386,15,3241.43,Winter,False,2.3389,"candle shift 178 was installed for video meetings and media streaming, but the wireless connection caused repeated disruptions. nearby devices connected during setup, yet the signal weakened in the room where meetings were held, producing frozen faces and broken speech. streaming in another room also paused whenever a call was active. the management application was slow to update, so it was difficult to tell whether a setting had actually changed. restarting the unit restored service for a short period, but dropouts returned without an obvious trigger. the casing stayed cool and the status light remained on, although neither provided useful reassurance when the network failed. candle shift 178 handles light browsing, but its poor coverage and unreliable performance make it unsuitable for calls or shared media.",False
CORD001289,CUS00278,2019-06-18,Thompson,"[{""product"":""Candle Bloom 1054"",""quantity"":1},{""product"":""Candle Quest 354"",""quantity"":1}]",852.63,13.01,-37.839039,144.924514,5,823.01,Winter,False,3.5383,"the candle bloom 802 has become my preferred place for reading documents, marking passages, and writing handwritten notes. text is easy to view for long periods, and the pen response feels natural enough that i can annotate without constantly correcting strokes. i use it during study sessions and planning meetings, then review the notes later without carrying loose paper. moving between a document and the notes area is quick once the layout is arranged to suit my habits. the tablet feels balanced in my hands, although it becomes tiring if i hold it up for a very long reading session. the screen is reflective near a window, and i sometimes need to pause before writing on a newly opened page. those are minor limitations. what matters is that the candle bloom 802 keeps my reading and note-taking together in one orderly place, and it has encouraged me to keep more complete records.",True
CORD001290,CUS00333,2019-07-24,Thompson,"[{""product"":""Candle Bloom 1054"",""quantity"":2},{""product"":""Vela Halo 569"",""quantity"":1},{""product"":""Candle Flux 990"",""quantity"":1}]",3143.24,13.42,-37.785811,144.916463,25,2370.85,Winter,False,4.0191,"vela halo 191 has worked well as a family communication phone and feels more settled than the handset it replaced. calls connect promptly, messages arrive without the delays i sometimes experienced before, and casual apps open without making the device feel constantly strained. several family members use it for different purposes, so straightforward operation matters more to us than having every advanced feature. on that measure, it has been a comfortable improvement. the comparison with our previous phone is clearest during ordinary multitasking. i can move from a message to the calendar or a light app without waiting through repeated pauses. the screen is easy enough to read indoors, and the controls have not taken long for different users to understand. photos for everyday moments are acceptable, though the camera is less impressive in dim rooms. that is a limitation i expected from a phone aimed at general communication rather than specialist photography. over the ownership period, the handset has remained consistent for calls, family chats, and occasional browsing. battery performance is sufficient for a normal day, although heavier use means i need to charge sooner than i would with a larger device. the body is also a little more slippery than i prefer, so a case is useful. even with those minor complaints, vela halo 191 has been less temperamental than the former phone and easier for the household to share. it provides the dependable everyday communication we wanted without unnecessary complexity.",True
CORD001291,CUS00489,2019-03-24,Bakers,"[{""product"":""Candle Bloom 262"",""quantity"":1},{""product"":""Candle Bloom 1000"",""quantity"":1},{""product"":""Vela Halo 569"",""quantity"":1}]",3083.2,10.18,-37.773452,144.990794,15,2630.9,Autumn,False,4.0822,"vela wave 553 has served our household well for films and television programmes. the picture is enjoyable from the seating area, and the screen remains easy to follow when several people are watching together. menus respond promptly during ordinary browsing, and switching between services has been straightforward for everyone in the house. i have also appreciated the simple controls when pausing something from across the room. the built-in sound is sufficient for everyday viewing, although we use separate speakers when we want a fuller cinema-like experience. reflections are visible in bright daylight, which affects placement more than performance. after sustained use, vela wave 553 has remained a pleasant centre for shared entertainment and has avoided the small frustrations that often make household technology unpopular.",True
CORD001292,CUS00250,2019-09-16,Nickolson,"[{""product"":""Candle Bloom 1000"",""quantity"":1},{""product"":""Vela Halo 659"",""quantity"":2},{""product"":""Candle Orbit 656"",""quantity"":2},{""product"":""Candle Bloom 262"",""quantity"":1}]",7987.65,12.41,-37.875255,144.996415,0,8000.06,Spring,False,6.7274,"candle vista 506 has been a worthwhile improvement over the basic gaming hardware i used before. during long desktop sessions, it stays comfortable enough that i can concentrate on play rather than constantly rearranging my position. the controls respond consistently, and the overall feel is more substantial than my previous setup without making the desk seem overloaded. the comparison became obvious during extended use. my former equipment worked for short sessions but became tiring when i played for an evening, while candle vista 506 has handled longer periods with less strain. i have used it for slower strategy games as well as faster action, and the response has remained predictable in both situations. setup was not difficult, although the first arrangement took some patience because i wanted the cables and controls positioned neatly. the surface also shows marks more readily than i expected, so i give it a quick wipe after heavy use. after weeks of ownership, the construction still feels firm and nothing has developed unwanted movement. it does not turn an ordinary game into something extraordinary, and players who want a highly specialised setup may prefer equipment with more custom adjustments. for my desktop, though, candle vista 506 provides a comfortable and capable middle ground. it feels more considered than the entry-level option it replaced, performs reliably through regular sessions, and has made gaming at the desk more enjoyable.",True
CORD001293,CUS00026,2019-05-19,Thompson,"[{""product"":""Candle Quest 498"",""quantity"":1},{""product"":""Vela Halo 569"",""quantity"":1},{""product"":""Candle Bloom 1054"",""quantity"":1},{""product"":""Candle Orbit 1034"",""quantity"":1}]",2489.19,22.45,-37.822057,144.929634,10,2262.72,Autumn,True,1.8532,"candle edge 500 was meant to handle documents while i moved between rooms and to support occasional video meetings. the first impression was disappointing because the setup took longer than expected and several basic options were buried in confusing menus. writing a document was possible, but the laptop became sluggish when i kept a browser open beside it. windows paused, typing appeared late, and returning to a previous file sometimes required waiting. those delays were especially frustrating when i was trying to finish work during a short break. video meetings exposed a separate problem. the camera image could appear, but it occasionally froze, and the microphone required repeated checking before other people could hear me. i had to restart the meeting application more than once, which made the laptop unreliable for work conversations. carrying it around was manageable, yet the surface felt awkward to hold and the keyboard became uncomfortable during longer typing sessions. battery behaviour was also inconsistent; a light document session was not enough to predict how much time remained for a meeting. i kept the laptop updated, removed unused applications, and changed power settings, but the slow response continued. candle edge 500 can open documents and connect to a meeting, but those basic functions do not compensate for its poor responsiveness and unstable communication. i cannot recommend it for portable work that needs dependable timing.",False
CORD001294,CUS00046,2019-05-27,Thompson,"[{""product"":""Candle Edge 680"",""quantity"":2}]",4502.8,13.83,-37.757554,144.875974,20,3616.07,Autumn,False,8.7521,"candle vista 506 has been a welcome change from the older gaming hardware on my desk. i have owned it for 24 days and used it for short evening sessions as well as much longer weekends. the difference is not just the first impression; the arrangement continues to feel comfortable after several hours. controls are easy to reach, the setup sits sensibly with the rest of my desk, and i spend less time adjusting my position than i did with the previous equipment. during ordinary games, the response feels immediate enough that i can concentrate on play instead of thinking about the hardware. i have also switched between different styles of games and found the behaviour consistent. the unit does not turn a difficult game into an easy one, but it removes several distractions that had become familiar with my old setup. that makes the whole session more enjoyable. the build feels solid in normal use, and nothing has loosened or become awkward during the ownership period. there is still some space and cable planning needed around a desktop arrangement, so it is not an entirely invisible addition. someone with a very compact desk may need to consider placement before buying. compared with what i had before, though, candle vista 506 offers a clearer and more relaxed gaming experience. it is suited to the long sessions described for it, and the warranty gives useful reassurance for equipment that receives regular handling. i am pleased with the change and expect it to remain my main desktop gaming setup.",True
CORD001295,CUS00134,2019-04-21,Nickolson,"[{""product"":""Candle Bloom 262"",""quantity"":1},{""product"":""Vela Halo 659"",""quantity"":2}]",1647.69,11.74,-37.865664,145.004639,15,1412.28,Autumn,False,6.0734,"the vela pulse 523 has worked well for shared film and television viewing in our living room. the picture is clear from the seats we normally use, and the menus are simple enough that different family members can choose something without needing assistance. streaming starts promptly in our usual setup, and moving between programs has been smooth during regular evenings. the screen size makes it comfortable for several people to watch together, while the overall design fits neatly into the room. i have also appreciated the straightforward controls when pausing for conversation or returning to a program later. the built-in sound is suitable for casual viewing, although a separate audio setup would give more depth for someone seeking a cinema-style experience. after regular use, the device has remained responsive and consistent. the vela pulse 523 has provided an inviting shared viewing experience and has become an easy choice for family evenings.",True
CORD001296,CUS00245,2019-02-28,Nickolson,"[{""product"":""Candle Orbit 1034"",""quantity"":1},{""product"":""Candle Quest 498"",""quantity"":1},{""product"":""Candle Quest 354"",""quantity"":1}]",2293.03,11.28,-37.852682,145.000853,20,1845.7,Summer,False,4.6822,"vela spark 621 has been part of my workday for 37 days and handles calls and calendar management smoothly. meetings connect promptly, voices stay clear, and checking an appointment while speaking is uncomplicated. the phone feels comfortable to carry between rooms and has remained responsive for routine tasks. its finish is somewhat prone to fingerprints, but that is easy to overlook. this smartphone has made busy workdays feel more manageable and organised.",True
CORD001297,CUS00396,2019-08-10,Bakers,"[{""product"":""Vela Halo 569"",""quantity"":1},{""product"":""Vela Halo 659"",""quantity"":1}]",413.8,16.13,-37.858063,145.050439,0,429.93,Winter,False,7.2162,"candle orbit 908 improved my home-office wireless coverage compared with the older unit positioned near the main connection. before the change, the office signal weakened whenever i moved farther from that room, and video meetings were less consistent from the back part of the house. i compared it with using the old unit and with relying on a phone connection in the weaker area. candle orbit 908 offered the most practical solution because it kept my regular devices on the household network while reaching the places where i actually work. setting it up involved choosing a better position and reconnecting devices one at a time. the process took longer than plugging in the previous unit, but the instructions made the sequence understandable. i tested it from the office, a nearby hallway, and the room where i sometimes take meetings. coverage felt more even across those locations, and moving with a laptop no longer required me to search for the strongest spot. streaming and ordinary browsing also stayed usable while another person was working elsewhere, which made the improvement noticeable to the whole household. the unit is not especially small, and i did not need every available setting. i left the advanced choices alone after the basic network was working. compared with the previous unit and the phone workaround, candle orbit 908 gives a more capable foundation for a home office. it has made my working routine less interrupted, and the two-year warranty is a reassuring addition for equipment that remains in use every day.",True
CORD001298,CUS00164,2019-02-12,Thompson,"[{""product"":""Candle Bloom 1000"",""quantity"":1},{""product"":""Vela Halo 659"",""quantity"":1},{""product"":""Candle Orbit 656"",""quantity"":2}]",6604.67,10.05,-37.786629,144.951525,5,6284.49,Summer,False,2.9223,"the vela pulse 973 has become the screen our family gathers around when we want to stream a film, watch a short programme, or share something from a phone. before using it, everyone tended to view separate screens, but the larger shared display has made evenings feel more social. starting a stream is straightforward, and the controls are simple enough that different members of the household can use them without asking for help. the picture is bright and pleasant for both animated material and ordinary programmes, while dialogue remains easy to follow at a moderate volume. i have also appreciated the way the display handles quick changes between content. moving from a family film to a short clip or a shared photograph does not turn into a long pause while menus reload. the vela pulse 973 has worked reliably during ordinary evenings, and the connection has remained stable while other devices are being used in the home. its stand feels secure on our cabinet, and the design is tidy rather than visually heavy. reflections are noticeable if the room is very bright, so we usually position it away from direct sunlight. the sound is suitable for casual viewing, though anyone looking for a richer cinema effect may want separate speakers. that is a reasonable boundary for an all-purpose display. setup took only a short period of learning, and since then the controls have become familiar to everyone. what i value most is the shared experience: children can show a favourite scene, adults can choose a programme, and photographs can be discussed together instead of passed from hand to hand. the vela pulse 973 has made home streaming more welcoming and has earned a central place in our evening routine.",True
CORD001299,CUS00131,2019-12-14,Nickolson,"[{""product"":""Vela Halo 659"",""quantity"":1},{""product"":""Candle Flux 990"",""quantity"":1}]",2359.16,8.69,-37.810733,144.974787,10,2131.93,Summer,False,0.9878,"candle orbit 530 has handled the shared home-office duties i bought it for, including documents, email, browser work, and video meetings. different people in the household have used it without a long adjustment period, partly because the layout is familiar and the system responds promptly to ordinary tasks. it is light enough to move from the study to the kitchen table, yet it does not feel delicate when carried between rooms. the keyboard has suited longer typing sessions, and the screen remains readable near a window. after heavier multitasking, the fan becomes noticeable, and i would prefer more quiet during calls, but performance remains steady. it also wakes quickly when i need to check a message between tasks. candle orbit 530 has been a capable, convenient machine for shared administration and home-office work.",True
CORD001300,CUS00294,2019-10-14,Bakers,"[{""product"":""Candle Flux 990"",""quantity"":1},{""product"":""Candle Edge 680"",""quantity"":1},{""product"":""Candle Orbit 656"",""quantity"":1},{""product"":""Candle Quest 498"",""quantity"":2}]",9224.57,10.57,-37.800004,145.041405,10,8312.68,Spring,False,4.2059,"i wanted a gaming device that could travel with me rather than stay permanently beside the television, and candle quest 336 has suited that plan very well. during the first few sessions i tested it at home, then packed it for a weekend away to see whether the portable format would remain convenient in practice. it was easy to bring along, and i could settle into a short game in the evening without rearranging the room. candle quest 336 has provided responsive play for the games i normally enjoy, with controls that became familiar after only a little use. i have played at a desk, on a sofa, and during quiet parts of several trips, and the experience has stayed consistent across those settings. the menus are generally clear, so starting or changing a game does not become a separate task. i have also appreciated being able to use it for brief sessions instead of feeling committed to a long stretch of play. battery life has been adequate for my routine, although on a particularly long journey i needed to plan a recharge rather than assume it would last indefinitely. that is the main compromise of choosing a portable system. the casing has travelled in a padded bag and still feels secure, while the device has avoided becoming an awkward extra item in my luggage. after owning candle quest 336 for a while, i am happy with the balance between convenience and entertainment. it has made gaming easier to fit around travel and has delivered a consistently enjoyable experience wherever i have used it.",True
CORD001301,CUS00215,2019-06-02,Nickolson,"[{""product"":""Candle Quest 354"",""quantity"":1},{""product"":""Candle Flux 1098"",""quantity"":1},{""product"":""Candle Edge 680"",""quantity"":1}]",3450.42,14.99,-37.871116,144.975762,5,3292.89,Winter,False,5.8655,"candle edge 356 has handled my longer desktop gaming sessions with steady performance and a comfortable overall arrangement. games start promptly, controls respond consistently, and the system has not become troublesome after several hours of ordinary play. i appreciate that it stays composed when i move between a game, a chat window, and media in the background. the controls have a reassuring feel, and the device has remained firm on my desk instead of shifting during use. sound is clear enough for gameplay, though i still use separate headphones when i want more detail or privacy. setup took a little time because i wanted the positioning just right, but there were no serious complications. candle edge 356 has made longer sessions more enjoyable and has performed reliably across repeated evenings.",True
CORD001302,CUS00246,2019-04-19,Bakers,"[{""product"":""Candle Flux 990"",""quantity"":1},{""product"":""Candle Bloom 1000"",""quantity"":1}]",3910.29,13.68,-37.744584,145.046706,15,3337.43,Autumn,False,8.5656,"the vela ridge 941 has handled the ordinary rhythm of my household very well. calls connect promptly, messages arrive without noticeable delay, and switching between family chats, maps, and casual apps feels responsive. i have passed it around for photos, and the bright display makes pictures easy to show at the kitchen table. the body has survived being carried in a crowded bag with no visible damage, although the smooth back is a little slippery without a case. battery capacity has been enough for a full day of calls, browsing, and occasional video, with some charge left in the evening. i particularly value the straightforward menus because other family members learned the controls quickly. it is not a specialist camera or a gaming phone, but that is not what i needed. vela ridge 941 is a balanced, pleasant choice for communication and light daily use.",True
CORD001303,CUS00321,2019-01-30,Thompson,"[{""product"":""Candle Edge 680"",""quantity"":3},{""product"":""Candle Quest 498"",""quantity"":1},{""product"":""Candle Orbit 1034"",""quantity"":1}]",8644.45,13.03,-37.748772,144.958774,15,7360.81,Summer,False,7.1795,"i started wearing the vela halo 767 during walks to work and on public transport, mainly to see movement information and receive notifications without taking out my phone. it has fitted into those journeys fairly naturally. the display is easy to glance at while walking, and a short alert lets me know when a message or reminder needs attention. i like that the information is available without turning a commute into a series of phone checks. during ordinary walks, the device records movement in a way that is useful for comparing one day with another. i would not treat every reading as exact, however. short trips sometimes appear inconsistent, particularly when i stop frequently or carry the device under a jacket. the strap is comfortable enough for daily wear, though i have adjusted it several times to find a secure fit that does not feel tight. notifications arrive promptly most of the time, but there have been occasional delays after reconnecting in the morning. those moments are brief, yet they make me look at the phone anyway. the vela halo 767 works best as a light layer of awareness during a commute rather than as a complete activity record. it encourages me to notice how much i walk and reduces minor interruptions, while its readings and connection timing leave room for doubt. i am continuing to use it because the routine benefits are real, but i would not make important decisions based on a single measurement or expect it to replace the phone for communication.",True
CORD001304,CUS00432,2019-03-18,Thompson,"[{""product"":""Candle Bloom 1054"",""quantity"":2},{""product"":""Candle Quest 354"",""quantity"":1},{""product"":""Vela Halo 569"",""quantity"":2},{""product"":""Candle Orbit 656"",""quantity"":2},{""product"":""Candle Bloom 1000"",""quantity"":2}]",9756.46,12.39,-37.751052,144.957739,10,8793.2,Autumn,False,6.9158,"the candle edge 842 has been part of my sketching routine for around six weeks. compared with drawing on a phone, the larger surface gives my hand more room and makes rough layouts easier to judge. i have used it for diagrams, handwritten notes and lightweight creative work rather than finished professional projects. the screen is comfortable for viewing a page at a time, and the device is easier to carry than my laptop when i want to work away from the desk. the first few sessions involved adjustment. the drawing response felt natural after i changed how i rested my hand, but the default arrangement did not suit every application i tried. the candle edge 842 handles simple sketches and colour studies without trouble, while more layered work requires patience when moving between tools. compared with paper, it offers quicker correction and simpler storage; compared with a full desktop setup, it provides less room for panels and detailed control. neither comparison is entirely one-sided. i also used it for reviewing documents and adding brief annotations. that was more convenient than switching to a separate notebook, although the on-screen keyboard is not my preferred way to write a long explanation. the battery has covered my normal sessions, and the body is light enough for a café table without feeling fragile. at times the display becomes crowded when i combine a reference image with several editing controls. the candle edge 842 is therefore a capable middle option for casual drawing and portable creative work. it saves time for sketches and notes, but artists needing an expansive, specialised workspace may find the compromises significant.",True
CORD001305,CUS00091,2019-01-23,Bakers,"[{""product"":""Candle Bloom 1000"",""quantity"":1},{""product"":""Candle Orbit 1034"",""quantity"":1}]",2397.76,20.07,-37.785321,144.982897,20,1938.28,Summer,True,2.95,"vela pulse 757 has given me an uncomplicated record of daily activity and sleep. progress is quick to check, overnight information is easy to follow, and the band is light enough that i usually forget i am wearing it. the screen is small for detailed reading, so i use the phone for deeper review. for basic tracking, it has been useful, comfortable, and encouraging.",True
CORD001306,CUS00193,2019-11-24,Thompson,"[{""product"":""Candle Orbit 1034"",""quantity"":1},{""product"":""Candle Quest 354"",""quantity"":1},{""product"":""Vela Halo 659"",""quantity"":1},{""product"":""Candle Quest 498"",""quantity"":2}]",3866.07,9.25,-37.794185,144.960953,0,3875.32,Spring,False,2.3904,"i used vela nova 771 through a month of calls, calendar changes, messages, and occasional reading between meetings. moving my accounts across was manageable, and the phone handled my usual work applications without demanding much attention. calls were intelligible in quiet rooms, and the calendar was responsive enough for adding appointments while travelling between rooms. the size also suited one-handed reading better than the larger device i had before. those everyday tasks made the phone feel dependable enough for routine communication. the weaknesses appeared gradually rather than all at once. when several work applications were open, returning to an earlier screen sometimes took longer than expected, and i noticed a short pause before some notifications appeared. it was not constant, but it made me check the phone twice when i was waiting for a meeting message. the camera is serviceable for a document or quick family snapshot, though indoor images can look flat and require careful framing. i also found the outer surface more slippery than i wanted, so i became reluctant to use it without a case. that is a minor issue, but it affects how freely i handle it. vela nova 771 has settled into a middle position for me. it covers work calls and calendar management without a major failure, and the compact handling remains pleasant during a busy day. however, the occasional pauses and delayed notifications undermine the sense of polish i expected from a newer phone. i am not replacing it immediately because its core tasks are covered, yet i would compare alternatives more closely before buying another one. it is functional and manageable, but not an especially convincing upgrade.",True
CORD001307,CUS00120,2019-01-13,Bakers,"[{""product"":""Vela Halo 659"",""quantity"":1},{""product"":""Candle Quest 498"",""quantity"":1}]",1573.04,13.49,-37.786315,145.043344,15,1350.57,Summer,False,4.9803,"i installed vela nova 735 on a frequently used door and compared its alerts with the basic notification setup i had previously relied on. the installation itself was manageable, but the sensor positioning is sensitive and the instructions do not explain the limits clearly. a small change in the door angle can leave the status unchanged, so i had to test it repeatedly before accepting that the device was actually registering movement. the main problem is the timing of alerts. vela nova 735 records some openings, yet notifications may arrive after a noticeable delay or appear only after i open the application. that makes the system awkward when i am away from home and expecting a prompt warning. on several occasions the door was opened and closed without an immediate message. the older arrangement was less polished but gave me a more predictable indication that something had happened. battery and connection behavior add further uncertainty. the sensor has briefly shown as unavailable even though it was still attached, and restoring the connection requires repeated application checks. vela nova 735 offers a basic activity record, but the record is not enough when the important information is whether an event has just occurred. i also found the status wording vague, which makes it difficult to distinguish a quiet doorway from a failed connection. compared with the previous setup, this product creates more checking and less confidence. vela nova 735 may suit casual monitoring, but its delayed alerts, sensitive positioning, and unreliable connection make it a frustrating choice for door and window security.",False
CORD001308,CUS00018,2019-10-13,Bakers,"[{""product"":""Candle Flux 990"",""quantity"":1},{""product"":""Candle Edge 680"",""quantity"":2}]",6597.25,26.05,-37.868361,145.040422,25,4973.99,Spring,True,7.607,"vela atlas 683 was used for casual living-room games, but input lag made ordinary play awkward. the picture also froze briefly during busier moments, and sound sometimes continued after the image stopped. restarting the display cleared the issue only for a short time. it shows a picture and accepts input, but the repeated delays are frustrating and make the unit unreliable. i regret buying it.",False
CORD001309,CUS00256,2019-01-23,Bakers,"[{""product"":""Candle Bloom 262"",""quantity"":1},{""product"":""Candle Orbit 1034"",""quantity"":1},{""product"":""Candle Edge 680"",""quantity"":1}]",3951.59,12.66,-37.786991,145.027183,0,3964.25,Summer,False,3.798,"candle edge 752 was intended for reading, annotation, and handwritten notes, but the pen response is too inconsistent. strokes appear after the hand has moved, causing letters to join and diagrams to look messy. the screen also registers stray touches near the edge, while document switching is slower than expected. reading a page is possible, yet the delayed writing and awkward controls make this tablet frustrating for serious notes.",False
CORD001310,CUS00325,2019-01-31,Thompson,"[{""product"":""Vela Halo 569"",""quantity"":1},{""product"":""Candle Quest 498"",""quantity"":1}]",1457.42,12.3,-37.861768,144.915024,10,1323.98,Summer,False,6.1417,"the vela atlas 485 has given us a convenient way to notice door and window activity while we are moving around the house. installation was manageable, and the alerts arrive quickly enough to be useful during ordinary routines. i have used it to check whether a side door was left open and to keep an eye on windows while working in another room. the app history is helpful when i want to understand what happened earlier, and the device itself is small enough not to attract much attention. notifications can become frequent when people are moving in and out, so i adjusted the settings to suit our household. that took a little experimentation but was not difficult. after several weeks, the vela atlas 485 has added practical awareness without making the home feel over-monitored. it is a reassuring, straightforward tool for everyday door and window alerts.",True
CORD001311,CUS00134,2019-02-09,Nickolson,"[{""product"":""Candle Orbit 1034"",""quantity"":1},{""product"":""Vela Halo 659"",""quantity"":2},{""product"":""Candle Edge 680"",""quantity"":2}]",5614.14,12.25,-37.865664,145.004639,5,5345.68,Summer,False,6.0734,"the vela pulse 523 has worked well for shared film and television viewing in our living room. the picture is clear from the seats we normally use, and the menus are simple enough that different family members can choose something without needing assistance. streaming starts promptly in our usual setup, and moving between programs has been smooth during regular evenings. the screen size makes it comfortable for several people to watch together, while the overall design fits neatly into the room. i have also appreciated the straightforward controls when pausing for conversation or returning to a program later. the built-in sound is suitable for casual viewing, although a separate audio setup would give more depth for someone seeking a cinema-style experience. after regular use, the device has remained responsive and consistent. the vela pulse 523 has provided an inviting shared viewing experience and has become an easy choice for family evenings.",True
CORD001312,CUS00277,2019-12-18,Thompson,"[{""product"":""Candle Orbit 1034"",""quantity"":1},{""product"":""Vela Halo 569"",""quantity"":1},{""product"":""Candle Edge 680"",""quantity"":2},{""product"":""Candle Bloom 1000"",""quantity"":1}]",7049.65,10.61,-37.781734,144.93083,10,6355.29,Summer,False,3.7244,"vela halo 209 has given me a better position for my phone during desk work and calls. the angle can be changed without dismantling the mount, and the base remains stable when i tap the screen. i have moved it between a standing and seated arrangement several times, with no looseness developing. the adjustment range is not unlimited, and the holder is best suited to one device size, but it performs its main job very well.",True
CORD001313,CUS00403,2019-03-13,Thompson,"[{""product"":""Vela Halo 659"",""quantity"":2},{""product"":""Candle Flux 990"",""quantity"":1}]",2623.87,9.89,-37.80052,144.907825,0,2633.76,Autumn,False,3.7031,"candle flux 666 has been used for simple games in a shared room where quiet operation and quick access matter. casual titles run acceptably, and the controls are easy for different people to pick up. more demanding scenes produce occasional stutter, while the fan becomes obvious after a longer session. the compact design fits beside other equipment but leaves little room for accessories. it works for relaxed gaming, though it is not built for high-performance play.",True
CORD001314,CUS00033,2019-06-27,Thompson,"[{""product"":""Vela Halo 569"",""quantity"":1},{""product"":""Vela Halo 659"",""quantity"":2},{""product"":""Candle Bloom 1054"",""quantity"":2}]",1578.21,25.69,-37.786245,144.96045,10,1446.08,Winter,True,3.1651,"candle shift 718 has handled the mixture of devices in our household better than the older arrangement it replaced. phones, a television, a laptop, and smaller connected equipment can be active at the same time without the frequent pauses that used to interrupt evening use. installation was straightforward once i followed the instructions carefully, and the status indicators make it possible to tell when something needs attention. the unit has remained quiet and cool on its shelf during extended use. i have not explored every advanced setting, because the basic arrangement has been sufficient, and the interface may take time for someone who wants deeper control. in normal daily use, however, the connection has stayed dependable. candle shift 718 has made a crowded home network feel calmer and more predictable.",True
CORD001315,CUS00491,2019-03-26,Bakers,"[{""product"":""Candle Flux 990"",""quantity"":1},{""product"":""Candle Edge 680"",""quantity"":1}]",4345.85,9.87,-37.777146,144.990192,0,4355.72,Autumn,False,3.6795,"candle bloom 1036 has worked well for portable gaming during trips and quiet breaks away from home. i previously carried a larger setup that offered a more comfortable long session but was inconvenient to pack, so i wanted something easier to take along. this device occupies much less space in my bag and can be brought out without arranging a whole desk. that convenience has meant i actually use it while travelling instead of leaving my gaming equipment at home. compared with the larger system, candle bloom 1036 feels more suitable for short and medium sessions. the controls are responsive enough for the games i play, and i have not struggled to understand the basic interface. the screen is practical for portable use, although i would still choose the larger setup for a long evening because the bigger display feels less tiring. that is a fair trade-off for a device intended to travel, and it has not reduced my enjoyment during the situations where i bought it. i have used it in a hotel room, on a train journey, and while waiting between activities. in each case, starting a game was quicker than unpacking my old equipment. the lighter design is especially helpful when carrying other belongings, and the controls remain comfortable for the length of session i normally have on the move. longer play can make the device feel warm, but i have not experienced a shutdown or a failure to continue playing. the comparison is really about portability against the advantages of a fixed setup. candle bloom 1036 does not replace a larger screen or a full home arrangement, yet it is much more practical for travel. it has survived being packed and unpacked repeatedly without becoming loose or awkward to operate. for anyone wanting gaming access away from home, i find it a dependable compromise and a worthwhile addition rather than a replacement for every other option.",True
CORD001316,CUS00329,2019-05-13,Thompson,"[{""product"":""Candle Orbit 656"",""quantity"":1},{""product"":""Candle Flux 990"",""quantity"":1},{""product"":""Candle Orbit 1034"",""quantity"":1},{""product"":""Candle Quest 354"",""quantity"":2}]",5743.99,9.53,-37.793488,144.919333,0,5753.52,Autumn,False,3.2387,"vela ridge 1085 has given me a convenient way to keep track of door and window activity. the alerts arrive quickly enough for ordinary household checks, and the app makes it easy to see what happened when i was in another room. i installed it near an entrance first and later added it to a window, with both placements remaining unobtrusive. the sensor has continued working through daily opening and closing, and the battery compartment feels secure. notifications can become frequent when the family is moving around, so i adjusted the settings to suit our routine. that small bit of tuning was worthwhile. vela ridge 1085 provides useful awareness without demanding constant monitoring and has made leaving home feel more settled.",True
CORD001317,CUS00222,2019-05-18,Bakers,"[{""product"":""Vela Halo 569"",""quantity"":1},{""product"":""Candle Orbit 1034"",""quantity"":2}]",1312.93,12.23,-37.86442,145.027994,0,1325.16,Autumn,False,6.7008,"candle vista 254 has been a dependable companion for commuting and spoken-content listening. pairing took little time, and the connection stayed in place while i moved through the usual parts of my journey. podcasts and audiobooks are clear enough that voices remain easy to follow over ordinary background noise. music is also enjoyable at a moderate level, although it does not have the depth i would seek for serious listening at home. the controls can be reached quickly when i need to pause before entering a conversation or crossing a road. i have worn it through several commutes and found the fit comfortable, though i prefer removing it during longer waiting periods. battery life has covered my normal travel pattern, with charging needed every so often rather than after every outing. candle vista 254 has made the daily trip more pleasant and less repetitive, and its straightforward operation means i can concentrate on getting where i need to go.",True
CORD001318,CUS00315,2019-06-08,Thompson,"[{""product"":""Candle Bloom 1000"",""quantity"":2},{""product"":""Candle Orbit 656"",""quantity"":1},{""product"":""Vela Halo 569"",""quantity"":2},{""product"":""Candle Quest 354"",""quantity"":1}]",6594.7,31.35,-37.886549,144.885594,0,6626.05,Winter,True,9.8293,"vela atlas 575 has helped me understand how temperature and humidity change around the house throughout the day. i placed it in a central room and have checked it during cooking, overnight, and when the weather shifts outside. the readings are easy to see, and the history gives more context than a single glance at a wall display. i have moved it between rooms a few times and found the installation simple enough to repeat without starting over. it does not control the environment, so it cannot solve a stuffy room by itself, but it makes decisions about ventilation and heating more informed. the unit has continued reporting without demanding regular attention. vela atlas 575 is a straightforward monitor, and its steady information has made small household adjustments easier to judge.",True
CORD001319,CUS00193,2019-06-24,Thompson,"[{""product"":""Candle Flux 1098"",""quantity"":1},{""product"":""Candle Edge 680"",""quantity"":1},{""product"":""Candle Quest 354"",""quantity"":1},{""product"":""Candle Orbit 1034"",""quantity"":1}]",4032.34,12.03,-37.794185,144.960953,15,3439.52,Winter,False,2.3904,"i used vela nova 771 through a month of calls, calendar changes, messages, and occasional reading between meetings. moving my accounts across was manageable, and the phone handled my usual work applications without demanding much attention. calls were intelligible in quiet rooms, and the calendar was responsive enough for adding appointments while travelling between rooms. the size also suited one-handed reading better than the larger device i had before. those everyday tasks made the phone feel dependable enough for routine communication. the weaknesses appeared gradually rather than all at once. when several work applications were open, returning to an earlier screen sometimes took longer than expected, and i noticed a short pause before some notifications appeared. it was not constant, but it made me check the phone twice when i was waiting for a meeting message. the camera is serviceable for a document or quick family snapshot, though indoor images can look flat and require careful framing. i also found the outer surface more slippery than i wanted, so i became reluctant to use it without a case. that is a minor issue, but it affects how freely i handle it. vela nova 771 has settled into a middle position for me. it covers work calls and calendar management without a major failure, and the compact handling remains pleasant during a busy day. however, the occasional pauses and delayed notifications undermine the sense of polish i expected from a newer phone. i am not replacing it immediately because its core tasks are covered, yet i would compare alternatives more closely before buying another one. it is functional and manageable, but not an especially convincing upgrade.",True
CORD001320,CUS00064,2019-07-11,Thompson,"[{""product"":""Candle Orbit 1034"",""quantity"":2},{""product"":""Vela Halo 659"",""quantity"":1},{""product"":""Candle Quest 354"",""quantity"":1},{""product"":""Candle Orbit 656"",""quantity"":1},{""product"":""Vela Halo 569"",""quantity"":1}]",4242.48,18.98,-37.765475,144.917284,10,3837.21,Winter,False,5.8646,"candle edge 554 has been unreliable for commuting and spoken-content listening. the connection drops when i move through crowded areas, then returns with a delay that causes missed words. podcasts and other spoken programs are especially difficult because the interruptions break sentences and make me rewind repeatedly. the controls are small and awkward to use while walking, and volume changes do not always register on the first attempt. background noise also exposes the weak clarity, so voices become difficult to follow unless the volume is pushed high. i kept testing it on different journeys, but the same problems continued. it produces sound and can connect to a device, yet those basic functions do not make it suitable for regular travel. candle edge 554 has made commuting more irritating, and its poor reliability leaves me unable to recommend it.",False
CORD001321,CUS00115,2019-10-02,Thompson,"[{""product"":""Candle Bloom 262"",""quantity"":2},{""product"":""Vela Halo 569"",""quantity"":3},{""product"":""Candle Quest 354"",""quantity"":2}]",3489.37,8.22,-37.803853,144.948669,10,3148.65,Spring,False,0.9908,"candle edge 626 has been part of my competitive gaming setup for several weeks, especially during evening matches that depend on voice communication. the controls are easy to reach while playing, and spoken conversation remains clear enough for coordinating with teammates. the fit stays comfortable through a longer session, although the pressure is noticeable if i wear it continuously for many hours. sound positioning helps me follow what is happening in a busy game, while ordinary media playback is also enjoyable. the microphone can pick up some background noise when the room is active, so i still mute it between conversations. connecting it to my setup was straightforward, and i have not needed to repeat the process. candle edge 626 has made team communication smoother and has given my gaming sessions a comfortable, dependable audio foundation.",True
CORD001322,CUS00104,2019-08-03,Bakers,"[{""product"":""Vela Halo 659"",""quantity"":2}]",529.42,16.52,-37.813801,145.02867,5,519.47,Winter,False,2.9677,"i used candle arc 942 for sketching and lightweight creative work, comparing it with a basic drawing tablet that had served me before. the display showed the canvas, but the drawing response felt disconnected from the stylus. lines appeared slightly after the movement, and quick strokes sometimes ended with a gap or a blunt mark. that delay was frustrating during outlines and made the process feel awkward rather than natural. the screen surface did not help. my hand dragged across it, especially during longer sessions, and the glass collected fingerprints quickly. a matte surface on my older tablet was less reflective and gave more control, even though it was not as attractive. candle arc 942 also made the cursor difficult to place precisely near the edges. i spent time correcting marks that had landed beside the intended point, which slowed simple sketches and made detailed work tiring. file handling and general use were another source of trouble. opening a large drawing caused the interface to pause, and switching between a reference image and the canvas sometimes returned me to the wrong position. the device did not always remember the last zoom level, so repeated adjustments became part of every session. its compact format was convenient to carry, but the narrow working area felt restrictive once a sketch involved several layers or broad strokes. the tablet was functional for viewing a finished image, yet that is not the same as supporting creative work. candle arc 942 can display an image and accept a stylus, but those basic functions do not make it a satisfactory drawing tool. compared with the older tablet, the delayed strokes, slippery surface, imprecise edges, slow file handling, and cramped workspace created too many obstacles. i spent more time correcting the tablet than developing ideas, and i cannot recommend candle arc 942 for regular drawing.",False
CORD001323,CUS00164,2019-06-30,Thompson,"[{""product"":""Candle Quest 354"",""quantity"":1},{""product"":""Candle Flux 990"",""quantity"":1},{""product"":""Vela Halo 569"",""quantity"":1}]",2646.32,12.48,-37.786629,144.951525,15,2261.85,Winter,False,2.9223,"the vela pulse 973 has become the screen our family gathers around when we want to stream a film, watch a short programme, or share something from a phone. before using it, everyone tended to view separate screens, but the larger shared display has made evenings feel more social. starting a stream is straightforward, and the controls are simple enough that different members of the household can use them without asking for help. the picture is bright and pleasant for both animated material and ordinary programmes, while dialogue remains easy to follow at a moderate volume. i have also appreciated the way the display handles quick changes between content. moving from a family film to a short clip or a shared photograph does not turn into a long pause while menus reload. the vela pulse 973 has worked reliably during ordinary evenings, and the connection has remained stable while other devices are being used in the home. its stand feels secure on our cabinet, and the design is tidy rather than visually heavy. reflections are noticeable if the room is very bright, so we usually position it away from direct sunlight. the sound is suitable for casual viewing, though anyone looking for a richer cinema effect may want separate speakers. that is a reasonable boundary for an all-purpose display. setup took only a short period of learning, and since then the controls have become familiar to everyone. what i value most is the shared experience: children can show a favourite scene, adults can choose a programme, and photographs can be discussed together instead of passed from hand to hand. the vela pulse 973 has made home streaming more welcoming and has earned a central place in our evening routine.",True
CORD001324,CUS00059,2019-03-18,Bakers,"[{""product"":""Candle Bloom 262"",""quantity"":1},{""product"":""Candle Orbit 656"",""quantity"":1},{""product"":""Candle Flux 1098"",""quantity"":1}]",4176.57,12.2,-37.863422,145.029666,15,3562.28,Autumn,False,6.666,"candle arc 276 has performed well during competitive matches where quick input and clear voice communication matter. the controls feel responsive when the action becomes busy, and i have not noticed distracting hesitation during the sessions i have played. teammates have heard my speech clearly, while incoming conversation remains distinct enough to follow alongside game audio. the layout is comfortable through longer matches, and the construction gives the impression that it will tolerate regular use. the controls are a little close together until i become accustomed to them, and the finish shows marks quickly, but neither point changes the overall experience. candle arc 276 has made competitive play more enjoyable and consistent.",True
CORD001325,CUS00500,2019-10-27,Bakers,"[{""product"":""Candle Orbit 1034"",""quantity"":1},{""product"":""Candle Quest 354"",""quantity"":1},{""product"":""Candle Bloom 1054"",""quantity"":1},{""product"":""Vela Halo 659"",""quantity"":2}]",1963.97,12.56,-37.754453,145.030951,0,1976.53,Spring,False,6.9281,"the vela ridge 203 has become the screen we use for shared films and television, and its larger presentation is a clear step up from watching on a computer. people seated at opposite ends of the room can follow the main action and subtitles without leaning forward. the interface is familiar enough for different family members to choose programmes, and the remote has not required much explanation. compared with our old display, the picture looks cleaner in ordinary scenes and the viewing area feels less crowded when several people are present. the built-in audio is the part i would assess carefully. speech is understandable, but music and effects sound narrow, and the contrast between quiet conversation and louder scenes means someone often reaches for the volume control. the screen also reflects a nearby window during the afternoon, so placement has mattered more than expected. switching between services is usually fine, although the home screen occasionally pauses before responding to a command. these are not failures of the basic viewing function, but they prevent the set from feeling completely finished. after established use, the vela ridge 203 remains a sensible shared television for everyday programmes. it compares favourably with the smaller display it replaced, particularly for subtitles and group viewing, while a separate sound system would make the experience more complete. i am content with its role, but i would not choose it solely for cinema-quality audio.",True
CORD001326,CUS00206,2019-06-04,Bakers,"[{""product"":""Candle Edge 680"",""quantity"":1},{""product"":""Candle Quest 354"",""quantity"":3}]",3459.74,14.79,-37.859814,145.006851,10,3128.56,Winter,False,5.6327,"i bought candle shift 322 for field forms and client presentations, after using a smaller tablet that felt cramped and a laptop that was awkward to carry between meetings. after two weeks of regular use, this sits in a useful middle ground. it is light enough to take to a site visit, yet the screen gives forms and presentation pages enough room to read without constant zooming. the response while moving between fields is smooth, and i have not had the delays that made my previous device look unprofessional in front of clients. for forms, the main advantage is the balance between portability and working space. i can hold it in one hand while checking information and use the other to enter notes. when i need to show a proposal, turning the display toward someone across a table feels much more natural than passing around a phone. text remains readable from an angle, and the surface has not collected distracting marks during ordinary use. it also wakes quickly, which matters when a conversation moves from discussion to a visual example. compared with my old laptop, candle shift 322 is less tiring for short visits and quicker for simple updates. compared with the compact tablet i tried before, it feels more capable for longer forms because there is less scrolling and fewer accidental taps. it is not a replacement for a full computer when i need extensive editing, and the supplied charging lead could be longer for a desk setup. those are minor trade-offs. the construction feels dependable, the 24-month warranty adds reassurance, and the device has made routine field work more comfortable. for a productivity tablet focused on forms and presentations, it is a very worthwhile choice.",True
CORD001327,CUS00117,2019-06-09,Bakers,"[{""product"":""Candle Bloom 1054"",""quantity"":2},{""product"":""Vela Halo 569"",""quantity"":1},{""product"":""Candle Flux 1098"",""quantity"":1}]",1845.03,17.33,-37.816878,145.039032,20,1493.35,Winter,False,3.923,"i used vela spark 693 for presentations and photo viewing, but the screen and controls caused repeated problems. photos take too long to appear when moving through an album, and the viewing angle makes colors look uneven from the side. during presentations, switching slides occasionally stalled and forced an awkward pause. it can display an image, yet the slow response and disappointing presentation behavior make it unsuitable for regular use.",False
CORD001328,CUS00110,2019-07-11,Thompson,"[{""product"":""Candle Orbit 656"",""quantity"":1},{""product"":""Candle Quest 354"",""quantity"":1},{""product"":""Candle Bloom 1000"",""quantity"":1},{""product"":""Candle Bloom 1054"",""quantity"":2}]",5380.38,32.34,-37.838958,144.922503,10,4868.43,Winter,True,3.6329,"the vela wave 1075 has been placed in a bedroom to monitor indoor temperature and humidity. readings update regularly and have helped me notice changes when the heater is running, although i have not treated them as laboratory measurements. the app presents the current figures clearly, but the history view is sparse and requires several taps to compare different periods. the unit is small enough to sit on a shelf without attracting attention, and the display can be read from nearby. notifications are useful when conditions move outside the range i set, though one alert arrived later than expected after a sudden change. battery use has been modest and maintenance is simple. it gives a sensible snapshot of the room rather than a detailed environmental record. i am satisfied with the basic monitoring, while the delayed alert and limited history keep the experience mixed.",True
CORD001329,CUS00363,2019-12-14,Bakers,"[{""product"":""Candle Bloom 1000"",""quantity"":1},{""product"":""Candle Edge 680"",""quantity"":1}]",4067.24,12.78,-37.869535,145.014483,20,3266.57,Summer,False,6.8329,"the vela atlas 143 has been a welcome improvement over the small screen i previously used for showing presentations and photos. the larger display makes shared viewing more comfortable, especially when several people are gathered around it. text in a presentation is easier to follow from a little distance, and photographs have more presence than they did on my older display. i have used it for informal presentations at home as well as for browsing albums with family, and both activities feel more communal. what distinguishes the vela atlas 143 for me is the balance between a useful viewing area and a simple everyday role. i can set it up for a presentation without turning the room into a complicated media station. when it is not being used for work, it serves well for looking through photos and revisiting travel memories. compared with a basic monitor, it feels more suited to shared viewing, while compared with a very large entertainment screen, it is less imposing in an ordinary room. the display is best appreciated from a reasonable position, and small text still benefits from a closer look. i also find that preparing a polished presentation takes the same care as it would on any screen. those are ordinary expectations rather than serious faults. after repeated use, the vela atlas 143 has made presentations easier to share and photographs more enjoyable to revisit. it is a thoughtful choice for someone who wants one screen to support both practical viewing and relaxed home entertainment.",True
CORD001330,CUS00219,2019-01-01,Thompson,"[{""product"":""Candle Bloom 1000"",""quantity"":2},{""product"":""Candle Edge 680"",""quantity"":2}]",8134.48,10.69,-37.818645,144.938732,5,7738.45,Summer,False,0.9886,"i bought vela echo 691 for family communication and casual apps, comparing it with the phone it replaced. the comparison is frustrating because ordinary conversations now involve more interruptions. calls sometimes take a moment to connect, and messages do not always appear promptly. when relatives ask whether i received something, i have to check repeatedly instead of trusting the phone to keep up. casual apps expose another weakness. opening one is usually possible, but moving between an app and a message can leave the screen slow to respond. the delay is especially annoying when i am trying to send a photograph or answer a short question. a less modern phone in the household feels less troublesome because it responds in a more predictable way. the handset is manageable to carry, though the surface is slippery enough that i handle it cautiously. the screen is readable indoors, while outdoor use brings glare and makes small controls more difficult to select. these are not isolated annoyances; together they make short tasks feel drawn out. i expected a replacement phone to reduce friction, yet vela echo 691 adds it. connection behaviour has been the worst part of ownership. i have restarted it after missed calls and checked settings after delayed messages, but those steps have not removed the uncertainty. the two-year warranty is not a solution to a phone that complicates basic family contact. vela echo 691 can place calls and run casual apps, but its slow response, unreliable notifications, and awkward handling make it a poor comparison with the previous handset. i regret the purchase and cannot recommend it.",False
CORD001331,CUS00308,2019-05-12,Bakers,"[{""product"":""Candle Quest 354"",""quantity"":2},{""product"":""Candle Orbit 1034"",""quantity"":1},{""product"":""Vela Halo 569"",""quantity"":1},{""product"":""Candle Bloom 262"",""quantity"":1}]",2654.84,22.83,-37.841646,145.053294,0,2677.67,Autumn,True,6.1961,"vela nova 123 has become the screen my family uses most often for evening streaming. the picture is pleasant from different seats, and menus respond quickly enough that nobody is left waiting while choosing a programme. we have used it for films, television, and occasional short videos, with sound that fills our room without needing to be pushed to an uncomfortable level. setup was simple, including joining the household network and arranging the applications we use most. the remote is fairly compact, though a few buttons are close together and take some familiarity. after more than a month, playback has remained stable and the display has not shown any distracting faults. it also wakes promptly when someone wants to watch something casually. vela nova 123 is not a cinema replacement, but it gives us an enjoyable shared viewing experience and has earned its place in the living room.",True
CORD001332,CUS00366,2019-02-03,Bakers,"[{""product"":""Vela Halo 659"",""quantity"":3},{""product"":""Candle Orbit 1034"",""quantity"":2},{""product"":""Candle Edge 680"",""quantity"":2}]",6460.77,21.74,-37.842344,145.040296,0,6482.51,Summer,True,5.3482,"vela pulse 451 has handled my daily calls, messages, maps, and occasional media without a serious problem. the interface is familiar, and the screen remains readable during outdoor navigation. location guidance usually updates promptly, though it can hesitate briefly after leaving a building. streaming works well on a strong connection, while heavier use makes the phone warm and reduces the remaining battery more quickly. the camera is suitable for quick snapshots, but i would not choose it for careful photography because detail softens in lower light. the body feels comfortable in one hand, although the smooth finish is easier to drop than i would like. vela pulse 451 is a balanced everyday phone: communication is dependable, navigation is useful, and media is acceptable. its ordinary camera and variable endurance stop it from feeling especially distinctive.",True
CORD001333,CUS00376,2019-05-30,Nickolson,"[{""product"":""Vela Halo 569"",""quantity"":2},{""product"":""Candle Flux 1098"",""quantity"":1},{""product"":""Candle Bloom 1054"",""quantity"":1}]",1544.27,13.12,-37.883413,145.004779,15,1325.75,Autumn,False,7.8431,"candle edge 608 has improved the wireless coverage in the room where i work from home. before using it, the connection in that area was less consistent than elsewhere, but now calls, research, and ordinary browsing continue smoothly through the working day. other people in the house can use the network at the same time without making my connection feel fragile. the installation process was clear enough, although i had to choose a location carefully to get the best spread through the house. once positioned, the equipment blended into the background and needed very little attention. i like being able to work without moving closer to the main connection whenever a call begins. the casing is plain and the setup screen contains more choices than i expected, yet candle edge 608 has provided stable coverage and made my home-office routine noticeably more comfortable.",True
CORD001334,CUS00404,2019-01-07,Thompson,"[{""product"":""Candle Orbit 1034"",""quantity"":1},{""product"":""Candle Flux 990"",""quantity"":1},{""product"":""Vela Halo 659"",""quantity"":2}]",3205.79,14.13,-37.743661,144.899151,25,2418.47,Summer,False,8.7534,"candle edge 734 has been used for background music in a shared room where different people come and go. pairing was quick, and the connection has remained stable while the source device moves around the house. music fills a small to medium room clearly, and spoken tracks remain understandable at moderate volume. the sound becomes less balanced when pushed louder, with the lower tones drawing attention away from detail. controls are simple, although reaching the unit is preferable to changing every setting from a distance. it has worked well for ordinary household listening and has not demanded much maintenance. the speaker is a sensible shared-room choice, provided expectations remain around casual playback rather than room-filling performance.",True
CORD001335,CUS00263,2019-02-24,Nickolson,"[{""product"":""Candle Orbit 1034"",""quantity"":2},{""product"":""Candle Bloom 1000"",""quantity"":1}]",2979.68,11.78,-37.866917,144.976243,10,2693.49,Summer,False,5.4052,"vela wave 643 has given us a convenient way to show presentations and browse photos together. slides remain readable from several seats, and images look bright enough for ordinary family viewing. the device fits neatly on a narrow surface and responds quickly to basic controls. i found the menu structure slightly busy at first, especially when switching between sources, but it soon became familiar. it has performed steadily since setup and makes shared viewing more inviting than passing a phone around.",True
CORD001336,CUS00004,2019-07-18,Nickolson,"[{""product"":""Candle Flux 990"",""quantity"":1}]",2094.45,16.6,-37.882767,145.004288,15,1796.88,Winter,False,7.7601,"candle vista 974 has been useful for video calls and online classes. the microphone keeps my voice clear enough for other participants, while incoming speech remains understandable during longer sessions. pairing was uncomplicated, and the connection has held steady at my desk. the ear pieces feel slightly warm after extended use, but shorter meetings are comfortable. it has reduced the distractions of remote communication and has performed consistently since i began using it.",True
CORD001337,CUS00255,2019-05-05,Bakers,"[{""product"":""Candle Orbit 656"",""quantity"":1},{""product"":""Candle Flux 1098"",""quantity"":1},{""product"":""Vela Halo 569"",""quantity"":1},{""product"":""Candle Bloom 1054"",""quantity"":1}]",3657.24,15.49,-37.758767,145.042244,0,3672.73,Autumn,False,7.0369,"candle lumen 1012 has been a frustrating device for watching videos and joining family calls. the screen sometimes stops responding near the edges, which makes scrolling awkward and causes missed controls. video playback pauses unexpectedly even when other devices on the same connection are working, and the sound becomes weak unless the volume is pushed almost to its limit. during calls, the microphone produces a hollow, distant voice that makes conversation difficult. i also found the setup process confusing because several permissions appeared before i could reach the main screen. the casing collects fingerprints and feels less solid than expected. it can display a film and open a call, but those basic functions do not outweigh the unreliable playback, poor audio, and irritating controls. candle lumen 1012 has been a regretful purchase.",False
CORD001338,CUS00340,2019-07-02,Thompson,"[{""product"":""Vela Halo 659"",""quantity"":2}]",529.42,32,-37.797552,144.882923,15,482.01,Winter,True,5.881,"i wore the vela wave 607 through ordinary walks, workdays, and several nights, expecting a consistent record of activity and sleep. the basic time display operated, but the rest of the experience was frustrating. step totals often differed sharply from the route i had walked, and the numbers sometimes stopped changing until i restarted the device. that made the daily history difficult to trust. sleep tracking was more disappointing. it regularly missed the beginning of the night, then showed a long period as awake even when i had not moved. the band also shifted during sleep and left a sweaty patch against my skin. charging was awkward because the contact point needed careful positioning, and a small movement could interrupt it. after repeated checks, the figures still gave no dependable picture of my routine. the vela wave 607 records something, but the unreliable results make it difficult to use for daily decisions, so i cannot recommend it.",False
CORD001339,CUS00245,2019-03-26,Nickolson,"[{""product"":""Candle Bloom 1054"",""quantity"":1}]",449.85,10.65,-37.852682,145.000853,0,460.5,Autumn,False,4.6822,"vela spark 621 has been part of my workday for 37 days and handles calls and calendar management smoothly. meetings connect promptly, voices stay clear, and checking an appointment while speaking is uncomplicated. the phone feels comfortable to carry between rooms and has remained responsive for routine tasks. its finish is somewhat prone to fingerprints, but that is easy to overlook. this smartphone has made busy workdays feel more manageable and organised.",True
CORD001340,CUS00077,2019-11-06,Nickolson,"[{""product"":""Candle Quest 354"",""quantity"":1},{""product"":""Candle Orbit 1034"",""quantity"":1}]",984.7,13.45,-37.886102,144.933359,15,850.45,Spring,False,8.1513,"i installed candle orbit 548 to reach a bedroom and hallway where the main connection was inconsistent. the extra coverage is noticeable, and ordinary browsing and television streaming now work in those areas. connection quality still changes when doors are closed or several devices are active, so placement matters. the setup instructions were adequate but required a little trial and error. it is a useful extension for moderate household needs, with performance that depends heavily on the surrounding layout.",True
CORD001341,CUS00304,2019-11-29,Nickolson,"[{""product"":""Candle Edge 680"",""quantity"":1},{""product"":""Vela Halo 569"",""quantity"":1}]",2400.49,14.16,-37.868823,144.956379,10,2174.6,Spring,False,5.7036,"vela core 183 was compared with a small television already in the living room for casual gaming. the older screen had fewer smart features, but its picture appeared immediately and its controls were predictable. vela core 183 takes longer to reach a usable screen, and returning from an application often leaves a blank image for several seconds. those delays are irritating when the device is meant for relaxed evening play. the picture is visible, although dark scenes look muddy and bright areas lose detail. motion occasionally appears blurred, especially when the game changes quickly. the built-in speakers produce sound, but dialogue is weak and effects become harsh when the volume is raised. connecting a controller was not consistently smooth; sometimes it was recognised after a restart, while another attempt required repeating the pairing process. the older television did not offer the same on-screen options, but it avoided these repeated interruptions. family use made the weaknesses more obvious. different people changed settings and then struggled to return them, because menus are crowded and the labels are not always clear. streaming also paused twice during ordinary use even though the household connection was unchanged. support supplied general reset instructions and did not explain the recurring blank screen. vela core 183 can show a game, but the lag, poor sound, and frustrating controls outweigh its added features. for casual living-room gaming, i find the older television less troublesome. i cannot recommend this display.",False
CORD001342,CUS00354,2019-12-13,Thompson,"[{""product"":""Candle Flux 1098"",""quantity"":1},{""product"":""Candle Bloom 262"",""quantity"":2},{""product"":""Vela Halo 569"",""quantity"":1},{""product"":""Candle Edge 680"",""quantity"":1}]",5433.27,12.98,-37.86546,144.901429,0,5446.25,Summer,False,7.1074,"i started wearing vela halo 587 because i wanted calendar reminders and quick message checks without constantly picking up my phone. after several weeks, the habit feels natural. a short vibration during a meeting, while cooking, or on a walk tells me that something needs attention, and i can decide whether to respond immediately or wait. that has reduced the number of times i interrupt a task just to check the phone. the calendar alerts have been particularly useful. i can see the reminder at a glance and keep moving, which is helpful when my hands are occupied. messages are best for brief checks rather than long conversations, but that matches the reason i bought it. the display is readable in ordinary indoor light, and i have not found the device cumbersome during daily wear. i have worn vela halo 587 through workdays, errands, and quiet weekends. the strap has remained comfortable, and the watch has not felt out of place with casual clothing. i sometimes forget that it is there until an alert arrives, which i consider a success for this kind of accessory. its appearance is restrained rather than flashy, so it has suited different settings. the screen is small, and reading anything lengthy still means reaching for the phone. one alert also arrived later than expected during the first week, although i have not noticed a repeat. for quick calendar reminders and message previews, vela halo 587 has been a genuinely useful addition to my routine. i am happy with how unobtrusively it performs its job.",True
CORD001343,CUS00169,2019-03-23,Bakers,"[{""product"":""Candle Bloom 1000"",""quantity"":1},{""product"":""Candle Bloom 1054"",""quantity"":1},{""product"":""Candle Orbit 656"",""quantity"":1},{""product"":""Candle Quest 354"",""quantity"":2}]",5333.31,23.28,-37.749729,144.983901,10,4823.26,Autumn,True,6.775,"candle arc 996 has fitted neatly into my game streaming setup. it handles gameplay and media capture together without making the process feel complicated, and the controls are arranged sensibly for repeated use. i have streamed shorter sessions and recorded clips afterward, with the results staying consistent enough for sharing. the connection remained stable while i monitored the stream from another device, which reduced the need to keep checking cables and settings. it does take some time to become familiar with all the available controls, particularly when changing between game and capture modes. once that small learning period passed, the workflow became much more natural. candle arc 996 has made recording moments from games easier and more enjoyable. it is a capable addition for casual creators.",True
CORD001344,CUS00457,2019-12-18,Thompson,"[{""product"":""Candle Orbit 656"",""quantity"":1},{""product"":""Candle Flux 1098"",""quantity"":1},{""product"":""Candle Quest 354"",""quantity"":2}]",3863.86,9.88,-37.789265,144.954448,5,3680.55,Summer,False,2.6824,"the vela ridge 221 replaced an older phone that was still usable but increasingly awkward for work calls and calendar management. after 39 days, i find the newer phone much better suited to my routine. calls are clear in the places where i normally work, and the calendar is easy to check between meetings. i can move from a call to an appointment reminder without the delays that had become common on my previous device. what i value most is the sense of order. the vela ridge 221 keeps work notifications separate enough from the rest of the day that i can respond without searching through clutter. compared with my old phone, the display is easier to read while walking between rooms, and appointments are simple to adjust when plans change. the 5g connection has also been useful in busy areas where my former phone often took longer to load calendar details. i have not tested every feature, but the basic work functions are consistently solid. there are small differences in feel. the body is a little larger than my old handset, so one-handed use takes more care, and the number of settings can seem extensive at first. once configured, however, the vela ridge 221 is comfortable to live with. the 24-month warranty adds confidence for a device intended for daily work. it is not a dramatic redesign of how i use a phone, but it is a clear improvement over my previous model for calls, schedules, and dependable everyday communication.",True
CORD001345,CUS00287,2019-03-08,Nickolson,"[{""product"":""Vela Halo 569"",""quantity"":1},{""product"":""Candle Quest 354"",""quantity"":1},{""product"":""Candle Quest 498"",""quantity"":2},{""product"":""Candle Bloom 1000"",""quantity"":1}]",4984.37,24,-37.880996,145.007285,10,4509.93,Autumn,True,7.6891,"the vela echo 979 found a place on my desk after i grew tired of fishing through a drawer for the right charging lead. i use several cables during the week, and this mobile accessory has made the small area beside my laptop much less chaotic. during the first evening i grouped the leads by length and purpose, then started using the spaces consistently. the difference is modest but noticeable: i can pick up the cable i need without pulling three others onto the floor, and the ends remain within reach when i unplug a device. what i like most is that the organiser does not demand a new routine every time i use it. i leave it beside the power strip, return each cable after charging, and the arrangement stays tidy. when i moved it to another part of the room for a week, it was just as easy to understand where everything belonged. the material has a firm feel and has handled repeated rearranging without looking tired. it does not make cables disappear, and a particularly thick lead occupies more room than a slim one, but those are sensible limitations rather than surprises. after thirty-seven days, the vela echo 979 has saved me a surprising amount of minor frustration. i no longer start a call by searching under notebooks, and i can see when a cable has been left connected before i tidy the desk. it also makes the charging area look more deliberate when someone visits, which is a small benefit i did not expect from such a simple product. the design is restrained, with no complicated mechanism to learn and no need for an app. i compared it with simply using a box, and the box was cheaper in effort but worse in access because everything ended up piled together. this organiser is not exciting, but it is practical, sturdy, and genuinely helpful in daily use. i am happy to keep it on the desk and would recommend it to anyone whose charging cables are always wandering.",True
CORD001346,CUS00452,2019-08-31,Thompson,"[{""product"":""Candle Orbit 1034"",""quantity"":1},{""product"":""Vela Halo 659"",""quantity"":1},{""product"":""Candle Flux 990"",""quantity"":2}]",5035.53,26.8,-37.784193,144.911182,0,5062.33,Winter,True,4.4689,"candle vista 236 has made portable gaming much easier in our household. i bought it for journeys and short sessions away from the main setup, and it has handled both without feeling fragile. the controls are comfortable for ordinary play, with buttons that respond predictably and a layout i learned quickly. loading a game after a break is fast enough to keep a spare half hour from disappearing into setup. the screen remains clear in different rooms, and the built-in sound is fine for casual play, although headphones are preferable when travelling. i have carried it in a small bag several times and have not noticed unwanted movement or creaking. longer sessions make the rear slightly warm, but not uncomfortably so. candle vista 236 strikes a pleasing balance between convenience and playability. it is not intended to replace a larger gaming station, yet for travel and relaxed sessions it has been a welcome addition.",True
CORD001347,CUS00121,2019-12-11,Bakers,"[{""product"":""Candle Quest 498"",""quantity"":1},{""product"":""Candle Flux 990"",""quantity"":1},{""product"":""Candle Orbit 656"",""quantity"":1},{""product"":""Candle Orbit 1034"",""quantity"":1}]",6246.76,20.45,-37.779182,145.003213,10,5642.53,Summer,True,3.4974,"candle vista 146 has suited my game streaming and media capture setup better than i expected from such a compact piece of hardware. it fits neatly beside the rest of my equipment, and the controls are approachable when i need to begin or stop a session. during ordinary play, the response has remained steady, and captured material has been clear enough for the casual projects i share with friends. i appreciate not having to rebuild the arrangement whenever i move the setup between rooms. longer sessions generate some warmth, so i leave space around the unit rather than placing it against other equipment. the interface includes options i do not use, but i learned the main path quickly. this is not aimed at a full professional production workflow, which is beyond my needs. candle vista 146 has made sharing gameplay more convenient and has encouraged me to record sessions i would previously have left unpreserved.",True
CORD001348,CUS00479,2019-02-15,Bakers,"[{""product"":""Candle Edge 680"",""quantity"":1},{""product"":""Candle Orbit 656"",""quantity"":1},{""product"":""Candle Bloom 1054"",""quantity"":1}]",4963.31,13.7,-37.874832,145.03821,0,4977.01,Summer,False,8.1375,"candle flux 108 has made my home-office connection much less troublesome. after the initial setup, the signal reached the study and the nearby living area without the repeated dropouts i had before. video meetings stay steady while another device is streaming, and reconnecting after a restart is quick. the controls are laid out clearly enough for ordinary changes, although the advanced options took some searching. it has worked quietly for weeks and handles several devices at once without fuss. for home-office wireless coverage, this has been a reliable and worthwhile addition.",True
CORD001349,CUS00489,2019-07-29,Bakers,"[{""product"":""Candle Orbit 656"",""quantity"":2},{""product"":""Vela Halo 569"",""quantity"":2},{""product"":""Candle Orbit 1034"",""quantity"":1},{""product"":""Candle Quest 498"",""quantity"":1},{""product"":""Candle Quest 354"",""quantity"":2}]",7518.11,13.47,-37.773452,144.990794,0,7531.58,Winter,False,4.0822,"vela wave 553 has served our household well for films and television programmes. the picture is enjoyable from the seating area, and the screen remains easy to follow when several people are watching together. menus respond promptly during ordinary browsing, and switching between services has been straightforward for everyone in the house. i have also appreciated the simple controls when pausing something from across the room. the built-in sound is sufficient for everyday viewing, although we use separate speakers when we want a fuller cinema-like experience. reflections are visible in bright daylight, which affects placement more than performance. after sustained use, vela wave 553 has remained a pleasant centre for shared entertainment and has avoided the small frustrations that often make household technology unpopular.",True
CORD001350,CUS00191,2019-01-22,Bakers,"[{""product"":""Candle Quest 354"",""quantity"":1},{""product"":""Candle Orbit 1034"",""quantity"":1},{""product"":""Candle Bloom 1000"",""quantity"":1},{""product"":""Candle Orbit 656"",""quantity"":1},{""product"":""Vela Halo 659"",""quantity"":1}]",5327.31,11.53,-37.849114,145.024262,20,4273.38,Summer,False,5.0419,"candle arc 150 has become the laptop i use for portable document work and video meetings around the house. it is light enough to move from a desk to the kitchen table, and the keyboard supports longer typing without making my hands feel cramped. documents open quickly, while switching to a meeting does not leave me waiting through repeated pauses. the camera gives a usable image and the microphone has kept my voice understandable in ordinary rooms. the display is a little reflective near a bright window, so i sometimes change position before starting a call. apart from that minor inconvenience, the laptop has been consistent through several weeks of work. candle arc 150 offers a comfortable balance of portability and everyday capability, and it has made moving between work spaces pleasantly straightforward.",True
CORD001351,CUS00416,2019-12-10,Thompson,"[{""product"":""Vela Halo 659"",""quantity"":2},{""product"":""Candle Flux 990"",""quantity"":1}]",2623.87,11.62,-37.850782,144.91319,10,2373.1,Summer,False,5.1778,"the candle vista 884 has been used for background music in a shared room where different people choose the source. setup was quick, and the sound is pleasant enough for conversation, podcasts, and relaxed listening. the controls are visible and simple, which helps when someone else wants to pause or change a track. music loses some detail when the volume is pushed higher, and the balance sounds less even from the far side of the room. wireless reconnection has also been slower after the source device moves out of range. i have not needed complicated maintenance, and the casing has stayed presentable despite frequent handling. the candle vista 884 suits casual communal playback, especially at moderate volume, but listeners seeking a fuller sound across a large room may notice its limitations.",True
CORD001352,CUS00223,2019-11-04,Bakers,"[{""product"":""Candle Flux 990"",""quantity"":1},{""product"":""Vela Halo 659"",""quantity"":1},{""product"":""Candle Orbit 1034"",""quantity"":1}]",2941.08,10.77,-37.843064,145.024467,15,2510.69,Spring,False,4.4848,"candle orbit 1034 has been used most days for music in our shared living space, and it has fitted into that routine very well. pairing was quick the first time, with no confusing sequence of buttons, and reconnecting later has generally happened without repeated attempts. the sound spreads evenly across the room, so music remains enjoyable whether we are sitting nearby or moving around doing other things. voices in podcasts are distinct, and ordinary playlists have enough presence without requiring constant adjustment. the controls are easy to find, although the volume response feels slightly abrupt when moving between very quiet and moderate levels. i have carried it from the living room to the kitchen several times and have not noticed interruptions during normal use. it also remembers the last connected device, which prevents unnecessary setup during busy evenings. candle orbit 1034 will not replace a larger audio system for a party, but for shared-room listening it gives us a pleasant result with very little effort.",True
CORD001353,CUS00458,2019-10-09,Bakers,"[{""product"":""Candle Bloom 262"",""quantity"":1},{""product"":""Candle Edge 680"",""quantity"":1}]",3369.67,10.56,-37.805317,145.001656,10,3043.26,Spring,False,0.7676,"vela nova 699 was used for hands-free device support at a shared desk, but it repeatedly shifted during ordinary use. the base does not stay firm when the screen is tapped, and adjusting the viewing angle requires both hands. its footprint takes up more space than expected, leaving little room for notes. it holds a device in place for short periods, but the awkward adjustments and weak stability make it a poor workspace accessory.",False
CORD001354,CUS00191,2019-05-28,Bakers,"[{""product"":""Candle Bloom 1054"",""quantity"":2},{""product"":""Candle Bloom 1000"",""quantity"":1}]",2715.54,21.93,-37.849114,145.024262,10,2465.92,Autumn,True,5.0419,"candle arc 150 has become the laptop i use for portable document work and video meetings around the house. it is light enough to move from a desk to the kitchen table, and the keyboard supports longer typing without making my hands feel cramped. documents open quickly, while switching to a meeting does not leave me waiting through repeated pauses. the camera gives a usable image and the microphone has kept my voice understandable in ordinary rooms. the display is a little reflective near a bright window, so i sometimes change position before starting a call. apart from that minor inconvenience, the laptop has been consistent through several weeks of work. candle arc 150 offers a comfortable balance of portability and everyday capability, and it has made moving between work spaces pleasantly straightforward.",True
CORD001355,CUS00414,2019-03-23,Nickolson,"[{""product"":""Candle Flux 990"",""quantity"":1},{""product"":""Candle Orbit 656"",""quantity"":1}]",4356.51,9.45,-37.790336,144.969325,0,4365.96,Autumn,False,3.1423,"i added vela nova 105 to control the lighting in a room that changes purpose during the day. in the morning it is a work area, later it becomes a place to relax, and in the evening i prefer softer light without getting up repeatedly. the app has made those transitions pleasantly simple. i can adjust the room from the chair, and household members who were initially sceptical learned the basic controls after only a few uses. the installation took a little patience because i checked the existing connection before fitting everything in place. once connected, the lighting responded promptly to ordinary commands. i have used the app when entering the room with full hands, when dimming the lights during a film, and when restoring a brighter setting before working. the most useful part has been the ability to make small changes without disturbing someone who is already settled. after a restart of our home network, vela nova 105 reconnected without requiring me to begin the whole process again. the app is not perfect. some screens take a moment to load, and i would prefer finer control over certain transitions. the physical lighting itself remains the main attraction, and it has continued to operate consistently through daily use. vela nova 105 has made one room easier to share because the atmosphere can change quickly for different activities. it is a modest piece of home automation, but the convenience has become part of our normal routine, and i am glad i installed it.",True
CORD001356,CUS00450,2019-05-09,Thompson,"[{""product"":""Vela Halo 569"",""quantity"":1},{""product"":""Candle Orbit 656"",""quantity"":1}]",2411.15,9.76,-37.78292,144.932603,10,2179.8,Autumn,False,3.5441,"candle arc 276 has been part of my evening gaming setup for the past 41 days, mainly for competitive matches and conversations with friends. the controls were easy to understand from the first session, and the hardware responded well during ordinary play. i could move through a match without feeling held back by the device, and the physical design stayed comfortable through shorter sessions. that made the initial transition from my older setup fairly painless. voice communication was more variable. my friends could hear me clearly in quiet rooms, but the microphone picked up surrounding sounds more than i wanted when the room became active. i also had one session where the connection dropped and needed to be restarted before the conversation returned. these interruptions were not constant, yet they were especially frustrating during coordinated play. the controls themselves remained responsive, and the device did not show any obvious trouble with basic game input. as the weeks passed, i appreciated the straightforward handling but became more cautious about relying on it for important team communication. candle arc 276 is neither a failure nor a complete solution. it provides a solid base for competitive play and works well when the surroundings are calm, while the inconsistent voice experience and occasional connection problem weaken the overall impression. my judgement is balanced: suitable for ordinary gaming, with reservations for players who need uninterrupted communication.",True
CORD001357,CUS00324,2019-07-04,Bakers,"[{""product"":""Vela Halo 569"",""quantity"":2},{""product"":""Candle Orbit 1034"",""quantity"":2},{""product"":""Candle Quest 354"",""quantity"":2}]",2267.58,14.97,-37.804718,144.984075,15,1942.41,Winter,False,1.1424,"i installed candle edge 248 to extend coverage between rooms, but the extra range has been unreliable. a phone may connect in the far room while a laptop drops repeatedly from the same area. the signal changes without anyone moving the unit, so i cannot predict which room will remain connected. pairing took several attempts and the instructions left important steps unclear. after a power interruption, the extender sometimes returned with a different status and required another setup. streaming pauses whenever the connection shifts, and video calls become choppy even when the indicator claims the link is active. moving the unit closer helps one room while leaving another with poor coverage. the network operates near the main unit, but the reason for buying candle edge 248 was dependable reach between rooms. its unstable handoff and repeated resets make ordinary use frustrating. i spent too much time troubleshooting and cannot recommend this extender.",False
CORD001358,CUS00056,2019-07-31,Thompson,"[{""product"":""Vela Halo 569"",""quantity"":1},{""product"":""Candle Edge 680"",""quantity"":1},{""product"":""Candle Bloom 262"",""quantity"":1},{""product"":""Candle Bloom 1000"",""quantity"":2}]",7150.44,14.52,-37.765162,144.940291,0,7164.96,Winter,False,5.3165,"i use candle arc 114 during focused desk work and the wireless connection has remained consistent across ordinary sessions. music sounds balanced at moderate volume, with enough detail for background listening without becoming distracting. the buttons are less pleasant to use because they sit close together, and switching between devices occasionally requires another attempt. it is a capable option for a desk, although the small control layout keeps it from feeling completely polished.",True
CORD001359,CUS00024,2019-12-16,Nickolson,"[{""product"":""Candle Orbit 1034"",""quantity"":2},{""product"":""Candle Edge 680"",""quantity"":1},{""product"":""Candle Quest 498"",""quantity"":1}]",4723.57,34.9,-37.879863,144.988099,0,4736.47,Summer,False,7.0046,"i chose the candle arc 240 for a period when my work moved between the home office, trains, meeting rooms, and presentation spaces. after several weeks of carrying it around, i am pleased with how naturally it has fitted into that routine. it is light enough not to become a burden in my work bag, yet the screen gives documents and presentation slides enough room to remain comfortable to read. opening it in a café or at a narrow meeting table has been uncomplicated, and the keyboard has made longer notes feel much less tiring than working from a phone. my first real test was a presentation prepared while travelling. i edited slides during the journey, reviewed the speaking notes in a hotel room, and connected to a display in the meeting space without an awkward setup period. the candle arc 240 handled that sequence smoothly. in ordinary work it has also kept pace with writing, browser research, video meetings, and several documents open together. the trackpad is responsive, and the hinge allows me to adjust the screen when lighting changes. i particularly value being able to close the lid, move locations, and continue without reconstructing my workspace each time. it is not a substitute for a larger desktop when i am doing a full day of detailed layout work. the compact form means i sometimes wish for more screen area, and the speakers are adequate rather than room-filling. those are reasonable compromises for something designed around travel. after thirty-six days of regular use, the candle arc 240 has proven capable, portable, and pleasant to work on. it has survived crowded commutes and hurried room changes without becoming fragile or fussy. for presentations and mobile office work, it has given me the freedom to concentrate on the task instead of the equipment.",True
CORD001360,CUS00477,2019-02-26,Bakers,"[{""product"":""Candle Edge 680"",""quantity"":1}]",2251.4,21.88,-37.760403,145.00092,15,1935.57,Summer,True,5.5371,"i bought vela nova 429 because charging leads had begun collecting in a drawer and on the edge of my desk. the accessory is compact, so placing it beside the socket did not require rearranging anything. i could separate the cables i use every day and keep the less frequently used ones behind them. that simple change made the area look calmer, although the organiser holds fewer thicker leads than i first expected. during the first week, i tried it with phone, tablet, and headphone cables. slimmer cables stayed in their channels without much movement, while a heavier lead occasionally pulled free when i lifted the device from the desk. the material has enough firmness to keep its shape, and the base does not slide much on the surface. it is not a complicated item, but the usefulness depends on placing it where the cables naturally arrive. when i moved it to a lower shelf, reaching the connectors became awkward and the tidy effect was reduced. after 41 days, the channels have not stretched and the finish still looks clean. vela nova 429 has solved the specific problem of loose everyday cables, though it has not replaced a larger storage box for spare accessories. i appreciate that it needs no setup and takes very little room. my view is mixed in a practical way: it is a neat solution for a small group of light cables, but the limited capacity and weaker grip on thick ones should be considered before buying. for my desk, it remains useful enough to keep.",True
CORD001361,CUS00150,2019-06-21,Thompson,"[{""product"":""Candle Flux 990"",""quantity"":1},{""product"":""Vela Halo 569"",""quantity"":1},{""product"":""Candle Orbit 1034"",""quantity"":2}]",3407.38,12.13,-37.830794,144.9301,5,3249.14,Winter,False,2.5063,"the candle quest 426 has been part of my desktop gaming setup for a month, with most of that time spent in competitive matches and voice chat. compared with the older gaming hardware it replaced, it feels more comfortable during longer sessions and keeps the controls within easy reach. voice communication has been clear enough for teammates to follow, and i have not experienced random interruptions during normal play. the controls respond predictably, which matters more to me than having a long list of extra features. there are still differences between this and more specialised equipment. during crowded in-game moments, i notice that the audio or feedback is less detailed than on a higher-end setup i have tried. the materials feel serviceable rather than premium, and the fit requires a small adjustment before i settle in. it works well at my usual desk, but i would not call it especially portable or adaptable to every arrangement. setup was simple, although learning the control layout took a few sessions because several functions are close together. my overall comparison is mixed in a reasonable way. the candle quest 426 supports regular competitive play and voice communication without creating a major obstacle, while its refinement and flexibility are only moderate. i would choose it for a dedicated desktop setup and predictable daily use, but players chasing the most detailed experience may find its limitations more noticeable.",True
CORD001362,CUS00070,2019-06-30,Nickolson,"[{""product"":""Candle Quest 498"",""quantity"":1},{""product"":""Vela Halo 569"",""quantity"":1}]",1457.42,15.27,-37.873051,144.954135,15,1254.08,Winter,False,6.2047,"vela core 147 has fitted my daily routine because it combines simple reminders with an accessible time display. i use it to prompt small habits during work and to check the time when my phone is out of reach. the reminders are noticeable but not so forceful that they interrupt every conversation, and changing them for different parts of the day has been straightforward. the band remains comfortable during long periods at a desk, and the display is readable with a quick glance. its tracking and notification options are not as extensive as those on a more advanced wearable, but i wanted something uncomplicated rather than a second computer on my wrist. after several weeks, vela core 147 has helped me keep a steadier routine and has avoided becoming another source of screen time.",True
CORD001363,CUS00373,2019-05-11,Thompson,"[{""product"":""Candle Flux 990"",""quantity"":2},{""product"":""Candle Orbit 1034"",""quantity"":1},{""product"":""Candle Bloom 1054"",""quantity"":2}]",5670.52,11.39,-37.86119,144.928811,0,5681.91,Autumn,False,5.6281,"candle vista 272 has been useful during field visits where i need forms, notes, and presentation material in one portable device. the screen is large enough for a client to review information beside me, but the tablet remains light enough to carry between appointments. forms open quickly, scrolling stays responsive, and handwritten additions are easy to make when a conversation changes direction. i have also used it to show images and supporting documents without a long pause while changing files. the finish has handled repeated movement in a bag, and the battery has generally lasted through my working day. the speakers are not especially strong in a noisy setting, so i use a quieter position for presentations. that small weakness aside, candle vista 272 has reduced the amount of paper i carry and made visits feel more organised. it is a flexible tool for field forms and face-to-face explanation.",True
CORD001364,CUS00222,2019-12-28,Bakers,"[{""product"":""Candle Orbit 1034"",""quantity"":1},{""product"":""Vela Halo 659"",""quantity"":2},{""product"":""Candle Quest 354"",""quantity"":2},{""product"":""Candle Edge 680"",""quantity"":2},{""product"":""Candle Bloom 1054"",""quantity"":1}]",6869.55,12.69,-37.86442,145.027994,20,5508.33,Summer,False,6.7008,"candle vista 254 has been a dependable companion for commuting and spoken-content listening. pairing took little time, and the connection stayed in place while i moved through the usual parts of my journey. podcasts and audiobooks are clear enough that voices remain easy to follow over ordinary background noise. music is also enjoyable at a moderate level, although it does not have the depth i would seek for serious listening at home. the controls can be reached quickly when i need to pause before entering a conversation or crossing a road. i have worn it through several commutes and found the fit comfortable, though i prefer removing it during longer waiting periods. battery life has covered my normal travel pattern, with charging needed every so often rather than after every outing. candle vista 254 has made the daily trip more pleasant and less repetitive, and its straightforward operation means i can concentrate on getting where i need to go.",True
CORD001365,CUS00324,2019-09-26,Bakers,"[{""product"":""Candle Bloom 1054"",""quantity"":1},{""product"":""Vela Halo 659"",""quantity"":1},{""product"":""Candle Quest 354"",""quantity"":2},{""product"":""Candle Edge 680"",""quantity"":2}]",6022.92,10.83,-37.804718,144.984075,20,4829.17,Spring,False,1.1424,"i installed candle edge 248 to extend coverage between rooms, but the extra range has been unreliable. a phone may connect in the far room while a laptop drops repeatedly from the same area. the signal changes without anyone moving the unit, so i cannot predict which room will remain connected. pairing took several attempts and the instructions left important steps unclear. after a power interruption, the extender sometimes returned with a different status and required another setup. streaming pauses whenever the connection shifts, and video calls become choppy even when the indicator claims the link is active. moving the unit closer helps one room while leaving another with poor coverage. the network operates near the main unit, but the reason for buying candle edge 248 was dependable reach between rooms. its unstable handoff and repeated resets make ordinary use frustrating. i spent too much time troubleshooting and cannot recommend this extender.",False
CORD001366,CUS00132,2019-01-01,Bakers,"[{""product"":""Candle Flux 1098"",""quantity"":2},{""product"":""Candle Orbit 656"",""quantity"":1},{""product"":""Candle Bloom 1000"",""quantity"":1},{""product"":""Candle Quest 354"",""quantity"":3}]",6878.72,14.76,-37.770898,145.054683,15,5861.67,Summer,False,6.7965,"candle edge 428 was installed for video meetings and media streaming. the connection works briefly, then drops during calls and leaves streams paused. recovery is slow, and devices in the next room lose access more often than nearby devices. restarting restores service for a while, but the outage returns without warning. the status screen is confusing and offers little help. it provides a basic network link, but the repeated failures are frustrating and unreliable.",False
CORD001367,CUS00105,2019-06-29,Thompson,"[{""product"":""Candle Orbit 1034"",""quantity"":1},{""product"":""Vela Halo 569"",""quantity"":1},{""product"":""Candle Quest 354"",""quantity"":3},{""product"":""Candle Bloom 1054"",""quantity"":1}]",2389.2,17.62,-37.870226,144.87565,10,2167.9,Winter,False,8.9602,"candle quest 876 has been dependable for competitive games where quick controls and voice communication matter. inputs register without distracting delay, and teammates can hear me clearly during ordinary matches. the equipment remains comfortable through longer sessions and has not developed loose parts. the adjustment mechanism could offer a little more range, but performance has remained strong for my gaming setup.",True
CORD001368,CUS00224,2019-08-14,Thompson,"[{""product"":""Candle Orbit 1034"",""quantity"":1},{""product"":""Candle Flux 1098"",""quantity"":2}]",2174.4,16.28,-37.789249,144.939922,10,1973.24,Winter,False,2.6793,"vela spark 333 was used for casual living-room gaming and compared with a television already connected to the same console. the large display is suitable for a group to see, but the image and controls introduced several distractions. motion looked uneven during quick scenes, with brief judder that was absent on the comparison screen. dark areas also lost detail, making characters and obstacles hard to distinguish. the picture settings offered several modes, yet changing them did not remove the problem and sometimes made colours look harsh. input from the console reached the screen, although there was a noticeable delay during faster games. that lag was less obvious in turn-based play but became frustrating whenever timing mattered. sound from the built-in speakers was thin, and dialogue was frequently covered by effects unless the volume was raised to an unpleasant level. the display did not always wake when the console sent a signal, so i had to use the remote before play could begin. switching from a game to another input occasionally produced a blank screen for several seconds. the older television has a smaller panel, but its motion remains steadier and its input changes are less troublesome. vela spark 333 can show a game and the basic controls respond, yet poor dark-scene detail, judder, input delay, weak audio, and slow waking undermine the intended casual use. in a shared living room, other people noticed the uneven sound and repeated blank frames. i found the product disappointing after extended ownership and would not recommend it for regular gaming, even if its size appears attractive at first.",False
CORD001369,CUS00237,2019-10-07,Bakers,"[{""product"":""Candle Flux 990"",""quantity"":2},{""product"":""Candle Edge 680"",""quantity"":2},{""product"":""Candle Bloom 262"",""quantity"":1}]",9809.97,9.37,-37.787599,144.988329,15,8347.84,Spring,False,2.5632,"candle flux 1026 has worked well for competitive gaming and voice communication. controls feel responsive in busy matches, and team conversations remain clear enough for quick decisions. i tested it during several extended sessions and found no interruptions that affected play. the volume controls take some time to balance, especially when switching games, but the settings can be left alone afterward. it has made my sessions more focused and enjoyable.",True
CORD001370,CUS00042,2019-02-15,Thompson,"[{""product"":""Candle Quest 498"",""quantity"":1},{""product"":""Vela Halo 569"",""quantity"":1},{""product"":""Candle Quest 354"",""quantity"":3}]",2665.76,11.35,-37.771143,144.932698,25,2010.67,Summer,False,4.7875,"vela halo 695 has made our blind routines more consistent and less repetitive. i set the opening and closing schedule, watched it operate for a few days, and then made a small timing adjustment. since that change, the routine has worked smoothly, while manual control remains available when needed. installation requires careful positioning, so it rewards patience at the start. once fitted, it has been a useful and pleasant improvement to the room.",True
CORD001371,CUS00131,2019-04-19,Nickolson,"[{""product"":""Vela Halo 569"",""quantity"":1},{""product"":""Vela Halo 659"",""quantity"":1},{""product"":""Candle Flux 1098"",""quantity"":1},{""product"":""Candle Quest 498"",""quantity"":1}]",2518.37,18.77,-37.810733,144.974787,0,2537.14,Autumn,True,0.9878,"candle orbit 530 has handled the shared home-office duties i bought it for, including documents, email, browser work, and video meetings. different people in the household have used it without a long adjustment period, partly because the layout is familiar and the system responds promptly to ordinary tasks. it is light enough to move from the study to the kitchen table, yet it does not feel delicate when carried between rooms. the keyboard has suited longer typing sessions, and the screen remains readable near a window. after heavier multitasking, the fan becomes noticeable, and i would prefer more quiet during calls, but performance remains steady. it also wakes quickly when i need to check a message between tasks. candle orbit 530 has been a capable, convenient machine for shared administration and home-office work.",True
CORD001372,CUS00421,2019-02-28,Nickolson,"[{""product"":""Candle Orbit 1034"",""quantity"":1},{""product"":""Candle Bloom 1054"",""quantity"":2}]",1481.62,12.56,-37.874163,144.992875,10,1346.02,Summer,False,6.5094,"after owning candle lumen 598 for two years, i have found it a practical way to extend coverage between the study and the living room. setup took a little patience because i had to try two positions before finding one that reached the main router and the far room properly, but the indicator and the instructions made the process understandable. once placed, phones, a laptop and a television have stayed connected without the repeated dropouts i had before. streaming in the back room is now smooth, and ordinary browsing remains responsive even when several people are using the network. the unit has also remained quiet and cool during long periods of use. it is not the smallest networking device, and the status light is brighter than i would choose for a bedroom, yet those are minor complaints. candle lumen 598 has made coverage more consistent and has continued to do its job reliably, so i am pleased with the purchase.",True
CORD001373,CUS00363,2019-09-20,Bakers,"[{""product"":""Candle Bloom 262"",""quantity"":1},{""product"":""Candle Quest 354"",""quantity"":1}]",1521.05,22.99,-37.869535,145.014483,5,1467.99,Spring,True,6.8329,"the vela atlas 143 has been a welcome improvement over the small screen i previously used for showing presentations and photos. the larger display makes shared viewing more comfortable, especially when several people are gathered around it. text in a presentation is easier to follow from a little distance, and photographs have more presence than they did on my older display. i have used it for informal presentations at home as well as for browsing albums with family, and both activities feel more communal. what distinguishes the vela atlas 143 for me is the balance between a useful viewing area and a simple everyday role. i can set it up for a presentation without turning the room into a complicated media station. when it is not being used for work, it serves well for looking through photos and revisiting travel memories. compared with a basic monitor, it feels more suited to shared viewing, while compared with a very large entertainment screen, it is less imposing in an ordinary room. the display is best appreciated from a reasonable position, and small text still benefits from a closer look. i also find that preparing a polished presentation takes the same care as it would on any screen. those are ordinary expectations rather than serious faults. after repeated use, the vela atlas 143 has made presentations easier to share and photographs more enjoyable to revisit. it is a thoughtful choice for someone who wants one screen to support both practical viewing and relaxed home entertainment.",True
CORD001374,CUS00303,2019-07-18,Thompson,"[{""product"":""Candle Bloom 262"",""quantity"":1}]",1118.27,14.86,-37.852566,144.905894,0,1133.13,Winter,False,5.723,"after several weeks with vela nova 303, our living-room film nights have become much more relaxed. the display is bright enough for daytime television, while evening scenes remain detailed without needing constant adjustment. family members can sit at different angles and still follow what is happening, which suits shared viewing particularly well. the controls became familiar quickly, and changing between films, programmes, and casual viewing feels straightforward. it also starts consistently after being left unused, so there is no awkward pause when everyone is ready. the built-in sound is adequate for ordinary dialogue, although we sometimes use separate speakers for a fuller film experience. that minor limitation does not outweigh the clear picture and pleasant day-to-day operation. vela nova 303 has settled into our home as a capable, enjoyable screen that i am happy to keep using.",True
CORD001375,CUS00161,2019-07-10,Thompson,"[{""product"":""Vela Halo 569"",""quantity"":1},{""product"":""Candle Bloom 1054"",""quantity"":1},{""product"":""Candle Bloom 1000"",""quantity"":1},{""product"":""Candle Quest 498"",""quantity"":1}]",3723.11,17.06,-37.753832,144.888909,0,3740.17,Winter,False,8.3026,"i used candle vista 470 for photo sorting, short video projects, and general document work during the 41 days i have owned it. the large working area made timelines and editing panels less cramped than on my previous portable computer. the keyboard was comfortable for writing notes between tasks, and the trackpad gave me enough control for selecting clips and adjusting small items. starting a project was usually quick, so the laptop settled into my routine without a difficult learning period. light photo edits and ordinary media work ran smoothly. once i began handling a larger collection of source files and several layers, previews took longer to appear and the fans became noticeable. exporting a finished project was possible without errors, but the machine felt busy for much of the process and the surface warmed near the centre. that did not stop the work, although i preferred using it on a firm desk rather than my lap. the display presents colours attractively for general editing, but i still checked important results elsewhere before sharing them. the hinge remains firm, the ports have been convenient, and the battery covers shorter creative sessions away from a charger. candle vista 470 is a versatile portable editor for moderate projects, especially when screen space matters. it is not a silent or effortless tool once the workload grows. i am pleased with its balance of mobility and everyday performance, yet the heat, fan noise, and slower previews under heavier editing leave me with a deliberately mixed assessment.",True
CORD001376,CUS00353,2019-07-10,Bakers,"[{""product"":""Vela Halo 659"",""quantity"":1}]",264.71,32.54,-37.775372,144.990798,0,291,Winter,True,3.8697,"vela atlas 611 has been a reliable phone for mobile photography and messaging. daylight photos look natural, and sharing them in conversations is quick enough for family updates. the screen is comfortable for reviewing pictures, while the body remains manageable during one-handed replies. indoor shots need a steadier hand, but that is a minor limitation. for ordinary snapshots and communication, it has been a satisfying companion.",True
CORD001377,CUS00452,2019-10-16,Thompson,"[{""product"":""Candle Orbit 1034"",""quantity"":1},{""product"":""Candle Bloom 1000"",""quantity"":1},{""product"":""Candle Orbit 656"",""quantity"":1},{""product"":""Candle Bloom 1054"",""quantity"":1}]",5109.67,10.76,-37.784193,144.911182,0,5120.43,Spring,False,4.4689,"candle vista 236 has made portable gaming much easier in our household. i bought it for journeys and short sessions away from the main setup, and it has handled both without feeling fragile. the controls are comfortable for ordinary play, with buttons that respond predictably and a layout i learned quickly. loading a game after a break is fast enough to keep a spare half hour from disappearing into setup. the screen remains clear in different rooms, and the built-in sound is fine for casual play, although headphones are preferable when travelling. i have carried it in a small bag several times and have not noticed unwanted movement or creaking. longer sessions make the rear slightly warm, but not uncomfortably so. candle vista 236 strikes a pleasing balance between convenience and playability. it is not intended to replace a larger gaming station, yet for travel and relaxed sessions it has been a welcome addition.",True
CORD001378,CUS00022,2019-11-14,Bakers,"[{""product"":""Candle Bloom 1054"",""quantity"":1},{""product"":""Candle Orbit 1034"",""quantity"":1},{""product"":""Candle Flux 990"",""quantity"":1},{""product"":""Candle Flux 1098"",""quantity"":1}]",3922.46,10.69,-37.7718,145.006688,15,3344.78,Spring,False,4.3649,"candle bloom 586 replaced a fixed gaming setup that was powerful enough but awkward to move. the comparison is most obvious when travelling: this unit slips into a bag and lets me continue casual gaming without arranging a whole desk around it. it is not intended to replace a large stationary setup for every demanding title, yet for portable play it has been a far more practical companion than the equipment i used before. the controls took a short period of adjustment because the layout is tighter than a full-size arrangement. once i became familiar with it, ordinary sessions felt natural, and the response stayed consistent across shorter games and longer evenings. the screen is usable in changing rooms and hotel lighting, although i sometimes want a little more space around busy game interfaces. that is a limitation of the portable format rather than a serious flaw in this model. what i value most is the way candle bloom 586 handles interruptions. i can pause, close it, and resume later without the whole experience feeling like a major setup exercise. the casing has travelled in a crowded backpack and still looks orderly. it is light enough for a train journey, but does not feel so delicate that i am afraid to carry it between rooms. compared with my old desktop, this is quieter and dramatically easier to relocate. compared with a small tablet, it offers controls that suit games much better and does not make every session feel improvised. battery life depends on how intensely i play, so long journeys still call for a charger. for someone who values travel, flexible seating, and uncomplicated gaming, candle bloom 586 has been a strong improvement.",True
CORD001379,CUS00064,2019-11-29,Thompson,"[{""product"":""Candle Bloom 1000"",""quantity"":2},{""product"":""Candle Edge 680"",""quantity"":1},{""product"":""Candle Quest 498"",""quantity"":2},{""product"":""Candle Flux 1098"",""quantity"":2}]",10092.22,14.28,-37.765475,144.917284,25,7583.44,Spring,False,5.8646,"candle edge 554 has been unreliable for commuting and spoken-content listening. the connection drops when i move through crowded areas, then returns with a delay that causes missed words. podcasts and other spoken programs are especially difficult because the interruptions break sentences and make me rewind repeatedly. the controls are small and awkward to use while walking, and volume changes do not always register on the first attempt. background noise also exposes the weak clarity, so voices become difficult to follow unless the volume is pushed high. i kept testing it on different journeys, but the same problems continued. it produces sound and can connect to a device, yet those basic functions do not make it suitable for regular travel. candle edge 554 has made commuting more irritating, and its poor reliability leaves me unable to recommend it.",False
CORD001380,CUS00020,2019-12-08,Bakers,"[{""product"":""Candle Orbit 656"",""quantity"":1},{""product"":""Candle Edge 680"",""quantity"":1}]",4513.46,9.76,-37.787444,144.997878,20,3620.53,Summer,False,2.5184,"i chose candle lumen 922 for field forms and client presentations, and after seventeen days it has proved more suitable than carrying a laptop for every visit. the tablet starts quickly, fits into a small work bag and can be held while standing with less effort than my older computer. when a client needs to review a form or look at a presentation, the screen is easier to share than a phone and less intrusive than opening a full laptop on a small table. the form routine has been smooth. i can move through the fields, pause to discuss an answer and return to the document without losing my place. for presentations, the display is clear enough in the indoor spaces where i have used it, and the touch controls make it simple to move through pages. a laptop remains preferable when i need extensive typing or several windows, while a phone is more convenient for a very quick message. candle lumen 922 occupies the useful space between those options. i appreciate that it feels like a work tool rather than a fragile showpiece. the casing has travelled in my bag without new marks, and the battery has covered my ordinary visits without making me search for an outlet halfway through the day. i have not tested it in harsh outdoor conditions, so i would avoid claiming more than my normal use supports. even with that boundary, candle lumen 922 has reduced the weight of my kit and made client interactions more natural. it is a worthwhile choice for forms and presentations.",True
CORD001381,CUS00148,2019-12-04,Thompson,"[{""product"":""Candle Flux 1098"",""quantity"":2},{""product"":""Vela Halo 569"",""quantity"":1},{""product"":""Candle Bloom 262"",""quantity"":1}]",2859.84,10.74,-37.840604,144.919888,25,2155.62,Summer,False,3.9173,"candle edge 392 has become a useful surface for drawing and lightweight creative work. i can sketch ideas, make quick annotations, and review them later without setting up a larger workstation. the screen gives the activity enough room to feel natural, and the response has stayed consistent during repeated use. i particularly like being able to move from a rough drawing to a reference image without changing devices. it is not intended for the most demanding creative projects, so i still use a fuller setup when a task becomes complex, but that boundary is clear. the tablet is comfortable to carry and has remained in good condition despite being moved between rooms. candle edge 392 has encouraged more spontaneous drawing and has provided a pleasant, practical tool for the lighter creative work i actually do.",True
CORD001382,CUS00059,2019-06-22,Bakers,"[{""product"":""Candle Orbit 656"",""quantity"":2},{""product"":""Vela Halo 659"",""quantity"":1},{""product"":""Candle Orbit 1034"",""quantity"":1}]",5370.75,15.67,-37.863422,145.029666,15,4580.81,Winter,False,6.666,"candle arc 276 has performed well during competitive matches where quick input and clear voice communication matter. the controls feel responsive when the action becomes busy, and i have not noticed distracting hesitation during the sessions i have played. teammates have heard my speech clearly, while incoming conversation remains distinct enough to follow alongside game audio. the layout is comfortable through longer matches, and the construction gives the impression that it will tolerate regular use. the controls are a little close together until i become accustomed to them, and the finish shows marks quickly, but neither point changes the overall experience. candle arc 276 has made competitive play more enjoyable and consistent.",True
CORD001383,CUS00232,2019-03-22,Thompson,"[{""product"":""Candle Edge 680"",""quantity"":1},{""product"":""Candle Orbit 656"",""quantity"":1},{""product"":""Vela Halo 569"",""quantity"":1},{""product"":""Vela Halo 659"",""quantity"":1},{""product"":""Candle Orbit 1034"",""quantity"":1}]",5509.18,9.13,-37.788596,144.953383,20,4416.47,Autumn,False,2.7341,"i have used vela ridge 905 for several weeks to manage the lamps in a shared living room, and my impression is mixed. the initial setup was fairly straightforward: i connected the unit, assigned the room, and created separate routines for morning and evening. once configured, switching the lights from the app is responsive enough for ordinary use, and the scheduled changes usually happen when expected. being able to adjust the room without getting up is convenient when i am already settled at my desk or watching something. compared with using the wall switches, the app offers more flexibility, especially when i want several lights to change together. the routine editor is also more capable than i expected, although some settings are tucked away and take a little searching. a guest who had not used it before needed an explanation, so i would not describe the controls as completely obvious. the app occasionally takes a moment to refresh the current state, which makes me check twice before pressing a second command. after longer ownership, the main limitation has been consistency between devices. one lamp sometimes remains unchanged until i repeat the command, particularly after the phone has been idle. this has not stopped me using the system, but it prevents it from feeling entirely dependable. the hardware itself has remained in place without trouble, and the warranty gives some reassurance. compared with a basic timer, vela ridge 905 provides more control; compared with a simple switch, it introduces another layer to manage. it is a capable middle ground, though i would prefer faster status updates and more predictable response.",True
CORD001384,CUS00267,2019-02-08,Thompson,"[{""product"":""Candle Flux 1098"",""quantity"":1},{""product"":""Candle Quest 354"",""quantity"":1},{""product"":""Candle Flux 990"",""quantity"":1}]",3293.47,9.31,-37.829432,144.946316,20,2644.09,Summer,False,1.8647,"the vela wave 247 combines everyday timekeeping with reminders in a way that suits my routine. the display is readable at a glance, reminders arrive when expected, and the lightweight design remains comfortable throughout the day. i have used it regularly for nearly a month without connection problems. the reminder library is not especially broad, but the essential choices are covered. it is a pleasant, low-effort wearable that i am glad to keep using.",True
CORD001385,CUS00084,2019-01-23,Bakers,"[{""product"":""Candle Orbit 1034"",""quantity"":1},{""product"":""Candle Quest 354"",""quantity"":2},{""product"":""Vela Halo 569"",""quantity"":1}]",1536.57,13.11,-37.85436,145.056593,5,1472.85,Summer,False,7.3058,"vela spark 279 has stopped the charging cables on my desk from sliding behind furniture or tangling together. each lead stays in its place, and i can remove one without disturbing the others. it attaches firmly and looks unobtrusive beside the monitor. very stiff cables need more careful positioning, but ordinary leads fit well. this is a small accessory that has made my daily workspace noticeably neater.",True
CORD001386,CUS00147,2019-08-11,Bakers,"[{""product"":""Candle Flux 990"",""quantity"":3},{""product"":""Vela Halo 569"",""quantity"":1},{""product"":""Candle Bloom 262"",""quantity"":1}]",7550.71,12.83,-37.780294,144.990729,10,6808.47,Winter,False,3.3263,"i bought the vela spark 891 for the family because our old phone had become awkward for everyone to share. during the first few days i moved contacts, set up the family messaging groups, and installed the casual apps we use in the evenings. the process was straightforward, and the phone settled into daily life without demanding much attention. calls have been easy to hear around the house, messages arrive promptly, and switching between a chat, a weather check, and a simple game feels responsive enough for what we do. after using it for a few weeks, i have come to appreciate the balance between a modern 5g connection and an uncomplicated everyday experience. my teenager uses it for music and casual games, while i mostly read messages, check maps, and make calls. the screen remains readable from different angles at the kitchen table, and the handset has not felt tiring during longer conversations. it also handled a busy afternoon of sharing photos and joining several family conversations without turning the routine into a struggle. there are small compromises. the outer finish picks up fingerprints quickly, and the built-in speaker is merely serviceable when several people are listening together. neither issue affects private calls or normal app use, and the phone has remained dependable through ordinary family handling. i have not needed support, but knowing the vela spark 891 comes with a 24-month warranty adds reassurance. it feels like a sensible family phone that gives us the communication tools we need without unnecessary fuss, and i am pleased with the purchase.",True
CORD001387,CUS00188,2019-10-01,Thompson,"[{""product"":""Candle Bloom 1000"",""quantity"":2},{""product"":""Vela Halo 569"",""quantity"":1},{""product"":""Candle Quest 354"",""quantity"":1},{""product"":""Candle Flux 1098"",""quantity"":1},{""product"":""Candle Orbit 1034"",""quantity"":1}]",5561.71,22.36,-37.801505,144.88059,10,5027.9,Spring,True,5.9709,"vela spark 513 has settled into our home more successfully than the small speaker and phone combination we used before. its display gives the device a more useful presence, especially when choosing spoken programmes or checking what is playing. i can see the current item at a glance instead of reaching for another screen, and the arrangement feels pleasant when several people are listening together. music playback is enjoyable at ordinary room volume. voices in podcasts and audiobooks sound distinct, while songs have enough body for cooking, tidying, or relaxing in the evening. compared with the older speaker, the sound feels less thin and the controls are easier to understand. i have also found the display helpful when changing between different types of content, because the information is visible without interrupting what is playing. the comparison became especially clear during a weekend when we moved the unit between the living room and dining area. it was simple to place, and nobody needed a long explanation before using it. the interface is less distracting than a phone, and the device works well as a shared point for music requests. it has also been useful for short spoken-content sessions while preparing meals, where a glance at the screen is more convenient than handling a phone with wet hands. there are limits. it is not the sort of system i would choose for a large gathering or for carefully arranged music listening, and the screen is mainly informative rather than a substitute for a full tablet. still, those limits are reasonable for its role. vela spark 513 combines playback with a visible, approachable interface, and it has made everyday listening smoother than my previous setup. after extended use, i prefer it whenever the household wants simple music or spoken content without passing one small device around.",True
CORD001388,CUS00235,2019-05-18,Thompson,"[{""product"":""Candle Quest 354"",""quantity"":1}]",402.78,11.64,-37.793801,144.88369,5,394.28,Autumn,False,5.9506,"i have used the vela halo 551 for communication and navigation throughout the past month, and it has settled into my routine without being especially memorable. calls are clear enough for ordinary conversations, messages arrive promptly, and navigation has helped me find unfamiliar streets without much fuss. the phone feels manageable in one hand, which matters when i am carrying groceries or checking directions while walking. its basic everyday performance has been consistent. there are also moments that interrupt that impression. switching between navigation and messages can feel sluggish, particularly after several applications have been open for a while. i have seen the display hesitate before showing a page, and the battery level drops noticeably on days when navigation is running for a long time. neither issue has prevented me from completing a task, but both have made me plan charging more carefully. the camera is adequate for quick snapshots, though i would not choose it for photographs that matter. the vela halo 551 is a reasonable communication and navigation device for someone with ordinary expectations. it handles the central jobs and has not given me a serious failure, but the occasional delay and modest endurance keep it from feeling polished. i am neither disappointed nor enthusiastic. after established use, my view is simply that it is serviceable, with enough strengths to continue using it and enough limitations to make a future upgrade tempting.",True
CORD001389,CUS00386,2019-07-01,Bakers,"[{""product"":""Candle Edge 680"",""quantity"":1},{""product"":""Vela Halo 659"",""quantity"":2},{""product"":""Candle Orbit 1034"",""quantity"":1}]",3362.74,17.5,-37.745053,145.052838,10,3043.97,Winter,False,8.8193,"vela atlas 953 has improved our shared film and television evenings because it gives everyone a comfortable view from the sofa. compared with the smaller display we used before, subtitles are easier to follow and scenes remain enjoyable when someone sits off to the side. the picture has a lively quality without becoming harsh, and ordinary programmes look natural enough that we rarely adjust the settings. it feels designed for relaxed family viewing rather than for someone who wants to spend every evening calibrating a screen. we have used it for films, television series, family recordings, and occasional live programmes. switching between sources is straightforward, and the response after pressing a button is generally prompt. compared with our previous display, the menus create fewer interruptions when we are settling down to watch something. sound is clear for dialogue, which matters because some family members prefer a lower volume. for an action film i sometimes use separate speakers, but the built-in audio remains suitable for everyday viewing. the larger screen has also made group viewing more enjoyable because people do not need to sit directly in front of it. vela atlas 953 wakes quickly, and the remote is simple enough for visitors to use after a brief explanation. reflections are visible when sunlight reaches the room, and the smart menus contain a few choices we have not needed. these are modest drawbacks rather than reasons for concern. compared with the screen it replaced, this model offers a better balance of clarity, ease, and shared comfort. after several weeks of regular use, it has become the natural centre of our evenings and has earned a positive recommendation from me.",True
CORD001390,CUS00482,2019-06-11,Thompson,"[{""product"":""Candle Orbit 1034"",""quantity"":1},{""product"":""Vela Halo 569"",""quantity"":1}]",731.01,23.99,-37.813815,144.933928,10,681.9,Winter,True,1.1613,"i have used candle bloom 262 for streaming, browsing, and occasional video calls around the house. its size makes it comfortable to move between rooms, and media playback has been smooth during normal use. the front camera is adequate for conversations, although the image is not as bright in a dim room. shared use is simple because it starts quickly and feels approachable. it is a useful general tablet, with ordinary rather than remarkable performance.",True
CORD001391,CUS00335,2019-06-12,Thompson,"[{""product"":""Candle Quest 498"",""quantity"":2},{""product"":""Candle Edge 680"",""quantity"":1}]",4868.06,21.65,-37.746881,144.88743,20,3916.1,Winter,False,8.9996,"i bought the vela halo 875 to replace a basic room gauge and expected a less awkward way to watch indoor temperature and humidity. after 33 days of ownership, the comparison is disappointing. the halo 875 does display both readings, but the figures are slow to settle after moving it between rooms and often differ noticeably from the older gauge sitting beside it. that makes the main purpose frustrating rather than reassuring. setup was not difficult in theory, yet the instructions leave too many small questions unanswered. the screen is readable from directly in front, but its narrow viewing angle becomes a problem on a shelf or desk. i have to stand close and at the right height to check it, while the older gauge can be glanced at from across the room. the casing also feels more delicate than expected, and the display gathers reflections near a window. these are not fatal defects, but they make routine checks awkward and tiring. during ordinary use, the device records changes eventually, though the response is inconsistent when cooking, showering, or opening a window. humidity can remain at the earlier level long after the room has changed, then shift abruptly. temperature readings are less troublesome, but still not steady enough for comparison from one room to another. i wanted a dependable picture of indoor conditions and instead spent time wondering whether a change was real or merely delayed. the 12-month warranty provides some cover, but it does not solve the daily inconvenience or the uncertainty around the readings. compared with a plain gauge, the vela halo 875 looks more substantial while offering a more frustrating ownership experience. its basic display operates, yet the sluggish response, restricted viewing angle, and questionable consistency outweigh that limited function. i regret replacing the simpler gauge and cannot recommend the vela halo 875 for anyone seeking straightforward indoor monitoring.",False
CORD001392,CUS00451,2019-03-27,Bakers,"[{""product"":""Candle Bloom 1054"",""quantity"":1},{""product"":""Candle Bloom 262"",""quantity"":1},{""product"":""Candle Orbit 1034"",""quantity"":2},{""product"":""Candle Quest 498"",""quantity"":1}]",4040.29,10.84,-37.840996,145.03522,5,3849.12,Autumn,False,4.9211,"candle orbit 1088 has made guest-network management much more orderly in my home. i can provide visitors with a separate connection without mixing their devices into the main arrangement, and removing access later is straightforward. the management screen groups the connected equipment clearly, which helps me understand what is active without guessing from unfamiliar labels. setting up a guest connection was not difficult, and the changes i make in the control panel appear quickly. i have used it when friends visit and when several temporary devices need access for a short period. the unit has remained stable during ordinary browsing and streaming. some of the deeper settings take time to interpret, but the basic controls are clear enough for routine management. candle orbit 1088 gives me useful visibility without requiring constant technical attention. separating visitors from household devices has made sharing the connection more comfortable, and keeping the list tidy is now much easier. it is a sensible networking tool for anyone who wants practical control over a busy home network.",True
CORD001393,CUS00339,2019-05-15,Bakers,"[{""product"":""Vela Halo 659"",""quantity"":1},{""product"":""Vela Halo 569"",""quantity"":2}]",562.89,8.06,-37.822109,144.993642,20,458.37,Autumn,False,1.3541,"vela spark 423 has made family media streaming reasonably easy to share. the display is pleasant for ordinary viewing, and the main navigation is familiar. switching between services can take longer than expected, especially when more than one person is choosing content. the delays interrupt the flow but do not prevent use. it is a workable family screen, although the software experience is less smooth than the hardware suggests.",True
CORD001394,CUS00308,2019-05-05,Bakers,"[{""product"":""Vela Halo 569"",""quantity"":1},{""product"":""Candle Orbit 1034"",""quantity"":1},{""product"":""Candle Quest 498"",""quantity"":2}]",3347.67,22.83,-37.841646,145.053294,0,3370.5,Autumn,True,6.1961,"vela nova 123 has become the screen my family uses most often for evening streaming. the picture is pleasant from different seats, and menus respond quickly enough that nobody is left waiting while choosing a programme. we have used it for films, television, and occasional short videos, with sound that fills our room without needing to be pushed to an uncomfortable level. setup was simple, including joining the household network and arranging the applications we use most. the remote is fairly compact, though a few buttons are close together and take some familiarity. after more than a month, playback has remained stable and the display has not shown any distracting faults. it also wakes promptly when someone wants to watch something casually. vela nova 123 is not a cinema replacement, but it gives us an enjoyable shared viewing experience and has earned its place in the living room.",True
CORD001395,CUS00377,2019-02-26,Bakers,"[{""product"":""Candle Flux 990"",""quantity"":3},{""product"":""Candle Orbit 656"",""quantity"":1},{""product"":""Candle Quest 498"",""quantity"":1}]",9853.74,11.59,-37.822682,145.05139,10,8879.96,Summer,False,5.1307,"candle orbit 1034 has been a convenient choice for music playback in our shared room. it starts quickly, sounds clear at ordinary volume and is simple enough for everyone to operate. the unit does not deliver especially strong bass, so it is better for background listening than for a full party. within that role, it has worked consistently and made everyday music more enjoyable.",True
CORD001396,CUS00286,2019-02-23,Bakers,"[{""product"":""Candle Quest 498"",""quantity"":2},{""product"":""Candle Edge 680"",""quantity"":2},{""product"":""Candle Quest 354"",""quantity"":2}]",7925.02,11.49,-37.768245,144.97463,0,7936.51,Summer,False,4.983,"vela halo 605 has controlled the lights in one room for about a month. compared with reaching for the wall switch each time, changing the room from the app is convenient when i am already carrying the phone or want to turn the light off from another part of the home. the controls are clear enough for everyday on and off use, and the chosen setting usually responds without a long wait. shared use is less seamless because another person has to install the app and become familiar with the arrangement. the initial setup took more attention than i expected. i had to check the connection and repeat one step before the room appeared correctly, although subsequent use has been less troublesome. the app is fine for a single room but begins to feel cluttered when i try to organise several lighting actions. there have also been occasional delays after the home network has been busy. the physical light operation remains available, which is reassuring, but it means the app is an additional convenience rather than an essential replacement. compared with ordinary switching, vela halo 605 adds useful remote control and makes routine adjustments easier in some situations. compared with a more mature home automation arrangement, it feels limited in organisation and setup polish. i am keeping it in the room where it is installed, but i would want a simpler process before extending the system throughout the home.",True
CORD001397,CUS00074,2019-12-27,Thompson,"[{""product"":""Candle Quest 498"",""quantity"":2},{""product"":""Candle Bloom 1000"",""quantity"":1},{""product"":""Vela Halo 569"",""quantity"":1}]",4581.59,12.1,-37.762152,144.928227,0,4593.69,Summer,False,5.8566,"candle bloom 1000 has been a strong fit for document work and video meetings away from my main desk. it is light enough to carry between rooms and meetings, yet the keyboard does not feel cramped when i am writing for a long period. documents open promptly, video calls remain smooth, and the camera gives a clear enough picture for routine conversations. the battery has covered ordinary workdays when i remembered to lower the brightness. the screen is somewhat reflective near windows, and the speakers lack depth for entertainment, but those are small compromises for a portable computer. candle bloom 1000 has made working from different locations more convenient and has performed consistently since i started using it.",True
CORD001398,CUS00160,2019-05-05,Thompson,"[{""product"":""Candle Quest 498"",""quantity"":1},{""product"":""Candle Edge 680"",""quantity"":1},{""product"":""Candle Bloom 1000"",""quantity"":1},{""product"":""Candle Flux 990"",""quantity"":1},{""product"":""Candle Bloom 1054"",""quantity"":3}]",8819.57,15.87,-37.767792,144.882966,15,7512.5,Autumn,False,7.5256,"i used candle vista 1046 for game streaming and recording, but the results were disappointing from the first session. the device captures a basic signal, yet the stream repeatedly develops stutters when the game becomes busy. audio and video also drift apart often enough to make recorded clips awkward to watch. i tried changing the capture settings and reconnecting the cables, but the same problem returned during later sessions. the software interface adds more frustration. important controls are buried in menus, and the preview can freeze while the recording indicator continues to show activity. on one occasion i discovered that a long session had not been saved properly, which made the hardware difficult to trust. heat from the unit is noticeable during extended use, and the casing feels less substantial than expected. candle vista 1046 handles a simple input, but unreliable streaming, poor software feedback, and lost recordings make it unsuitable for serious media capture. i regret buying it.",False
CORD001399,CUS00102,2019-09-14,Bakers,"[{""product"":""Candle Flux 990"",""quantity"":1},{""product"":""Vela Halo 569"",""quantity"":2},{""product"":""Candle Quest 498"",""quantity"":1},{""product"":""Candle Bloom 262"",""quantity"":1},{""product"":""Candle Orbit 1034"",""quantity"":1}]",5401.15,10.01,-37.803145,145.033424,20,4330.93,Spring,False,3.4407,"candle bloom 280 has been shared between two people for administration, email, research, and ordinary home-office work. our previous laptop handled those tasks, but it felt slow whenever several browser pages and documents were open. this model has made that routine less interrupted. switching between a form, a spreadsheet, and reference pages feels more fluid, and i have not had to close work simply to make room for the next task. the keyboard was comfortable from the first long session, and the screen is suitable for reading without making every document feel cramped. my partner and i have different preferences for brightness and arrangement, yet both of us adjusted quickly. compared with the older laptop, candle bloom 280 also feels easier to carry from a desk to the kitchen table. it is light enough for that movement while still feeling solid when opened. the hinge has not developed any looseness during our use. i have used it for household forms, online research, note taking, and video meetings. calls have been clear, and the laptop has remained responsive while i keep notes nearby. battery performance has suited our normal working periods, although long sessions away from a power source still require planning. it is not intended for demanding creative software or intensive games, and i have not judged it on those tasks. for a shared home-office computer, candle bloom 280 is a noticeable improvement over our old machine: quicker in everyday work, comfortable to handle, and dependable enough that neither of us minds using it.",True
CORD001400,CUS00270,2019-12-24,Bakers,"[{""product"":""Candle Bloom 1054"",""quantity"":1},{""product"":""Candle Flux 990"",""quantity"":1},{""product"":""Candle Flux 1098"",""quantity"":1}]",3340.54,24.2,-37.801215,145.062622,15,2863.66,Summer,True,6.0005,"i compared candle lumen 490 with my previous travel laptop during several presentation trips. the candle machine is lighter to carry than the older model, but that advantage disappeared once i began working on it. the keyboard feels cramped, the touchpad often interpreted an intended click incorrectly, and the hinge resisted being opened on a narrow table. preparing slides in a hotel room became an awkward series of corrections rather than a smooth routine. presentation use exposed further weaknesses. the display was adequate for showing basic slides, yet it became difficult to view from an angle, and switching between the presentation and a document caused noticeable pauses. battery performance also varied sharply between light editing and video playback. my older laptop was heavier, but it behaved more consistently under the same travel workload. candle lumen 490 seems designed around portability while ignoring the practical strain of repeated setup and packing. after a few weeks, the palm rest showed marks from ordinary carrying, and the fan became distracting during longer sessions. the ports are placed close together, so a charger and adapter can block one another. customer support walked me through power settings, but the changes did not remove the delays. the laptop can display a presentation, which is a limited neutral fact, but it is frustrating for travel-based work. compared with the previous machine, candle lumen 490 is a disappointing compromise, and i regret choosing it.",False
CORD001401,CUS00363,2019-12-27,Bakers,"[{""product"":""Candle Flux 990"",""quantity"":1},{""product"":""Candle Quest 498"",""quantity"":1},{""product"":""Candle Orbit 1034"",""quantity"":1},{""product"":""Candle Bloom 1054"",""quantity"":1}]",4434.55,12.78,-37.869535,145.014483,0,4447.33,Summer,False,6.8329,"the vela atlas 143 has been a welcome improvement over the small screen i previously used for showing presentations and photos. the larger display makes shared viewing more comfortable, especially when several people are gathered around it. text in a presentation is easier to follow from a little distance, and photographs have more presence than they did on my older display. i have used it for informal presentations at home as well as for browsing albums with family, and both activities feel more communal. what distinguishes the vela atlas 143 for me is the balance between a useful viewing area and a simple everyday role. i can set it up for a presentation without turning the room into a complicated media station. when it is not being used for work, it serves well for looking through photos and revisiting travel memories. compared with a basic monitor, it feels more suited to shared viewing, while compared with a very large entertainment screen, it is less imposing in an ordinary room. the display is best appreciated from a reasonable position, and small text still benefits from a closer look. i also find that preparing a polished presentation takes the same care as it would on any screen. those are ordinary expectations rather than serious faults. after repeated use, the vela atlas 143 has made presentations easier to share and photographs more enjoyable to revisit. it is a thoughtful choice for someone who wants one screen to support both practical viewing and relaxed home entertainment.",True
CORD001402,CUS00068,2019-02-01,Thompson,"[{""product"":""Candle Bloom 1000"",""quantity"":1}]",1815.84,15.27,-37.888397,144.87775,5,1740.32,Summer,False,10.3895,"i have worn the vela spark 477 through regular exercise sessions for several weeks. it gives me a quick summary afterward, so i can see how a session went without much fuss, and the companion display is straightforward to read. the band itself is light enough for movement, though i notice it during longer sessions and the controls take a little practice. it has become a useful record of my routine, but i would not call it especially polished.",True
CORD001403,CUS00375,2019-11-25,Nickolson,"[{""product"":""Candle Bloom 1054"",""quantity"":1},{""product"":""Vela Halo 659"",""quantity"":2},{""product"":""Candle Orbit 1034"",""quantity"":1},{""product"":""Candle Quest 498"",""quantity"":2}]",4177.85,12.93,-37.885145,144.960802,10,3773,Spring,False,7.4398,"candle flux 414 has been part of my focused desk routine for twenty days, mainly for music while reading and writing. the wireless connection has stayed consistent near my desk, and the sound is balanced enough for background listening without requiring constant adjustment. voices and lighter instruments are easy to follow, while bass-heavy tracks feel less full than they do through my larger home speakers. the ear cups remain comfortable for a couple of hours, though warmth builds up during longer sessions. compared with my older wired headphones, candle flux 414 gives me more freedom to stand up or reach a shelf without interrupting the music. the wired pair still produces a broader sound and never needs charging, so it remains preferable when i am settled for serious listening. flux 414 is more convenient for daily work, but the controls are small and i sometimes press the wrong one when changing volume. pairing was straightforward after the first attempt, although moving between devices is not completely seamless. the exterior feels ordinary rather than luxurious, and the hinges deserve gentle handling. battery performance has suited my weekday use, but a long weekend away would require planning. leakage is modest at normal volume, yet people nearby can hear more than i expected in a quiet room. candle’s warranty is reassuring, although support has not been needed. overall, candle flux 414 offers a sensible balance of comfort and convenience, with sound quality and controls that keep it from being a clear upgrade for dedicated listening.",True
CORD001404,CUS00099,2019-03-04,Bakers,"[{""product"":""Candle Edge 680"",""quantity"":1},{""product"":""Candle Flux 990"",""quantity"":1},{""product"":""Candle Orbit 1034"",""quantity"":1},{""product"":""Candle Orbit 656"",""quantity"":1},{""product"":""Candle Bloom 262"",""quantity"":1}]",8308.1,9.61,-37.830999,145.022494,15,7071.49,Autumn,False,3.3449,"candle shift 826 has improved the communication side of my gaming sessions. i use it for competitive matches where quick instructions matter, and my teammates have reported that my voice comes through clearly without the muffled quality i had before. the fit stays secure while i play, and the controls are close enough to reach without leaving the game. i have also used it for casual chat, where the same clear voice pickup is helpful. the cable and controls take a little organising on a crowded desk, and the sound profile is more focused on communication than on rich music, but that matches its main purpose. after repeated sessions, it has remained comfortable and has not introduced distracting connection problems. candle shift 826 gives me dependable voice communication and lets me concentrate on the match rather than adjusting equipment. it is a practical piece of gaming hardware that has earned a permanent place beside my controller.",True
CORD001405,CUS00166,2019-12-11,Nickolson,"[{""product"":""Candle Bloom 1054"",""quantity"":2}]",899.7,8.82,-37.828859,144.966244,15,773.57,Summer,False,1.1777,"the candle arc 582 is used by several people in my household for browsing, reading, and family learning activities. its larger screen makes shared questions easier to investigate than passing a phone around, and the touch controls respond predictably for ordinary pages. my child can use it for educational exercises while i sit nearby, then i can switch to a recipe or article without moving to another room. the body is light enough to carry, although i prefer setting it on a stand for longer sessions. sharing it has exposed some limitations. different users leave tabs and applications open, so returning to my own work sometimes involves tidying the screen first. the keyboard that appears for longer writing takes up much of the display, and i would not choose the tablet for composing a substantial document. a few websites also behave differently from their desktop versions, which means the tablet is better for browsing than for every kind of task. battery use is moderate, but video and interactive lessons reduce the remaining charge noticeably. after forty-one days, the candle arc 582 has become a useful household screen without replacing a laptop. it works well for shared browsing, reading, and short learning sessions, and the clear touch response makes it approachable for different ages. the limited space for typing and the effort of managing several users keep the experience balanced. i am glad to have it for quick family activities, but anyone expecting a complete work computer may find its boundaries frustrating.",True
CORD001406,CUS00386,2019-09-15,Bakers,"[{""product"":""Candle Edge 680"",""quantity"":2},{""product"":""Candle Flux 990"",""quantity"":2},{""product"":""Candle Quest 498"",""quantity"":1},{""product"":""Vela Halo 659"",""quantity"":1},{""product"":""Candle Quest 354"",""quantity"":3}]",11473.08,13.94,-37.745053,145.052838,15,9766.06,Spring,False,8.8193,"vela atlas 953 has improved our shared film and television evenings because it gives everyone a comfortable view from the sofa. compared with the smaller display we used before, subtitles are easier to follow and scenes remain enjoyable when someone sits off to the side. the picture has a lively quality without becoming harsh, and ordinary programmes look natural enough that we rarely adjust the settings. it feels designed for relaxed family viewing rather than for someone who wants to spend every evening calibrating a screen. we have used it for films, television series, family recordings, and occasional live programmes. switching between sources is straightforward, and the response after pressing a button is generally prompt. compared with our previous display, the menus create fewer interruptions when we are settling down to watch something. sound is clear for dialogue, which matters because some family members prefer a lower volume. for an action film i sometimes use separate speakers, but the built-in audio remains suitable for everyday viewing. the larger screen has also made group viewing more enjoyable because people do not need to sit directly in front of it. vela atlas 953 wakes quickly, and the remote is simple enough for visitors to use after a brief explanation. reflections are visible when sunlight reaches the room, and the smart menus contain a few choices we have not needed. these are modest drawbacks rather than reasons for concern. compared with the screen it replaced, this model offers a better balance of clarity, ease, and shared comfort. after several weeks of regular use, it has become the natural centre of our evenings and has earned a positive recommendation from me.",True
CORD001407,CUS00019,2019-10-21,Thompson,"[{""product"":""Candle Bloom 1000"",""quantity"":1},{""product"":""Candle Flux 990"",""quantity"":2},{""product"":""Candle Quest 354"",""quantity"":1}]",6407.52,12.38,-37.852974,144.890502,5,6099.52,Spring,False,6.6904,"candle shift 880 has worked well as the shared laptop in our home office. we use it for administration, forms, email, video meetings, and occasional document work, so i wanted something less cumbersome than an old full-size machine without moving into a fragile travel computer. the flux family ultrabook is easy to carry between rooms, and its restrained appearance suits a desk that is used by more than one person. compared with our previous laptop, it wakes promptly and feels less strained when several ordinary applications are open together. i have moved between a video call, a browser, and household records without the stuttering that made the older computer frustrating. the keyboard is comfortable for routine typing, and the screen is sufficiently clear for the work we do. a larger work computer would provide more room for complex documents, but the candle shift 880 is more convenient when the desk is shared or needs to be cleared. setup for different users was straightforward, although the limited physical space means i would not treat it as a replacement for a specialist workstation. after 39 days, the hinge and keyboard still feel firm, and the machine has handled repeated opening and closing without complaint. its value comes from balance: portable enough for home use, capable enough for administration, and simple enough that other household members can pick it up without instructions.",True
CORD001408,CUS00121,2019-08-21,Bakers,"[{""product"":""Candle Bloom 1054"",""quantity"":2},{""product"":""Candle Quest 354"",""quantity"":1},{""product"":""Vela Halo 659"",""quantity"":1}]",1567.19,12.97,-37.779182,145.003213,10,1423.44,Winter,False,3.4974,"candle vista 146 has suited my game streaming and media capture setup better than i expected from such a compact piece of hardware. it fits neatly beside the rest of my equipment, and the controls are approachable when i need to begin or stop a session. during ordinary play, the response has remained steady, and captured material has been clear enough for the casual projects i share with friends. i appreciate not having to rebuild the arrangement whenever i move the setup between rooms. longer sessions generate some warmth, so i leave space around the unit rather than placing it against other equipment. the interface includes options i do not use, but i learned the main path quickly. this is not aimed at a full professional production workflow, which is beyond my needs. candle vista 146 has made sharing gameplay more convenient and has encouraged me to record sessions i would previously have left unpreserved.",True
CORD001409,CUS00300,2019-01-17,Thompson,"[{""product"":""Candle Orbit 1034"",""quantity"":1},{""product"":""Candle Flux 990"",""quantity"":1},{""product"":""Candle Bloom 1054"",""quantity"":1},{""product"":""Candle Bloom 1000"",""quantity"":1},{""product"":""Candle Edge 680"",""quantity"":2}]",9444.86,13.22,-37.746675,144.932193,5,8985.84,Summer,False,7.4542,"candle edge 734 works particularly well when music needs to fill a shared room. pairing was straightforward, and playback remained clear while people moved around and chatted nearby. i like being able to adjust the volume from across the room, and the speaker has enough presence for casual listening without sounding harsh. it is less suited to very quiet, detailed listening than my larger setup, but that is outside its main role. for everyday shared playback, it has been dependable and enjoyable.",True
CORD001410,CUS00482,2019-04-23,Thompson,"[{""product"":""Candle Bloom 1000"",""quantity"":3},{""product"":""Candle Bloom 262"",""quantity"":3},{""product"":""Candle Edge 680"",""quantity"":1}]",11053.73,18.91,-37.813815,144.933928,0,11072.64,Autumn,True,1.1613,"i have used candle bloom 262 for streaming, browsing, and occasional video calls around the house. its size makes it comfortable to move between rooms, and media playback has been smooth during normal use. the front camera is adequate for conversations, although the image is not as bright in a dim room. shared use is simple because it starts quickly and feels approachable. it is a useful general tablet, with ordinary rather than remarkable performance.",True
CORD001411,CUS00035,2019-10-29,Bakers,"[{""product"":""Candle Quest 354"",""quantity"":1},{""product"":""Vela Halo 659"",""quantity"":2},{""product"":""Candle Quest 498"",""quantity"":1}]",2240.53,8.21,-37.801457,144.997687,20,1800.63,Spring,False,0.9737,"i installed the vela pulse 1045 to manage the blinds and curtains without walking from room to room several times each day. after an initial period of adjusting the routine, it has become a quiet convenience. in the morning, the curtains open as part of the household rhythm, and in the evening the blinds close while we are preparing dinner or settling down for the night. the most useful part has been the consistency of the routines. i can still operate the blinds manually when needed, but the scheduled actions reduce the small decisions that used to be easy to forget. i have created different settings for the main living area and bedroom, which suits the way those rooms are used. the controls are understandable once the basic arrangement is established, although deciding the best timing took a few attempts because daylight changes across the season. the hardware is unobtrusive and has not made the windows look untidy. i have watched the blinds move several times to check that the action is gentle and complete, and so far the mechanism has worked as expected. very heavy curtains require more attention to how they are fitted, so careful installation matters. that is a practical consideration rather than a flaw in the routine itself. after more than a month, the vela pulse 1045 has made mornings and evenings smoother. it is not a dramatic household transformation, but the repeated little actions add up, especially when my hands are full or i am already in another room. the flexible scheduling, quiet operation, and ability to retain manual control have left me pleased with this addition to the home.",True
CORD001412,CUS00001,2019-09-26,Thompson,"[{""product"":""Vela Halo 569"",""quantity"":1}]",149.09,14,-37.803735,144.885771,15,140.73,Spring,False,5.4761,"i used vela atlas 593 for small presentations and family photo viewing over several weeks. compared with the monitor i replaced, the display setup takes too much effort. connecting a presentation source is not consistently recognised on the first attempt, so i have had to disconnect and reconnect before an image appears. that delay is embarrassing when people are already waiting, and it makes the device unsuitable for anything that needs a predictable start. photo viewing is also disappointing. images look acceptable from directly in front, but colours shift noticeably when someone sits to the side. the built-in controls are buried behind several screens, and the remote often requires repeated presses before a menu responds. slideshow transitions pause at irregular points, leaving a blank screen for long enough to suggest that the unit has stopped. the basic picture function operates, but the overall handling feels unfinished and awkward. i compared vela atlas 593 with an older television connected to the same sources. the older setup begins more quickly, offers fewer confusing menus, and lets several people see the picture without a severe change in colour. this product occupies less space, but that is a weak consolation for unreliable presentation switching and frustrating photo sessions. the supplied warranty may help if the faults become permanent; it does not remove the recurring inconvenience. i cannot recommend it for shared viewing or presentations.",False
CORD001413,CUS00148,2019-11-05,Thompson,"[{""product"":""Vela Halo 659"",""quantity"":1},{""product"":""Candle Orbit 1034"",""quantity"":1},{""product"":""Candle Flux 990"",""quantity"":2}]",5035.53,10.36,-37.840604,144.919888,0,5045.89,Spring,False,3.9173,"candle edge 392 has become a useful surface for drawing and lightweight creative work. i can sketch ideas, make quick annotations, and review them later without setting up a larger workstation. the screen gives the activity enough room to feel natural, and the response has stayed consistent during repeated use. i particularly like being able to move from a rough drawing to a reference image without changing devices. it is not intended for the most demanding creative projects, so i still use a fuller setup when a task becomes complex, but that boundary is clear. the tablet is comfortable to carry and has remained in good condition despite being moved between rooms. candle edge 392 has encouraged more spontaneous drawing and has provided a pleasant, practical tool for the lighter creative work i actually do.",True
CORD001414,CUS00356,2019-02-22,Nickolson,"[{""product"":""Candle Edge 680"",""quantity"":1},{""product"":""Candle Bloom 262"",""quantity"":1},{""product"":""Vela Halo 659"",""quantity"":1}]",3634.38,20.92,-37.855638,144.962576,10,3291.86,Summer,True,4.1643,"i use the candle shift 466 for casual games in a shared room, where a large dedicated setup would be excessive. compared with playing on a work computer, it feels more available for quick sessions and less disruptive to the rest of the room. friends and family can pick it up without a long explanation, and the controls have been comfortable for the shorter games we usually play. it has become a convenient way to fill half an hour without rearranging the furniture. the comparison with more serious gaming hardware is straightforward. a specialised system would offer more depth for someone spending entire evenings on demanding titles, but the shift 466 is better matched to our occasional use. it starts quickly, handles the games we choose without drama, and is simple enough that different people can share it. i have also found the size helpful: it can remain in the room without making the entertainment area feel dominated by equipment. there are compromises. longer sessions can make the controls feel less fresh, and it does not replace a high-end setup for someone who wants every advanced option. the shared-room setting also means that background activity sometimes interrupts concentration. those points have not mattered much in my use. against a basic computer it is more inviting, while against specialised hardware it is less capable but much easier to live with. the candle shift 466 is a well-judged choice for relaxed gaming and shared household use.",True
CORD001415,CUS00223,2019-03-23,Bakers,"[{""product"":""Candle Bloom 1054"",""quantity"":2}]",899.7,10.5,-37.843064,145.024467,20,730.26,Autumn,False,4.4848,"candle orbit 1034 has been used most days for music in our shared living space, and it has fitted into that routine very well. pairing was quick the first time, with no confusing sequence of buttons, and reconnecting later has generally happened without repeated attempts. the sound spreads evenly across the room, so music remains enjoyable whether we are sitting nearby or moving around doing other things. voices in podcasts are distinct, and ordinary playlists have enough presence without requiring constant adjustment. the controls are easy to find, although the volume response feels slightly abrupt when moving between very quiet and moderate levels. i have carried it from the living room to the kitchen several times and have not noticed interruptions during normal use. it also remembers the last connected device, which prevents unnecessary setup during busy evenings. candle orbit 1034 will not replace a larger audio system for a party, but for shared-room listening it gives us a pleasant result with very little effort.",True
CORD001416,CUS00194,2019-03-28,Nickolson,"[{""product"":""Candle Bloom 262"",""quantity"":2}]",2236.54,8.54,-37.832276,144.955108,15,1909.6,Autumn,False,1.9808,"i installed candle flux 108 to improve wireless coverage around a home-office area that had been inconsistent with a single network point. compared with the previous arrangement, the connection reached the far desk more consistently during ordinary browsing and video meetings. that made the room more usable, especially when i moved between the main workspace and a nearby table during the day. the setup was not completely straightforward. i needed to spend time deciding where the unit should sit, and small changes in position affected the result. the network was functional once established, but i did not find the process especially intuitive when i wanted to review connected devices or alter the arrangement. someone comfortable with home networking will probably manage it, while a less experienced user may need more patience. in comparison with a basic router placed at one end of the house, candle flux 108 gave the office area a more even connection. it did not make every corner identical, and performance varied when several devices were active at once. calls generally stayed usable, but i still noticed occasional pauses during busier periods, so i would not describe the coverage as flawless. the device has been a moderate improvement rather than a complete answer. it reduced the dead spots that had interrupted work and made the office more dependable for routine tasks. at the same time, its management controls and placement requirements kept it from feeling effortless. candle flux 108 is worth comparing for a small home office, but expectations should remain realistic.",True
CORD001417,CUS00185,2019-11-05,Nickolson,"[{""product"":""Candle Orbit 1034"",""quantity"":1}]",581.92,14.88,-37.873533,145.000435,10,538.61,Spring,False,6.6837,"i took candle shift 736 on several trips for portable gaming and compared it with the larger setup i normally use at home. the smaller form is easier to pack, but the controls are cramped and the surface becomes uncomfortable during a longer session. my hands repeatedly shift position to reach the buttons, which makes play feel awkward rather than relaxed. the larger setup is less portable, yet it causes fewer hand and wrist problems. candle shift 736 handles shorter games without completely failing, although the screen is difficult to see under bright indoor lighting. reflections obscure darker scenes, and the narrow viewing area makes shared play impractical. sound from the built-in speakers is thin and can become harsh at higher volume, so i usually need headphones. that adds another item to carry and makes the promised travel convenience less convincing. heat develops near the controls after extended use, and the fan noise becomes noticeable in a quiet room. battery performance also changes sharply between light use and demanding games. i have had to stop earlier than planned because the remaining charge fell faster than expected. the device resumes basic play after charging, but interruptions are frustrating when access to an outlet is limited. candle shift 736 is compact and technically portable, yet its cramped handling, reflective display, noisy cooling, and inconsistent battery make it a poor travel companion. compared with my home equipment, the loss of comfort and predictability is too severe, so i cannot recommend it for serious portable gaming.",False
CORD001418,CUS00352,2019-08-26,Nickolson,"[{""product"":""Vela Halo 569"",""quantity"":1},{""product"":""Candle Quest 354"",""quantity"":1},{""product"":""Candle Bloom 1054"",""quantity"":1},{""product"":""Vela Halo 659"",""quantity"":1}]",1266.43,11.05,-37.807457,144.969462,0,1277.48,Winter,False,1.2385,"vela halo 803 has worked well for shared film and television evenings in our living room. the screen is easy for people seated in different parts of the room to follow, and the controls are simple enough that nobody has to keep asking for help. we have used it for short programmes as well as longer films, with consistent results. the built-in sound is adequate rather than room filling, so louder viewing still benefits from separate speakers. even with that limitation, it has become a dependable centre for family viewing.",True
CORD001419,CUS00330,2019-05-15,Thompson,"[{""product"":""Vela Halo 569"",""quantity"":1},{""product"":""Vela Halo 659"",""quantity"":1}]",413.8,34.47,-37.772132,144.885928,10,384.89,Autumn,False,7.0132,"vela pulse 217 has become part of my walking and commuting routine because it puts notification checks in a more convenient place than my phone pocket. i can notice incoming reminders or messages without stopping to search through a bag, and that small change makes busy journeys feel less interrupted. compared with checking the phone repeatedly, the wearable encourages me to keep moving and deal with non-urgent items at a sensible pause. the fit has been comfortable enough for regular walks, and i have not found the device distracting once i adjusted to wearing it. notifications are most helpful when i am carrying things or moving through a crowded station. the display is easier to consult than a phone in those situations, although a phone remains better for reading longer messages or responding in detail. that is an honest difference between this compact format and a larger device rather than a serious weakness. i have tried relying only on phone alerts, but they are easier to miss when the phone is tucked away. vela pulse 217 gives me a useful middle option: enough information to decide whether something needs attention, without turning every journey into a phone session. its purpose is narrower than a full-featured wearable, yet that simplicity suits my routine. after several weeks of ownership, i see it as a practical companion for walking and commuting, and i would choose it over carrying the phone in my hand.",True
CORD001420,CUS00398,2019-08-07,Bakers,"[{""product"":""Candle Quest 354"",""quantity"":1},{""product"":""Candle Flux 990"",""quantity"":1},{""product"":""Candle Bloom 1000"",""quantity"":2}]",6128.91,29,-37.793366,144.978619,15,5238.57,Winter,True,2.3558,"candle edge 1040 was meant to replace my older travel laptop for documents and presentations, but the comparison was disappointing from the first week. it starts basic office tasks and displays slides, yet it feels sluggish when several files are open together. switching between a browser, notes, and presentation software causes pauses that interrupt my preparation. the keyboard has a shallow, awkward feel, and the touchpad occasionally ignores a deliberate tap, which makes editing on a small table frustrating. the travel design also has problems that became obvious during repeated use. the screen is readable indoors, but reflections make it difficult to work near a window or in a bright meeting room. battery endurance varies sharply with ordinary presentation work, so i had to carry the charger more often than with the older machine. the charger and laptop fit into a bag without unusual bulk, but the case gathered marks quickly and did not inspire confidence when carried between rooms. for presentations, candle edge 1040 can show a prepared file and connect to a display, but those basic functions do not offset the unreliable pauses and awkward controls. compared with my previous laptop, it demands more patience for routine tasks and leaves less margin when work is time-sensitive. after twenty-two days i find the experience poor for travel-based work, regret the purchase, and cannot recommend candle edge 1040.",False
CORD001421,CUS00331,2019-05-25,Bakers,"[{""product"":""Candle Quest 354"",""quantity"":1},{""product"":""Candle Bloom 262"",""quantity"":1}]",1521.05,14.92,-37.825751,145.06426,15,1307.81,Autumn,False,6.3114,"i bought the vela spark 531 for travel planning and media, expecting it to replace an older phone without much trouble. compared with that older device, the screen is harder to read outdoors and the battery drops uncomfortably fast when maps, mobile data, and video are used together. a route can be followed, but switching between the map and a booking page often leaves one of them reloading, which makes a simple change frustrating. the 5g connection is inconsistent in places where my previous phone remained usable, and the phone sometimes takes too long to reconnect after leaving coverage. that is a serious problem when checking travel information on the move. media use is also a poor comparison. video playback is watchable, yet the sound is thin and the casing becomes unpleasantly warm after a longer session. storage management feels awkward because large downloads quickly leave little room for photographs and offline maps. the camera produces acceptable snapshots in daylight, but indoor images look dull and lack detail. calls themselves are possible, although the microphone picked up distracting background noise in a busy terminal. the slim shape is easy to carry, but it feels fragile and the buttons are difficult to find without looking. i have not had a reason to test the warranty, and the phone has not delivered the dependable travel experience i wanted. compared with what i already owned, the vela spark 531 adds 5g branding without removing the same old inconveniences, so i regret choosing it and cannot recommend it for regular travel.",False
CORD001422,CUS00221,2019-09-24,Bakers,"[{""product"":""Vela Halo 569"",""quantity"":2},{""product"":""Candle Flux 1098"",""quantity"":2},{""product"":""Candle Bloom 1054"",""quantity"":1},{""product"":""Vela Halo 659"",""quantity"":1}]",2605.22,10.57,-37.773869,145.009274,0,2615.79,Spring,False,4.2024,"candle bloom 1018 has made our shared household connection easier to manage than the older networking unit. before changing over, devices would sometimes need to be reconnected after someone moved between rooms, and working out which setting to check was frustrating. this unit has given us a steadier everyday arrangement for laptops, phones, a television, and other shared devices. the improvement is less about a dramatic single feature and more about removing small interruptions from the day. i compared the setup process with the spare unit kept for occasional use. the older one can still connect a few devices, but its controls are less intuitive and its status information is harder to interpret. candle bloom 1018 was simpler to place into the household routine. once it was configured, family members could use their devices without repeatedly asking me to restart or adjust something. that matters in a home where several people are online at different times. the unit is not especially decorative, and the indicator lights are more noticeable in a dark room than i expected. i also needed to spend time choosing a sensible location because the household layout has several walls between rooms. those are ordinary installation considerations rather than serious faults. compared with the previous network device, candle bloom 1018 has delivered a calmer, more dependable connection for the collection of devices we actually use.",True
CORD001423,CUS00394,2019-01-15,Thompson,"[{""product"":""Candle Quest 354"",""quantity"":1},{""product"":""Vela Halo 659"",""quantity"":1},{""product"":""Candle Flux 1098"",""quantity"":1},{""product"":""Candle Flux 990"",""quantity"":2}]",5652.63,14.88,-37.741586,144.880614,25,4254.35,Summer,False,9.8282,"candle orbit 206 has stayed responsive through long desktop gaming sessions. games load without irritating pauses, and the controls remain comfortable when i play for several hours. it also leaves enough room for voice chat and other ordinary desktop tasks. the surface gathers fingerprints quickly, yet performance has remained strong and enjoyable.",True
CORD001424,CUS00302,2019-05-29,Bakers,"[{""product"":""Candle Flux 1098"",""quantity"":1},{""product"":""Candle Quest 354"",""quantity"":1}]",1199.02,12.55,-37.829643,145.022875,20,971.77,Autumn,False,3.2662,"i used candle bloom 550 for document work and video meetings over several weeks, comparing it with a small laptop already used for the same tasks. the lighter design is noticeable when carrying it between rooms, but that is the main advantage i found. opening documents, switching between windows, and joining meetings regularly felt sluggish, especially after several applications had been open for a while. video calls exposed more problems. the camera image was serviceable in bright light, yet the microphone picked up room noise and voices sometimes sounded distant. the fan became distracting during longer calls, and the lower part of the laptop grew warm while i was typing. a meeting could be completed, but the interruptions and uneven response made routine work frustrating. the keyboard also felt cramped compared with the other laptop, with awkward key spacing that slowed ordinary writing. candle bloom 550 handled basic document editing and did not fail to start, but those facts do not offset the daily irritation. battery use was inconsistent, and moving between a charger and a meeting often produced a warning before i expected one. the included warranty may help if a fault develops, although the current issues feel like poor day-to-day design rather than a single defect. against the older machine, this model is lighter but less responsive, less comfortable, and less dependable. i regret replacing a workable laptop with it.",False
CORD001425,CUS00280,2019-08-21,Nickolson,"[{""product"":""Vela Halo 659"",""quantity"":1},{""product"":""Candle Bloom 262"",""quantity"":1},{""product"":""Vela Halo 569"",""quantity"":1}]",1532.07,11.17,-37.830017,144.963637,0,1543.24,Winter,False,1.3722,"the vela echo 943 is in our study, where i use it for small presentations and for displaying photos when family visits. the first setup involved arranging the room and deciding which folders should be visible, but the basic controls were soon familiar. photos look inviting on the screen, and visitors can stand nearby without needing a detailed explanation. for a short presentation, the display gives everyone a convenient place to look instead of gathering around a laptop. the device works best when the room is arranged around it. from an angle, some details are less easy to see, so i move chairs slightly when showing a group of people. changing from a presentation to a photo collection is uncomplicated once the relevant sources have been organised. i did spend time correcting the order of several images, since the display followed the file arrangement more literally than i expected. that was an organisational nuisance rather than a problem with the screen itself. after several weeks, i like having a dedicated display that can change roles without taking over the room. the vela echo 943 has made casual photo viewing more social, and it has been adequate for the presentations i give at home. it is not a replacement for a larger screen when the audience is spread widely, and the arrangement of content takes some care. my impression is therefore balanced: attractive and convenient for nearby viewing, with practical limits on distance and larger gatherings.",True
CORD001426,CUS00008,2019-07-11,Bakers,"[{""product"":""Candle Bloom 1054"",""quantity"":1},{""product"":""Candle Orbit 656"",""quantity"":1}]",2711.91,12.31,-37.790464,144.976542,0,2724.22,Winter,False,2.7228,"i compared vela echo 763 with the separate speaker and phone routine i had been using for music and spoken content. the smart display keeps playback in one place and makes it quicker to start a recording, pause it, or return to something i was listening to earlier. i have used it during breakfast, while cooking, and in the evening, and the screen is helpful when i want to identify a programme or see what is queued. spoken content is where i notice the greatest improvement. voices are easy to follow at ordinary room volume, and i do not need to keep my phone nearby just to make a small adjustment. music works well as background sound, while the display gives the room a more useful centre than the old speaker alone. compared with the previous routine, vela echo 763 also feels more approachable when someone else in the household wants to start playback without asking for help. the screen is not large enough for serious video watching, and the sound does not have the depth i would look for from dedicated music equipment. those limits fit the role i gave it. i wanted convenient music and spoken-content playback, not a full entertainment system. vela echo 763 has made everyday listening easier to share and less dependent on a separate phone. the controls took a short period of familiarity, but the overall experience has been positive and dependable for the room where it is installed.",True
CORD001427,CUS00118,2019-08-20,Thompson,"[{""product"":""Vela Halo 659"",""quantity"":1},{""product"":""Candle Flux 990"",""quantity"":1},{""product"":""Vela Halo 569"",""quantity"":1},{""product"":""Candle Edge 680"",""quantity"":2}]",7011.05,15.5,-37.864885,144.91454,10,6325.45,Winter,False,6.4704,"candle bloom 568 has improved the way several household devices share a connection. before installing it, we moved devices around when one part of the home became crowded, and video calls or streaming could suffer when everyone was online. since changing to this setup, phones, televisions, and work devices have stayed connected more consistently during the normal busy periods of the day. the difference was most noticeable when several people were using the network at once. one person could join a meeting while another streamed a programme and someone else browsed on a phone without the same level of interruption we had previously accepted. i compared it with our older arrangement by repeating those ordinary routines on different days. candle bloom 568 was not magically perfect in every corner, but the overall experience was steadier and involved less manual adjustment. installation required reading the instructions carefully and placing the equipment where it could communicate with the rest of the home. i tried one position that looked tidy but gave weaker results in a distant room, then moved it to a more open location. that practical comparison mattered more than hiding it completely. once positioned properly, the network needed little attention. the controls also allowed me to identify the connected devices without having to guess which one was active. the unit itself is not especially decorative, and its lights are more noticeable at night than i expected. i reduced the visible indicators rather than moving it into a cupboard, since enclosing it would have worked against the placement. there have been occasional slow moments when the outside connection was the cause, so i would not blame the device for every interruption. after forty-four days, candle bloom 568 has been a worthwhile improvement for a shared household. it is more stable than our previous arrangement, handles competing everyday use with less fuss, and gives enough control to understand what is connected. the placement needs thought, but the result has made the network feel much less fragile.",True
CORD001428,CUS00403,2019-04-25,Thompson,"[{""product"":""Candle Flux 990"",""quantity"":1},{""product"":""Vela Halo 569"",""quantity"":1},{""product"":""Candle Edge 680"",""quantity"":1}]",4494.94,9.89,-37.80052,144.907825,20,3605.84,Autumn,False,3.7031,"candle flux 666 has been used for simple games in a shared room where quiet operation and quick access matter. casual titles run acceptably, and the controls are easy for different people to pick up. more demanding scenes produce occasional stutter, while the fan becomes obvious after a longer session. the compact design fits beside other equipment but leaves little room for accessories. it works for relaxed gaming, though it is not built for high-performance play.",True
CORD001429,CUS00486,2019-01-21,Bakers,"[{""product"":""Vela Halo 659"",""quantity"":1},{""product"":""Candle Bloom 262"",""quantity"":2},{""product"":""Candle Flux 990"",""quantity"":1},{""product"":""Candle Orbit 656"",""quantity"":1}]",6857.76,11.99,-37.842136,145.045854,5,6526.86,Summer,False,5.7044,"i use vela spark 765 to schedule a household outlet for a lamp and a small charging routine. creating an on and off schedule was straightforward, and the outlet has followed it on most days without intervention. manual control from the app is also available when plans change. the main inconvenience is that the app can take a moment to display the current state, which makes me check twice before leaving the room. editing a schedule is less intuitive than creating one, and the labels are easy to overlook. the unit fits the outlet without blocking nearby space, though a crowded power board would be a different matter. it has remained stable through ordinary use. this is a useful basic automation device, but the software experience is only adequate and the delayed status display prevents complete confidence.",True
CORD001430,CUS00013,2019-12-29,Thompson,"[{""product"":""Vela Halo 569"",""quantity"":1}]",149.09,12.26,-37.835327,144.883995,15,138.99,Summer,False,6.0858,"candle quest 408 has improved the wireless coverage around my home office and made working from different rooms less frustrating. my laptop remains connected when i move away from the desk, and other household devices can join without the frequent dropouts i was experiencing before. the management controls give me a useful view of connected devices, which makes it easier to notice when something unfamiliar is using the network. i spent some time finding the best location and adjusting the setup, but the process was understandable rather than confusing. since then, video meetings and document work have felt more consistent during ordinary busy periods. it does not remove every limitation of a wireless environment, and distant corners still depend on placement, yet the improvement is clear in daily use. candle quest 408 has earned my confidence as a sensible home-office upgrade.",True
CORD001431,CUS00384,2019-01-07,Thompson,"[{""product"":""Candle Bloom 262"",""quantity"":1},{""product"":""Candle Quest 354"",""quantity"":1},{""product"":""Vela Halo 569"",""quantity"":1},{""product"":""Candle Orbit 656"",""quantity"":1}]",3932.2,13.27,-37.851906,144.928209,20,3159.03,Summer,False,4.6664,"vela nova 357 was supposed to provide a clearer record of daily activity and sleep, but the results compare badly with the simple tracker i had before. step totals vary sharply between similar days, even when my routine has not changed. a short walk can be recorded accurately one time and barely appear the next. because the figures do not follow the pattern of my actual movement, i have stopped treating them as dependable evidence. sleep tracking is even more frustrating. the device often marks quiet evening reading as sleep, then misses a period after i wake during the night. the morning summary looks neat, but it does not match what i remember. on several occasions the app took a long time to synchronise, leaving the previous night unavailable until later. my older tracker was less detailed, yet its records were easier to interpret and less prone to unexplained gaps. the band is light enough to wear, although the clasp catches on clothing and the screen wakes when my sleeve brushes it. notifications are not the main reason i bought it, but they arrive late and sometimes repeat. battery warnings also appear with little remaining time, so i have had to recharge it before a full day was complete. these small failures add to the sense that the device is not under control. vela nova 357 can count some movement and display a basic sleep summary, but inconsistent readings, delayed synchronisation, accidental screen activation, and weak battery warning behaviour make the information difficult to trust. it offers more screens than my former tracker while giving me less confidence in the record. for anyone comparing activity and sleep devices, this is an unreliable choice. i regret the purchase and cannot recommend it for routine tracking.",False
CORD001432,CUS00163,2019-04-24,Thompson,"[{""product"":""Candle Bloom 1054"",""quantity"":1},{""product"":""Vela Halo 569"",""quantity"":2}]",748.03,13.49,-37.748253,144.899001,5,724.12,Autumn,False,8.3161,"candle shift 952 has become part of my regular study routine for reading, highlighting, and handwritten notes. text remains comfortable over a long session, and the pen tracks my writing with little adjustment. i can organise annotations without carrying a stack of paper, which has made reviews more convenient. the screen reflects overhead lights in one corner of my room, but changing the angle fixes it. after continued use, it still feels responsive and dependable.",True
CORD001433,CUS00391,2019-02-14,Nickolson,"[{""product"":""Candle Bloom 1054"",""quantity"":1}]",449.85,18.58,-37.817137,144.960379,15,400.95,Summer,True,0.8218,"vela halo 263 works well for music and spoken-content playback in our living area. the display makes basic controls visible, while the sound remains clear at a comfortable room level. text can be hard to read from the far side, but listening does not suffer from that limitation. it has become a pleasant way to start music without reaching for another device.",True
CORD001434,CUS00500,2019-06-29,Bakers,"[{""product"":""Candle Orbit 1034"",""quantity"":1},{""product"":""Candle Edge 680"",""quantity"":1},{""product"":""Candle Flux 1098"",""quantity"":2}]",4425.8,15.89,-37.754453,145.030951,20,3556.53,Winter,False,6.9281,"the vela ridge 203 has become the screen we use for shared films and television, and its larger presentation is a clear step up from watching on a computer. people seated at opposite ends of the room can follow the main action and subtitles without leaning forward. the interface is familiar enough for different family members to choose programmes, and the remote has not required much explanation. compared with our old display, the picture looks cleaner in ordinary scenes and the viewing area feels less crowded when several people are present. the built-in audio is the part i would assess carefully. speech is understandable, but music and effects sound narrow, and the contrast between quiet conversation and louder scenes means someone often reaches for the volume control. the screen also reflects a nearby window during the afternoon, so placement has mattered more than expected. switching between services is usually fine, although the home screen occasionally pauses before responding to a command. these are not failures of the basic viewing function, but they prevent the set from feeling completely finished. after established use, the vela ridge 203 remains a sensible shared television for everyday programmes. it compares favourably with the smaller display it replaced, particularly for subtitles and group viewing, while a separate sound system would make the experience more complete. i am content with its role, but i would not choose it solely for cinema-quality audio.",True
CORD001435,CUS00024,2019-09-06,Nickolson,"[{""product"":""Candle Bloom 1000"",""quantity"":1},{""product"":""Candle Quest 498"",""quantity"":1},{""product"":""Candle Orbit 1034"",""quantity"":1}]",3706.09,34.61,-37.879863,144.988099,10,3348.09,Spring,False,7.0046,"i chose the candle arc 240 for a period when my work moved between the home office, trains, meeting rooms, and presentation spaces. after several weeks of carrying it around, i am pleased with how naturally it has fitted into that routine. it is light enough not to become a burden in my work bag, yet the screen gives documents and presentation slides enough room to remain comfortable to read. opening it in a café or at a narrow meeting table has been uncomplicated, and the keyboard has made longer notes feel much less tiring than working from a phone. my first real test was a presentation prepared while travelling. i edited slides during the journey, reviewed the speaking notes in a hotel room, and connected to a display in the meeting space without an awkward setup period. the candle arc 240 handled that sequence smoothly. in ordinary work it has also kept pace with writing, browser research, video meetings, and several documents open together. the trackpad is responsive, and the hinge allows me to adjust the screen when lighting changes. i particularly value being able to close the lid, move locations, and continue without reconstructing my workspace each time. it is not a substitute for a larger desktop when i am doing a full day of detailed layout work. the compact form means i sometimes wish for more screen area, and the speakers are adequate rather than room-filling. those are reasonable compromises for something designed around travel. after thirty-six days of regular use, the candle arc 240 has proven capable, portable, and pleasant to work on. it has survived crowded commutes and hurried room changes without becoming fragile or fussy. for presentations and mobile office work, it has given me the freedom to concentrate on the task instead of the equipment.",True
CORD001436,CUS00404,2019-01-19,Thompson,"[{""product"":""Candle Flux 1098"",""quantity"":1},{""product"":""Vela Halo 659"",""quantity"":2},{""product"":""Candle Quest 354"",""quantity"":1}]",1728.44,14.13,-37.743661,144.899151,20,1396.88,Summer,False,8.7534,"candle edge 734 has been used for background music in a shared room where different people come and go. pairing was quick, and the connection has remained stable while the source device moves around the house. music fills a small to medium room clearly, and spoken tracks remain understandable at moderate volume. the sound becomes less balanced when pushed louder, with the lower tones drawing attention away from detail. controls are simple, although reaching the unit is preferable to changing every setting from a distance. it has worked well for ordinary household listening and has not demanded much maintenance. the speaker is a sensible shared-room choice, provided expectations remain around casual playback rather than room-filling performance.",True
CORD001437,CUS00498,2019-01-04,Bakers,"[{""product"":""Candle Bloom 1000"",""quantity"":2},{""product"":""Candle Orbit 1034"",""quantity"":1},{""product"":""Candle Flux 1098"",""quantity"":1},{""product"":""Candle Edge 680"",""quantity"":1}]",7261.24,11.4,-37.807879,145.050477,10,6546.52,Summer,False,4.859,"i use candle orbit 422 when visiting clients, completing field forms, and showing work during short presentations. before carrying it out, i spent an afternoon preparing the forms and practising the flow so that i would not be learning the device in front of someone else. that preparation paid off. the screen is large enough for a client to follow, while the tablet itself remains manageable when i am standing or moving between locations. during visits, i can enter information while keeping the conversation moving, then bring up the relevant material without opening a stack of papers. handwritten additions are useful when a form needs a quick note that does not fit neatly into a field. the display remained readable in different indoor settings, and the battery covered the working periods i planned for. on one busy day i wished the charging cable were longer, and the tablet picks up marks on the back easily, but these are small practical details. after several weeks of use, candle orbit 422 has reduced the amount of preparation material i carry and made presentations feel more organised. it is especially helpful when a discussion moves between a form, an image, and a written note. the device has handled repeated travel and regular handling without becoming unreliable. i still keep a paper backup for unusual situations, but this tablet has become the main tool i reach for in the field.",True
CORD001438,CUS00278,2019-11-14,Thompson,"[{""product"":""Vela Halo 569"",""quantity"":3}]",447.27,10.08,-37.839039,144.924514,10,412.62,Spring,False,3.5383,"the candle bloom 802 has become my preferred place for reading documents, marking passages, and writing handwritten notes. text is easy to view for long periods, and the pen response feels natural enough that i can annotate without constantly correcting strokes. i use it during study sessions and planning meetings, then review the notes later without carrying loose paper. moving between a document and the notes area is quick once the layout is arranged to suit my habits. the tablet feels balanced in my hands, although it becomes tiring if i hold it up for a very long reading session. the screen is reflective near a window, and i sometimes need to pause before writing on a newly opened page. those are minor limitations. what matters is that the candle bloom 802 keeps my reading and note-taking together in one orderly place, and it has encouraged me to keep more complete records.",True
CORD001439,CUS00369,2019-12-26,Thompson,"[{""product"":""Vela Halo 659"",""quantity"":2},{""product"":""Vela Halo 569"",""quantity"":2},{""product"":""Candle Flux 1098"",""quantity"":1},{""product"":""Candle Orbit 1034"",""quantity"":1},{""product"":""Candle Bloom 1054"",""quantity"":1}]",2655.61,11.55,-37.767145,144.951226,0,2667.16,Summer,False,5.0756,"candle orbit 278 has been part of my home network for about forty days, mostly supporting video meetings during the day and media streaming after work. meetings in the office have remained steady, with voices and pictures staying in sync through ordinary calls. streaming in the same room has also been smooth, and i have not needed to restart the unit during a normal week. the casing is compact enough to sit beside other equipment without drawing attention. setup was manageable but involved one confusing stage. the connection instructions described the main steps clearly, then became less specific when i tried to confirm the network name. i eventually found the setting through the management page. once configured, phones and laptops joined the network without drama. the status lights are subtle, which looks tidy, although they provide little information when i am checking whether a slowdown is local or external. performance changes when several people use the network at once. a single meeting is reliable, and a television can stream in another room, but adding large downloads makes the picture less consistent. the range is sufficient for my apartment, though the signal weakens near the far wall. i value the 24-month warranty because network problems are difficult to diagnose, but so far support has not been necessary. candle orbit 278 handles its main tasks adequately and gives me dependable service for ordinary meetings and streaming. its management information and heavier-load performance are less convincing, so i would not describe it as a solution for a demanding household. for moderate use, it remains a reasonable and balanced choice.",True
CORD001440,CUS00294,2019-04-21,Bakers,"[{""product"":""Vela Halo 569"",""quantity"":1},{""product"":""Candle Orbit 1034"",""quantity"":1}]",731.01,21.28,-37.800004,145.041405,15,642.64,Autumn,True,4.2059,"i wanted a gaming device that could travel with me rather than stay permanently beside the television, and candle quest 336 has suited that plan very well. during the first few sessions i tested it at home, then packed it for a weekend away to see whether the portable format would remain convenient in practice. it was easy to bring along, and i could settle into a short game in the evening without rearranging the room. candle quest 336 has provided responsive play for the games i normally enjoy, with controls that became familiar after only a little use. i have played at a desk, on a sofa, and during quiet parts of several trips, and the experience has stayed consistent across those settings. the menus are generally clear, so starting or changing a game does not become a separate task. i have also appreciated being able to use it for brief sessions instead of feeling committed to a long stretch of play. battery life has been adequate for my routine, although on a particularly long journey i needed to plan a recharge rather than assume it would last indefinitely. that is the main compromise of choosing a portable system. the casing has travelled in a padded bag and still feels secure, while the device has avoided becoming an awkward extra item in my luggage. after owning candle quest 336 for a while, i am happy with the balance between convenience and entertainment. it has made gaming easier to fit around travel and has delivered a consistently enjoyable experience wherever i have used it.",True
CORD001441,CUS00080,2019-10-09,Bakers,"[{""product"":""Candle Flux 990"",""quantity"":1},{""product"":""Vela Halo 659"",""quantity"":1},{""product"":""Candle Bloom 1054"",""quantity"":1},{""product"":""Candle Quest 354"",""quantity"":1}]",3211.79,20.36,-37.828825,145.023229,5,3071.56,Spring,True,3.2297,"the vela atlas 467 has been particularly useful on my walk to work. commute notifications arrive without requiring me to take out my phone, and the small display is readable at a glance. i have found the strap comfortable through changing weather, although the screen is not ideal for reading anything lengthy. battery use has been steady, and the device has not dropped a notification during my usual route. it is a simple wearable that has made my mornings more convenient.",True
CORD001442,CUS00450,2019-06-25,Thompson,"[{""product"":""Candle Orbit 1034"",""quantity"":1},{""product"":""Candle Bloom 1000"",""quantity"":2},{""product"":""Candle Flux 990"",""quantity"":1}]",6308.05,13.01,-37.78292,144.932603,5,6005.66,Winter,False,3.5441,"candle arc 276 has been part of my evening gaming setup for the past 41 days, mainly for competitive matches and conversations with friends. the controls were easy to understand from the first session, and the hardware responded well during ordinary play. i could move through a match without feeling held back by the device, and the physical design stayed comfortable through shorter sessions. that made the initial transition from my older setup fairly painless. voice communication was more variable. my friends could hear me clearly in quiet rooms, but the microphone picked up surrounding sounds more than i wanted when the room became active. i also had one session where the connection dropped and needed to be restarted before the conversation returned. these interruptions were not constant, yet they were especially frustrating during coordinated play. the controls themselves remained responsive, and the device did not show any obvious trouble with basic game input. as the weeks passed, i appreciated the straightforward handling but became more cautious about relying on it for important team communication. candle arc 276 is neither a failure nor a complete solution. it provides a solid base for competitive play and works well when the surroundings are calm, while the inconsistent voice experience and occasional connection problem weaken the overall impression. my judgement is balanced: suitable for ordinary gaming, with reservations for players who need uninterrupted communication.",True
CORD001443,CUS00181,2019-08-06,Bakers,"[{""product"":""Candle Edge 680"",""quantity"":2},{""product"":""Vela Halo 569"",""quantity"":2},{""product"":""Vela Halo 659"",""quantity"":1},{""product"":""Candle Orbit 1034"",""quantity"":1}]",5647.61,18.15,-37.772412,145.023851,0,5665.76,Winter,False,4.8774,"vela halo 209 was intended to hold a device on my desk, but the mounting design has been a constant source of frustration. the clamp attaches to the desk, yet it slowly shifts when the screen is tapped or when a cable pulls from the side. the adjustment joints feel stiff at first and then loosen during use, making it difficult to keep a chosen viewing angle. the holder fits the device, although the gripping pads leave marks and do not feel secure enough to trust near the edge of the desk. assembly instructions were vague, so i had to remove and refit the clamp several times before it sat level. after a few weeks the locking knob began turning without tightening properly. a simple device can be placed in it, but the stand does not remain stable while typing or making calls. support sent general assembly advice without offering a practical remedy. vela halo 209 is awkward, weakly built, and disappointing for adjustable desk mounting. i would avoid it for shared work areas.",False
CORD001444,CUS00443,2019-05-08,Nickolson,"[{""product"":""Vela Halo 569"",""quantity"":1},{""product"":""Candle Orbit 656"",""quantity"":1}]",2411.15,12.51,-37.878021,144.941281,0,2423.66,Autumn,False,7.0587,"candle flux 720 has suited my creative projects and media editing better than the laptop i was using before. my earlier computer could handle simple documents and browsing, but it became frustrating when i worked with larger images, video clips, or several project files at once. candle flux 720 gives me a more comfortable working experience and has allowed me to spend more time creating instead of waiting for routine actions to finish. the screen is useful when i am reviewing images or arranging a project, and the keyboard makes longer sessions manageable. compared with the previous laptop, the overall workflow feels more capable when i move between an editing application, reference material, and file storage. i have used it for personal media projects as well as smaller creative tasks, and it has remained steady through the changes. moving it to another room is possible when i need a different workspace, although i usually keep it at the desk for extended sessions. i still prefer a larger external display when fine detail matters, and the built-in sound is not a substitute for dedicated speakers. the laptop also becomes less convenient to carry once the charger and other accessories are included. these are ordinary compromises. after thirty-nine days, candle flux 720 has been a clear improvement over my old machine for creative work. it feels capable without being unnecessarily complicated, and i am satisfied with how it has supported my projects.",True
CORD001445,CUS00481,2019-12-25,Bakers,"[{""product"":""Vela Halo 569"",""quantity"":1},{""product"":""Candle Quest 498"",""quantity"":2},{""product"":""Candle Bloom 1054"",""quantity"":1},{""product"":""Candle Quest 354"",""quantity"":1},{""product"":""Candle Bloom 262"",""quantity"":2}]",5854.92,13.2,-37.745926,145.019147,10,5282.63,Summer,False,7.4278,"vela wave 751 has handled my daily communication and navigation needs with very little drama. i use it for calls, messages, maps, and quick searches while moving around town, and those tasks open promptly and remain easy to follow. navigation has been particularly useful when plans change, since i can check a route without stopping to find another device. the phone feels comfortable in my hand and the screen is readable during ordinary indoor and outdoor use. messages and calls have remained dependable throughout my ownership, including while travelling between familiar areas. i occasionally wish the display were easier to see in very strong sunlight, but that has not prevented me from using it. battery performance has been sufficient for a typical day, with heavier navigation naturally requiring more attention. vela wave 751 has become a reliable daily companion, balancing communication and navigation without adding unnecessary complication.",True
CORD001446,CUS00461,2019-12-06,Nickolson,"[{""product"":""Candle Edge 680"",""quantity"":1},{""product"":""Candle Flux 990"",""quantity"":2},{""product"":""Vela Halo 659"",""quantity"":2},{""product"":""Candle Quest 354"",""quantity"":2}]",7775.28,22.46,-37.870189,145.001261,20,6242.68,Summer,True,6.377,"vela echo 961 has been a welcome replacement for my everyday phone, especially when taking photographs while out with friends. images look bright in ordinary indoor light, and the camera opens quickly enough that i have not missed many spontaneous moments. messaging is straightforward, and moving between conversations and casual apps feels fluid. calls remained clear in different parts of the house, which was important to me. the phone does become warm during a long session of editing photographs, but it cools down afterward and has not affected normal use. i also found the display comfortable for reading messages in the evening. after fourteen days, vela echo 961 feels polished and dependable. it is a versatile phone that handles both communication and casual photography very well.",True
CORD001447,CUS00350,2019-04-07,Thompson,"[{""product"":""Vela Halo 659"",""quantity"":1},{""product"":""Candle Quest 354"",""quantity"":1},{""product"":""Vela Halo 569"",""quantity"":2}]",965.67,11.59,-37.830923,144.944666,10,880.69,Autumn,False,2.0403,"vela atlas 1097 looked suitable for everyday timekeeping and habit reminders, yet ownership became increasingly disappointing. the display is readable indoors, but the reminder alerts were inconsistent. on some days the prompt appeared late, and on others it failed to appear at all. that made it difficult to use for routines that depend on a regular nudge. the time remained visible, although the screen sometimes took an awkward extra tap to wake, especially when i was carrying something. charging was another nuisance because the contact needed careful positioning, and a small movement could interrupt the session without an obvious warning. message notifications were not part of my main reason for buying it, but the limited information shown there made the device feel less practical. i contacted support after several missed reminders and received basic reset advice, with no lasting improvement. after more than a month, vela atlas 1097 feels unreliable and frustrating. its core clock function works, but the reminder feature is too inconsistent to justify keeping it.",False
CORD001448,CUS00221,2019-10-25,Bakers,"[{""product"":""Candle Flux 990"",""quantity"":2},{""product"":""Candle Edge 680"",""quantity"":2},{""product"":""Candle Flux 1098"",""quantity"":1}]",9487.94,10.57,-37.773869,145.009274,0,9498.51,Spring,False,4.2024,"candle bloom 1018 has made our shared household connection easier to manage than the older networking unit. before changing over, devices would sometimes need to be reconnected after someone moved between rooms, and working out which setting to check was frustrating. this unit has given us a steadier everyday arrangement for laptops, phones, a television, and other shared devices. the improvement is less about a dramatic single feature and more about removing small interruptions from the day. i compared the setup process with the spare unit kept for occasional use. the older one can still connect a few devices, but its controls are less intuitive and its status information is harder to interpret. candle bloom 1018 was simpler to place into the household routine. once it was configured, family members could use their devices without repeatedly asking me to restart or adjust something. that matters in a home where several people are online at different times. the unit is not especially decorative, and the indicator lights are more noticeable in a dark room than i expected. i also needed to spend time choosing a sensible location because the household layout has several walls between rooms. those are ordinary installation considerations rather than serious faults. compared with the previous network device, candle bloom 1018 has delivered a calmer, more dependable connection for the collection of devices we actually use.",True
CORD001449,CUS00336,2019-02-19,Bakers,"[{""product"":""Vela Halo 659"",""quantity"":1},{""product"":""Candle Quest 354"",""quantity"":1},{""product"":""Candle Bloom 1000"",""quantity"":2}]",4299.17,13.18,-37.818153,145.045882,15,3667.47,Summer,False,4.5408,"vela ridge 671 makes calls, but work use has been frustrating. calendar pages load slowly, reminders can arrive after an appointment, and call audio sometimes becomes difficult to follow. the phone is also awkward for extended typing, while battery loss requires frequent charging. basic communication is possible, yet the unreliable scheduling experience is a serious problem. after several weeks, i regret the purchase and cannot recommend it.",False
CORD001450,CUS00481,2019-09-07,Bakers,"[{""product"":""Vela Halo 659"",""quantity"":1},{""product"":""Candle Edge 680"",""quantity"":1},{""product"":""Candle Orbit 656"",""quantity"":1},{""product"":""Candle Bloom 1000"",""quantity"":1},{""product"":""Candle Orbit 1034"",""quantity"":2}]",7757.85,12.92,-37.745926,145.019147,5,7382.88,Spring,False,7.4278,"vela wave 751 has handled my daily communication and navigation needs with very little drama. i use it for calls, messages, maps, and quick searches while moving around town, and those tasks open promptly and remain easy to follow. navigation has been particularly useful when plans change, since i can check a route without stopping to find another device. the phone feels comfortable in my hand and the screen is readable during ordinary indoor and outdoor use. messages and calls have remained dependable throughout my ownership, including while travelling between familiar areas. i occasionally wish the display were easier to see in very strong sunlight, but that has not prevented me from using it. battery performance has been sufficient for a typical day, with heavier navigation naturally requiring more attention. vela wave 751 has become a reliable daily companion, balancing communication and navigation without adding unnecessary complication.",True
CORD001451,CUS00471,2019-02-09,Bakers,"[{""product"":""Candle Flux 1098"",""quantity"":2},{""product"":""Candle Orbit 1034"",""quantity"":1},{""product"":""Candle Bloom 262"",""quantity"":1}]",3292.67,10.11,-37.783369,144.988696,0,3302.78,Summer,False,3.016,"candle vista 920 has handled my creative projects and media editing with a reassuring level of consistency. i have used it for organizing source material, making edits, and reviewing finished work while away from my main desk. the screen gives me enough room to inspect details, and ordinary multitasking has remained responsive during longer sessions. it is portable enough for travel without feeling fragile, though the charger adds noticeable weight to a smaller bag. fans can become audible when i am working harder, but that has not interrupted concentration or affected the work itself. candle vista 920 has made it possible to continue projects in different places without a complicated setup. it is a practical laptop for creative tasks with a manageable compromise in portability.",True
CORD001452,CUS00372,2019-07-05,Bakers,"[{""product"":""Candle Quest 354"",""quantity"":1},{""product"":""Candle Orbit 656"",""quantity"":2},{""product"":""Candle Orbit 1034"",""quantity"":1},{""product"":""Candle Quest 498"",""quantity"":1}]",6817.15,15.54,-37.751853,145.004934,10,6150.97,Winter,False,6.5212,"the candle quest 138 has made guest access much less awkward in my home. i can keep visitors on a separate network while leaving my household devices connected as usual, and the device list makes it easier to recognise what is online. i have also used the management controls to pause a forgotten tablet in the evening. the setup screen took a little exploring, but the arrangement has stayed steady since then and gives me useful control without constant attention.",True
CORD001453,CUS00010,2019-07-21,Thompson,"[{""product"":""Vela Halo 569"",""quantity"":1},{""product"":""Candle Orbit 1034"",""quantity"":2},{""product"":""Candle Flux 1098"",""quantity"":3},{""product"":""Candle Flux 990"",""quantity"":1},{""product"":""Candle Bloom 262"",""quantity"":3}]",9150.91,30.55,-37.743247,144.89718,15,7808.82,Winter,True,8.8781,"vela echo 997 has fitted naturally into my daily routine over the last 29 days. the time is visible at a glance, reminders arrive when expected, and the lightweight body is comfortable through a full day. i have not needed much instruction to use it, which is a welcome change from more complicated wearables. the strap material is basic, but it has held up well so far. it is a practical everyday helper.",True
CORD001454,CUS00500,2019-09-02,Bakers,"[{""product"":""Candle Quest 354"",""quantity"":1},{""product"":""Vela Halo 659"",""quantity"":1},{""product"":""Candle Orbit 1034"",""quantity"":1}]",1249.41,12.56,-37.754453,145.030951,5,1199.5,Spring,False,6.9281,"the vela ridge 203 has become the screen we use for shared films and television, and its larger presentation is a clear step up from watching on a computer. people seated at opposite ends of the room can follow the main action and subtitles without leaning forward. the interface is familiar enough for different family members to choose programmes, and the remote has not required much explanation. compared with our old display, the picture looks cleaner in ordinary scenes and the viewing area feels less crowded when several people are present. the built-in audio is the part i would assess carefully. speech is understandable, but music and effects sound narrow, and the contrast between quiet conversation and louder scenes means someone often reaches for the volume control. the screen also reflects a nearby window during the afternoon, so placement has mattered more than expected. switching between services is usually fine, although the home screen occasionally pauses before responding to a command. these are not failures of the basic viewing function, but they prevent the set from feeling completely finished. after established use, the vela ridge 203 remains a sensible shared television for everyday programmes. it compares favourably with the smaller display it replaced, particularly for subtitles and group viewing, while a separate sound system would make the experience more complete. i am content with its role, but i would not choose it solely for cinema-quality audio.",True
CORD001455,CUS00427,2019-07-15,Thompson,"[{""product"":""Candle Orbit 1034"",""quantity"":3},{""product"":""Candle Edge 680"",""quantity"":1},{""product"":""Candle Bloom 262"",""quantity"":1}]",5115.43,14.53,-37.850631,144.90996,5,4874.19,Winter,False,5.3325,"candle bloom 406 has settled into my desktop gaming setup better than expected. i have used it for short matches and for much longer sessions, and the controls remained responsive without distracting interruptions. the shape is comfortable at my desk, with enough room for natural hand movement, and the materials have not developed any looseness after regular use. i particularly noticed the difference during extended play, when cheaper equipment usually becomes tiring or awkward. connection was straightforward and remained steady while i moved between games. the buttons have a firm feel and are easy to locate without looking away from the screen. the only minor drawback is that the surface shows fingerprints quickly, so i wipe it down more often than i planned. candle bloom 406 is not flashy, but its consistent behaviour and comfortable handling make it a strong choice for everyday desktop gaming.",True
CORD001456,CUS00143,2019-12-27,Thompson,"[{""product"":""Candle Flux 1098"",""quantity"":1},{""product"":""Vela Halo 569"",""quantity"":2},{""product"":""Candle Bloom 262"",""quantity"":1},{""product"":""Candle Orbit 1034"",""quantity"":2}]",3376.53,10.79,-37.818625,144.902294,5,3218.49,Summer,False,3.9884,"after forty-four days with the candle lumen 292, i prefer it to the older tablet i used for sketches and lightweight creative work. the drawing surface responds consistently, and the pen feels natural enough for rough layouts, annotations, and small illustrations. i can move from a reference image to a working canvas without the device becoming distracting, which was not the case with my previous tablet. it also handles ordinary browsing, reading, and note taking without making creative work feel like an afterthought. the main difference is how well it fits short sessions. i often use it at a desk for an hour, then carry it to another room to review a design. it wakes quickly, the screen remains easy to follow at an angle, and the body has not developed any looseness or rattle. for comparison, my older device was lighter, but its controls felt cramped and the drawing response was less even near the edges. the candle lumen 292 gives me more confidence when making small corrections. there are still limits. it is better suited to lightweight projects than to demanding professional production, and i sometimes wish the working area were larger. the included warranty adds reassurance, although i have not needed support. overall, this is a worthwhile step up for someone who wants one tablet for drawing, creative notes, and everyday use without paying for features they are unlikely to use.",True
CORD001457,CUS00273,2019-01-05,Thompson,"[{""product"":""Vela Halo 569"",""quantity"":1},{""product"":""Candle Edge 680"",""quantity"":1},{""product"":""Candle Flux 1098"",""quantity"":1}]",3196.73,11.73,-37.859562,144.93444,0,3208.46,Summer,False,5.3305,"i bought candle quest 570 for creative projects that previously forced me to stay at a heavier desktop. after more than two weeks of editing images, preparing documents, and reviewing video material, it has fit that role better than my older portable computer. applications open promptly, switching between a project and reference material feels smooth, and the screen gives me enough room to work without constant window rearranging. the keyboard has a comfortable layout for longer sessions, while the lighter shape makes it much easier to move from one room to another. compared with my previous laptop, candle quest 570 handles a mixed workload with less waiting and fewer distracting pauses. i can keep notes, a browser, and editing software available together, which is useful when a project involves several sources. the hinge feels secure and the case has stayed composed when carried in a sleeve. my only reservation is that the fan becomes noticeable during heavier media work. it is not alarming, but the sound is more present than during ordinary writing or browsing. for travel and creative work, the improvement is substantial. i no longer plan small edits around the limitations of the old machine, and the battery has been adequate for the stretches of work i normally do away from a desk. candle quest 570 is not a replacement for a specialised desktop in every situation, but it offers a strong balance of portability, responsiveness, and useful screen space.",True
CORD001458,CUS00361,2019-04-18,Nickolson,"[{""product"":""Vela Halo 659"",""quantity"":1},{""product"":""Candle Bloom 1054"",""quantity"":1},{""product"":""Candle Flux 1098"",""quantity"":1},{""product"":""Candle Orbit 656"",""quantity"":1}]",3772.86,21.16,-37.854471,144.961508,20,3039.45,Autumn,True,4.0513,"the candle shift 1060 has accompanied me through a busy stretch of study, and its strengths became clearer the longer i used it. i needed an ultrabook for reading papers, taking notes, attending online classes, and moving between the library and home. on the first few days i kept expecting to discover some awkward compromise, but the routine quickly became straightforward. i can open it, continue where i left off, and carry on with research without spending time managing the device. most of my work involves a browser with several research tabs, a document for notes, and a meeting or lecture in the background. the candle shift 1060 handles that combination without making the desk feel crowded. the keyboard is comfortable for extended typing, and the display gives enough room to compare a source with my notes. i often work at a small table or in a quiet corner of the library, so the compact form has been valuable. it fits beside a notebook and leaves space for a cup of coffee without dominating the surface. travel provided a useful test. i carried the laptop between locations in a backpack, used it on a train table, and then connected it to a larger screen at home. the change of setting did not require a special routine. the battery lasted through my usual study block, although i recharge before a particularly long day if i know i will be away from a power point. the charger is one more item to pack, but that is an ordinary trade-off for dependable mobile work rather than a serious complaint. there are boundaries. i would not choose the candle shift 1060 for heavy creative production or demanding games, and the smaller screen can feel tight when i have several windows open at once. i sometimes close tabs simply to keep my attention focused. those limits match the intended role, and the laptop has been well suited to research and note taking. it also wakes quickly enough that i can capture an idea before losing it, which matters more to me than having unnecessary extras. after sustained use, the candle shift 1060 feels like a reliable academic tool. it has supported ordinary deadlines, late reading sessions, and daily travel without becoming a distraction. the combination of portability, comfortable typing, and sensible performance has made my study routine smoother. i am very happy with the purchase and expect it to remain part of my work for a long time.",True
CORD001459,CUS00119,2019-04-22,Thompson,"[{""product"":""Candle Orbit 1034"",""quantity"":3},{""product"":""Candle Quest 354"",""quantity"":1}]",2148.54,12.82,-37.776895,144.8753,10,1946.51,Autumn,False,7.4562,"i bought vela halo 659 after using a fixed stand that placed my phone at one angle and left little room to adjust it for different tasks. that old stand was serviceable for short viewing, but it became awkward when i wanted to join a call, read a recipe, or keep a device visible while working. vela halo 659 gives me more control over the position, so i can move the screen closer, change the angle, and keep it at a height that suits the activity. the base has stayed steady on my desk during normal use. compared with the fixed stand, vela halo 659 is more versatile without needing to be rebuilt each time. i have used it for video calls, reading, charging, and following instructions while cooking, and the adjustment range has been genuinely useful. the device remains easy to reach, while the stand keeps the desk less cluttered than laying the phone flat among other items. the hinges were slightly firm at first, but that has helped the position stay in place rather than drifting during use. it is not the smallest accessory in my workspace, and very frequent angle changes require two hands if i want to keep the base completely still. those are minor limitations compared with the convenience of having a stable, adjustable position. after several weeks, vela halo 659 has proved more practical than my old fixed stand and has made everyday device positioning easier across several different situations.",True
CORD001460,CUS00431,2019-11-17,Thompson,"[{""product"":""Candle Orbit 1034"",""quantity"":1},{""product"":""Vela Halo 659"",""quantity"":1}]",846.63,14.36,-37.739971,144.892582,5,818.66,Spring,False,9.396,"candle orbit 1088 has given me a more orderly way to manage the network used by my household and occasional guests. creating a separate guest connection was straightforward, and i can adjust device access without disturbing the people who are using the main connection. the management controls are laid out sensibly, so i can identify what is connected instead of guessing from a list of unfamiliar entries. i have also used it to review devices after visitors leave, which has made routine housekeeping less tedious. coverage has suited the rooms where we normally work and browse, and the connection has remained steady during ordinary evening use. the administration options take a little reading at first, but they reward that initial attention. candle orbit 1088 has made guest-network and device management clearer, and it now feels like a useful part of my home setup.",True
CORD001461,CUS00411,2019-12-31,Bakers,"[{""product"":""Candle Bloom 1000"",""quantity"":1},{""product"":""Candle Quest 498"",""quantity"":1}]",3124.17,10.86,-37.775311,144.980077,10,2822.61,Summer,False,4.0802,"candle lumen 400 replaced an older laptop that was still usable but increasingly awkward to carry between rooms. i compared them during document work, online meetings, and ordinary administration, and the newer device fits my portable routine better. candle lumen 400 is easier to move from a desk to the dining table, and i can begin work without spending much time arranging the setup. documents remain readable during longer sessions, while the camera and microphone have been suitable for video meetings. the older laptop had a more familiar keyboard, and i needed a few days to adjust to the feel of candle lumen 400. i also miss having more physical room around some of the connections. those are minor inconveniences rather than daily obstacles. the advantage is that the newer machine feels less burdensome when i am working away from my main desk, and it has handled my usual mixture of writing, browsing, and calls without complaint. after several weeks of ownership, i have used it for quiet planning as well as busier meeting days. it has remained responsive for that kind of work, and the portable design has encouraged me to change location instead of staying at one workstation. candle lumen 400 is not aimed at demanding specialist tasks, so i would look elsewhere for that purpose. compared with my previous laptop, it offers a more convenient balance for documents and video meetings, with only a modest adjustment period.",True
CORD001462,CUS00195,2019-01-14,Bakers,"[{""product"":""Candle Orbit 1034"",""quantity"":1},{""product"":""Candle Bloom 262"",""quantity"":1},{""product"":""Vela Halo 659"",""quantity"":1},{""product"":""Candle Bloom 1054"",""quantity"":1}]",2414.75,9.04,-37.796596,144.995918,15,2061.58,Summer,False,1.4912,"the candle bloom 532 has worked well as a shared device for family learning, reading, and casual browsing. children can use it for lessons while adults can later read articles or check household information without a long setup process. the display is bright enough indoors, and touch response has remained consistent during drawing exercises and web navigation. i appreciate the manageable size because younger users can hold it comfortably, though the screen feels crowded when several people try to look at it together. switching between users required some initial organisation, but it has prevented everyone’s recommendations and settings from becoming mixed. battery life covers several ordinary sessions before charging is needed. the candle bloom 532 has become a useful shared resource, with enough flexibility for both schoolwork and relaxed browsing.",True
CORD001463,CUS00433,2019-04-11,Bakers,"[{""product"":""Vela Halo 659"",""quantity"":1},{""product"":""Vela Halo 569"",""quantity"":1}]",413.8,15.76,-37.874433,145.015329,15,367.49,Autumn,False,7.3792,"vela halo 407 was supposed to give me a daily record of activity and sleep, so i compared its reports with another wearable used on the same days. the results from vela halo 407 are too patchy to support that purpose. walking is usually detected, but shorter movements are sometimes ignored and a day can show an implausibly low total. sleep tracking is worse. it has recorded only part of a night, combined separate periods, or shown no result after the device was worn until morning. the app presents the information in neat screens, but neat presentation does not repair missing records. scrolling through a week is slow, and the reason for an incomplete entry is never clear. the wearable also shifts while sleeping, leaving the strap uncomfortable and making me aware of it at night. another device i tried is less attractive, but it has produced a more consistent history and required less checking. vela halo 407 creates a false sense of detail because the charts look precise even when the underlying entries are unreliable. charging is another nuisance. the battery falls quickly when several tracking features are enabled, and the reminder arrives too late to prevent a gap. basic step counting does operate on ordinary days, but that narrow success cannot outweigh the missing sleep records and inconsistent activity totals. i bought vela halo 407 to notice patterns over time, not to guess which days can be trusted. the device is frustrating, awkward to wear overnight, and poor for dependable tracking. i would avoid it.",False
CORD001464,CUS00266,2019-06-28,Thompson,"[{""product"":""Candle Bloom 1054"",""quantity"":2},{""product"":""Candle Flux 1098"",""quantity"":2},{""product"":""Candle Bloom 1000"",""quantity"":1},{""product"":""Candle Flux 990"",""quantity"":1},{""product"":""Vela Halo 569"",""quantity"":1}]",6551.56,28.44,-37.857976,144.902049,10,5924.84,Winter,True,6.4037,"i bought vela pulse 667 after my previous tracker became unreliable with notifications, and the contrast has been noticeable. walking information appears in a way that is quick to check without stopping for long, while commute alerts arrive consistently enough to be useful. i mainly wear it during the walk to the station and through a normal day at work. the display is readable indoors and outdoors, and the band has stayed comfortable during extended wear. it feels less bulky than the older device, which used to catch on sleeves and become irritating by lunchtime. the walking function is not a substitute for careful measurement. routes with tall buildings sometimes produce figures that differ from what i expect, so i treat them as a general guide rather than a precise record. that limitation is easy to accept because the main benefit for me is seeing movement over the course of a day and receiving a discreet prompt when something needs attention. notifications are less intrusive than checking my phone, and i can dismiss the ones that are not relevant without interrupting a conversation. compared with the old tracker, vela pulse 667 has a calmer interface and a better balance between information and clutter. it does not provide every feature found on more elaborate health devices, but i did not need those features for walking and commute reminders. the band still looks neat after regular use, and charging has fitted into my routine without trouble. for everyday awareness rather than intensive exercise analysis, this has proved a worthwhile upgrade.",True
CORD001465,CUS00214,2019-03-05,Bakers,"[{""product"":""Candle Bloom 1000"",""quantity"":1},{""product"":""Candle Flux 990"",""quantity"":1},{""product"":""Candle Bloom 262"",""quantity"":1},{""product"":""Candle Edge 680"",""quantity"":1}]",7279.96,10.67,-37.851652,145.004425,10,6562.63,Autumn,False,4.7018,"candle flux 396 has made streaming games and capturing media much easier in my setup. the initial connection was straightforward, recordings remain steady during normal play, and the controls are available without interrupting the session. it becomes warm during extended use, but that has not affected ordinary results. for casual streaming and capture, it has been a reliable and enjoyable device.",True
CORD001466,CUS00131,2019-01-11,Nickolson,"[{""product"":""Candle Bloom 1000"",""quantity"":1}]",1815.84,8.69,-37.810733,144.974787,15,1552.15,Summer,False,0.9878,"vela pulse 307 has given me a simple way to notice patterns in daily activity and sleep. i wear it during ordinary days and overnight, then review the summaries when i have a quiet moment. the information is easy to scan, and the weekly view helps me recognise when i have been sitting too much or keeping an irregular routine. it stays comfortable on my wrist during the night, although i occasionally loosen the strap after a particularly warm day. syncing has generally been quick, and i have not had to repeat a session because of missing information. i like that the device offers a gentle reminder without demanding constant attention. the sleep summary is not as detailed as a full journal, but it gives me a useful overview for comparing one routine with another. vela pulse 307 has encouraged me to take short walks and pay more attention to rest, without making the process feel burdensome. after several weeks, it remains a convenient companion and has delivered the straightforward tracking experience i hoped for.",True
CORD001467,CUS00310,2019-07-28,Nickolson,"[{""product"":""Candle Orbit 1034"",""quantity"":1},{""product"":""Vela Halo 569"",""quantity"":1}]",731.01,16.7,-37.886551,144.944021,10,674.61,Winter,False,7.8818,"vela nova 339 has made it easier to connect several devices without carrying a collection of separate adapters. it is small enough for a pocket or work bag, and changing between connected items has been straightforward. the connections have remained stable during ordinary use at my desk and while travelling. the close spacing can be awkward with unusually wide plugs, but the adapter is still practical and has simplified my setup.",True
CORD001468,CUS00032,2019-07-07,Bakers,"[{""product"":""Candle Flux 1098"",""quantity"":1}]",796.24,15.51,-37.7539,145.015272,0,811.75,Winter,False,6.4815,"the candle orbit 818 has been running in our home for several weeks with phones, a tablet, a television, and other shared devices using it throughout the day. initial setup was clear, and i appreciated being able to place it without spending an afternoon adjusting complicated settings. connections have stayed consistent during video calls and streaming, even when several people are online at once. the indicator lights are useful without being distracting, and restarting it after a power interruption was simple. the management options are fairly basic, so anyone wanting advanced control may find them limited. for ordinary household sharing, though, it has provided steady service and removed much of the daily network worry.",True
CORD001469,CUS00321,2019-05-19,Thompson,"[{""product"":""Candle Quest 354"",""quantity"":1},{""product"":""Candle Flux 1098"",""quantity"":2},{""product"":""Vela Halo 569"",""quantity"":2}]",2293.44,12.6,-37.748772,144.958774,5,2191.37,Autumn,False,7.1795,"candle flux 108 has been running in my home office for almost a month, and the difference is most noticeable when i move away from the desk. before installing it, video calls in the back room would occasionally lose quality and uploads from a nearby room were inconsistent. i positioned candle flux 108 near the centre of the apartment, connected my usual devices, and then tested the connection from the office, kitchen, and hallway. the coverage has been steady in each place during normal work, including calls, document transfers, and music in the background. i also connected a tablet and phone at the same time without the network becoming difficult to use. setup was not completely instant because i needed to move the unit once to find a better position, but the instructions made the adjustment clear and i did not need technical help. since then i have mostly forgotten it is there, which is a strong result for networking equipment. the casing is compact enough for a crowded shelf, though the indicator light is brighter than i prefer at night. on a few occasions the connection has taken a moment to settle after several devices wake together, but it recovers without restarting everything. candle flux 108 has made my home-office routine calmer and more predictable. it delivers the wireless coverage i needed without demanding regular attention, and that quiet reliability has made it a worthwhile addition.",True
CORD001470,CUS00014,2019-04-16,Thompson,"[{""product"":""Candle Quest 498"",""quantity"":2}]",2616.66,22.93,-37.85985,144.906996,25,1985.42,Autumn,True,6.3169,"candle quest 498 improved the connection in the rooms furthest from my main router. setup was straightforward, and devices now remain connected while i move between the study and living area. video calls and ordinary streaming have been noticeably steadier, with fewer interruptions during busy evenings. the strongest performance is still near the primary unit, but that is expected in a home network. it has solved the coverage gap i bought it for and has made the household connection more convenient.",True
CORD001471,CUS00467,2019-03-31,Nickolson,"[{""product"":""Candle Orbit 656"",""quantity"":1},{""product"":""Candle Quest 498"",""quantity"":1},{""product"":""Candle Bloom 1054"",""quantity"":1},{""product"":""Candle Quest 354"",""quantity"":1},{""product"":""Vela Halo 659"",""quantity"":1}]",4687.73,10.51,-37.850272,145.001458,0,4698.24,Autumn,False,4.5009,"candle shift 340 has been a convenient laptop for travel-based work and presentations. it is easy to carry between locations, opens quickly, and gives me enough room to prepare documents without feeling cramped. i have used it on trains, at temporary desks, and in meeting rooms, and it has remained responsive when moving between notes, presentation pages, and browsing. presentations are simple to start, and the screen is visible in ordinary indoor lighting. the keyboard is comfortable for shorter writing sessions, although i would choose a larger external keyboard for a full day of intensive typing. battery performance has covered my usual working periods when i begin with a charge. candle shift 340 has made it easier to work away from my main desk and has handled my travel routine with reassuring consistency.",True
CORD001472,CUS00054,2019-07-12,Bakers,"[{""product"":""Candle Orbit 1034"",""quantity"":1},{""product"":""Candle Bloom 1000"",""quantity"":1}]",2397.76,24.28,-37.798345,145.003889,15,2062.38,Winter,True,1.5023,"vela core 1047 has been on my wrist most days, mainly for timekeeping and reminders during a busy routine. the display is easy to check at a glance, and the reminder prompts have helped me remember small habits that otherwise disappear among work and household tasks. it is light enough that i rarely notice it while moving around, and the strap has remained comfortable through a full day. the basic time display has also been dependable when i need to check it quickly. i appreciate that the controls do not invite constant fiddling. notifications are visible without making every message feel urgent, which suits the way i use it. the screen is less convenient to read in very bright outdoor light, and the reminder options are not endlessly flexible, but those limitations are minor for everyday use. vela core 1047 has encouraged a more organised routine without becoming intrusive, and i am satisfied with how it fits into daily life.",True
CORD001473,CUS00061,2019-09-27,Thompson,"[{""product"":""Vela Halo 569"",""quantity"":2},{""product"":""Candle Flux 1098"",""quantity"":1},{""product"":""Vela Halo 659"",""quantity"":2}]",1623.84,10.06,-37.78123,144.949802,10,1471.52,Spring,False,3.5045,"i bought the candle quest 1002 mainly for reading articles, marking passages, and writing notes by hand. compared with carrying a paper notebook beside my older tablet, it keeps those activities in one place and makes it easier to search through recent annotations. text is comfortable to read for ordinary sessions, and the writing surface responds well when i am making short comments in the margin. i have used it at a desk and on the sofa, and the size works in both situations. the comparison changes when i try to work quickly. the candle quest 1002 records normal handwriting without trouble, but switching between reading and annotation tools is not always immediate. i occasionally tap twice because the first action appears to have done nothing. longer notes are possible, though the page can feel crowded once several marks are present. my previous tablet handled general browsing more smoothly, while this one feels more focused on reading and handwriting than on a broad set of everyday apps. battery life has covered my usual study periods, and the device has remained cool during extended reading. the body is light enough for one-handed use, although the smooth surface makes me more cautious when holding it without support. importing a document was manageable, but the guidance for organising notebooks is brief. i would choose the candle quest 1002 for readers who value handwritten annotation, yet people wanting a fast all-purpose tablet may find the specialised workflow restrictive.",True
CORD001474,CUS00089,2019-10-12,Thompson,"[{""product"":""Candle Bloom 1000"",""quantity"":1}]",1815.84,20.76,-37.782635,144.967111,0,1836.6,Spring,True,3.7759,"candle flux 162 has been useful in the spaces between my larger devices. i bought it for portable media and video calls, and it now travels from the sofa to the kitchen table depending on what i am doing. watching a program feels more personal than using the television, while the screen is still large enough for another person to see when we sit together. the tablet starts quickly and the basic controls became familiar after a few sessions. i tested it with films, short clips and several video calls. holding it for a while is manageable, though i prefer resting it against a stand for longer viewing because the body eventually feels substantial in one hand. the camera angle works best when the tablet is supported on a table. in that position, i can take part in a call while keeping notes nearby, which has been convenient for informal meetings and family conversations. the audio is adequate for ordinary viewing, and i sometimes connect headphones when others are reading nearby. the surface attracts fingerprints after frequent touching, so i wipe it down more often than i expected. those are ordinary tablet compromises, and neither has reduced how often i use it. its portable size has also made it handy when someone else is using the main screen. candle flux 162 has earned a permanent place in my household because it adapts to different routines. it supports relaxed media use and practical calls without feeling specialised or difficult. the need for a stand during extended viewing is a minor limitation, but its flexibility has made the purchase worthwhile.",True
CORD001475,CUS00268,2019-01-15,Thompson,"[{""product"":""Candle Quest 354"",""quantity"":1},{""product"":""Candle Orbit 656"",""quantity"":1},{""product"":""Candle Bloom 262"",""quantity"":1}]",3783.11,20.56,-37.813093,144.956134,0,3803.67,Summer,True,0.7977,"i bought vela ridge 743 for presentations and family photo viewing, expecting a straightforward display in a meeting room. instead, it introduces awkward delays at nearly every stage. connecting a source can take several attempts, and the screen sometimes remains blank after the device reports that it is ready. this is embarrassing when an audience is waiting. photo slideshows change slowly, with occasional pauses between images. colours appear uneven from different seats, and the viewing angle is poor in a wider room. during a presentation, the controls have failed to respond until the display was restarted. those interruptions are frustrating and make it difficult to maintain a coherent discussion. the panel shows an image once everything connects, so the basic display function operates. that limited success does not offset the unreliable switching, weak viewing consistency, and cumbersome controls. i have stopped using it for important presentations because the risk of delay is too high. the product has been disappointing from setup through routine use, and i cannot recommend vela ridge 743.",False
CORD001476,CUS00236,2019-01-22,Bakers,"[{""product"":""Candle Quest 354"",""quantity"":1}]",402.78,12.84,-37.748256,145.004234,15,355.2,Summer,False,6.9106,"vela pulse 811 replaced a phone that was acceptable for messages but disappointing whenever i wanted to capture a moment quickly. the newer phone has made mobile photography more enjoyable. in ordinary indoor light and during walks, images have enough detail and colour for sharing without immediately needing extensive editing. the camera opens promptly, and moving from taking a picture to sending a message feels less interrupted than it did on my previous device. messaging has benefited as well. conversations remain easy to follow, attachments are straightforward to handle, and the phone has coped with switching between chats, the camera, and other daily tasks. i have used it while travelling around town, at family gatherings, and during quick work exchanges. across those situations, the combination of responsive controls and a readable screen has felt dependable. compared with the older phone, it creates fewer small annoyances. i would not describe it as a substitute for dedicated photographic equipment. fine detail can soften in difficult light, and the body is not especially small. battery use also becomes more noticeable when the camera and messaging are active for a long period. those limitations are manageable in context. vela pulse 811 is a strong everyday phone because it improves the two things i use most: capturing images and keeping conversations moving. after living with it for several weeks, i prefer it clearly to my former handset.",True
CORD001477,CUS00420,2019-05-04,Thompson,"[{""product"":""Vela Halo 569"",""quantity"":1},{""product"":""Candle Bloom 262"",""quantity"":1},{""product"":""Candle Orbit 656"",""quantity"":1},{""product"":""Candle Bloom 1054"",""quantity"":1},{""product"":""Vela Halo 659"",""quantity"":1}]",4243.98,21.66,-37.759145,144.914274,15,3619.54,Autumn,False,6.6131,"the vela core 813 has become part of my evening routine because it handles music and spoken content with less fuss than the small speaker i used previously. podcasts, radio discussions, and audiobooks are easy to follow, with voices remaining distinct at a modest volume. compared with the old speaker, i spend less time adjusting the position or raising the sound when someone begins speaking quietly. music also has enough warmth for casual listening while cooking or reading. the difference is most noticeable when i move around the room. the vela core 813 keeps the playback experience pleasant from the kitchen table to the sofa, whereas my previous unit sounded thin unless i sat directly beside it. it is not a substitute for a dedicated system when i want powerful music or a room-filling performance, and the controls took a short period of practice. for everyday background listening and spoken content, its balance is much more suitable. i have used it during morning routines, while preparing dinner, and for longer audiobook sessions at the weekend. playback has remained steady, and changing the volume does not make speech suddenly disappear beneath the music. the unit has a tidy shape and has not needed constant repositioning. compared with a phone speaker it gives audio more presence, and compared with a larger system it is easier to leave in place and use spontaneously. the vela core 813 is a thoughtful improvement for listeners who value clear speech and relaxed music rather than maximum volume.",True
CORD001478,CUS00301,2019-04-30,Bakers,"[{""product"":""Candle Bloom 1054"",""quantity"":1}]",449.85,11.82,-37.792702,145.010386,5,439.18,Autumn,False,2.3389,"candle shift 178 was installed for video meetings and media streaming, but the wireless connection caused repeated disruptions. nearby devices connected during setup, yet the signal weakened in the room where meetings were held, producing frozen faces and broken speech. streaming in another room also paused whenever a call was active. the management application was slow to update, so it was difficult to tell whether a setting had actually changed. restarting the unit restored service for a short period, but dropouts returned without an obvious trigger. the casing stayed cool and the status light remained on, although neither provided useful reassurance when the network failed. candle shift 178 handles light browsing, but its poor coverage and unreliable performance make it unsuitable for calls or shared media.",False
CORD001479,CUS00035,2019-06-22,Bakers,"[{""product"":""Candle Orbit 1034"",""quantity"":1},{""product"":""Candle Flux 1098"",""quantity"":1},{""product"":""Candle Bloom 1000"",""quantity"":1},{""product"":""Candle Orbit 656"",""quantity"":1}]",5456.06,10.83,-37.801457,144.997687,10,4921.28,Winter,False,0.9737,"i installed the vela pulse 1045 to manage the blinds and curtains without walking from room to room several times each day. after an initial period of adjusting the routine, it has become a quiet convenience. in the morning, the curtains open as part of the household rhythm, and in the evening the blinds close while we are preparing dinner or settling down for the night. the most useful part has been the consistency of the routines. i can still operate the blinds manually when needed, but the scheduled actions reduce the small decisions that used to be easy to forget. i have created different settings for the main living area and bedroom, which suits the way those rooms are used. the controls are understandable once the basic arrangement is established, although deciding the best timing took a few attempts because daylight changes across the season. the hardware is unobtrusive and has not made the windows look untidy. i have watched the blinds move several times to check that the action is gentle and complete, and so far the mechanism has worked as expected. very heavy curtains require more attention to how they are fitted, so careful installation matters. that is a practical consideration rather than a flaw in the routine itself. after more than a month, the vela pulse 1045 has made mornings and evenings smoother. it is not a dramatic household transformation, but the repeated little actions add up, especially when my hands are full or i am already in another room. the flexible scheduling, quiet operation, and ability to retain manual control have left me pleased with this addition to the home.",True
CORD001480,CUS00336,2019-04-12,Bakers,"[{""product"":""Candle Bloom 1054"",""quantity"":1},{""product"":""Candle Bloom 1000"",""quantity"":1},{""product"":""Candle Orbit 1034"",""quantity"":1},{""product"":""Vela Halo 569"",""quantity"":1},{""product"":""Candle Edge 680"",""quantity"":1}]",5248.1,13.54,-37.818153,145.045882,10,4736.83,Autumn,False,4.5408,"vela ridge 671 makes calls, but work use has been frustrating. calendar pages load slowly, reminders can arrive after an appointment, and call audio sometimes becomes difficult to follow. the phone is also awkward for extended typing, while battery loss requires frequent charging. basic communication is possible, yet the unreliable scheduling experience is a serious problem. after several weeks, i regret the purchase and cannot recommend it.",False
CORD001481,CUS00206,2019-07-16,Bakers,"[{""product"":""Candle Flux 990"",""quantity"":1},{""product"":""Candle Edge 680"",""quantity"":1}]",4345.85,14.79,-37.859814,145.006851,10,3926.06,Winter,False,5.6327,"i bought candle shift 322 for field forms and client presentations, after using a smaller tablet that felt cramped and a laptop that was awkward to carry between meetings. after two weeks of regular use, this sits in a useful middle ground. it is light enough to take to a site visit, yet the screen gives forms and presentation pages enough room to read without constant zooming. the response while moving between fields is smooth, and i have not had the delays that made my previous device look unprofessional in front of clients. for forms, the main advantage is the balance between portability and working space. i can hold it in one hand while checking information and use the other to enter notes. when i need to show a proposal, turning the display toward someone across a table feels much more natural than passing around a phone. text remains readable from an angle, and the surface has not collected distracting marks during ordinary use. it also wakes quickly, which matters when a conversation moves from discussion to a visual example. compared with my old laptop, candle shift 322 is less tiring for short visits and quicker for simple updates. compared with the compact tablet i tried before, it feels more capable for longer forms because there is less scrolling and fewer accidental taps. it is not a replacement for a full computer when i need extensive editing, and the supplied charging lead could be longer for a desk setup. those are minor trade-offs. the construction feels dependable, the 24-month warranty adds reassurance, and the device has made routine field work more comfortable. for a productivity tablet focused on forms and presentations, it is a very worthwhile choice.",True
CORD001482,CUS00031,2019-04-14,Nickolson,"[{""product"":""Candle Edge 680"",""quantity"":1},{""product"":""Candle Bloom 1000"",""quantity"":1},{""product"":""Candle Flux 990"",""quantity"":1}]",6161.69,13.31,-37.886661,145.002254,0,6175,Autumn,False,8.0949,"i have used candle arc 942 for drawing at the kitchen table and for small creative jobs that do not justify opening my larger computer. the first few sketches were mainly about learning the surface and finding a grip that felt natural. after that short adjustment, drawing became fluid enough for rough ideas, coloured notes, and simple layouts. the tablet responds promptly to strokes, and i can zoom in when working on a small section without losing track of the whole image. most of my sessions last between twenty minutes and an hour. during that time the tablet remains comfortable to hold against a cushion or rest flat on the table. i like being able to pick it up when an idea appears, add a few lines, and put it away without preparing a full workspace. it has also been handy for reviewing an image while travelling around the house. the supplied pen is pleasant for ordinary sketching, although i would prefer a slightly more secure place to store it because it can disappear among papers. candle arc 942 has encouraged me to draw more often simply because it is available. i have used it for planning a small room arrangement, marking changes on a picture, and making quick visual reminders for a project. it is not a replacement for every tool in a full creative studio, and the smaller working area takes some getting used to when a drawing becomes detailed. for lightweight creative work, however, it feels responsive and approachable. the battery has carried me through my usual sessions, and the tablet has become a genuinely useful part of my creative routine.",True
CORD001483,CUS00279,2019-07-18,Thompson,"[{""product"":""Candle Quest 498"",""quantity"":1},{""product"":""Vela Halo 659"",""quantity"":1}]",1573.04,13.62,-37.7755,144.935196,25,1193.4,Winter,False,4.2631,"candle arc 852 has been particularly useful for reading articles, marking passages, and keeping handwritten notes in one place. the screen is comfortable for extended reading, and writing feels responsive enough that my notes do not trail noticeably behind the pen. i can move from a document to an annotation without losing my place, which is helpful during study sessions. the body is easy to hold for a while, although it becomes more comfortable when resting on a desk or cushion. i needed a little practice with the palm rejection and the available note tools, but that was a brief adjustment. files have remained organised and easy to revisit after several days. battery life has covered my ordinary study blocks without anxiety. candle arc 852 has replaced much of my loose paper and has made reading and annotation feel pleasantly connected.",True
CORD001484,CUS00360,2019-03-24,Thompson,"[{""product"":""Candle Edge 680"",""quantity"":1},{""product"":""Candle Flux 1098"",""quantity"":3},{""product"":""Vela Halo 659"",""quantity"":2}]",5169.54,14.32,-37.789509,144.891221,15,4408.43,Autumn,False,5.5418,"i bought the vela pulse 811 for everyday photos and messaging, then compared it with the phone i had been using. in bright outdoor light, the newer phone can produce an image, but the vela pulse 811 loses fine detail as soon as the subject moves or the room becomes dim. faces look smudged and indoor pictures need repeated attempts. the older phone is not impressive either, yet it records more consistently and leaves me less frustrated. messaging is functional, although the keyboard sometimes misses quick taps near the edge of the screen. switching from the camera to a conversation takes long enough for me to wonder whether the command was registered. attachments occasionally remain in a sending state, forcing me to try again. these are small problems in isolation, but they become irritating when i am trying to share a photo from a busy street or a family gathering. the handset also becomes warm during a series of pictures, and the battery drops noticeably when i use the camera, maps, and messages together. its menus are not impossible to navigate, but useful controls are buried and the default camera processing cannot be adjusted enough to fix the weak results. compared with my previous phone, the vela pulse 811 offers a poorer camera, less dependable messaging, and more awkward handling. the basic communication feature works, but i cannot recommend it for mobile photography.",False
CORD001485,CUS00083,2019-02-19,Nickolson,"[{""product"":""Candle Quest 498"",""quantity"":1},{""product"":""Vela Halo 659"",""quantity"":1}]",1573.04,14.03,-37.888622,144.927663,5,1508.42,Summer,False,8.6114,"i have used candle quest 894 for music, podcasts, and quiet background listening at home, and it has settled into my routine without much fuss. the wireless connection has remained dependable while i move between rooms, and the sound stays pleasant during several hours at a time. voices are distinct enough for spoken content, while music has enough detail to keep it enjoyable. the controls took a little practice because their placement was not immediately obvious, but i soon learned them. the fit remains comfortable over a long evening, although i sometimes wish the outer finish felt less prone to collecting fingerprints. after fifteen days of regular ownership, candle quest 894 feels thoughtfully made, consistent, and well suited to relaxed home listening.",True
CORD001486,CUS00398,2019-05-19,Bakers,"[{""product"":""Vela Halo 659"",""quantity"":1}]",264.71,11.84,-37.793366,144.978619,10,250.08,Autumn,False,2.3558,"candle edge 1040 was meant to replace my older travel laptop for documents and presentations, but the comparison was disappointing from the first week. it starts basic office tasks and displays slides, yet it feels sluggish when several files are open together. switching between a browser, notes, and presentation software causes pauses that interrupt my preparation. the keyboard has a shallow, awkward feel, and the touchpad occasionally ignores a deliberate tap, which makes editing on a small table frustrating. the travel design also has problems that became obvious during repeated use. the screen is readable indoors, but reflections make it difficult to work near a window or in a bright meeting room. battery endurance varies sharply with ordinary presentation work, so i had to carry the charger more often than with the older machine. the charger and laptop fit into a bag without unusual bulk, but the case gathered marks quickly and did not inspire confidence when carried between rooms. for presentations, candle edge 1040 can show a prepared file and connect to a display, but those basic functions do not offset the unreliable pauses and awkward controls. compared with my previous laptop, it demands more patience for routine tasks and leaves less margin when work is time-sensitive. after twenty-two days i find the experience poor for travel-based work, regret the purchase, and cannot recommend candle edge 1040.",False
CORD001487,CUS00271,2019-02-27,Thompson,"[{""product"":""Candle Orbit 1034"",""quantity"":1},{""product"":""Vela Halo 659"",""quantity"":2},{""product"":""Candle Flux 1098"",""quantity"":1},{""product"":""Candle Edge 680"",""quantity"":1}]",4158.98,12.43,-37.85786,144.903371,5,3963.46,Summer,False,6.3224,"candle flux 234 has been a welcome addition to our shared room for background music. it is simple to start playback and convenient when several people want to listen without passing around a phone or dealing with a collection of cables. compared with the small speakers we used before, it gives the room a fuller presence at ordinary listening levels and feels more suitable for relaxed gatherings. i have used it during cooking, reading, and casual conversations, and the sound has remained pleasant without demanding constant adjustment. pairing it for regular use was not difficult, and other household members learned the basic controls quickly. candle flux 234 is easier to live with than a more elaborate audio system because it does not require a special arrangement every time we want music. it also fits the shared-room purpose better than headphones, which isolate one listener from everyone else. there are limits to the comparison. someone seeking a very detailed listening setup or strong private volume may prefer more specialised equipment, and the room naturally affects the sound. i also still use headphones when i need complete quiet around me. for everyday shared playback, however, this speaker has offered a comfortable balance of convenience and sound. the fact that it is used regularly matters more to me than having extra controls that would rarely be touched. candle flux 234 has earned its place in the room.",True
CORD001488,CUS00347,2019-06-06,Nickolson,"[{""product"":""Candle Bloom 1000"",""quantity"":1},{""product"":""Vela Halo 659"",""quantity"":1},{""product"":""Candle Orbit 656"",""quantity"":1},{""product"":""Candle Flux 990"",""quantity"":1}]",6437.06,23.42,-37.815268,144.965774,5,6138.63,Winter,True,0.4969,"the vela atlas 161 has been in my pocket for just over a month, long enough for it to become familiar in ordinary situations rather than only during the first enthusiastic days. i mainly chose it for mobile photography and messaging, and both uses have fitted neatly into my routine. the camera starts quickly when i want to capture something unexpected, and daylight photographs retain enough detail for sharing or keeping as memories. i have taken pictures indoors, on walks, and during evening meals, with the results varying naturally with the available light but remaining pleasing for everyday use. messages arrive promptly, the keyboard is responsive, and conversations are easy to manage when several threads are active. i have also appreciated the way the vela atlas 161 handles small daily transitions. moving from a camera view to a message, checking a notification, and returning to another task feels smooth, so the phone does not interrupt the moment i am trying to record. its size works well for one-handed use, although i sometimes adjust my grip for the upper part of the screen. the battery has covered my usual day of calls, messages, photos, and browsing, though a busy day with extensive camera use requires more attention before bedtime. that is a reasonable trade-off for a phone that i carry constantly. i have not encountered any confusing behaviour or unreliable connection during regular use. the vela atlas 161 is not positioned as a specialist camera, but as a practical 5g smartphone for photography, conversation, and quick communication, it has served me with reassuring consistency.",True
CORD001489,CUS00343,2019-10-19,Thompson,"[{""product"":""Candle Flux 1098"",""quantity"":1},{""product"":""Vela Halo 569"",""quantity"":1},{""product"":""Candle Edge 680"",""quantity"":1}]",3196.73,14.82,-37.753802,144.936681,10,2891.88,Spring,False,6.6095,"i bought vela pulse 415 to control a household power outlet on a schedule, mainly so a small appliance would switch on and off without daily attention. the outlet could be controlled manually after setup, but creating a dependable routine was much more difficult than expected. the first schedule appeared to save, then failed to trigger at the selected time. i removed it, rebuilt it, and checked the settings repeatedly, yet the result remained unreliable. on some evenings the outlet changed state late, while on others it stayed in the previous state until i opened the app and sent a manual command. that defeated the reason for installing an automated switch. the app also made the process awkward by placing the schedule controls away from the main device screen. i often had to move through several pages before finding whether a routine was active. the displayed state did not always match the physical outlet, so i could not tell whether the appliance was actually receiving power without checking it directly. this became a problem when i was away from home. i would look at the app, see an apparently normal status, and still worry that the outlet had ignored the latest instruction. restarting vela pulse 415 sometimes restored communication, but that was only a temporary answer. a second routine for another time of day produced the same disappointing pattern, with one event occurring and the next one being missed. the manual switch worked for basic on and off control, and the device did not stop responding completely, but scheduled operation was the feature i needed most. support provided reset instructions and asked me to recreate the routine, which repeated steps that had already failed. after twenty-three days of ownership, i had removed the schedules and returned to manual control. vela pulse 415 may function as a remotely operated outlet, but its unreliable automation and confusing status display make it a poor household solution.",False
CORD001490,CUS00049,2019-11-04,Nickolson,"[{""product"":""Vela Halo 569"",""quantity"":2},{""product"":""Candle Bloom 1054"",""quantity"":1}]",748.03,16.04,-37.888051,145.003177,5,726.67,Spring,False,8.2682,"vela atlas 395 was installed for opening and closing the blinds on a daily schedule. the initial setup was more awkward than expected, with several failed attempts before the routine appeared to save. even then, the blinds often moved late or ignored the scheduled action altogether. a manual command usually reached the motor, but the delay made it difficult to know whether the command had registered. on one morning the blinds remained closed until i noticed the room was unusually dark, and another evening they stopped halfway. the control history did not explain the failures, leaving me to repeat the same settings and hope they worked. i wanted automatic routines so i would not have to monitor them, but vela atlas 395 created another chore. its basic movement function operates, yet the unreliable scheduling is too frustrating for dependable household use.",False
CORD001491,CUS00230,2019-03-21,Bakers,"[{""product"":""Vela Halo 659"",""quantity"":1},{""product"":""Vela Halo 569"",""quantity"":1}]",413.8,7.97,-37.809586,144.981047,25,318.32,Autumn,False,1.247,"candle lumen 112 has spent the past month moving between the kitchen table, sofa, and a small desk where i take video calls. its portable size suits that routine, and i can pick it up when i want to watch something without planning around a fixed screen. initial setup was straightforward, although i had to repeat a couple of settings before everything matched the way i use it. for media, the tablet has been dependable enough for ordinary viewing. i have watched programmes, read articles, and used it for short clips without major interruptions. the display is serviceable in most indoor lighting, but reflections become distracting near a bright window. sound is acceptable for speech, though i usually choose headphones for anything where atmosphere matters. these are manageable compromises, but they keep the experience from feeling especially polished. video calls have been more variable. the camera handles simple family conversations, and the microphone picks up voices from a reasonable distance. in a busier room, however, background noise becomes noticeable and i sometimes need to repeat myself. the tablet remains usable for informal calls, yet i would hesitate to make it my only device for important meetings. its portability is the feature i rely on most. after thirty days, candle lumen 112 feels like a competent household tablet rather than an essential one. it handles portable media and casual calls with little drama, while glare, audio quality, and noisy conversations expose its limits. i am content to keep it, but my expectations are deliberately modest.",True
CORD001492,CUS00500,2019-11-28,Bakers,"[{""product"":""Candle Quest 498"",""quantity"":1},{""product"":""Candle Flux 990"",""quantity"":2},{""product"":""Candle Edge 680"",""quantity"":1}]",7748.63,23.06,-37.754453,145.030951,5,7384.26,Spring,True,6.9281,"the vela ridge 203 has become the screen we use for shared films and television, and its larger presentation is a clear step up from watching on a computer. people seated at opposite ends of the room can follow the main action and subtitles without leaning forward. the interface is familiar enough for different family members to choose programmes, and the remote has not required much explanation. compared with our old display, the picture looks cleaner in ordinary scenes and the viewing area feels less crowded when several people are present. the built-in audio is the part i would assess carefully. speech is understandable, but music and effects sound narrow, and the contrast between quiet conversation and louder scenes means someone often reaches for the volume control. the screen also reflects a nearby window during the afternoon, so placement has mattered more than expected. switching between services is usually fine, although the home screen occasionally pauses before responding to a command. these are not failures of the basic viewing function, but they prevent the set from feeling completely finished. after established use, the vela ridge 203 remains a sensible shared television for everyday programmes. it compares favourably with the smaller display it replaced, particularly for subtitles and group viewing, while a separate sound system would make the experience more complete. i am content with its role, but i would not choose it solely for cinema-quality audio.",True
CORD001493,CUS00341,2019-02-17,Thompson,"[{""product"":""Candle Orbit 1034"",""quantity"":1},{""product"":""Candle Edge 680"",""quantity"":1}]",2833.32,11.57,-37.796826,144.892553,10,2561.56,Summer,False,5.1034,"vela echo 223 has worked well as the main display in our family room because it handles shared streaming without making every user learn a different routine. before this, we used an older screen that was perfectly serviceable but slow to navigate and awkward when people wanted to change what they were watching. the newer display feels more responsive during those everyday moments, which has reduced a surprising amount of household friction. the picture suits family media: dialogue is easy to follow, colours look lively, and the screen remains visible from the seating positions we normally use. we have watched films, short programmes, and general streaming content, and the experience has stayed consistent. the built-in audio is fine for regular viewing, although a larger room would benefit from separate sound equipment. the display also has a fairly simple appearance rather than trying to become the visual centre of the room, which i prefer. compared with our old screen, vela echo 223 is easier for different family members to use independently. compared with more elaborate entertainment systems i have seen, it offers fewer reasons to adjust settings endlessly. that is a strength in a shared room. children can find familiar content, adults can change inputs without a long explanation, and nobody has to solve a technical puzzle before watching something. it is not a replacement for a dedicated cinema arrangement, but it is a pleasant and sensible household display. after repeated use, its greatest success is that everyone reaches for it naturally.",True
CORD001494,CUS00090,2019-01-03,Thompson,"[{""product"":""Candle Edge 680"",""quantity"":1},{""product"":""Vela Halo 569"",""quantity"":1}]",2400.49,9.44,-37.831104,144.948356,10,2169.88,Summer,False,2.0525,"i bought candle shift 754 mainly for commuting and spoken-content listening, and it has performed well throughout my regular journeys. pairing was quick, and the connection has stayed steady while i walk between the station and the office. voices in podcasts and calls sound clear enough that i can follow them without raising the volume excessively. the controls are positioned sensibly, so skipping ahead or pausing does not require taking out my phone. i have worn it for a complete commute and during several quiet work sessions, and the fit remained comfortable. background noise is still present in busy streets, but the audio remains usable for speech. charging has been uncomplicated, and the battery has supported my normal routine without daily concern. the case takes up a little room in my bag, though it protects the device and is easy to find. candle shift 754 has become a dependable part of my travel routine and suits spoken audio particularly well.",True
CORD001495,CUS00089,2019-06-15,Thompson,"[{""product"":""Vela Halo 569"",""quantity"":1},{""product"":""Vela Halo 659"",""quantity"":2},{""product"":""Candle Edge 680"",""quantity"":1},{""product"":""Candle Orbit 656"",""quantity"":1}]",5191.97,35.21,-37.782635,144.967111,10,4685.98,Winter,False,3.7759,"candle flux 162 has been useful in the spaces between my larger devices. i bought it for portable media and video calls, and it now travels from the sofa to the kitchen table depending on what i am doing. watching a program feels more personal than using the television, while the screen is still large enough for another person to see when we sit together. the tablet starts quickly and the basic controls became familiar after a few sessions. i tested it with films, short clips and several video calls. holding it for a while is manageable, though i prefer resting it against a stand for longer viewing because the body eventually feels substantial in one hand. the camera angle works best when the tablet is supported on a table. in that position, i can take part in a call while keeping notes nearby, which has been convenient for informal meetings and family conversations. the audio is adequate for ordinary viewing, and i sometimes connect headphones when others are reading nearby. the surface attracts fingerprints after frequent touching, so i wipe it down more often than i expected. those are ordinary tablet compromises, and neither has reduced how often i use it. its portable size has also made it handy when someone else is using the main screen. candle flux 162 has earned a permanent place in my household because it adapts to different routines. it supports relaxed media use and practical calls without feeling specialised or difficult. the need for a stand during extended viewing is a minor limitation, but its flexibility has made the purchase worthwhile.",True
CORD001496,CUS00310,2019-09-05,Nickolson,"[{""product"":""Candle Quest 354"",""quantity"":1},{""product"":""Candle Orbit 656"",""quantity"":1},{""product"":""Candle Bloom 262"",""quantity"":1},{""product"":""Candle Flux 990"",""quantity"":2}]",7972.01,23.75,-37.886551,144.944021,10,7198.56,Spring,True,7.8818,"vela nova 339 has made it easier to connect several devices without carrying a collection of separate adapters. it is small enough for a pocket or work bag, and changing between connected items has been straightforward. the connections have remained stable during ordinary use at my desk and while travelling. the close spacing can be awkward with unusually wide plugs, but the adapter is still practical and has simplified my setup.",True
CORD001497,CUS00131,2019-02-15,Nickolson,"[{""product"":""Candle Quest 354"",""quantity"":1},{""product"":""Candle Quest 498"",""quantity"":2},{""product"":""Candle Flux 1098"",""quantity"":1},{""product"":""Candle Flux 990"",""quantity"":1}]",5910.13,8.69,-37.810733,144.974787,10,5327.81,Summer,False,0.9878,"candle orbit 530 has handled the shared home-office duties i bought it for, including documents, email, browser work, and video meetings. different people in the household have used it without a long adjustment period, partly because the layout is familiar and the system responds promptly to ordinary tasks. it is light enough to move from the study to the kitchen table, yet it does not feel delicate when carried between rooms. the keyboard has suited longer typing sessions, and the screen remains readable near a window. after heavier multitasking, the fan becomes noticeable, and i would prefer more quiet during calls, but performance remains steady. it also wakes quickly when i need to check a message between tasks. candle orbit 530 has been a capable, convenient machine for shared administration and home-office work.",True
CORD001498,CUS00450,2019-03-25,Thompson,"[{""product"":""Candle Bloom 1054"",""quantity"":1},{""product"":""Candle Flux 1098"",""quantity"":1},{""product"":""Vela Halo 569"",""quantity"":1},{""product"":""Candle Bloom 1000"",""quantity"":1}]",3211.02,9.76,-37.78292,144.932603,20,2578.58,Autumn,False,3.5441,"candle arc 276 has been part of my evening gaming setup for the past 41 days, mainly for competitive matches and conversations with friends. the controls were easy to understand from the first session, and the hardware responded well during ordinary play. i could move through a match without feeling held back by the device, and the physical design stayed comfortable through shorter sessions. that made the initial transition from my older setup fairly painless. voice communication was more variable. my friends could hear me clearly in quiet rooms, but the microphone picked up surrounding sounds more than i wanted when the room became active. i also had one session where the connection dropped and needed to be restarted before the conversation returned. these interruptions were not constant, yet they were especially frustrating during coordinated play. the controls themselves remained responsive, and the device did not show any obvious trouble with basic game input. as the weeks passed, i appreciated the straightforward handling but became more cautious about relying on it for important team communication. candle arc 276 is neither a failure nor a complete solution. it provides a solid base for competitive play and works well when the surroundings are calm, while the inconsistent voice experience and occasional connection problem weaken the overall impression. my judgement is balanced: suitable for ordinary gaming, with reservations for players who need uninterrupted communication.",True
CORD001499,CUS00457,2019-11-26,Thompson,"[{""product"":""Candle Quest 354"",""quantity"":1},{""product"":""Vela Halo 659"",""quantity"":1},{""product"":""Candle Orbit 656"",""quantity"":1},{""product"":""Candle Quest 498"",""quantity"":1}]",4237.88,9.46,-37.789265,144.954448,20,3399.76,Spring,False,2.6824,"the vela ridge 221 replaced an older phone that was still usable but increasingly awkward for work calls and calendar management. after 39 days, i find the newer phone much better suited to my routine. calls are clear in the places where i normally work, and the calendar is easy to check between meetings. i can move from a call to an appointment reminder without the delays that had become common on my previous device. what i value most is the sense of order. the vela ridge 221 keeps work notifications separate enough from the rest of the day that i can respond without searching through clutter. compared with my old phone, the display is easier to read while walking between rooms, and appointments are simple to adjust when plans change. the 5g connection has also been useful in busy areas where my former phone often took longer to load calendar details. i have not tested every feature, but the basic work functions are consistently solid. there are small differences in feel. the body is a little larger than my old handset, so one-handed use takes more care, and the number of settings can seem extensive at first. once configured, however, the vela ridge 221 is comfortable to live with. the 24-month warranty adds confidence for a device intended for daily work. it is not a dramatic redesign of how i use a phone, but it is a clear improvement over my previous model for calls, schedules, and dependable everyday communication.",True
CORD001500,CUS00042,2019-11-18,Thompson,"[{""product"":""Vela Halo 659"",""quantity"":2},{""product"":""Candle Quest 354"",""quantity"":1},{""product"":""Candle Flux 990"",""quantity"":2}]",5121.1,21.49,-37.771143,144.932698,0,5142.59,Spring,True,4.7875,"vela halo 695 has made our blind routines more consistent and less repetitive. i set the opening and closing schedule, watched it operate for a few days, and then made a small timing adjustment. since that change, the routine has worked smoothly, while manual control remains available when needed. installation requires careful positioning, so it rewards patience at the start. once fitted, it has been a useful and pleasant improvement to the room.",True
